{
    "date": "2019-12-20T17:58:13.903899",
    "commits": [
        {
            "title": "APERTA-12703 initial work sans css",
            "flags": {
                "JIRA_INTEGRATION": "False",
                "DISABLE_SUBMISSIONS": "False"
            },
            "message": "APERTA-12703 initial work sans css\n",
            "hash": "f8a71f45744da7e5a3ea89d62c8f1799d37e6367",
            "author": "Ben Miller <bmiller@plos.org>",
            "date": "Tue Apr 17 09:56:16 2018"
        },
        {
            "title": "APERTA-11611 removes all references to health check",
            "flags": {
                "HEALTH_CHECK": "removed"
            },
            "message": "APERTA-11611 removes all references to health check\n",
            "hash": "3cdad969148ae2f0a5a58d11bfd4cc3394cc1ebe",
            "author": "Andrew Max <anm898989@gmail.com>",
            "date": "Fri Dec 22 03:36:18 2017"
        },
        {
            "title": "Merge master",
            "flags": {
                "CAS_PHASED_SIGNUP": "removed",
                "REVIEW_DUE_DATE": "removed",
                "REVIEW_DUE_AT": "removed"
            },
            "message": "Merge master\n",
            "hash": "7cd5765d0a6c2f6ad340fa8479ffcf12147d0c41",
            "merge": "135fa10e65 72b70e88ec",
            "author": "Jim Haungs <jhaungs@plos.org>",
            "date": "Wed Dec 13 15:58:11 2017"
        },
        {
            "title": "Remove cas phased signup feature flag",
            "flags": {
                "CAS_PHASED_SIGNUP": "removed"
            },
            "message": "Remove cas phased signup feature flag\n",
            "hash": "974f26ccfc4531d6c54f9e171aa4efba41f6c27c",
            "author": "Jim Haungs <jhaungs@gmail.com>",
            "date": "Tue Dec 12 12:24:33 2017"
        },
        {
            "title": "Remove review-due at/date feature flags",
            "flags": {
                "REVIEW_DUE_DATE": "removed",
                "REVIEW_DUE_AT": "removed"
            },
            "message": "Remove review-due at/date feature flags\n",
            "hash": "ad14ec80cc68f7b51f0f71742ff180efed6264f9",
            "author": "Jim Haungs <jhaungs@gmail.com>",
            "date": "Tue Dec 12 11:51:08 2017"
        },
        {
            "title": "Remove email template feature flag",
            "flags": {
                "EMAIL_TEMPLATE": "removed"
            },
            "message": "Remove email template feature flag\n",
            "hash": "8eaeb0998de201b753f9f82b5a709795e7d30402",
            "author": "Michael Ogala <michael.ogala@andela.com>",
            "date": "Fri Nov 24 07:58:48 2017"
        },
        {
            "title": "Remove correspondence feature flag",
            "flags": {
                "CORRESPONDENCE": "removed"
            },
            "message": "Remove correspondence feature flag\n",
            "hash": "57f84fb267ca6f07f2846b5515609505be62da5c",
            "author": "Michael Ogala <michael.ogala@andela.com>",
            "date": "Thu Nov 16 03:43:35 2017"
        },
        {
            "title": "Merge branch 'master' into features/APERTA-11065-JIRA-Integration",
            "flags": {
                "CORRESPONDING_AUTHOR": "removed",
                "PREPRINT": "False",
                "JIRA_INTEGRATION": "False"
            },
            "message": "Merge branch 'master' into features/APERTA-11065-JIRA-Integration\n",
            "hash": "d5cb4a2ced371aa537068fd456855ff4765da1ca",
            "merge": "e414b2b0e2 4998c3f693",
            "author": "Owajigbanam Ogbuluijah <owajigbanam.ogbuluijah@andela.com>",
            "date": "Wed Oct 4 10:23:12 2017"
        },
        {
            "title": "Enabling creator field for router export",
            "flags": {
                "CORRESPONDING_AUTHOR": "removed"
            },
            "message": "Enabling creator field for router export\n",
            "hash": "d99dfaea97b3b88f85cc4df70e9a4cb311118bff",
            "author": "Andres Visbal <andresvisbal@gmail.com>",
            "date": "Fri Sep 15 11:44:42 2017"
        },
        {
            "title": "APERTA-11065 added feature flag",
            "flags": {
                "PREPRINT": "False",
                "JIRA_INTEGRATION": "False"
            },
            "message": "APERTA-11065 added feature flag\n",
            "hash": "4c572b5a7c955bbcd7f8e4ab3b4cb5e3df7c8067",
            "author": "Owajigbanam Ogbuluijah <owajigbanam.ogbuluijah@andela.com>",
            "date": "Wed Aug 30 12:26:32 2017"
        },
        {
            "title": "APERTA-10961 preprint feature flag",
            "flags": {
                "KEEP_APEX_HTML": "False",
                "PREPRINT": "False"
            },
            "message": "APERTA-10961 preprint feature flag\n",
            "hash": "2101ad63e9b0c4e9e781cb30c2390fe42d5e0a8f",
            "author": "Andrew Max <anm898989@gmail.com>",
            "date": "Mon Aug 14 10:52:10 2017"
        },
        {
            "title": "Merge pull request #3326 from Tahi-project/features/APERTA-10906-enable-html-in-apex-export",
            "flags": {
                "REVIEW_DUE_AT": "False",
                "CORRESPONDING_AUTHOR": "False",
                "KEEP_APEX_HTML": "False"
            },
            "message": "Merge pull request #3326 from Tahi-project/features/APERTA-10906-enable-html-in-apex-export\n\nAPERTA-10906 Add a flag to turn on/off HTML for Apex",
            "hash": "11a394ec0f0522def53b11b1375e96b962b44397",
            "merge": "b971066475 69d8ff7c04",
            "author": "Ramzi Chair <rchair@gmail.com>",
            "date": "Fri Aug 11 14:36:08 2017"
        },
        {
            "title": "APERTA-9692 some review changes",
            "flags": {
                "REVIEW_DUE_AT": "False"
            },
            "message": "APERTA-9692 some review changes\n\nReviewing this ticket requires some console work. This ticket fixes up\nthe scheduled event templates created for ReviewerReports. This also\ncleans up the Ember models up a bit since, for now, the reports need not\nbe embedded in the events. And, this commit adds the feature flag to be\nincluded during bin/setup\n",
            "hash": "32d1ebc4e136615b1a36f266677e39cd0ef1e51a",
            "author": "Owajigbanam Ogbuluijah <owajigbanam.ogbuluijah@andela.com>",
            "date": "Thu Aug 3 10:14:46 2017"
        },
        {
            "title": "Add a flag to turn on/off HTML for Apex",
            "flags": {
                "CORRESPONDING_AUTHOR": "False",
                "KEEP_APEX_HTML": "False"
            },
            "message": "Add a flag to turn on/off HTML for Apex\n\nThe flag will re-enable any HTML export for APEX. It is off by default\nso the current behavior to strip the html tags remains the default.\n\nAPERTA-10906\n",
            "hash": "1e0209bd1abcf67417d79f4ef8734804f4162439",
            "author": "Ben Beckwith <ben@mutuallyhuman.com>",
            "date": "Wed Aug 9 13:27:40 2017"
        },
        {
            "title": "APERTA-9692 some review changes",
            "flags": {
                "REVIEW_DUE_AT": "False"
            },
            "message": "APERTA-9692 some review changes\n\nReviewing this ticket requires some console work. This ticket fixes up\nthe scheduled event templates created for ReviewerReports. This also\ncleans up the Ember models up a bit since, for now, the reports need not\nbe embedded in the events. And, this commit adds the feature flag to be\nincluded during bin/setup\n",
            "hash": "67ffd7b87d3420011840fe14421460de332008dd",
            "author": "Owajigbanam Ogbuluijah <owajigbanam.ogbuluijah@andela.com>",
            "date": "Thu Aug 3 10:14:46 2017"
        },
        {
            "title": "Merge branch 'master' into feature/APERTA-10210-akita-invitation-integration",
            "flags": {
                "CAS_PHASED_SIGNUP": "False",
                "CORRESPONDING_AUTHOR": "False"
            },
            "message": "Merge branch 'master' into feature/APERTA-10210-akita-invitation-integration\n",
            "hash": "8db729a57e5a72205b0f268055b54a72e3f11c2d",
            "merge": "32113250ab e123be46bf",
            "author": "Ben Miller <bmiller@plos.org>",
            "date": "Mon Jul 24 13:37:04 2017"
        },
        {
            "title": "Rename feature flag",
            "flags": {
                "AKITA_INTEGRATION": "removed",
                "CAS_PHASED_SIGNUP": "False"
            },
            "message": "Rename feature flag\n",
            "hash": "b5944766f7def8b7553efaa4a93090415270bbcf",
            "author": "Ben Miller <bmiller@plos.org>",
            "date": "Wed Jul 19 15:29:20 2017"
        },
        {
            "title": "APERTA-10742 feature flag for corresponding author serialization",
            "flags": {
                "REVIEW_DUE_DATE": "False",
                "CORRESPONDING_AUTHOR": "False"
            },
            "message": "APERTA-10742 feature flag for corresponding author serialization\n",
            "hash": "f978fca5398db2ce09e4bb4b6765c49182a58efc",
            "author": "Andrew Max <anm898989@gmail.com>",
            "date": "Mon Jul 17 13:15:14 2017"
        },
        {
            "title": "Merge branch 'master' into feature/APERTA-10210-akita-invitation-integration",
            "flags": {
                "EMAIL_TEMPLATE": "False",
                "REVIEW_DUE_DATE": "False",
                "AKITA_INTEGRATION": "False"
            },
            "message": "Merge branch 'master' into feature/APERTA-10210-akita-invitation-integration\n",
            "hash": "560e3dd5e8a7c7d29052f23e2b62cf2f4bad43a2",
            "merge": "cb61ceb98f 49466a9ed8",
            "author": "Ben Miller <bmiller@plos.org>",
            "date": "Fri Jul 14 13:00:36 2017"
        },
        {
            "title": "Merge branch 'master' into features/APERTA-10211-take2-admin-view-not-feature-flagged",
            "flags": {
                "EMAIL_TEMPLATE": "False",
                "CORRESPONDENCE": "False",
                "REVIEW_DUE_DATE": "False"
            },
            "message": "Merge branch 'master' into features/APERTA-10211-take2-admin-view-not-feature-flagged\n",
            "hash": "b5633165a935ed2236d193fe0b01f4c9cc42f774",
            "merge": "73d46eae06 5f2a8c7e5b",
            "author": "Shawn Gatchell <shawng03@gmail.com>",
            "date": "Wed Jun 28 14:19:35 2017"
        },
        {
            "title": "Add a feature flag for Review Due Dates",
            "flags": {
                "CORRESPONDENCE": "False",
                "REVIEW_DUE_DATE": "False"
            },
            "message": "Add a feature flag for Review Due Dates\n\nTo be used in:\n  APERTA-5908\n  APERTA-7875\n",
            "hash": "1da69584e72b3e923b44ef0a77e6bfad2e2a4305",
            "author": "Ben Beckwith <ben@mutuallyhuman.com>",
            "date": "Mon Jun 26 12:33:25 2017"
        },
        {
            "title": "Add feature flag and refactor",
            "flags": {
                "CORRESPONDENCE": "False",
                "AKITA_INTEGRATION": "False"
            },
            "message": "Add feature flag and refactor\n",
            "hash": "0333606edd6a8b824260b4772a1b3462c9ce4a13",
            "author": "Ben Miller <bmiller@plos.org>",
            "date": "Mon Jun 26 10:12:37 2017"
        },
        {
            "title": "Add feature flag EMAIL_TEMPLATE",
            "flags": {
                "EMAIL_TEMPLATE": "False"
            },
            "message": "Add feature flag EMAIL_TEMPLATE\n",
            "hash": "ce2414e42567c8e5f8f4275c4c8c0cc691e1e24f",
            "author": "Shawn Gatchell <shawng03@gmail.com>",
            "date": "Sun Jun 25 22:11:55 2017"
        },
        {
            "title": "Add Correspondence history to feat. flag rake task",
            "flags": {
                "HEALTH_CHECK": "False",
                "CORRESPONDENCE": "False"
            },
            "message": "Add Correspondence history to feat. flag rake task\n\nThis will make CORRESPONDENCE appear on the feature flag admin screen,\nrather than requiring a direct DB write or Rails console update.\n\nAPERTA-9045",
            "hash": "cbee7a18fb37e6ba03571241bf8b65c6930702cf",
            "author": "Curtis Autery <curtis@mutuallyhuman.com>",
            "date": "Wed May 10 13:43:45 2017"
        },
        {
            "title": "Enable feature flag for Health Check",
            "flags": {
                "CARD_CONFIGURATION": "False",
                "HEALTH_CHECK": "False"
            },
            "message": "Enable feature flag for Health Check\n\nIf the Healh Check feature is enabled, then polling will start.\n\nAPERTA-9092\n",
            "hash": "8e27a85f5e0d85c2d45b70c93b1e2b3d92394fd3",
            "author": "Ben Beckwith <ben@mutuallyhuman.com>",
            "date": "Tue Apr 25 08:36:38 2017"
        },
        {
            "title": "APERTA-8989 Feature flag rake task.",
            "flags": {
                "CARD_CONFIGURATION": "False"
            },
            "message": "APERTA-8989 Feature flag rake task.\n",
            "hash": "10e742edd27d7b05bf9aebe926f2c67aec74d5fa",
            "author": "Sam Bleckley <sam@mutuallyhuman.com>",
            "date": "Thu Feb 9 07:19:36 2017"
        }
    ]
}