{
    "date": "2019-12-20T17:57:56.468492",
    "commits": [
        {
            "title": "chore(ui): Remove eventMarkers feature flag (#16216)",
            "flags": {
                "eventMarkers": "removed"
            },
            "message": "chore(ui): Remove eventMarkers feature flag (#16216)\n\n",
            "hash": "13df88c15e5e87e1c00e9364a6f17cdafe6b5628",
            "author": "Deniz Kusefoglu",
            "date": "Fri Dec 13 12:59:48 2019"
        },
        {
            "title": "feat(ui): create telegraf config (#16157)",
            "flags": {
                "telegrafEditor": "False"
            },
            "message": "feat(ui): create telegraf config (#16157)\n\n",
            "hash": "c21e08924b25032d426a8cb11df262681b47986a",
            "author": "Alex Boatwright",
            "date": "Tue Dec 10 09:07:18 2019"
        },
        {
            "title": "feat(ui): lazy load monaco in runtime (#15978)",
            "flags": {
                "monacoEditor": "False",
                "name": "False"
            },
            "message": "feat(ui): lazy load monaco in runtime (#15978)\n\n",
            "hash": "0dbaf4af4319c2ee064143ea09015355e5cf3b53",
            "author": "Alex Boatwright",
            "date": "Thu Nov 21 15:28:02 2019"
        },
        {
            "title": "fix(flakey-test): refactored getSortedBucketNames for more consistency and predictability. Finished DWP API functionality (#15802)",
            "flags": {
                "deleteWithPredicateEquality": "removed"
            },
            "message": "fix(flakey-test): refactored getSortedBucketNames for more consistency and predictability. Finished DWP API functionality (#15802)\n\n* fix(flakey-test): refactored getSortedBucketNames for more consistency and predictability. Finished DWP API functionality\r\n\r\n* fix(FilterRow): removed unnecessary FeatureFlag from component\r\n\r\n* chore: updated yml and tests to reflect API changes\r\n",
            "hash": "5ba9142f2f3dfef7731e95a12b6cc93dac9c34b7",
            "author": "Ariel Salem",
            "date": "Thu Nov 7 16:19:42 2019"
        },
        {
            "title": "refactor(ui): redesign dashboard cells (#15722)",
            "flags": {
                "downloadCellCSV": "False"
            },
            "message": "refactor(ui): redesign dashboard cells (#15722)\n\n* refactor(cells): improve contrast and compactness of cells\r\n\r\nAlso removing a lot of absolute positioning to reduce z-index headaches\r\n\r\n* refactor(ui): redesign markdown cells\r\n\r\n* refactor(ui): WIP redesign context menus\r\n\r\n* refactor(ui): complete styling of context menus\r\n\r\n* refactor(ui): redesign cell notes\r\n\r\n* fix: update dashboard view e2e test\r\n\r\n* fix: appease linter\r\n\r\n* refactor: make background color of veo match dashboard cells\r\n\r\n* refactor: make notes the same color as cells\r\n\r\n* refactor: increase markdown cell horizontal padding\r\n\r\n* refactor: replace hamburger icon with dor grid\r\n\r\n* refactor: ensure cell icons all transition uniformly\r\n\r\n* refactor: hide download csv link behind feature flag\r\n",
            "hash": "72df235ee3bc6f0a538090cb3b5aa5efaadf2867",
            "author": "alexpaxton",
            "date": "Tue Nov 5 14:58:00 2019"
        },
        {
            "title": "fix(DWP-not): added new featureflag for DWP inequality filter (#15774)",
            "flags": {
                "deleteWithPredicateEquality": "False"
            },
            "message": "fix(DWP-not): added new featureflag for DWP inequality filter (#15774)\n\n",
            "hash": "7b758a4103bc56d452e329072ea8e2247402d9d9",
            "author": "Ariel Salem",
            "date": "Tue Nov 5 13:29:27 2019"
        },
        {
            "title": "feat: Add event markers (#15282)",
            "flags": {
                "eventMarkers": "False"
            },
            "message": "feat: Add event markers (#15282)\n\n* Add init event markers\r\n\r\n* Add events to dashboard graphs\r\n\r\n* Add level coloring and styling to event markers\r\n\r\n* Window statuses by time and graph groups of events\r\n\r\n* Put event markers behind feature flag\r\n\r\n* init tooltip\r\n\r\n* Upgrade giraffe library\r\n\r\n* Add Tooltip\r\n\r\n* Add status query to Time Machine\r\n\r\n* Status rows return lowercase check level statuses\r\n\r\n* rename events to statuses\r\n\r\n* Radically improve tooltip style\r\n\r\nCo-authored-by: alexpaxton\r\n\r\n* Add time formatting\r\n\r\n* Make status query more readable\r\n\r\n* Clean up comments\r\n",
            "hash": "7d4c8491f0348fd2ccb55e40714c75b3a3ba6b44",
            "author": "Deniz Kusefoglu",
            "date": "Fri Sep 27 14:09:12 2019"
        },
        {
            "title": "feat(ui/src/shared/utils): toggle alerting feature flag for cloud",
            "flags": {
                "alerting": "True"
            },
            "message": "feat(ui/src/shared/utils): toggle alerting feature flag for cloud\n",
            "hash": "0d98360de2cab911d99521da436f8e86ff3babba",
            "author": "Michael Desa",
            "date": "Thu Sep 5 10:13:25 2019"
        },
        {
            "title": "feat(ui): add delete with predicate overlays",
            "flags": {
                "deleteWithPredicate": "False"
            },
            "message": "feat(ui): add delete with predicate overlays\n",
            "hash": "491b2067b2d5fbca02d0aeb61af80c782aa8dbb1",
            "author": "Christopher Henn",
            "date": "Fri Jul 19 15:13:01 2019"
        },
        {
            "title": "Add initial alerting routes and containers (#14318)",
            "flags": {
                "alerting": "False"
            },
            "message": "Add initial alerting routes and containers (#14318)\n\n* Add initial alerting routes and containers\r\n\r\n* Feature flag alerts nav\r\n",
            "hash": "5e2a097953561e3eabbfb9f3e0e2b365080e2036",
            "author": "Deniz Kusefoglu",
            "date": "Fri Jul 12 10:57:56 2019"
        },
        {
            "title": "Remove feature flags from vis types and options (#14303)",
            "flags": {
                "heatmap": "removed",
                "scatter": "removed",
                "lineGraphShading": "removed"
            },
            "message": "Remove feature flags from vis types and options (#14303)\n\n* Remove feature flags from vis types and options\r\n\r\n* Remove vis type specific parameters from cloud and oss flags\r\n",
            "hash": "ebe13e2a575e98e9f48a3aab8b100d83ff267c28",
            "author": "Deniz Kusefoglu",
            "date": "Wed Jul 10 17:02:46 2019"
        },
        {
            "title": "fix(ui/cloudNav): Update cloud subnav feature flag to use env var (#14171)",
            "flags": {
                "cloudBilling": "False"
            },
            "message": "fix(ui/cloudNav): Update cloud subnav feature flag to use env var (#14171)\n\nSubnav should be visible in acceptance but feature flagged in production",
            "hash": "ea27736eaff2e3b08b8ed8ebaf0fe57ba623148e",
            "author": "Iris Scholten",
            "date": "Fri Jun 21 13:17:57 2019"
        },
        {
            "title": "feat(ui): add option to shade area below line graphs",
            "flags": {
                "lineGraphShading": "False"
            },
            "message": "feat(ui): add option to shade area below line graphs\n",
            "hash": "fe3869d60e5c5af773d36b67c7fd7d3ca6f655cd",
            "author": "Christopher Henn",
            "date": "Wed Jun 12 15:35:22 2019"
        },
        {
            "title": "Add scatter (#13974)",
            "flags": {
                "scatter": "False"
            },
            "message": "Add scatter (#13974)\n\n* Add scatter to visualization types dropdown\r\n* Add initial scatter options\r\n* Add scatter visualization to view switcher\r\n* Add scatter to VEO\r\n* Add scatter type to graph types\r\n* Expand scatter options\r\n* Update changelog\r\n* Change scatter color type to strings\r\n* Assume fluxgroupkey is set\r\n* Regularize scatter options\r\n* Place scatter behind feature flag",
            "hash": "192998d1e5085f48a5ce6223e3be4c2ae71ac548",
            "author": "Deniz Kusefoglu",
            "date": "Tue May 28 13:15:29 2019"
        },
        {
            "title": "feat(ui): add heatmap vis type",
            "flags": {
                "heatmap": "False"
            },
            "message": "feat(ui): add heatmap vis type\n",
            "hash": "9b73097a9fdf8b02fe402dcb6be5b444eda06ec0",
            "author": "Christopher Henn",
            "date": "Thu May 16 15:50:51 2019"
        }
    ]
}