{
    "id": 13124802,
    "node_id": "MDEwOlJlcG9zaXRvcnkxMzEyNDgwMg==",
    "name": "influxdb",
    "full_name": "influxdata/influxdb",
    "private": false,
    "description": "Scalable datastore for metrics, events, and real-time analytics",
    "fork": false,
    "created_at": "2013-09-26T14:31:10Z",
    "updated_at": "2019-12-20T22:56:50Z",
    "pushed_at": "2019-12-20T22:56:50Z",
    "homepage": "https://influxdata.com",
    "size": 121110,
    "stargazers_count": 17996,
    "watchers_count": 17996,
    "language": "Go",
    "has_issues": true,
    "has_projects": true,
    "has_downloads": true,
    "has_wiki": false,
    "has_pages": false,
    "forks_count": 2539,
    "archived": false,
    "disabled": false,
    "open_issues_count": 643,
    "forks": 2539,
    "open_issues": 643,
    "watchers": 17996,
    "default_branch": "master",
    "temp_clone_token": "",
    "network_count": 2539,
    "subscribers_count": 761,
    "languages": {
        "Go": 9592543,
        "TypeScript": 2890598,
        "CSS": 213324,
        "Python": 42767,
        "Shell": 17720,
        "Makefile": 14107,
        "JavaScript": 4739,
        "HTML": 804,
        "Dockerfile": 520
    }
}