{
    "id": 4447023,
    "node_id": "MDEwOlJlcG9zaXRvcnk0NDQ3MDIz",
    "name": "sharetribe",
    "full_name": "sharetribe/sharetribe",
    "private": false,
    "description": "Sharetribe Go is a source available marketplace software, also available with SaaS model. See also Sharetribe Flex (https://www.sharetribe.com/flex), a headless marketplace solution.",
    "fork": false,
    "created_at": "2012-05-25T15:34:17Z",
    "updated_at": "2019-12-20T14:02:57Z",
    "pushed_at": "2019-12-20T14:05:53Z",
    "homepage": "https://www.sharetribe.com/",
    "size": 122469,
    "stargazers_count": 1857,
    "watchers_count": 1857,
    "language": "Ruby",
    "has_issues": true,
    "has_projects": true,
    "has_downloads": true,
    "has_wiki": true,
    "has_pages": false,
    "forks_count": 1120,
    "archived": false,
    "disabled": false,
    "open_issues_count": 10,
    "forks": 1120,
    "open_issues": 10,
    "watchers": 1857,
    "default_branch": "master",
    "temp_clone_token": "",
    "network_count": 1120,
    "subscribers_count": 152,
    "languages": {
        "Ruby": 3156870,
        "HTML": 1806055,
        "JavaScript": 662510,
        "CSS": 313180,
        "Gherkin": 206819,
        "Shell": 6243,
        "Dockerfile": 3565
    }
}