{
    "date": "2019-12-20T17:58:36.341903",
    "commits": [
        {
            "title": "Move FeatureFlagOverrideStore to its own file",
            "flags": {
                "cannotBeOverridden": "removed"
            },
            "message": "Move FeatureFlagOverrideStore to its own file\n",
            "hash": "a6b88bb8285d5beea97c6e0bf1c6ddc56ccdf133",
            "author": "James Frost <james@jameswfrost.co.uk>",
            "date": "Fri Nov 29 05:36:51 2019"
        },
        {
            "title": "Merge branch 'develop' into feature/feature-flag-overrides",
            "flags": {
                "debugMenu": "False",
                "cannotBeOverridden": "False"
            },
            "message": "Merge branch 'develop' into feature/feature-flag-overrides\n",
            "hash": "da5b6d9c154ed72cde75fa5de372197d608853ae",
            "merge": "c68e7e987c 1523fd2683",
            "author": "James Frost <james.frost@automattic.com>",
            "date": "Wed Nov 27 11:23:45 2019"
        },
        {
            "title": "FeatureFlags: Allow overriding of feature flags",
            "flags": {
                "cannotBeOverridden": "False"
            },
            "message": "FeatureFlags: Allow overriding of feature flags\n",
            "hash": "11b7717eb15d13fa2f1bc9fc63934e8ab4424c2d",
            "author": "James Frost <james.frost@automattic.com>",
            "date": "Wed Nov 27 11:07:41 2019"
        },
        {
            "title": "Add feature flagged debug menu option to App Settings",
            "flags": {
                "debugMenu": "False"
            },
            "message": "Add feature flagged debug menu option to App Settings\n",
            "hash": "5a9eb84f7edf625f1b6f8260a2d1451f281184b8",
            "author": "James Frost <james.frost@automattic.com>",
            "date": "Wed Nov 27 08:48:18 2019"
        },
        {
            "title": "Merge pull request #13007 from wordpress-mobile/merge-release-13.7-into-develop",
            "flags": {
                "statsAsyncLoadingDWMY": "removed"
            },
            "message": "Merge pull request #13007 from wordpress-mobile/merge-release-13.7-into-develop\n\nMerge release 13.7 into develop",
            "hash": "0b6cba4100f88e1ebfe250092f0768e9865fa1f7",
            "merge": "19ed6f96fb 38d523d86a",
            "author": "Lorenzo Mattei <lore.mattei@gmail.com>",
            "date": "Wed Nov 27 01:46:14 2019"
        },
        {
            "title": "Remove Feature flag",
            "flags": {
                "statsAsyncLoadingDWMY": "removed"
            },
            "message": "Remove Feature flag\n",
            "hash": "7623c2359809718c53f66735435e1e37b6936e5b",
            "author": "Daniele Bogo <daniele.bogo@automattic.com>",
            "date": "Thu Nov 21 10:52:15 2019"
        },
        {
            "title": "Merge branch 'develop' into feature/12686-post_scheduling_enhancements",
            "flags": {
                "postScheduling": "False"
            },
            "message": "Merge branch 'develop' into feature/12686-post_scheduling_enhancements\n\n# Conflicts:\n#\tPodfile.lock\n#\tWordPress/Classes/Utility/BuildInformation/FeatureFlag.swift\n",
            "hash": "0acbdd6126da6b1b28ce9114858fdb15a44a41e0",
            "merge": "62cf6ff4ef e191d558db",
            "author": "Daniele Bogo <daniele.bogo@automattic.com>",
            "date": "Mon Nov 4 03:16:19 2019"
        },
        {
            "title": "Merge branch 'develop' into feature/12686-post_scheduling_enhancements",
            "flags": {
                "statsAsyncLoading": "removed",
                "postScheduling": "False"
            },
            "message": "Merge branch 'develop' into feature/12686-post_scheduling_enhancements\n",
            "hash": "e6770049f83dc300e9b97be9b5a4b799d7e77603",
            "merge": "fac0a6dca0 c91b036927",
            "author": "Stephenie Harris <scoutharris@gmail.com>",
            "date": "Fri Nov 1 11:35:58 2019"
        },
        {
            "title": "Removing statsAsyncLoading feature flag.",
            "flags": {
                "statsAsyncLoading": "removed"
            },
            "message": "Removing statsAsyncLoading feature flag.\n\n",
            "hash": "2574b6ee0a2c17dc2b845ea1325b97a809b53cef",
            "author": "Stephenie Harris <scoutharris@gmail.com>",
            "date": "Thu Oct 31 11:35:36 2019"
        },
        {
            "title": "Merge branch 'develop' into feature/12686-post_scheduling_enhancements",
            "flags": {
                "statsInsightsManagement": "removed",
                "postScheduling": "False"
            },
            "message": "Merge branch 'develop' into feature/12686-post_scheduling_enhancements\n",
            "hash": "d59632e325d74ec4d40bce5230cb0d1c04f0f68b",
            "merge": "f4aef9408b 002ca9191c",
            "author": "Stephenie Harris <scoutharris@gmail.com>",
            "date": "Thu Oct 31 07:35:38 2019"
        },
        {
            "title": "Removing statsInsightsManagement feature flag.",
            "flags": {
                "statsInsightsManagement": "removed"
            },
            "message": "Removing statsInsightsManagement feature flag.\n\n",
            "hash": "3b12d6bfea7b1e3a7c54106d8965894e4ba4e9cf",
            "author": "Stephenie Harris <scoutharris@gmail.com>",
            "date": "Wed Oct 30 17:17:33 2019"
        },
        {
            "title": "Merge branch 'develop' into feature/12686-post_scheduling_enhancements",
            "flags": {
                "statsRefresh": "removed",
                "postScheduling": "False"
            },
            "message": "Merge branch 'develop' into feature/12686-post_scheduling_enhancements\n",
            "hash": "c68813dea9ddb3eea0a34a1d798af5dabb6e22c3",
            "merge": "339bc8de47 d2d9ada68b",
            "author": "Stephenie Harris <scoutharris@gmail.com>",
            "date": "Mon Oct 28 17:13:49 2019"
        },
        {
            "title": "Merge branch 'feature/12686-post_scheduling_enhancements' into feature/12686-post_scheduling_calendar_picker",
            "flags": {
                "statsAsyncLoadingDWMY": "False",
                "postScheduling": "False"
            },
            "message": "Merge branch 'feature/12686-post_scheduling_enhancements' into feature/12686-post_scheduling_calendar_picker\n\n# Conflicts:\n#\tPodfile.lock\n#\tWordPress/Classes/Utility/BuildInformation/FeatureFlag.swift\n",
            "hash": "f530a59d023a98bcff3a5c0ce99335f81e6080a4",
            "merge": "09f270e72b 825a6947d3",
            "author": "Brandon Titus <bjtitus@gmail.com>",
            "date": "Fri Oct 25 18:57:12 2019"
        },
        {
            "title": "Merge branch 'develop' into issue/10975-stats_remove_feature_flag",
            "flags": {
                "statsRefresh": "removed",
                "statsAsyncLoadingDWMY": "False"
            },
            "message": "Merge branch 'develop' into issue/10975-stats_remove_feature_flag\n",
            "hash": "55e4d9ab4abcf57e920c9f8eb4488c910de653a5",
            "merge": "b0af629fe3 831831b0ff",
            "author": "Stephenie Harris <scoutharris@gmail.com>",
            "date": "Fri Oct 25 12:27:35 2019"
        },
        {
            "title": "Removing statsRefresh feature flag.",
            "flags": {
                "statsRefresh": "removed"
            },
            "message": "Removing statsRefresh feature flag.\n\n",
            "hash": "30d0fd69731316dfd50fcd1c2d18536a04462ba4",
            "author": "Stephenie Harris <scoutharris@gmail.com>",
            "date": "Thu Oct 24 13:23:05 2019"
        },
        {
            "title": "Add Calendar Picker + new Publish Settings screen",
            "flags": {
                "postScheduling": "False"
            },
            "message": "Add Calendar Picker + new Publish Settings screen\n",
            "hash": "7529031c6a6b35a1423e0f58a1686f2f45d0002d",
            "author": "Brandon Titus <bjtitus@gmail.com>",
            "date": "Mon Oct 21 21:04:25 2019"
        },
        {
            "title": "Add new feature flag",
            "flags": {
                "statsAsyncLoadingDWMY": "False"
            },
            "message": "Add new feature flag\n",
            "hash": "b09a04fa8b5453128ee2cb8523be40b34ec94162",
            "author": "Daniele Bogo <daniele.bogo@automattic.com>",
            "date": "Mon Oct 21 07:08:09 2019"
        },
        {
            "title": "Remove file downloads feature flag.",
            "flags": {
                "statsFileDownloads": "removed"
            },
            "message": "Remove file downloads feature flag.\n",
            "hash": "f4870b1c5b10d84ec2ccba90346e8a3d5d62d92e",
            "author": "Stephenie Harris <scoutharris@gmail.com>",
            "date": "Mon Sep 23 11:47:34 2019"
        },
        {
            "title": "Merge remote-tracking branch 'origin/develop' into merge/13.2-into-develop",
            "flags": {
                "statsAsyncLoading": "False"
            },
            "message": "Merge remote-tracking branch 'origin/develop' into merge/13.2-into-develop\n\n# Conflicts:\n#\tWordPress/Classes/Utility/BuildInformation/FeatureFlag.swift\n#\tWordPress/Classes/ViewRelated/Stats/Extensions/WPStyleGuide+Stats.swift\n#\tconfig/Version.internal.xcconfig\n#\tconfig/Version.public.xcconfig\n",
            "hash": "88c3a623eb9b04cd8a6d075cdf4b84551dd19ff8",
            "merge": "1ac2ed9dab bd50288782",
            "author": "Jeremy Massel <jeremy.massel@gmail.com>",
            "date": "Sun Sep 1 09:11:19 2019"
        },
        {
            "title": "Merge branch 'develop' into issues/12146-insights-async-loading",
            "flags": {
                "murielColors": "removed",
                "statsAsyncLoading": "False"
            },
            "message": "Merge branch 'develop' into issues/12146-insights-async-loading\n\n# Conflicts:\n#\tWordPress/Classes/ViewRelated/Stats/Extensions/WPStyleGuide+Stats.swift\n",
            "hash": "b5f674732f86503fffc7f8006e53f71e17933625",
            "merge": "e4586c3234 bb8c73ce98",
            "author": "Daniele Bogo <daniele.bogo@automattic.com>",
            "date": "Thu Aug 29 04:07:09 2019"
        },
        {
            "title": "Remove the murielColors feature flag",
            "flags": {
                "murielColors": "removed"
            },
            "message": "Remove the murielColors feature flag\n",
            "hash": "6019f4237c7035da424d10a2ebf645004b97919a",
            "author": "Nate Heagy <nate@heagy.com>",
            "date": "Wed Aug 21 13:37:20 2019"
        },
        {
            "title": "Add new feature flag",
            "flags": {
                "statsAsyncLoading": "False"
            },
            "message": "Add new feature flag\n",
            "hash": "d59fd8e16855900ada096a4de5563c4bf7c1b9db",
            "author": "Daniele Bogo <daniele.bogo@automattic.com>",
            "date": "Tue Aug 20 08:22:28 2019"
        },
        {
            "title": "Adding SIWA feature flag and passing to WPAuth.",
            "flags": {
                "signInWithApple": "False"
            },
            "message": "Adding SIWA feature flag and passing to WPAuth.\n",
            "hash": "d8a978685adfa6499235deb6cf1e3bfbcd701b4b",
            "author": "Stephenie Harris <scoutharris@gmail.com>",
            "date": "Fri Aug 16 19:01:25 2019"
        },
        {
            "title": "Adding Insights Management feature flag.",
            "flags": {
                "statsInsightsManagement": "False"
            },
            "message": "Adding Insights Management feature flag.\n",
            "hash": "7e259d74698ac543869320106c540f18c9e7c49e",
            "author": "Stephenie Harris <scoutharris@gmail.com>",
            "date": "Wed Jul 31 17:14:35 2019"
        },
        {
            "title": "Adding FeatureFlag.",
            "flags": {
                "statsFileDownloads": "False"
            },
            "message": "Adding FeatureFlag.\n",
            "hash": "48d61bb9f18bb63f2557fc6179e5cc1b59944841",
            "author": "Stephenie Harris <scoutharris@gmail.com>",
            "date": "Mon Jul 29 17:27:26 2019"
        },
        {
            "title": "Use Muriel colors with feature flag",
            "flags": {
                "murielColors": "False"
            },
            "message": "Use Muriel colors with feature flag\n",
            "hash": "73bccdf9d50a53ac20a86ce7b5c997091fd36ebd",
            "author": "Nate Heagy <nate@heagy.com>",
            "date": "Wed Jun 5 15:59:50 2019"
        },
        {
            "title": "Merge branch 'develop' of github.com:wordpress-mobile/WordPress-iOS into issue/11509-part-5-remove-gutenberg-feature-flag",
            "flags": {
                "giphy": "removed",
                "automatedTransfersCustomDomain": "removed",
                "revisions": "removed",
                "quickStartV": "removed",
                "jetpackRemoteInstallation": "removed",
                "gutenberg": "removed",
                "domainCredit": "False"
            },
            "message": "Merge branch 'develop' of github.com:wordpress-mobile/WordPress-iOS into issue/11509-part-5-remove-gutenberg-feature-flag\n\n# Conflicts:\n#\tWordPress/Classes/Utility/BuildInformation/FeatureFlag.swift\n",
            "hash": "0c79562e526a8d13cac4e199f93a839619a9bbdf",
            "merge": "40cebd8ef3 f976028f17",
            "author": "elibud <elibud@gmail.com>",
            "date": "Thu Apr 25 04:48:09 2019"
        },
        {
            "title": "Merge pull request #11523 from wordpress-mobile/issue/11509-part-6-remove-quick-start-flag",
            "flags": {
                "giphy": "removed",
                "automatedTransfersCustomDomain": "removed",
                "revisions": "removed",
                "quickStartV": "removed"
            },
            "message": "Merge pull request #11523 from wordpress-mobile/issue/11509-part-6-remove-quick-start-flag\n\nRemove quickStartV2 FeatureFlag",
            "hash": "f976028f17f681aebcf8935ce585ec02399c8b02",
            "merge": "d3e010f0ac 0d1eba7f01",
            "author": "Daniele Bogo <me@bogodaniele.com>",
            "date": "Thu Apr 25 00:57:27 2019"
        },
        {
            "title": "Merge branch 'develop' of github.com:wordpress-mobile/WordPress-iOS into issue/11509-part-3-remove-atcd-flag",
            "flags": {
                "revisions": "removed",
                "automatedTransfersCustomDomain": "removed"
            },
            "message": "Merge branch 'develop' of github.com:wordpress-mobile/WordPress-iOS into issue/11509-part-3-remove-atcd-flag\n\n# Conflicts:\n#\tWordPress/Classes/Utility/BuildInformation/FeatureFlag.swift\n",
            "hash": "9b556cacfe0c4f5b208c94371f0ec9919c4ef5b7",
            "merge": "eb5d067b27 5ff60ec6c8",
            "author": "elibud <elibud@gmail.com>",
            "date": "Wed Apr 24 06:49:47 2019"
        },
        {
            "title": "Merge branch 'develop' of github.com:wordpress-mobile/WordPress-iOS into issue/11509-part-3-remove-atcd-flag",
            "flags": {
                "giphy": "removed",
                "automatedTransfersCustomDomain": "removed",
                "jetpackRemoteInstallation": "removed",
                "domainCredit": "False"
            },
            "message": "Merge branch 'develop' of github.com:wordpress-mobile/WordPress-iOS into issue/11509-part-3-remove-atcd-flag\n\n# Conflicts:\n#\tWordPress/Classes/Utility/BuildInformation/FeatureFlag.swift\n",
            "hash": "eb5d067b276c6b5365c15358a9a6c09bfa2d7127",
            "merge": "06a98606c1 0526e78bd4",
            "author": "elibud <elibud@gmail.com>",
            "date": "Tue Apr 23 12:18:05 2019"
        },
        {
            "title": "Merge branch 'develop' of github.com:wordpress-mobile/WordPress-iOS into issue/11509-part-4-remove-revisions-flag",
            "flags": {
                "giphy": "removed",
                "revisions": "removed",
                "jetpackRemoteInstallation": "removed",
                "domainCredit": "False"
            },
            "message": "Merge branch 'develop' of github.com:wordpress-mobile/WordPress-iOS into issue/11509-part-4-remove-revisions-flag\n\n# Conflicts:\n#\tWordPress/Classes/Utility/BuildInformation/FeatureFlag.swift\n",
            "hash": "0dfb3df0303f690b8fb1221c94a1bdb8eff65ddf",
            "merge": "e1b0b9348e 0526e78bd4",
            "author": "elibud <elibud@gmail.com>",
            "date": "Tue Apr 23 12:16:48 2019"
        },
        {
            "title": "Merge pull request #11519 from wordpress-mobile/issue/11509-part-2-remove-giphy-flag",
            "flags": {
                "giphy": "removed",
                "jetpackRemoteInstallation": "removed",
                "domainCredit": "False"
            },
            "message": "Merge pull request #11519 from wordpress-mobile/issue/11509-part-2-remove-giphy-flag\n\nRemove giphy FeatureFlag",
            "hash": "0526e78bd47983ea5b4839e9d5e666a521829585",
            "merge": "b639256b80 ed0321fc86",
            "author": "Elisa Budelli <elibud@gmail.com>",
            "date": "Tue Apr 23 12:08:15 2019"
        },
        {
            "title": "Merge branch 'develop' into issue/11509-part-6-remove-quick-start-flag",
            "flags": {
                "quickStartV": "removed",
                "domainCredit": "False"
            },
            "message": "Merge branch 'develop' into issue/11509-part-6-remove-quick-start-flag\n\n# Conflicts:\n#\tWordPress/Classes/Utility/BuildInformation/FeatureFlag.swift\n",
            "hash": "9fe8be9ee9a7c51d47fb3900c655a5b922d769ed",
            "merge": "c70b89f56a 2497d69758",
            "author": "Daniele Bogo <daniele.bogo@automattic.com>",
            "date": "Tue Apr 23 09:30:57 2019"
        },
        {
            "title": "Merge branch 'develop' into feature/11467_domain_credit_feature_flag",
            "flags": {
                "jetpackRemoteInstallation": "removed",
                "domainCredit": "False"
            },
            "message": "Merge branch 'develop' into feature/11467_domain_credit_feature_flag\n\nConflicts:\n\tWordPress/Classes/Utility/BuildInformation/FeatureFlag.swift\n",
            "hash": "87ba4279e20865053f82bfb5def3c0413629f386",
            "merge": "87bab00f46 5a54f411fa",
            "author": "Jaclyn Chen <watertranquil@gmail.com>",
            "date": "Tue Apr 23 08:35:39 2019"
        },
        {
            "title": "Add domain credit feature flag that is off.",
            "flags": {
                "domainCredit": "False"
            },
            "message": "Add domain credit feature flag that is off.\n",
            "hash": "87bab00f469cd4d2a316d76888c5ce8f423a8133",
            "author": "Jaclyn Chen <watertranquil@gmail.com>",
            "date": "Tue Apr 23 07:44:48 2019"
        },
        {
            "title": "Merge branch 'develop' of github.com:wordpress-mobile/WordPress-iOS into issue/11509-part-6-remove-quick-start-flag",
            "flags": {
                "jetpackRemoteInstallation": "removed",
                "quickStartV": "removed"
            },
            "message": "Merge branch 'develop' of github.com:wordpress-mobile/WordPress-iOS into issue/11509-part-6-remove-quick-start-flag\n\n# Conflicts:\n#\tWordPress/Classes/Utility/BuildInformation/FeatureFlag.swift\n",
            "hash": "c70b89f56ad020f6f606e6acc98eae6752aaf150",
            "merge": "953e4955a3 5a54f411fa",
            "author": "elibud <elibud@gmail.com>",
            "date": "Tue Apr 23 07:27:33 2019"
        },
        {
            "title": "Remove jetpackRemoteInstallation FeatureFlag",
            "flags": {
                "jetpackRemoteInstallation": "removed"
            },
            "message": "Remove jetpackRemoteInstallation FeatureFlag\n",
            "hash": "cb28fea5e8a23c37e452cee1cddfbc64cbcddae5",
            "author": "elibud <elibud@gmail.com>",
            "date": "Tue Apr 23 04:39:05 2019"
        },
        {
            "title": "Remove quickStartV2 FeatureFlag",
            "flags": {
                "quickStartV": "removed"
            },
            "message": "Remove quickStartV2 FeatureFlag\n",
            "hash": "758870e028895fd8e353789c857b44972f8172fb",
            "author": "elibud <elibud@gmail.com>",
            "date": "Tue Apr 23 04:12:43 2019"
        },
        {
            "title": "Remove Gutenberg FeatureFlag",
            "flags": {
                "gutenberg": "removed"
            },
            "message": "Remove Gutenberg FeatureFlag\n",
            "hash": "40cebd8ef3c5c1b132ec2fcb76640bd39550c8f6",
            "author": "elibud <elibud@gmail.com>",
            "date": "Tue Apr 23 03:27:58 2019"
        },
        {
            "title": "Remove revisions FeatureFlag",
            "flags": {
                "revisions": "removed"
            },
            "message": "Remove revisions FeatureFlag\n",
            "hash": "e1b0b9348e0a13f4e5ac411a17f11749773f4e2b",
            "author": "elibud <elibud@gmail.com>",
            "date": "Tue Apr 23 03:14:56 2019"
        },
        {
            "title": "Remove automatedTransfersCustomDomain flag",
            "flags": {
                "automatedTransfersCustomDomain": "removed"
            },
            "message": "Remove automatedTransfersCustomDomain flag\n",
            "hash": "06a98606c111381b5a4d011d75f2180811949405",
            "author": "elibud <elibud@gmail.com>",
            "date": "Tue Apr 23 02:57:29 2019"
        },
        {
            "title": "Remove giphy FeatureFlag",
            "flags": {
                "giphy": "removed"
            },
            "message": "Remove giphy FeatureFlag\n",
            "hash": "ed0321fc86258baec10143e2dcb58dd3ee95f783",
            "author": "elibud <elibud@gmail.com>",
            "date": "Tue Apr 23 02:44:07 2019"
        },
        {
            "title": "Remove newsCard FeatureFlag",
            "flags": {
                "newsCard": "removed"
            },
            "message": "Remove newsCard FeatureFlag\n",
            "hash": "61b5a6b338a6e8c4ea434d4b6b08ec5faed287ee",
            "author": "elibud <elibud@gmail.com>",
            "date": "Mon Apr 22 15:32:25 2019"
        },
        {
            "title": "Removes the feature flag and several no-longer-used classes.",
            "flags": {
                "enhancedSiteCreation": "removed"
            },
            "message": "Removes the feature flag and several no-longer-used classes.\n",
            "hash": "f08e615232b02325e380ea1d23e2341e69b4f410",
            "author": "Diego Rey Mendez <diegoreymendez@gmail.com>",
            "date": "Fri Apr 5 10:58:35 2019"
        },
        {
            "title": "Add feature flag for jetpack remote installation",
            "flags": {
                "jetpackRemoteInstallation": "False"
            },
            "message": "Add feature flag for jetpack remote installation\n",
            "hash": "5bd052dd483fea637d0553867f4c3fd817a5c347",
            "author": "Daniele Bogo <daniele.bogo@automattic.com>",
            "date": "Tue Mar 26 05:09:00 2019"
        },
        {
            "title": "Removed obsolete bottom sheet demo",
            "flags": {
                "bottomSheetDemo": "removed"
            },
            "message": "Removed obsolete bottom sheet demo\n",
            "hash": "bc1128130c70f7abb4d41050021a1a029c4f33e3",
            "author": "stevebaranski <steven.baranski@icloud.com>",
            "date": "Sun Feb 10 09:55:33 2019"
        },
        {
            "title": "Remove old quick start feature flag",
            "flags": {
                "quickStart": "removed"
            },
            "message": "Remove old quick start feature flag\n",
            "hash": "8b7157c8ab5d6144a72c7729cf1fa14331124358",
            "author": "Nate Heagy <nate@heagy.com>",
            "date": "Fri Jan 18 16:18:02 2019"
        },
        {
            "title": "Add second quick start list",
            "flags": {
                "quickStartV": "False"
            },
            "message": "Add second quick start list\n",
            "hash": "be7aaf8f4b27ed748747c3586b719fbf8d6b1d6e",
            "author": "Nate Heagy <nate@heagy.com>",
            "date": "Fri Jan 18 16:10:13 2019"
        },
        {
            "title": "Enable Gutenberg depending on feature flag",
            "flags": {
                "gutenberg": "False"
            },
            "message": "Enable Gutenberg depending on feature flag\n\nOnly show Gutenberg as the editor if the -gutenberg argument is passed on\nlaunch.\n",
            "hash": "d7990ac2fcf89de825674d639725b6114b354079",
            "author": "Jorge Bernal <jbernal@gmail.com>",
            "date": "Tue Nov 20 07:26:39 2018"
        },
        {
            "title": "Merge branch 'develop' into feature/custom-domains-cherry-picked",
            "flags": {
                "automatedTransfer": "removed",
                "automatedTransfersCustomDomain": "False",
                "bottomSheetDemo": "False"
            },
            "message": "Merge branch 'develop' into feature/custom-domains-cherry-picked\n",
            "hash": "bf7ba5ebba298184458a6e4f1d1d8698f55f1f12",
            "merge": "a668f359f7 d09603873a",
            "author": "Jan Klausa <jan@klausa.pl>",
            "date": "Thu Nov 8 02:19:55 2018"
        },
        {
            "title": "Merge pull request #10419 from wordpress-mobile/release/11.2",
            "flags": {
                "bottomSheetDemo": "False"
            },
            "message": "Merge pull request #10419 from wordpress-mobile/release/11.2\n\nMerge Release/11.2 into develop",
            "hash": "1092ec0f6a6062ad9638920314d418fcc1cf276f",
            "merge": "28ed3a3b02 c91af9d27c",
            "author": "James Treanor <jtreanor3@gmail.com>",
            "date": "Wed Nov 7 04:34:20 2018"
        },
        {
            "title": "Merge branch 'develop' into issue/10325b-bottom-sheet-modal",
            "flags": {
                "revisions": "False",
                "bottomSheetDemo": "False"
            },
            "message": "Merge branch 'develop' into issue/10325b-bottom-sheet-modal\n",
            "hash": "8f3e567f017932676d509d04cdb4073f0a09f677",
            "merge": "c5e121d155 1a4e1a9e32",
            "author": "stevebaranski <steven.baranski@icloud.com>",
            "date": "Mon Nov 5 21:32:52 2018"
        },
        {
            "title": "Merge branch 'develop' into feature/custom-domains-cherry-picked",
            "flags": {
                "automatedTransfer": "removed",
                "automatedTransfersCustomDomain": "False",
                "revisions": "False"
            },
            "message": "Merge branch 'develop' into feature/custom-domains-cherry-picked\n",
            "hash": "a23fe8616a0de46eedd7ae01b8c7540ac4ac0640",
            "merge": "c6221ffbb1 faa95830c9",
            "author": "Jan Klausa <jan@klausa.pl>",
            "date": "Fri Nov 2 00:26:25 2018"
        },
        {
            "title": "Added FeatureFlag for bottom sheet demo",
            "flags": {
                "bottomSheetDemo": "False"
            },
            "message": "Added FeatureFlag for bottom sheet demo\n",
            "hash": "d06e88163e3afef86d08d3e8a318b9715d75ff49",
            "author": "stevebaranski <steven.baranski@icloud.com>",
            "date": "Fri Oct 26 12:25:54 2018"
        },
        {
            "title": "Merge branch 'develop' into issues/10304-history-skeleton",
            "flags": {
                "revisions": "False",
                "statsRefresh": "False"
            },
            "message": "Merge branch 'develop' into issues/10304-history-skeleton",
            "hash": "f002f7cf01ab920410407a264c16f54a5fa108fb",
            "merge": "c02bd28723 3c349b220c",
            "author": "Nate Heagy <nheagy@users.noreply.github.com>",
            "date": "Wed Oct 31 23:21:25 2018"
        },
        {
            "title": "Add FeatureFlag",
            "flags": {
                "automatedTransfer": "removed",
                "automatedTransfersCustomDomain": "False"
            },
            "message": "Add FeatureFlag\n",
            "hash": "dc78c063ea4bc21d34774ddb42d50687bff1d599",
            "author": "Pinar Olguc <pinarolguc@gmail.com>",
            "date": "Tue Jul 10 14:33:17 2018"
        },
        {
            "title": "Add feature flag for revisions",
            "flags": {
                "revisions": "False"
            },
            "message": "Add feature flag for revisions\n",
            "hash": "59e687bf0fcd0a7cffaae8829e8dd70608159aed",
            "author": "Nate Heagy <nate@heagy.com>",
            "date": "Fri Oct 26 15:40:23 2018"
        },
        {
            "title": "Adding statsRefresh feature flag.",
            "flags": {
                "statsRefresh": "False"
            },
            "message": "Adding statsRefresh feature flag.\n",
            "hash": "af30216d335f60db282ff23d3d90996326458924",
            "author": "Stephenie Harris <scoutharris@gmail.com>",
            "date": "Fri Oct 19 15:56:19 2018"
        },
        {
            "title": "Introduced feature flag for site creation",
            "flags": {
                "enhancedSiteCreation": "False"
            },
            "message": "Introduced feature flag for site creation\n",
            "hash": "d14baeeac4df380201bee2ae977ec2fde704e20a",
            "author": "stevebaranski <steven.baranski@icloud.com>",
            "date": "Wed Oct 24 09:00:16 2018"
        },
        {
            "title": "Merge branch 'develop' into feature/9921-news-tab-bar",
            "flags": {
                "extractNotifications": "removed"
            },
            "message": "Merge branch 'develop' into feature/9921-news-tab-bar\n",
            "hash": "619cf669a66ceca099c9149acab0a9e0a534bc6f",
            "merge": "a83f08cec3 635be749fa",
            "author": "Cesar Tardaguila <2722505+ctarda@users.noreply.github.com>",
            "date": "Thu Sep 6 19:54:19 2018"
        },
        {
            "title": "Merge branch 'develop' into feature/remove-extract-notifications-feature-flag-merge",
            "flags": {
                "saveForLater": "removed",
                "extractNotifications": "removed",
                "newsCard": "False",
                "giphy": "False",
                "automatedTransfer": "False"
            },
            "message": "Merge branch 'develop' into feature/remove-extract-notifications-feature-flag-merge\n\n# Conflicts:\n#\tWordPress/Classes/Utility/BuildInformation/FeatureFlag.swift\n#\tWordPress/WordPress.xcodeproj/project.pbxproj\n#\tWordPress/WordPressTest/NotificationTests.swift\n",
            "hash": "38a993015b9edddfb57218c98d009c76dbf1d5ba",
            "merge": "4560c0262b cdb58b2fbf",
            "author": "Cesar Tardaguila <2722505+ctarda@users.noreply.github.com>",
            "date": "Wed Sep 5 23:44:37 2018"
        },
        {
            "title": "Merge branch 'develop' into feature/9921-news-tab-bar",
            "flags": {
                "automatedTransfer": "False"
            },
            "message": "Merge branch 'develop' into feature/9921-news-tab-bar\n",
            "hash": "c329b41f7606a5e2cf28999bfa3f0ce045552616",
            "merge": "ca4a784f30 f56f5bdee0",
            "author": "Cesar Tardaguila <2722505+ctarda@users.noreply.github.com>",
            "date": "Sun Sep 2 21:22:02 2018"
        },
        {
            "title": "[AT] Add AT feature flag and make it show up in the menu in appropriate circumstances.",
            "flags": {
                "automatedTransfer": "False"
            },
            "message": "[AT] Add AT feature flag and make it show up in the menu in appropriate circumstances.\n",
            "hash": "79386633b8945421005867ca9e5d9e67cba7f672",
            "author": "Jan Klausa <jan@klausa.pl>",
            "date": "Thu Aug 23 18:50:39 2018"
        },
        {
            "title": "Merge branch 'develop' into feature/activater-notifications-feature",
            "flags": {
                "saveForLater": "removed"
            },
            "message": "Merge branch 'develop' into feature/activater-notifications-feature\n",
            "hash": "9c53c12cbc2bcc2703772835228677a3d3bc209a",
            "merge": "91a72d6124 3419c723ce",
            "author": "Cesar Tardaguila <2722505+ctarda@users.noreply.github.com>",
            "date": "Tue Aug 21 20:47:53 2018"
        },
        {
            "title": "Remove feature flag for save for later",
            "flags": {
                "saveForLater": "removed"
            },
            "message": "Remove feature flag for save for later\n",
            "hash": "6282d5640ba1f8abf1e42decc2095c27bb80fbf0",
            "author": "Cesar Tardaguila <2722505+ctarda@users.noreply.github.com>",
            "date": "Mon Aug 20 22:10:15 2018"
        },
        {
            "title": "Add Giphy feature flag and menu item in Media Library",
            "flags": {
                "giphy": "False"
            },
            "message": "Add Giphy feature flag and menu item in Media Library\n",
            "hash": "2662b085a9c30b8732d1f7c43f1f17bdbbaffddb",
            "author": "James Frost <james.frost@automattic.com>",
            "date": "Tue Aug 14 08:17:28 2018"
        },
        {
            "title": "Add a feature flag for the News Card",
            "flags": {
                "newsCard": "False"
            },
            "message": "Add a feature flag for the News Card\n",
            "hash": "0f0b6b155cc8119413eb1c2c0493591dbff8360a",
            "author": "Cesar Tardaguila <2722505+ctarda@users.noreply.github.com>",
            "date": "Thu Aug 2 18:07:28 2018"
        },
        {
            "title": "Removed `extractNotifications` feature flag",
            "flags": {
                "extractNotifications": "removed"
            },
            "message": "Removed `extractNotifications` feature flag\n",
            "hash": "7e79395742a8f4b421b3d066504fe65fa200c3fe",
            "author": "etoledom <etoledom@icloud.com>",
            "date": "Mon Jul 30 11:46:13 2018"
        },
        {
            "title": "Merge pull request #9803 from wordpress-mobile/add/whats-next-feature-flag",
            "flags": {
                "gifSupportInReaderDetail": "removed",
                "quickStart": "False"
            },
            "message": "Merge pull request #9803 from wordpress-mobile/add/whats-next-feature-flag\n\nQuick Start: Feature Flag & Initial Commit",
            "hash": "6c644fd750f34d231d3b68f0fd5c990c141e1fa7",
            "merge": "78947fc619 a3354e5324",
            "author": "Nate Heagy <nheagy@users.noreply.github.com>",
            "date": "Fri Jul 20 12:28:44 2018"
        },
        {
            "title": "Rename whatsNext feature flag to quickStart",
            "flags": {
                "whatsNext": "removed",
                "quickStart": "False"
            },
            "message": "Rename whatsNext feature flag to quickStart\n",
            "hash": "d48e0e8f2c8f2bc19a1735a49a151d18b5dfec37",
            "author": "Nate Heagy <nate@heagy.com>",
            "date": "Thu Jul 19 12:31:12 2018"
        },
        {
            "title": "Gifs: Remove `gifSupportInReaderDetail` and related conditional code.",
            "flags": {
                "gifSupportInReaderDetail": "removed"
            },
            "message": "Gifs: Remove `gifSupportInReaderDetail` and related conditional code.\n",
            "hash": "0ff82f7e3f6d4aa7ab4fee8d45961f0071e6daa6",
            "author": "etoledom <etoledom@icloud.com>",
            "date": "Mon Jul 16 07:54:19 2018"
        },
        {
            "title": "Add feature flag for What\u2019s Next",
            "flags": {
                "whatsNext": "False"
            },
            "message": "Add feature flag for What\u2019s Next\n",
            "hash": "692f04ae76511b134774159f7811b5d46ac6615a",
            "author": "Nate Heagy <nate@heagy.com>",
            "date": "Tue Jul 10 12:38:12 2018"
        },
        {
            "title": "[ActivityLog] Remove the Activity feature flag.",
            "flags": {
                "activity": "removed"
            },
            "message": "[ActivityLog] Remove the Activity feature flag.\n",
            "hash": "9016d4c33a2625490dae264872aedabcc7c70bd1",
            "author": "Jan Klausa <jan@klausa.pl>",
            "date": "Fri Jun 29 17:18:26 2018"
        },
        {
            "title": "Merge branch 'develop' into feature/soft-remove-gifs-feature-flag",
            "flags": {
                "extractNotifications": "False"
            },
            "message": "Merge branch 'develop' into feature/soft-remove-gifs-feature-flag",
            "hash": "9b38fafe2b3222cf313fa2ca80d040da75b3809e",
            "merge": "8c83b7cc90 4c239dc739",
            "author": "etoledom <etoledom@icloud.com>",
            "date": "Tue Jun 26 16:12:02 2018"
        },
        {
            "title": "Add a featureflag for extract notifications",
            "flags": {
                "extractNotifications": "False"
            },
            "message": "Add a featureflag for extract notifications\n",
            "hash": "1302d74690d9e9ceea08b460561dc674e77ffbbf",
            "author": "Cesar Tardaguila <2722505+ctarda@users.noreply.github.com>",
            "date": "Sun Jun 24 19:04:19 2018"
        },
        {
            "title": "Removing Zendesk feature flag.",
            "flags": {
                "zendeskMobile": "removed"
            },
            "message": "Removing Zendesk feature flag.\n",
            "hash": "0a9886bd5f4acf5248d7fb3d65249a296ba41289",
            "author": "Stephenie Harris <scoutharris@gmail.com>",
            "date": "Tue Jun 12 15:51:41 2018"
        },
        {
            "title": "Merge pull request #9503 from wordpress-mobile/issues/8109-remove-username-flag",
            "flags": {
                "usernameChanging": "removed"
            },
            "message": "Merge pull request #9503 from wordpress-mobile/issues/8109-remove-username-flag\n\nRemove username changing flag",
            "hash": "d6aeef8a2479e61ce1b00c209b951afc579ecd71",
            "merge": "c1d1e5bc49 2b35a5ccb2",
            "author": "Nate Heagy <nheagy@users.noreply.github.com>",
            "date": "Fri Jun 1 12:07:23 2018"
        },
        {
            "title": "Remove username changing flag",
            "flags": {
                "usernameChanging": "removed"
            },
            "message": "Remove username changing flag\n",
            "hash": "2b35a5ccb2ebed49d5b52580cac61d447c2b2a17",
            "author": "Nate Heagy <nate@heagy.com>",
            "date": "Fri Jun 1 11:40:35 2018"
        },
        {
            "title": "Merge branch 'develop' into feature/9253-reader-detail-gif-support-mark3",
            "flags": {
                "gifSupportInReaderDetail": "False"
            },
            "message": "Merge branch 'develop' into feature/9253-reader-detail-gif-support-mark3\n",
            "hash": "7eae7e3411d7a55aaa44f86e34e2086d9ef5a499",
            "merge": "603a262ef2 4425348318",
            "author": "etoledom <etoledom@icloud.com>",
            "date": "Wed May 23 17:25:11 2018"
        },
        {
            "title": "Added feature flag for reader detail gif support",
            "flags": {
                "gifSupportInReaderDetail": "False"
            },
            "message": "Added feature flag for reader detail gif support\n",
            "hash": "7020502d1252f178eb96fbe549d79fd4959711f4",
            "author": "Matt Bumgardner <matt.bumgardner@gmail.com>",
            "date": "Mon May 21 09:53:41 2018"
        },
        {
            "title": "Merge pull request #9404 from wordpress-mobile/issues/9185-turn-off-feature-flag",
            "flags": {
                "primeForPush": "removed"
            },
            "message": "Merge pull request #9404 from wordpress-mobile/issues/9185-turn-off-feature-flag\n\nEnable Prime for Push for everyone",
            "hash": "45313fed5a3a74b10671d07507ad7e17a24c2cb3",
            "merge": "e169bd1779 b57f9c9df0",
            "author": "Nate Heagy <nheagy@users.noreply.github.com>",
            "date": "Fri May 18 13:52:17 2018"
        },
        {
            "title": "Remove prime for push feature flag",
            "flags": {
                "primeForPush": "removed"
            },
            "message": "Remove prime for push feature flag\n",
            "hash": "b57f9c9df0d6dd7c4ef86c966075ba70a8c698a0",
            "author": "Nate Heagy <nate@heagy.com>",
            "date": "Fri May 18 10:52:39 2018"
        },
        {
            "title": "Merge branch 'develop' into feature/9225-saveforlater-flags",
            "flags": {
                "saveForLater": "False",
                "primeForPush": "False"
            },
            "message": "Merge branch 'develop' into feature/9225-saveforlater-flags\n\n# Conflicts:\n#\tWordPress/Classes/Utility/BuildInformation/FeatureFlag.swift\n",
            "hash": "7c94db5fdca039bb07b9d535a52bfc7051fb6494",
            "merge": "aacaf42979 d5e77169f3",
            "author": "Cesar Tardaguila <2722505+ctarda@users.noreply.github.com>",
            "date": "Tue May 1 18:10:58 2018"
        },
        {
            "title": "Add feature flags for Save for Later",
            "flags": {
                "saveForLater": "False"
            },
            "message": "Add feature flags for Save for Later\n",
            "hash": "aacaf42979c5bbd068501c66fb7cc93d0e1fbdaf",
            "author": "Cesar Tardaguila <2722505+ctarda@users.noreply.github.com>",
            "date": "Sun Apr 29 18:58:23 2018"
        },
        {
            "title": "Add primeForPush flag",
            "flags": {
                "primeForPush": "False"
            },
            "message": "Add primeForPush flag\n",
            "hash": "2654a1eb95928088360167c389fd0607dd0f566e",
            "author": "Nate Heagy <nate@heagy.com>",
            "date": "Wed Apr 25 08:39:08 2018"
        },
        {
            "title": "Remove jetpackSignup feature flag",
            "flags": {
                "jetpackSignup": "removed"
            },
            "message": "Remove jetpackSignup feature flag\n",
            "hash": "997d8a73249115fc8cdb0bd4a1dbbdcc9576f1cd",
            "author": "Nate Heagy <nate@heagy.com>",
            "date": "Fri Apr 20 11:37:54 2018"
        },
        {
            "title": "Nuking SignupViewController (#9109)",
            "flags": {
                "socialSignup": "removed"
            },
            "message": "Nuking SignupViewController (#9109)\n\n* Nukes socialSignup FeatureFlag\r\n\r\n* Nukes SignupViewController\r\n\r\n* SignupService: Nukes deprecated methods\r\n\r\n* Nukes NUXAbstractViewController\r\n\r\n* Nukes SigninKeyboardResponder\r\n",
            "hash": "8c04962e2370399afe01dde21104e7d817387b83",
            "author": "Jorge Leandro Perez <jorge@lantean.co>",
            "date": "Mon Apr 16 14:33:19 2018"
        },
        {
            "title": "Remove Async feature flag!",
            "flags": {
                "asyncPosting": "removed"
            },
            "message": "Remove Async feature flag!\n",
            "hash": "4e987280555bbd190e291761368fb576f76fe35c",
            "author": "James Frost <james.frost@automattic.com>",
            "date": "Fri Apr 6 07:38:00 2018"
        },
        {
            "title": "Merge branch 'feature/9026-add_zendesk_pod' into feature/9032-zendesk_setup",
            "flags": {
                "jetpackSignup": "False",
                "zendeskMobile": "False"
            },
            "message": "Merge branch 'feature/9026-add_zendesk_pod' into feature/9032-zendesk_setup\n",
            "hash": "ed5a4e07003b3d05c9d09858da62874c57cdd393",
            "merge": "66d268e158 80a12bdb3b",
            "author": "Stephenie Harris <scoutharris@gmail.com>",
            "date": "Wed Apr 4 10:04:43 2018"
        },
        {
            "title": "Merge pull request #9012 from wordpress-mobile/issues/8949-jetpack-signup-button",
            "flags": {
                "jetpackSignup": "False",
                "siteCreation": "removed"
            },
            "message": "Merge pull request #9012 from wordpress-mobile/issues/8949-jetpack-signup-button\n\nJetpack signup: add signup button",
            "hash": "aa0072e2b23f5abbabb8a67bb957a48fb8d30792",
            "merge": "01ab7da22b c20fb9545b",
            "author": "Nate Heagy <nheagy@users.noreply.github.com>",
            "date": "Tue Apr 3 21:21:35 2018"
        },
        {
            "title": "Adding Zendesk credentials and feature flag, and instantiating Zendesk.",
            "flags": {
                "zendeskMobile": "False"
            },
            "message": "Adding Zendesk credentials and feature flag, and instantiating Zendesk.\n",
            "hash": "66d268e1582d240b9b528ccffd660b7f0cc3aeb7",
            "author": "Stephenie Harris <scoutharris@gmail.com>",
            "date": "Tue Apr 3 17:47:12 2018"
        },
        {
            "title": "Hide new jetpack signup button behind feature flag",
            "flags": {
                "jetpackSignup": "False"
            },
            "message": "Hide new jetpack signup button behind feature flag\n",
            "hash": "dfbd0d85623b9f4b39962f3fafc4255852b1a3f8",
            "author": "Nate Heagy <nate@heagy.com>",
            "date": "Fri Mar 30 15:51:29 2018"
        },
        {
            "title": "Remove SiteCreation feature flag",
            "flags": {
                "siteCreation": "removed"
            },
            "message": "Remove SiteCreation feature flag\n",
            "hash": "5d823f0d12a63f13d95367605e18a59eb0241891",
            "author": "elibud <elibud@gmail.com>",
            "date": "Fri Mar 30 13:55:53 2018"
        },
        {
            "title": "Add feature flag.",
            "flags": {
                "asyncPosting": "False"
            },
            "message": "Add feature flag.\n",
            "hash": "73d102b562de3edad028a1e349cdd5caa000ba09",
            "author": "Sergio Estevao <sergioestevao@gmail.com>",
            "date": "Tue Mar 13 10:13:51 2018"
        },
        {
            "title": "Add username switching to account settings VC behind feature flag",
            "flags": {
                "usernameChanging": "False"
            },
            "message": "Add username switching to account settings VC behind feature flag\n",
            "hash": "cb840cd505078454da107d62eb637025b8602c80",
            "author": "Nate Heagy <nate@heagy.com>",
            "date": "Fri Feb 23 14:35:20 2018"
        },
        {
            "title": "Remove file import feature flag.",
            "flags": {
                "iCloudFilesSupport": "removed"
            },
            "message": "Remove file import feature flag.\n",
            "hash": "5983c3a230f369c8a5b9c64f5cc1fa667bca4fcc",
            "author": "James Frost <james.frost@automattic.com>",
            "date": "Fri Jan 12 04:24:15 2018"
        },
        {
            "title": "Media Library: Remove Async feature flag (and code that is no longer required)",
            "flags": {
                "asyncUploadsInMediaLibrary": "removed"
            },
            "message": "Media Library: Remove Async feature flag (and code that is no longer required)\n",
            "hash": "441e2c5aa5c109326a6eb9355adae7f37eed77cb",
            "author": "James Frost <james.frost@automattic.com>",
            "date": "Thu Jan 11 13:50:16 2018"
        },
        {
            "title": "Merge pull request #8348 from wordpress-mobile/issues/8036-remove-feature-flag",
            "flags": {
                "googleLogin": "removed",
                "notices": "removed"
            },
            "message": "Merge pull request #8348 from wordpress-mobile/issues/8036-remove-feature-flag\n\nRemove social login feature flag",
            "hash": "494943df05b0b919c4a7dce04b7638165f377c9d",
            "merge": "4278724f24 7a3f14eb5c",
            "author": "Nate Heagy <nheagy@users.noreply.github.com>",
            "date": "Fri Dec 15 21:27:10 2017"
        },
        {
            "title": "Remove social login feature flag",
            "flags": {
                "googleLogin": "removed"
            },
            "message": "Remove social login feature flag\n",
            "hash": "7a3f14eb5c93dc58d799e7fe09b0872106a37d19",
            "author": "Nate Heagy <nate@heagy.com>",
            "date": "Fri Dec 15 13:28:46 2017"
        },
        {
            "title": "Merge pull request #8333 from wordpress-mobile/feature/activity-log-enable-internal-builds",
            "flags": {
                "pluginManagement": "removed",
                "notices": "removed"
            },
            "message": "Merge pull request #8333 from wordpress-mobile/feature/activity-log-enable-internal-builds\n\nActivity Log: enable on internal builds",
            "hash": "c345d0aa3c7214b4b0a1b2f0d4da47d0cf258992",
            "merge": "ca2d60269c 029a15b8a9",
            "author": "Elisa Budelli <elibud@gmail.com>",
            "date": "Fri Dec 15 08:30:51 2017"
        },
        {
            "title": "Remove feature flag for notices",
            "flags": {
                "notices": "removed"
            },
            "message": "Remove feature flag for notices\n",
            "hash": "9fe1852dc6a43aeff35fdd2fa9c65a465f689756",
            "author": "Jorge Bernal <jbernal@gmail.com>",
            "date": "Fri Dec 15 04:05:01 2017"
        },
        {
            "title": "Merge pull request #8332 from wordpress-mobile/feature/enable-plugin-management-for-all",
            "flags": {
                "pluginManagement": "removed",
                "notices": "False"
            },
            "message": "Merge pull request #8332 from wordpress-mobile/feature/enable-plugin-management-for-all\n\nEnable plugin management in app store builds",
            "hash": "10a6125eadac049145fc5f61f7b77d2c027db399",
            "merge": "d098e8c7d3 c9fc2608df",
            "author": "Jorge Bernal <jbernal@gmail.com>",
            "date": "Thu Dec 14 08:55:38 2017"
        },
        {
            "title": "Remove plugin management feature flag",
            "flags": {
                "pluginManagement": "removed"
            },
            "message": "Remove plugin management feature flag\n",
            "hash": "c9fc2608dfaa6befa782ddb5bef49a17c0e07248",
            "author": "Jorge Bernal <jbernal@gmail.com>",
            "date": "Thu Dec 14 05:03:13 2017"
        },
        {
            "title": "Move Notices to their own feature flag.",
            "flags": {
                "notices": "False"
            },
            "message": "Move Notices to their own feature flag.\n",
            "hash": "da6bb82b13ef4f419f599976999311a44af72009",
            "author": "James Frost <james.frost@automattic.com>",
            "date": "Mon Dec 11 06:49:31 2017"
        },
        {
            "title": "Merge remote-tracking branch 'origin/develop' into issue/swift-4.0-wordpress-main",
            "flags": {
                "socialSignup": "False",
                "jetpackCommentsOnReader": "removed",
                "siteCreation": "False"
            },
            "message": "Merge remote-tracking branch 'origin/develop' into issue/swift-4.0-wordpress-main\n",
            "hash": "f70094dd28d3e25009f1f88a90812ae0609681d4",
            "merge": "80aee3571a 30e97cb82a",
            "author": "Jorge Leandro Perez <jorge@lantean.co>",
            "date": "Tue Nov 21 06:19:38 2017"
        },
        {
            "title": "Merge pull request #8171 from wordpress-mobile/issues/8169-site-creation-setup",
            "flags": {
                "socialSignup": "False",
                "jetpackCommentsOnReader": "removed",
                "siteCreation": "False"
            },
            "message": "Merge pull request #8171 from wordpress-mobile/issues/8169-site-creation-setup\n\nIssues/8169 site creation setup",
            "hash": "afa6e8442f5a3950b50894c8fee983103040ecc2",
            "merge": "1f59a7f71a 5a2f027dea",
            "author": "ScoutHarris <scoutharris@gmail.com>",
            "date": "Thu Nov 16 12:23:46 2017"
        },
        {
            "title": "Merge pull request #8167 from wordpress-mobile/issue/7662-enable-jetpack-comments-reader-externally",
            "flags": {
                "socialSignup": "False",
                "jetpackCommentsOnReader": "removed"
            },
            "message": "Merge pull request #8167 from wordpress-mobile/issue/7662-enable-jetpack-comments-reader-externally\n\nRemove feature flag for Jetpack comments on Reader",
            "hash": "1f59a7f71a5f2d2c81018693967c12cd76c42d42",
            "merge": "6c7c4cd22a 9c6b4e15fb",
            "author": "Elisa Budelli <elibud@gmail.com>",
            "date": "Thu Nov 16 11:22:06 2017"
        },
        {
            "title": "Merge pull request #8152 from wordpress-mobile/issues/8150-add-social-signup-flag",
            "flags": {
                "socialSignup": "False"
            },
            "message": "Merge pull request #8152 from wordpress-mobile/issues/8150-add-social-signup-flag\n\nSocial signup: add feature flag",
            "hash": "6c7c4cd22af7d03f523b041b4c5c2d32cb312783",
            "merge": "0f135cc6e6 ea2968b424",
            "author": "Nate Heagy <nheagy@users.noreply.github.com>",
            "date": "Thu Nov 16 08:17:53 2017"
        },
        {
            "title": "Adding siteCreation feature flag.",
            "flags": {
                "siteCreation": "False"
            },
            "message": "Adding siteCreation feature flag.\n",
            "hash": "c7582b8aff0ae57fd631fa7964e3f0798bfde4bb",
            "author": "Stephenie Harris <scoutharrisdev@gmail.com>",
            "date": "Wed Nov 15 14:09:26 2017"
        },
        {
            "title": "Remove feature flag for Jetpack comments on Reader",
            "flags": {
                "jetpackCommentsOnReader": "removed"
            },
            "message": "Remove feature flag for Jetpack comments on Reader\n",
            "hash": "9c6b4e15fbbf98c587d15e605a603f7d5d855f5a",
            "author": "elibud <elibud@gmail.com>",
            "date": "Wed Nov 15 12:08:15 2017"
        },
        {
            "title": "Merge pull request #8100 from wordpress-mobile/feature/activity-log-restore-remote-endpoints",
            "flags": {
                "newMediaExports": "removed",
                "asyncUploadsInMediaLibrary": "False"
            },
            "message": "Merge pull request #8100 from wordpress-mobile/feature/activity-log-restore-remote-endpoints\n\nFeature/activity log restore remote endpoints",
            "hash": "6470022e892ad928819ea4321cd87764d193018f",
            "merge": "130d46ea10 fdc29bf4ea",
            "author": "Elisa Budelli <elibud@gmail.com>",
            "date": "Wed Nov 15 04:37:07 2017"
        },
        {
            "title": "Add new social signup flag",
            "flags": {
                "socialSignup": "False"
            },
            "message": "Add new social signup flag\n",
            "hash": "fd691650276e95165c3887c878e10e224532e93c",
            "author": "Nate Heagy <nate@heagy.com>",
            "date": "Tue Nov 14 14:11:41 2017"
        },
        {
            "title": "Merge branch 'develop' into feature/remove-media-feature-flag",
            "flags": {
                "newMediaExports": "removed",
                "asyncUploadsInMediaLibrary": "False"
            },
            "message": "Merge branch 'develop' into feature/remove-media-feature-flag\n",
            "hash": "5a14f330d719b22c6acb9a899c29b6daab6fa47d",
            "merge": "2e1803ddc6 5613c2046b",
            "author": "James Frost <james.frost@automattic.com>",
            "date": "Mon Nov 6 06:02:49 2017"
        },
        {
            "title": "Media: Remove new media exports feature flag and legacy support.",
            "flags": {
                "newMediaExports": "removed"
            },
            "message": "Media: Remove new media exports feature flag and legacy support.\n",
            "hash": "2e41aebd73b5329b425e5eba4daff6afa7d469cd",
            "author": "James Frost <james.frost@automattic.com>",
            "date": "Fri Nov 3 04:39:18 2017"
        },
        {
            "title": "Merge branch 'develop' into feature/upload-coordinator-in-media-library",
            "flags": {
                "asyncUploadsInMediaLibrary": "False",
                "activity": "False"
            },
            "message": "Merge branch 'develop' into feature/upload-coordinator-in-media-library\n",
            "hash": "0c546f879fa7ad8571e0b1052d6335b9c883c5b7",
            "merge": "0698a7c542 0f3c2bd2da",
            "author": "James Frost <james.frost@automattic.com>",
            "date": "Fri Nov 3 04:01:31 2017"
        },
        {
            "title": "Media Library: Add development-only feature flag and option for async uploads.",
            "flags": {
                "asyncUploadsInMediaLibrary": "False"
            },
            "message": "Media Library: Add development-only feature flag and option for async uploads.\n",
            "hash": "0698a7c542815171972c5d37329a6e7cd1b6182c",
            "author": "James Frost <james.frost@automattic.com>",
            "date": "Wed Nov 1 09:56:53 2017"
        },
        {
            "title": "Only give access to Activity for Jetpack sites, admins in development builds",
            "flags": {
                "activity": "False"
            },
            "message": "Only give access to Activity for Jetpack sites, admins in development builds\n",
            "hash": "7c360a5c961e1bc19a7b30154f20b62fc50673a6",
            "author": "elibud <elibud@gmail.com>",
            "date": "Tue Oct 31 12:51:35 2017"
        },
        {
            "title": "Merge pull request #7662 from wordpress-mobile/feature/reader-comments-on-jetpack-sites",
            "flags": {
                "jetpackCommentsOnReader": "False"
            },
            "message": "Merge pull request #7662 from wordpress-mobile/feature/reader-comments-on-jetpack-sites\n\nReader: Enable comments button for Jetpack sites",
            "hash": "e61d182644b3cd1a1b5ae884279e82695a06da6d",
            "merge": "cfb04b9760 5640c1ef4b",
            "author": "Elisa Budelli <elibud@gmail.com>",
            "date": "Mon Oct 23 08:22:30 2017"
        },
        {
            "title": "Only enable comments on Jetpack sites locally",
            "flags": {
                "jetpackCommentsOnReader": "False"
            },
            "message": "Only enable comments on Jetpack sites locally\n",
            "hash": "0b5749607ffd6ea6256d2a360eb818f2a047d214",
            "author": "elibud <elibud@gmail.com>",
            "date": "Mon Oct 23 05:43:02 2017"
        },
        {
            "title": "FeatureFlag: New iCloudFilesSupport case",
            "flags": {
                "iCloudFilesSupport": "False"
            },
            "message": "FeatureFlag: New iCloudFilesSupport case\n",
            "hash": "a18ef20935e42ac8b1a4b391c65e43b19c860035",
            "author": "Jorge Leandro Perez <jorge@lantean.co>",
            "date": "Wed Oct 11 13:05:08 2017"
        },
        {
            "title": "Better build information.",
            "flags": {
                "newMediaExports": "False",
                "pluginManagement": "False",
                "googleLogin": "False",
                "jetpackDisconnect": "False"
            },
            "message": "Better build information.\n",
            "hash": "5fb45658ad7fb4547c3368d3c7b32936b2a15199",
            "author": "Diego Rey Mendez <diegoreymendez@gmail.com>",
            "date": "Mon Oct 2 11:21:20 2017"
        }
    ]
}