{
    "id": 8859285,
    "node_id": "MDEwOlJlcG9zaXRvcnk4ODU5Mjg1",
    "name": "WordPress-iOS",
    "full_name": "wordpress-mobile/WordPress-iOS",
    "private": false,
    "description": "WordPress for iOS - Official repository",
    "fork": false,
    "created_at": "2013-03-18T16:59:33Z",
    "updated_at": "2019-12-20T21:50:34Z",
    "pushed_at": "2019-12-20T19:53:45Z",
    "homepage": "http://ios.wordpress.org/",
    "size": 628563,
    "stargazers_count": 2806,
    "watchers_count": 2806,
    "language": "Swift",
    "has_issues": true,
    "has_projects": true,
    "has_downloads": true,
    "has_wiki": true,
    "has_pages": false,
    "forks_count": 930,
    "archived": false,
    "disabled": false,
    "open_issues_count": 692,
    "forks": 930,
    "open_issues": 692,
    "watchers": 2806,
    "default_branch": "develop",
    "temp_clone_token": "",
    "network_count": 930,
    "subscribers_count": 172,
    "languages": {
        "Swift": 6092506,
        "Objective-C": 2165802,
        "Ruby": 62151,
        "HTML": 35022,
        "Shell": 28075,
        "Python": 13651,
        "JavaScript": 8565,
        "Perl": 406,
        "MATLAB": 274
    }
}