{
    "date": "2019-12-20T18:24:39.028490",
    "commits": [
        {
            "title": "feat(slack): Introduce slack support channel selector (#7658)",
            "flags": {
                "slack": "False"
            },
            "message": "feat(slack): Introduce slack support channel selector (#7658)\n\n* feat(slack): Introduce slack support channel selector\r\n\r\n* Use ReactSelectInput\r\n\r\n* Use hooks instead of class compoonent\r\n\r\n* Disable slack in settings\r\n\r\n* Add useLatestPromise hook\r\n\r\n* Rebase with updated react-select modules\r\n\r\n* Rebase with updated react-select modules\r\n\r\n* Update test\r\n\r\n* Update test\r\n\r\n* Refactor test\r\n",
            "hash": "bf2ffe23706c6d493fa5b5b0d5f37c4b7f893945",
            "author": "caseyhebebrand <chebebrand@netflix.com>",
            "date": "Mon Dec 2 10:20:02 2019"
        },
        {
            "title": "feat(google): add gce scale-down controls (#7570)",
            "flags": {
                "gceScaleDownControlsEnabled": "False"
            },
            "message": "feat(google): add gce scale-down controls (#7570)\n\n* feat(google): add feature flag for gce scale down controls\n\n* feat(google): add gce scale-down controls to autoscaling policy ui\n\n* fix(google): add min and max timeWindowSec, sidebar details\n",
            "hash": "5d89a04465f911d49bf171ef47b9d88aa2b8c4a9",
            "author": "Maggie Neterval <mneterval@google.com>",
            "date": "Tue Oct 29 13:29:38 2019"
        },
        {
            "title": "feat(provider/aws): Functions (listing and searching) (#7568)",
            "flags": {
                "functions": "False"
            },
            "message": "feat(provider/aws): Functions (listing and searching) (#7568)\n\n* .\n\n* feat(provider/aws): Function listing and searching functionality\n\nThis change adds a new tab for functions and facilitates listing existing functions and searching functions listed.\nCorresponding provider specific changes are included in this change for AWS.\n\nAuthors: @sidmuls and @nabebe\n\n* feat(provider/aws): Function listing and searching functionality\n\nThis change adds a new tab for functions and facilitates listing existing functions and searching functions listed.\nCorresponding provider specific changes are included in this change for AWS.\n\nAuthors: @sidmuls and @nabebe\n\n* refactor(provider/aws): Converting Function class component into function component.\n\nThis is a refactoring change as requested by reviewer @caseyhebebrand\n\nAuthor: @sidmuls\n\n* refactor(provider/aws): Refactoring groupings into a separate component.\n\nThis change is for refactoring requested by reviewer @caseyhebebrand.\n\nAuthor: @sidmuls\n\n* refactor(provider/aws): Removing unnecessary state from FunctionGroupings.\n\nThis change is a refactoring requested by @caseyhebebrand\n\nAuthor: @sidmuls\n\n*  refactor(provider/aws): removing extra line. Tthis is actually for retrying tests on TravisCI\n\n* refactor(provider/aws): Adding tests for FunctionFilterService and changes as requested by @christopherthielen\n\nAuthor: @sidmuls\n\n* refactor(provider/aws): removing unnecessary field from IFunction\n\n* refactor(provider/aws): adding flag to turn off functions feature\n",
            "hash": "ca176fc325edc41ee90d22b2c3d1aaa041a9c434",
            "author": "sidmuls <52431759+sidmuls@users.noreply.github.com>",
            "date": "Fri Oct 25 13:42:56 2019"
        },
        {
            "title": "chore(settings): Remove unused feature toggle: 'jobs' (#7553)",
            "flags": {
                "jobs": "removed"
            },
            "message": "chore(settings): Remove unused feature toggle: 'jobs' (#7553)\n\n",
            "hash": "cd8c232290c35d7bae0d91b73694ee8a8f78705a",
            "author": "Chris Thielen <christopherthielen@users.noreply.github.com>",
            "date": "Wed Oct 23 11:58:39 2019"
        },
        {
            "title": "feat(core/managed): add Managed Resources section to app config, allow opting out (#7409)",
            "flags": {
                "managedResources": "False"
            },
            "message": "feat(core/managed): add Managed Resources section to app config, allow opting out (#7409)\n\n\r\n",
            "hash": "f8267a4bc3555938ffece37d84d27e88ae71d425",
            "author": "Erik Munson <emunson@netflix.com>",
            "date": "Wed Sep 18 12:43:19 2019"
        },
        {
            "title": "feat(google): support stateful MIG operations (#7196)",
            "flags": {
                "gceStatefulMigsEnabled": "False"
            },
            "message": "feat(google): support stateful MIG operations (#7196)\n\n* feat(google): add gce stateful mig feature flag\r\n\r\n* feat(google): instance template disk UI adjustments\r\n\r\n* feat(google): support stateful disk operations\r\n\r\n* fix(google): couple of misc. fixes to stateful MIG UI\r\n",
            "hash": "f340b0268c1c85aae96c54acee77aa39ef9770d6",
            "author": "Maggie Neterval <mneterval@google.com>",
            "date": "Tue Jul 9 11:41:27 2019"
        },
        {
            "title": "feat(kubernetes): remove rollout strategies feature flag",
            "flags": {
                "kubernetesRolloutStrategies": "removed"
            },
            "message": "feat(kubernetes): remove rollout strategies feature flag\n",
            "hash": "bd94593d91f99259a0bff97776909d1572e0540f",
            "author": "maggieneterval <mneterval@google.com>",
            "date": "Fri Apr 19 13:13:57 2019"
        },
        {
            "title": "feat(kubernetes): feature-flagged support for kubernetes traffic management strategies (#6816)",
            "flags": {
                "kubernetesRolloutStrategies": "False"
            },
            "message": "feat(kubernetes): feature-flagged support for kubernetes traffic management strategies (#6816)\n\n",
            "hash": "2d7f3885248e71b930df101b942bb0998e16b635",
            "author": "Maggie Neterval <mneterval@google.com>",
            "date": "Mon Apr 8 08:52:51 2019"
        },
        {
            "title": "fix(core): make chaos monkey opt-in for new apps (#6766)",
            "flags": {
                "chaosMonkey": "False"
            },
            "message": "fix(core): make chaos monkey opt-in for new apps (#6766)\n\n",
            "hash": "d819cf3740f9341f66aee9c8cfa40eb01c404054",
            "author": "Maggie Neterval <mneterval@google.com>",
            "date": "Thu Mar 28 07:04:13 2019"
        },
        {
            "title": "refactor(artifacts): Combine expected artifacts and trigger artifact constraints (#6634)",
            "flags": {
                "artifactsRewrite": "False"
            },
            "message": "refactor(artifacts): Combine expected artifacts and trigger artifact constraints (#6634)\n\nTo enable new artifact functional set `feature.artifactsRewrite = true` in Deck. \r\n\r\nCo-Authored-By: Scott Bloch-Wehba-Seaward <sbws@google.com>",
            "hash": "5da29652e0f73726ce26de157db4ebff6956f54a",
            "author": "Jon Schneider <jkschneider@gmail.com>",
            "date": "Tue Mar 5 12:58:07 2019"
        },
        {
            "title": "feat(gremlin): Gremlin UI which takes API key input then fetches comm\u2026 (#6549)",
            "flags": {
                "gremlinEnabled": "False"
            },
            "message": "feat(gremlin): Gremlin UI which takes API key input then fetches comm\u2026 (#6549)\n\n* feat(gremlin): Gremlin UI which takes API key input then fetches command/target templates for further selection\r\n\r\n* Feedback updates\r\n\r\n* Adding in feature flags\r\n",
            "hash": "c23989b5c087ebd5d41256d5f0a1cbd04b2ad0ce",
            "author": "Matt Jacobs <mattrjacobs@gmail.com>",
            "date": "Thu Feb 14 13:26:19 2019"
        },
        {
            "title": "feat(core): rename feature flag for managed pipeline templates v2 ui (#6525)",
            "flags": {
                "managedPipelineTemplatesV2": "removed",
                "managedPipelineTemplatesV2UI": "False"
            },
            "message": "feat(core): rename feature flag for managed pipeline templates v2 ui (#6525)\n\nhttps://github.com/spinnaker/spinnaker/issues/3894",
            "hash": "0eb3e29069c9c825120df2cbba05a22aae8e11c6",
            "author": "Louis Jimenez <louisjimenez@google.com>",
            "date": "Mon Feb 11 11:57:14 2019"
        },
        {
            "title": "feat(core): add feature flag for managed pipeline templates v2 (#6520)",
            "flags": {
                "managedPipelineTemplatesV2": "False"
            },
            "message": "feat(core): add feature flag for managed pipeline templates v2 (#6520)\n\n* feat(core): add feature flag for managed pipeline templates v2\r\n\r\nhttps://github.com/spinnaker/spinnaker/issues/3894\r\n\r\n* feat(core): env var for mptv2 feature flag\r\n",
            "hash": "bc2a423603c5814b58a1f6474727113c8e1de113",
            "author": "Louis Jimenez <louisjimenez@google.com>",
            "date": "Mon Feb 11 08:09:27 2019"
        },
        {
            "title": "feat(core): Show timestamp in user's (browser's) timezone (#6362)",
            "flags": {
                "displayTimestampsInUserLocalTime": "False"
            },
            "message": "feat(core): Show timestamp in user's (browser's) timezone (#6362)\n\n* feat(core): Show timestamp with user's (browser's) timezone\r\n\r\n* feat(core): Add \"displayTimestampsInUserLocalTime\" feature flag to show timestamps in user local time\r\n",
            "hash": "286d4ba44ed9fd1afcae447995ba5194e0c62b6a",
            "author": "Ryuzo Yamamoto <ryuzo.yamamoto@gmail.com>",
            "date": "Wed Jan 16 07:35:39 2019"
        },
        {
            "title": "chore(core): alphabetize settings",
            "flags": {
                "artifacts": "False",
                "canary": "False",
                "chaosMonkey": "False",
                "dryRunEnabled": "False",
                "entityTags": "False",
                "fiatEnabled": "False",
                "iapRefresherEnabled": "False",
                "infrastructureStages": "False",
                "jobs": "False",
                "managedServiceAccounts": "False",
                "notifications": "False",
                "pagerDuty": "False",
                "pipelineTemplates": "False",
                "pipelines": "True",
                "quietPeriod": "False",
                "roscoMode": "False",
                "snapshots": "False",
                "travis": "False",
                "versionedProviders": "True",
                "wercker": "False",
                "clusterDiff": "removed",
                "fastProperty": "removed",
                "vpcMigrator": "removed"
            },
            "message": "chore(core): alphabetize settings\n",
            "hash": "55a48af657afcec06382bb048dbd07c36f644e16",
            "author": "chrisb <anotherchrisberry@gmail.com>",
            "date": "Sun Dec 9 23:21:17 2018"
        },
        {
            "title": "feat(core/triggers): Add UI to toggle on/off respectQuietPeriod (#5921)",
            "flags": {
                "quietPeriod": "False"
            },
            "message": "feat(core/triggers): Add UI to toggle on/off respectQuietPeriod (#5921)\n\n",
            "hash": "0d938b1d7857843ddbe13b1aff933c31b40b0fcc",
            "author": "Justin Reynolds <justinreynolds@gmail.com>",
            "date": "Thu Nov 1 10:21:31 2018"
        },
        {
            "title": "feat(appengine): unflag container image url deployments (#5894)",
            "flags": {
                "containerImageUrlDeployments": "removed"
            },
            "message": "feat(appengine): unflag container image url deployments (#5894)\n\n",
            "hash": "351d4fb27360511eb2850e556ab702402b235a3d",
            "author": "Scott <sbws@google.com>",
            "date": "Thu Oct 25 09:16:25 2018"
        },
        {
            "title": "feat(wercker): feature toggle for wercker stages (#5586)",
            "flags": {
                "wercker": "False"
            },
            "message": "feat(wercker): feature toggle for wercker stages (#5586)\n\n* feat(wercker): feature toggle for wercker stages\r\n\r\nThis makes it possible to set feature.wercker to false. We do not want\r\nto expose stages that cannot be used by our users.\r\n\r\n* address comments\r\n",
            "hash": "9ddf0705fd821f019879748f45d836ab7111b5cc",
            "author": "Gard Rimestad <gardhr@gmail.com>",
            "date": "Mon Aug 13 09:23:14 2018"
        },
        {
            "title": "feat(authz/config): Add a pipeline roles section to pipeline config. (#5536)",
            "flags": {
                "managedServiceAccounts": "False"
            },
            "message": "feat(authz/config): Add a pipeline roles section to pipeline config. (#5536)\n\nThis feature allows users to select roles that are used for authorization\r\ndecisions during pipeline execution and removes the need for users to specify\r\na `runAsUser` field for each trigger. The feature is disabled by default and can\r\nbe enabled by setting `managedServiceAccountsEnabled` to true in `settings.js`.\r\n\r\nPart of spinnaker/spinnaker#3037",
            "hash": "ab33610ec78dc9635fecfb7a731f2949af81412a",
            "author": "Dibyo Mukherjee <dibyo@google.com>",
            "date": "Mon Jul 23 11:34:03 2018"
        },
        {
            "title": "feat(google/iap): Refreshes IAP session after they expire.",
            "flags": {
                "iapRefresherEnabled": "False"
            },
            "message": "feat(google/iap): Refreshes IAP session after they expire.\n",
            "hash": "67d6f2425bbe13f89b0642bbd3c206f05160921d",
            "author": "Stephen Chen <stewchen@google.com>",
            "date": "Mon Jun 4 12:51:58 2018"
        },
        {
            "title": "chore(build): Add ARTIFACTS_ENABLED env variable. (#5381)",
            "flags": {
                "artifacts": "False"
            },
            "message": "chore(build): Add ARTIFACTS_ENABLED env variable. (#5381)\n\n",
            "hash": "cc1347a2b477840625da6ede1e4c46c49e9103d3",
            "author": "Dibyo Mukherjee <dibyo@google.com>",
            "date": "Thu May 24 13:00:43 2018"
        },
        {
            "title": "feat(core/pagerDuty): Add pagerDuty feature to enable/disable adding pd keys (#5088)",
            "flags": {
                "pagerDuty": "False"
            },
            "message": "feat(core/pagerDuty): Add pagerDuty feature to enable/disable adding pd keys (#5088)\n\n",
            "hash": "17727c2377efafdae2a95a7abc66160184ab7632",
            "author": "Justin Reynolds <justinreynolds@gmail.com>",
            "date": "Wed Mar 28 22:25:16 2018"
        },
        {
            "title": "chore(settings): alphabetize features in settings.js",
            "flags": {
                "artifacts": "False",
                "chaosMonkey": "False",
                "clusterDiff": "False",
                "dryRunEnabled": "False",
                "fiatEnabled": "False",
                "pipelines": "True",
                "notifications": "False",
                "vpcMigrator": "True",
                "roscoMode": "False",
                "pipelineTemplates": "False"
            },
            "message": "chore(settings): alphabetize features in settings.js\n",
            "hash": "69f078d109f17d59503390f5a5d482a81e02c21e",
            "author": "Chris Thielen <github@sandgnat.com>",
            "date": "Fri Feb 23 19:36:17 2018"
        },
        {
            "title": "feat(dryrun): enable/disable dry run with a feature flag",
            "flags": {
                "dryRunEnabled": "False"
            },
            "message": "feat(dryrun): enable/disable dry run with a feature flag\n",
            "hash": "6410fff6b71e1a821f3e088a57599b9cb8add33a",
            "author": "Rob Fletcher <rfletcher@netflix.com>",
            "date": "Mon Feb 5 14:35:54 2018"
        },
        {
            "title": "feat(provider/appengine): Enable container deployments from image url (#4607)",
            "flags": {
                "containerImageUrlDeployments": "False"
            },
            "message": "feat(provider/appengine): Enable container deployments from image url (#4607)\n\n",
            "hash": "9fcb4ce72f9f48b4aa4ffaa6f1afb5c33b9dc7d0",
            "author": "Scott Bloch-Wehba-Seaward <34253460+sbwsg@users.noreply.github.com>",
            "date": "Thu Dec 21 15:47:11 2017"
        },
        {
            "title": "chore(appengine): remove edit load balancer feature flag (#4285)",
            "flags": {
                "editLoadBalancerStageEnabled": "removed"
            },
            "message": "chore(appengine): remove edit load balancer feature flag (#4285)\n\n",
            "hash": "fb225f19a1826356c651197727d2ce9934210796",
            "author": "Daniel Peach <dpeach@google.com>",
            "date": "Wed Oct 18 08:25:50 2017"
        },
        {
            "title": "feat(core): Versioned cloud provider deploy select (#4201)",
            "flags": {
                "versionedProviders": "True"
            },
            "message": "feat(core): Versioned cloud provider deploy select (#4201)\n\n",
            "hash": "fbb90cb9d561b08ab7c2cacb33662e0f73386137",
            "author": "Lars Wander <lwander@users.noreply.github.com>",
            "date": "Mon Oct 2 22:57:43 2017"
        },
        {
            "title": "fix(provider/amazon) Enable & fix existing \"Create LB\" stage (#4184)",
            "flags": {
                "infrastructureStages": "False"
            },
            "message": "fix(provider/amazon) Enable & fix existing \"Create LB\" stage (#4184)\n\n* Enable & fix existing \"Create LB\" stage\r\n\r\nINFRA_ENABLED=true env variable will properly enable the feature now.\r\n\r\n* fix: take out leftover console.log debug message\r\n\r\n* fix(providers/amazon): Fix editing existing LB\r\n\r\nDisable the unique name checking for pipeline configs, because if the LB\r\nalready exists, the config will be overwritten during execution.\r\n\r\n* fix(providers/amazon): Respond to comments.\r\n\r\nCleaned up some bits that were unnecessarily complicated, and still works.\r\n",
            "hash": "bfb90687893f7c475f8813ecb61b70503090c4fe",
            "author": "Paul <dotdotdotpaul@users.noreply.github.com>",
            "date": "Mon Oct 2 22:40:03 2017"
        },
        {
            "title": "feat(core): versioned cloud provider service (#4168)",
            "flags": {
                "versionedProviders": "False"
            },
            "message": "feat(core): versioned cloud provider service (#4168)\n\n",
            "hash": "19c420f9ebbf7b1437d8f721684339fa87cb3029",
            "author": "Daniel Peach <dpeach@google.com>",
            "date": "Fri Sep 29 07:22:22 2017"
        },
        {
            "title": "fix(pipeline): Artifacts feature flagged off by default. (#4126)",
            "flags": {
                "artifacts": "False"
            },
            "message": "fix(pipeline): Artifacts feature flagged off by default. (#4126)\n\n",
            "hash": "61ba0e238fe98ef159bcaa5fdff8606a2b2a007e",
            "author": "Jacob Kiefer <jacobkiefer@google.com>",
            "date": "Thu Sep 21 10:26:06 2017"
        },
        {
            "title": "feat(pipeline): Add pipeline config section for artifacts. (#4118)",
            "flags": {
                "pipelineTemplates": "False",
                "artifacts": "True"
            },
            "message": "feat(pipeline): Add pipeline config section for artifacts. (#4118)\n\nAdds a section to pipeline config for declaring expected artifacts\r\nfrom trigger sources, and adds support in pub/sub triggers to select\r\nartifacts the trigger can produce.",
            "hash": "0bf5fc3ce6c69fbd30894392665735c8bfdd3663",
            "author": "Jacob Kiefer <jacobkiefer@google.com>",
            "date": "Thu Sep 21 10:06:15 2017"
        },
        {
            "title": "feat(search): add advanced search/filtering (#4072)",
            "flags": {
                "pipelineTemplates": "removed",
                "infSearchEnabled": "removed"
            },
            "message": "feat(search): add advanced search/filtering (#4072)\n\n",
            "hash": "7b793aaeaa8435caf8401554fbdd843540c95664",
            "author": "Adam Gordon <adam@gordonizer.com>",
            "date": "Thu Sep 7 10:42:23 2017"
        },
        {
            "title": "feat(core): add new tagging widget (#3966)",
            "flags": {
                "infSearchEnabled": "False"
            },
            "message": "feat(core): add new tagging widget (#3966)\n\n",
            "hash": "73792f4430aab1edfe17b0ace9fb012d04dc1f4d",
            "author": "Adam Gordon <adam@gordonizer.com>",
            "date": "Tue Aug 1 12:43:57 2017"
        },
        {
            "title": "feat(core): move canary/aca to core, remove netflix references",
            "flags": {
                "canary": "False"
            },
            "message": "feat(core): move canary/aca to core, remove netflix references\n",
            "hash": "9de4a080bfbbdd0de85ef734397929d284ec417b",
            "author": "anotherchrisberry <anotherchrisberry@gmail.com>",
            "date": "Tue Jun 13 21:37:48 2017"
        },
        {
            "title": "feat(pipeline-templates): config view (#3787)",
            "flags": {
                "pipelineTemplates": "False"
            },
            "message": "feat(pipeline-templates): config view (#3787)\n\n",
            "hash": "30d6439329599ff1cda3c70fe2783a2bf11e6c28",
            "author": "Daniel Peach <dpeach@google.com>",
            "date": "Mon Jun 5 07:08:54 2017"
        },
        {
            "title": "feat(travis): allow travis stage to be featured flag off (#3638)",
            "flags": {
                "travis": "False"
            },
            "message": "feat(travis): allow travis stage to be featured flag off (#3638)\n\n",
            "hash": "f3a64a33bbee5eb954dba9488b136a59e3461d45",
            "author": "Tom\u00e1s Lin <tomaslin@gmail.com>",
            "date": "Fri May 5 10:24:17 2017"
        },
        {
            "title": "(appengine) edit lb stage (#3211)",
            "flags": {
                "editLoadBalancerStageEnabled": "False"
            },
            "message": "(appengine) edit lb stage (#3211)\n\n",
            "hash": "de198e01929f1284d6a929dc27b9ab2367f5b8cb",
            "author": "Daniel Peach <dpeach@google.com>",
            "date": "Wed Feb 1 13:35:37 2017"
        },
        {
            "title": "(core) add flag feature to server groups",
            "flags": {
                "entityTags": "False"
            },
            "message": "(core) add flag feature to server groups\n",
            "hash": "5d1e98804b0c7fceb1369a2dc6fee9ab3e69bae0",
            "author": "anotherchrisberry <anotherchrisberry@gmail.com>",
            "date": "Tue Dec 20 13:47:25 2016"
        },
        {
            "title": "(all) fix synchronization issues with stage details rendering (#2802)",
            "flags": {
                "fiatEnabled": "False"
            },
            "message": "(all) fix synchronization issues with stage details rendering (#2802)\n\n",
            "hash": "8bf767c2a0c24ec63e4c25ca21c1582c0f30dbdc",
            "author": "Chris Berry <chrisb@netflix.com>",
            "date": "Tue Oct 4 16:46:52 2016"
        },
        {
            "title": "(core) move chaos monkey config to core module, convert to TS (#2786)",
            "flags": {
                "chaosMonkey": "False"
            },
            "message": "(core) move chaos monkey config to core module, convert to TS (#2786)\n\n",
            "hash": "1b90a1bca3346188b78fdadc3a88ac011e0b12e0",
            "author": "Chris Berry <chrisb@netflix.com>",
            "date": "Mon Oct 3 17:04:38 2016"
        },
        {
            "title": "Tidied up the default hosts and urls in settings.js",
            "flags": {
                "netflixMode": "removed"
            },
            "message": "Tidied up the default hosts and urls in settings.js\n",
            "hash": "1f920004657ffcf863878a3ef958d9f4afd1881b",
            "author": "Adam Jordens <ajordens@netflix.com>",
            "date": "Fri Sep 2 11:18:30 2016"
        },
        {
            "title": "(netflix) disabled clusterDiff by default (#2624)",
            "flags": {
                "clusterDiff": "False"
            },
            "message": "(netflix) disabled clusterDiff by default (#2624)\n\n",
            "hash": "0646979d46e98b6ef7b30f625ba22a1098d2b43a",
            "author": "Chris Berry <chrisb@netflix.com>",
            "date": "Wed Aug 24 18:10:32 2016"
        },
        {
            "title": "(core) added support for application snapshot diff view (#2592)",
            "flags": {
                "serialization": "removed",
                "snapshots": "False"
            },
            "message": "(core) added support for application snapshot diff view (#2592)\n\n",
            "hash": "c23def58c0dc6e272cf566b013baf18a26563ae2",
            "author": "danielpeach <dpeach@google.com>",
            "date": "Tue Aug 23 14:16:00 2016"
        },
        {
            "title": "core: added a section to the application congif tab to serialize the application infrastructure (#2468)",
            "flags": {
                "serialization": "False"
            },
            "message": "core: added a section to the application congif tab to serialize the application infrastructure (#2468)\n\n",
            "hash": "ad2fa61bb2005d572e190f353b181b8ca9e1b806",
            "author": "Noah Webb <nwwebb@google.com>",
            "date": "Thu Jul 28 08:28:50 2016"
        },
        {
            "title": "provider/kubernetes: Run job dialog",
            "flags": {
                "jobs": "False"
            },
            "message": "provider/kubernetes: Run job dialog\n",
            "hash": "826d9e17c0d3e8236e591f34f6d8e3b823ca299f",
            "author": "Lars Wander <lwander@google.com>",
            "date": "Mon May 2 10:48:40 2016"
        },
        {
            "title": "Rename rebakeControlEnabled to roscoMode, as it now guards more than just the single Rebake control.",
            "flags": {
                "rebakeControlEnabled": "removed",
                "roscoMode": "False"
            },
            "message": "Rename rebakeControlEnabled to roscoMode, as it now guards more than just the single Rebake control.\nAdd support to Bake Stage for optional Template File Name field (it is only rendered if roscoMode is enabled).\n",
            "hash": "38997b267192222e5dd40a758609871a3a620561",
            "author": "duftler <duftler@google.com>",
            "date": "Mon Feb 1 11:17:51 2016"
        },
        {
            "title": "selectively apply netflix module, init cache on configured providers",
            "flags": {
                "netflixMode": "False"
            },
            "message": "selectively apply netflix module, init cache on configured providers\n",
            "hash": "e3a17a3f9a6a5bbc536931a2bc1d3a3f1af5a1af",
            "author": "chrisb <chrisb@netflix.com>",
            "date": "Wed Nov 18 22:41:27 2015"
        },
        {
            "title": "Add rebakeControlEnabled=false flag to settings.",
            "flags": {
                "rebakeControlEnabled": "False"
            },
            "message": "Add rebakeControlEnabled=false flag to settings.\n",
            "hash": "7c257fa24e4c6210a9ea36ad4e1cccdb0c9a1f4c",
            "author": "duftler <duftler@google.com>",
            "date": "Sat Nov 14 19:49:52 2015"
        },
        {
            "title": "clean up settings",
            "flags": {
                "parallelPipelines": "removed"
            },
            "message": "clean up settings\n",
            "hash": "82f2cae6ae4aa6db031e85eb62a6a5e019c29dbd",
            "author": "chrisb <chrisb@netflix.com>",
            "date": "Tue Nov 3 20:48:06 2015"
        },
        {
            "title": "feature flag clusterDiff",
            "flags": {
                "clusterDiff": "True"
            },
            "message": "feature flag clusterDiff\n",
            "hash": "87488f71f25c6358ec2de58f8c88be8e22e13f37",
            "author": "chrisb <chrisb@netflix.com>",
            "date": "Fri Oct 2 08:29:20 2015"
        },
        {
            "title": "provide feature flag to disable pipelines",
            "flags": {
                "pipelines": "True"
            },
            "message": "provide feature flag to disable pipelines\n",
            "hash": "5c01d5add3e9ea9bada3f7262ab92e9938380b65",
            "author": "chrisb <chrisb@netflix.com>",
            "date": "Wed Aug 19 14:57:04 2015"
        },
        {
            "title": "split out settings.js",
            "flags": {
                "notifications": "False",
                "parallelPipelines": "True",
                "fastProperty": "True",
                "vpcMigrator": "True"
            },
            "message": "split out settings.js\n",
            "hash": "448893946fc4743db7b7aa257f0e36158e897182",
            "author": "Benjamin Malley <benjamin.malley@gmail.com>",
            "date": "Tue Aug 4 13:03:25 2015"
        }
    ]
}