{
    "id": 21953642,
    "node_id": "MDEwOlJlcG9zaXRvcnkyMTk1MzY0Mg==",
    "name": "deck",
    "full_name": "spinnaker/deck",
    "private": false,
    "description": "Management UI for Spinnaker",
    "fork": false,
    "created_at": "2014-07-17T18:51:00Z",
    "updated_at": "2019-12-20T22:55:47Z",
    "pushed_at": "2019-12-20T22:55:44Z",
    "homepage": "",
    "size": 43703,
    "stargazers_count": 201,
    "watchers_count": 201,
    "language": "TypeScript",
    "has_issues": false,
    "has_projects": true,
    "has_downloads": true,
    "has_wiki": true,
    "has_pages": false,
    "forks_count": 606,
    "archived": false,
    "disabled": false,
    "open_issues_count": 11,
    "forks": 606,
    "open_issues": 11,
    "watchers": 201,
    "default_branch": "master",
    "temp_clone_token": "",
    "network_count": 606,
    "subscribers_count": 94,
    "languages": {
        "TypeScript": 5219772,
        "JavaScript": 2004278,
        "HTML": 1284008,
        "CSS": 188919,
        "Shell": 24704
    }
}