{
    "id": 83823675,
    "node_id": "MDEwOlJlcG9zaXRvcnk4MzgyMzY3NQ==",
    "name": "data-hub-frontend",
    "full_name": "uktrade/data-hub-frontend",
    "private": false,
    "description": "The frontend rendering application for Data Hub",
    "fork": false,
    "created_at": "2017-03-03T17:26:35Z",
    "updated_at": "2019-12-20T09:47:46Z",
    "pushed_at": "2019-12-20T09:47:43Z",
    "homepage": "",
    "size": 21595,
    "stargazers_count": 3,
    "watchers_count": 3,
    "language": "JavaScript",
    "has_issues": true,
    "has_projects": true,
    "has_downloads": true,
    "has_wiki": true,
    "has_pages": false,
    "forks_count": 4,
    "archived": false,
    "disabled": false,
    "open_issues_count": 24,
    "forks": 4,
    "open_issues": 24,
    "watchers": 3,
    "default_branch": "master",
    "temp_clone_token": "",
    "network_count": 4,
    "subscribers_count": 21,
    "languages": {
        "JavaScript": 2850796,
        "HTML": 245007,
        "CSS": 74380,
        "Vue": 8497,
        "Dockerfile": 4615,
        "Python": 1742,
        "Gherkin": 1381,
        "Shell": 787
    }
}