{
    "date": "2019-12-20T17:58:12.328853",
    "commits": [
        {
            "title": "SearchV3: Clean out flag",
            "flags": {
                "relatedResFlag": "False",
                "searchV3": "removed"
            },
            "message": "SearchV3: Clean out flag\n",
            "hash": "e021de31f8183a543fbc5b67aa27814fa0c20a86",
            "author": "codiak",
            "date": "Fri Jul 26 10:31:33 2019"
        },
        {
            "title": "Flags, Image Group Service, Image Group Page: Clean out newExport flag",
            "flags": {
                "searchV3": "False",
                "newExport": "removed"
            },
            "message": "Flags, Image Group Service, Image Group Page: Clean out newExport flag\n",
            "hash": "bc6751a646ed2e0ebb03b564759a6f499939a4a6",
            "author": "bfraley",
            "date": "Tue Jul 16 07:21:13 2019"
        },
        {
            "title": "Group Export Call: Add a true param conditionally via feature flag",
            "flags": {
                "searchV3": "False",
                "newExport": "False"
            },
            "message": "Group Export Call: Add a true param conditionally via feature flag\n",
            "hash": "dbb5adadba437244e436b2a816abe6bf3765ad4a",
            "author": "jialin-he",
            "date": "Tue Jun 25 13:49:21 2019"
        },
        {
            "title": "Merge branch 'stage' into AIR-2333",
            "flags": {
                "relatedResFlag": "False",
                "searchV3": "False"
            },
            "message": "Merge branch 'stage' into AIR-2333\n",
            "hash": "5afdb37e33e2bf557bb9ca857051c3aff841ccb7",
            "merge": "1c94350d de2575ef",
            "author": "codiak",
            "date": "Tue Jun 4 11:21:17 2019"
        },
        {
            "title": "Flags: Remove exportReframe, add \"exportGoogle\"",
            "flags": {
                "exportReframe": "removed",
                "exportGoogle": "False"
            },
            "message": "Flags: Remove exportReframe, add \"exportGoogle\"\n",
            "hash": "13c0f08fa2d7c6d80830e7e236009b0c9301995a",
            "author": "codiak",
            "date": "Fri May 10 09:23:41 2019"
        },
        {
            "title": "Remove detailView featureFlag!",
            "flags": {
                "detailViews": "removed"
            },
            "message": "Remove detailView featureFlag!\n",
            "hash": "b189c4cf9e97aaf9df3903d5033f091280fa4ce1",
            "author": "Muhammad Rehan Abbasi",
            "date": "Mon Apr 1 05:13:44 2019"
        },
        {
            "title": "Init: Using flags Observable, nav display",
            "flags": {
                "pcUpload": "False",
                "unaffiliated": "False",
                "bannerShow": "False",
                "solrMetadata": "False",
                "detailViews": "False",
                "exportReframe": "False",
                "flagsAppliedByRoute": "False",
                "bannerCopy": "False",
                "relatedResFlag": "False"
            },
            "message": "Init: Using flags Observable, nav display\n",
            "hash": "407d2c354997c32aa3d9a787bc9f631e354e40f7",
            "author": "codiak",
            "date": "Tue Mar 12 11:36:17 2019"
        },
        {
            "title": "Make export dropdown button only available under the feature flag.",
            "flags": {
                "exportReframe": "False"
            },
            "message": "Make export dropdown button only available under the feature flag.\n",
            "hash": "2b4efdd277bd2f4cd7f8c50e844e3f00817e843c",
            "author": "Muhammad Rehan Abbasi",
            "date": "Mon Mar 4 07:54:53 2019"
        },
        {
            "title": "Merge Stage, resolve conflicts",
            "flags": {
                "solrMetadata": "False",
                "detailViews": "False"
            },
            "message": "Merge Stage, resolve conflicts\n",
            "hash": "025bc680ede2692416c52af12502ec73e7849d3b",
            "merge": "a52b7cd3 282c9539",
            "author": "bfraley",
            "date": "Tue Feb 5 11:39:50 2019"
        },
        {
            "title": "clean out solrMetadata references and usage",
            "flags": {
                "solrMetadata": "removed"
            },
            "message": "clean out solrMetadata references and usage\n",
            "hash": "015b9c4bd79da348793c10802c5ae5367f3f3b9e",
            "author": "bfraley",
            "date": "Wed Jan 30 12:06:05 2019"
        },
        {
            "title": "Add to group modal updates + viewDetails featureFlag",
            "flags": {
                "detailViews": "False"
            },
            "message": "Add to group modal updates + viewDetails featureFlag\n",
            "hash": "75d1105aad8f8cb557bbd1c353ac8de32c1b44f0",
            "author": "Muhammad Rehan Abbasi",
            "date": "Wed Jan 30 03:35:34 2019"
        },
        {
            "title": "[yarn install] solrMetadata feature flag",
            "flags": {
                "solrMetadata": "False"
            },
            "message": "[yarn install] solrMetadata feature flag\n\n+ Flag service for country roll out\n+ \"featureFlag=solrMetadata\" on asset page\n",
            "hash": "fce39f81510791f415b2dc914a723c87ddbdf079",
            "author": "codiak",
            "date": "Wed Sep 19 11:41:04 2018"
        },
        {
            "title": "Final cleanup, codefactor",
            "flags": {
                "contribFilter": "removed"
            },
            "message": "Final cleanup, codefactor\n",
            "hash": "a5165193aeb84991cda7a0dbe8a60f56fd225d9d",
            "author": "bfraley",
            "date": "Tue Sep 18 06:53:45 2018"
        },
        {
            "title": "Resolve previous commits that needed added back",
            "flags": {
                "contribFilter": "False"
            },
            "message": "Resolve previous commits that needed added back\n",
            "hash": "222673f0f3cdd83dfa4563033c26369a0d373cb9",
            "author": "bfraley",
            "date": "Tue Sep 18 06:45:38 2018"
        },
        {
            "title": "Banner: Use flag service to turn on",
            "flags": {
                "bannerShow": "False"
            },
            "message": "Banner: Use flag service to turn on\n",
            "hash": "b3483ac4a59adcd3a5a5c062d501b2b12514b5d2",
            "author": "codiak",
            "date": "Tue Jun 26 07:21:47 2018"
        },
        {
            "title": "Banner: Use flag service to turn on",
            "flags": {
                "bannerShow": "False"
            },
            "message": "Banner: Use flag service to turn on\n",
            "hash": "a04b27cf04eb487b3de89e32eb3977529f482a14",
            "author": "codiak",
            "date": "Tue Jun 26 07:21:47 2018"
        },
        {
            "title": "compare users country code and set unaffiliated access",
            "flags": {
                "pcUpload": "False",
                "unaffiliated": "False"
            },
            "message": "compare users country code and set unaffiliated access\n",
            "hash": "9498d8dd05313d86498533bbbf0bd3b9360a240d",
            "author": "Corbfon",
            "date": "Mon Jun 18 13:23:16 2018"
        },
        {
            "title": "compare users country code and set unaffiliated access",
            "flags": {
                "pcUpload": "False",
                "unaffiliated": "False"
            },
            "message": "compare users country code and set unaffiliated access\n",
            "hash": "8893d417de00dbe2ba9824e3a28819e5a35c83a9",
            "author": "Corbfon",
            "date": "Mon Jun 18 13:23:16 2018"
        }
    ]
}