{
    "id": 73088551,
    "node_id": "MDEwOlJlcG9zaXRvcnk3MzA4ODU1MQ==",
    "name": "aiw-ui",
    "full_name": "ithaka/aiw-ui",
    "private": false,
    "description": "Artstor Image Workplace: The Artstor Library frontend.",
    "fork": false,
    "created_at": "2016-11-07T14:51:55Z",
    "updated_at": "2019-12-18T14:07:48Z",
    "pushed_at": "2019-12-20T20:07:43Z",
    "homepage": "http://library.artstor.org",
    "size": 21560,
    "stargazers_count": 2,
    "watchers_count": 2,
    "language": "TypeScript",
    "has_issues": true,
    "has_projects": true,
    "has_downloads": true,
    "has_wiki": true,
    "has_pages": false,
    "forks_count": 0,
    "archived": false,
    "disabled": false,
    "open_issues_count": 8,
    "forks": 0,
    "open_issues": 8,
    "watchers": 2,
    "default_branch": "stage",
    "temp_clone_token": "",
    "network_count": 0,
    "subscribers_count": 17,
    "languages": {
        "TypeScript": 815811,
        "CSS": 434082,
        "HTML": 313684,
        "JavaScript": 49298,
        "Shell": 5536,
        "Dockerfile": 443
    }
}