{
    "date": "2019-12-20T18:24:30.231765",
    "commits": [
        {
            "title": "Merge remote-tracking branch 'origin/development' into feature/1055/add-caching-backends",
            "flags": {
                "candidate_requirement_ab_test": "removed"
            },
            "message": "Merge remote-tracking branch 'origin/development' into feature/1055/add-caching-backends\n",
            "hash": "f9d9c5879b8c053f7f5089fb5ca0e314ac51c58b",
            "merge": "2f23512a 4c649ded",
            "author": "jebw <jeb@jdwilkins.co.uk>",
            "date": "Fri Dec 20 08:48:15 2019"
        },
        {
            "title": "Merge branch 'development' into SE-1667/remove-candidate-requirement-feature-flags",
            "flags": {
                "access_needs_journey": "removed",
                "candidate_requirement_ab_test": "removed",
                "capped_bookings": "False"
            },
            "message": "Merge branch 'development' into SE-1667/remove-candidate-requirement-feature-flags\n",
            "hash": "2f6a5241b4d468366af166f31642339bd4061b83",
            "merge": "c6e5cbb2 55e33a6b",
            "author": "Richard Lynch <rjlynchdev@gmail.com>",
            "date": "Fri Nov 8 06:56:23 2019"
        },
        {
            "title": "Merge branch 'development' into SE-1843/remove-access-needs-feature-flag",
            "flags": {
                "access_needs_journey": "removed",
                "capped_bookings": "False"
            },
            "message": "Merge branch 'development' into SE-1843/remove-access-needs-feature-flag\n",
            "hash": "9a721a04abd378bc5b672503a764278447cf6a06",
            "merge": "3ef85605 fa826544",
            "author": "Richard Lynch <rjlynchdev@gmail.com>",
            "date": "Wed Oct 30 07:56:08 2019"
        },
        {
            "title": "Removes access_needs_journey feature flag",
            "flags": {
                "access_needs_journey": "removed"
            },
            "message": "Removes access_needs_journey feature flag\n\nRemoves the branching on access_needs_journey. Removes the old\ndisabled_facilities and disabled_facilities_details that were on the\ncandidate experience details question screen.\n",
            "hash": "3ef8560501299eced45b5fd37992006048797ef8",
            "author": "Richard Lynch <rjlynchdev@gmail.com>",
            "date": "Mon Oct 28 08:32:43 2019"
        },
        {
            "title": "Feature flag has_limited_availability",
            "flags": {
                "capped_bookings": "False"
            },
            "message": "Feature flag has_limited_availability\n\nThe do you have limited availability section of the placement_date form\nwas added as it was in the prototype at the time of implementing subject\nspecific dates, however it's a seperate piece of work.  This has been\nfeature flagged off, until the canidate side of the work has been done.\nAll placement dates will have no limit to the maximum number of\nbookings, until the feature is enabled.\n",
            "hash": "494ba4c9bceb3649567b12e84990e6da9a7d6b19",
            "author": "Richard Lynch <rjlynchdev@gmail.com>",
            "date": "Thu Oct 24 07:12:37 2019"
        },
        {
            "title": "Remove candidate_requirements feature flag, all new schools will see the",
            "flags": {
                "candidate_requirement_ab_test": "removed"
            },
            "message": "Remove candidate_requirements feature flag, all new schools will see the\ncandidate_requirements selection.\n\nNow the column default for show_candidate_requirements_selection has\nchanged to true update the specs to build a school profile that has\ncompleted the required step.\n",
            "hash": "f5aa0a365e212000bf5d4a6e3104a3daac1ccf24",
            "author": "Richard Lynch <rjlynchdev@gmail.com>",
            "date": "Fri Oct 18 14:17:51 2019"
        },
        {
            "title": "Merge pull request #824 from DFE-Digital/feature/dfe-signin-query-api-se-1022",
            "flags": {
                "subject_specific_dates": "False",
                "candidate_requirement_ab_test": "False",
                "access_needs_journey": "False"
            },
            "message": "Merge pull request #824 from DFE-Digital/feature/dfe-signin-query-api-se-1022\n\nAdd a API client that requests a list of organisations from the DfE Sign-in API. This operation\r\nis performed when a user logs in and the list of URNs is stored in their session; if no list is\r\nfound a request is sent.\r\n\r\nThe API client provides two methods, #urn which we use to get a list of the urns the\r\nuser is associated with and #schools, which provides a hash of urns and school names.\r\n\r\nWhen a session is closed the other_urns list is cleared from the session",
            "hash": "157f0394a799bd1f7b48074f14e170550252b5c8",
            "merge": "e9ef1f2d 9bf98f6a",
            "author": "Peter Yates <peter.yates@graphia.co.uk>",
            "date": "Tue Sep 17 03:55:20 2019"
        },
        {
            "title": "Merge branch 'master' into feature/1582/privacy-policy-step-3",
            "flags": {
                "subject_specific_dates": "False",
                "candidate_requirement_ab_test": "False",
                "access_needs_journey": "False"
            },
            "message": "Merge branch 'master' into feature/1582/privacy-policy-step-3\n",
            "hash": "508acdd64f99466937739c6b98e16af20ffe1b6d",
            "merge": "ac85b7a9 2313c203",
            "author": "jebw <jeb@jdwilkins.co.uk>",
            "date": "Fri Sep 13 07:18:34 2019"
        },
        {
            "title": "Merge pull request #860 from DFE-Digital/SE-1545/schools/on_boarding/split-access-needs-page",
            "flags": {
                "subject_specific_dates": "False",
                "candidate_requirement_ab_test": "False",
                "access_needs_journey": "False"
            },
            "message": "Merge pull request #860 from DFE-Digital/SE-1545/schools/on_boarding/split-access-needs-page\n\nSe 1545/schools/on boarding/split access needs page\r\n\r\nContext\r\n\r\nThe proto type has been updated to include a new access needs journey for schools on boarding.\r\nChanges proposed in this pull request\r\n\r\nAdds the first of the new access needs screens. Currently this is hidden behind a feature flag.\r\nGuidance to review\r\n\r\nEnsure the first step in the journey looks sensible.\r\n\r\nThe step isn't currently editable this will be added in future prs",
            "hash": "7dab2f8192f63f2f8e0d9b4e3d5193ade7af6817",
            "merge": "7d51543a 67089996",
            "author": "Richard Lynch <rjlynchdev@gmail.com>",
            "date": "Tue Sep 10 08:53:47 2019"
        },
        {
            "title": "adds feature flag to environments",
            "flags": {
                "subject_specific_dates": "False",
                "candidate_requirement_ab_test": "False",
                "access_needs_journey": "False"
            },
            "message": "adds feature flag to environments\n",
            "hash": "36327b33ef10185e8757d5d452f8d5770b47c687",
            "author": "Richard Lynch <rjlynchdev@gmail.com>",
            "date": "Fri Aug 30 13:42:38 2019"
        }
    ]
}