{
    "id": 162716126,
    "node_id": "MDEwOlJlcG9zaXRvcnkxNjI3MTYxMjY=",
    "name": "schools-experience",
    "full_name": "DFE-Digital/schools-experience",
    "private": false,
    "description": null,
    "fork": false,
    "created_at": "2018-12-21T13:15:57Z",
    "updated_at": "2019-12-20T17:09:42Z",
    "pushed_at": "2019-12-20T17:09:40Z",
    "homepage": null,
    "size": 8191,
    "stargazers_count": 0,
    "watchers_count": 0,
    "language": "Ruby",
    "has_issues": true,
    "has_projects": true,
    "has_downloads": true,
    "has_wiki": true,
    "has_pages": false,
    "forks_count": 1,
    "archived": false,
    "disabled": false,
    "open_issues_count": 22,
    "forks": 1,
    "open_issues": 22,
    "watchers": 0,
    "default_branch": "development",
    "temp_clone_token": "",
    "network_count": 1,
    "subscribers_count": 5,
    "languages": {
        "Ruby": 1474656,
        "HTML": 259724,
        "Gherkin": 184687,
        "CSS": 17484,
        "JavaScript": 8966,
        "Python": 1968,
        "Dockerfile": 1459,
        "Shell": 1263
    }
}