{
    "date": "2019-12-20T17:56:53.573954",
    "commits": [
        {
            "title": "Experiments: add A/B tests for logged out users with a loid.",
            "flags": {
                "enable_loggedout_experiments": "False"
            },
            "message": "Experiments: add A/B tests for logged out users with a loid.\n\n * add global `g.enable_loggedout_experiments`\n * The new syntax available is `{\"experiment\": { \"loggedout\": true, ... }}`\n * Unify the code path to get whether the experiment is enabled with the one to get the experiment variant.\n * add additional test cases to `experiment_test.py` and organize `loid` mocking there.\n * Fixup mocking in `feature_test.py`\n\n*NOTE*: this is a first pass, and still won't work:\n 1. on cached pages if we turn the CDN back on\n 2. on the *first* page impression by a user before they get a loid (though this case is handled).\n",
            "hash": "2276f0988efcbc1f20923e279a981702b89c40a9",
            "author": "Chris Slowe",
            "date": "Wed Feb 3 09:37:52 2016"
        },
        {
            "title": "Replace `disable_require_employee_https` with a feature flag",
            "flags": {
                "disable_require_employee_https": "removed"
            },
            "message": "Replace `disable_require_employee_https` with a feature flag\n",
            "hash": "25a890d8edee2c4dbaee8d0052daa5bbbcbbff9e",
            "author": "Jordan Milne",
            "date": "Fri Aug 15 09:25:02 2014"
        },
        {
            "title": "Allow forcing HTTPS upon employees",
            "flags": {
                "disable_require_employee_https": "False"
            },
            "message": "Allow forcing HTTPS upon employees\n",
            "hash": "9e20cc125a31b4a44342660165b08c000dbe82d8",
            "author": "Jordan Milne",
            "date": "Mon Aug 4 12:05:55 2014"
        },
        {
            "title": "example.ini: Reorganize and document configuration options.",
            "flags": {
                "disable_ads": "False",
                "disable_captcha": "False",
                "disable_ratelimit": "False",
                "disable_require_admin_otp": "False",
                "disable_wiki": "False"
            },
            "message": "example.ini: Reorganize and document configuration options.\n",
            "hash": "769386958081ee405611c620657dee3f549796eb",
            "author": "Neil Williams",
            "date": "Fri Jan 24 12:47:12 2014"
        },
        {
            "title": "wiki: Rename wiki_disabled to disable_wiki.",
            "flags": {
                "disable_wiki": "False"
            },
            "message": "wiki: Rename wiki_disabled to disable_wiki.\n",
            "hash": "8e188e2b3c507150c0360caeaf568ea400f3f580",
            "author": "Andre D",
            "date": "Wed Sep 12 22:00:43 2012"
        },
        {
            "title": "Require two-factor authentication to enable admin mode.",
            "flags": {
                "disable_require_admin_otp": "False"
            },
            "message": "Require two-factor authentication to enable admin mode.\n\nThis feature can be disabled with the new ini setting\n`disable_admin_otp`.\n",
            "hash": "1db68ce6b1d4efa0267661c581395b4a22fcea73",
            "author": "Neil Williams",
            "date": "Sun Jul 22 14:03:49 2012"
        },
        {
            "title": "Add an option to disable rate limiting. For testing.",
            "flags": {
                "disable_ratelimit": "False"
            },
            "message": "Add an option to disable rate limiting. For testing.\n",
            "hash": "1ecb427fdd700287dd926205de515b6e1f4c211e",
            "author": "Andre D",
            "date": "Wed Aug 10 13:19:41 2011"
        },
        {
            "title": "Added option to disable captcha verification",
            "flags": {
                "disable_captcha": "False"
            },
            "message": "Added option to disable captcha verification\n",
            "hash": "92fdd422fba370c57a4a4337cd6ccf277360aa8f",
            "author": "gabe",
            "date": "Mon May 16 14:53:20 2011"
        },
        {
            "title": "Added support for disabling adds via config file",
            "flags": {
                "disable_ads": "False"
            },
            "message": "Added support for disabling adds via config file\n",
            "hash": "d411cd55a61bcd8aeab52e81dcd69582665ba0d0",
            "author": "westmaas",
            "date": "Sat Nov 6 14:14:23 2010"
        },
        {
            "title": "    Features:",
            "flags": {
                "enable_usage_stats": "removed"
            },
            "message": "    Features:\n    * Cassandra\n      * Add new cassandra libraries that we'll need to setup.py\n      * Select Cassandra seeds at random rather than in order\n      * Bugfix in CassandraCache.delete and a faster permacache migration function\n      * Like other caches, CassandraCaches need to be able to take (and ignore) a 'time' parameter\n      * add Cassandra to the permacache chain\n    * beginning of jury duty (later called deputy moderation)\n\n    Additions:\n    * Make /r/friends much cheaper at the expense of sorting\n    * Add Jury.delete_old(), which removes Account-Trial relations > 3 days old\n    * Make the pretty_button() template function's callback optional, so that\n      actionless pretty-buttons can be used on the admin details page\n    * make .embed listings work for permalink pages (think of this as a first pass to getting blog comments working).  Adds 'limit' and 'depth' parameter to permalink pages\n    * Added final redditheader.html pretty-button class\n    * new iframe ads; also make button.js static\n    * Usage sampling\n\n    Bugfixes:\n    * Stop adding batched time query recalculations to the queue at all except through the catch_up_batch_queries function\n    * Superflous comma might be causing IE7 to barf\n    * Change the byurl keys again, to fit in memcaches 251 character limit\n    * Indentation error causing non-sponsors to be able to get to the advert listing\n    * Move to a custom build of pylibmc that doesn't hold the GIL during blocking operations\n    * Convert some cache.gets to cache.get_multis, and implement our own thread-safety around pylibmc's client\n    * Make search caching a little smarter for time searches\n    * Make the ads not be cached for 30 seconds each, ie. more random\n    * fix deleted things on profile pages\n",
            "hash": "67814d543b704080317764791a63d01eb2ea2c6b",
            "author": "ketralnis",
            "date": "Mon May 3 17:44:44 2010"
        },
        {
            "title": "    New features:",
            "flags": {
                "enable_usage_stats": "False"
            },
            "message": "    New features:\n    * Discount 1.6.1\n      * Lines beginning with spaces are considered code. I don't know why markdown.py didn't trigger this.\n      * tables in mark down: why not?\n      * validation of resulting HTML vial libxml to prevent hax.\n    * private RSS and JSON feeds\n    * optional whitelists for subreddits\n    * Moderator messaging\n\n    Additions:\n    * destination sanitization to cut down on XSRF\n    * cosmetic fix to spam and reported listing\n    * make the rss feeds on messages useful\n    * /admin/errors\n    * Of the types of listings hitting the precomputers (top/controversy by hour/day/week/month/year), the ones over long periods of time don't change often. So we can try to run them at most once per day, and then merge in the day's listings.\n    * google analytics\n    * logging queue\n    * Created empty commentspanel.xml, errorpage.xml, login.xml\n    * add subreddit rules/info box to submit page\n    * add 'via' link on messages in moderator inbox\n    * add a show=all get parameter to link listings to optionally ignore hiding preferences.\n    * Raise edited timelimit to three mins\n    * Remove UI that makes it look like you can edit deleted selftexts\n    * Make it clearer to admins when a link is deleted\n    * Fix [S] leak on deleted comments\n    * Fix /user/[deleted] misrendering\n    * New house ads system\n    * updated so that minimalcontrollers actually can use the page cache.\n    * Added /admin/usage\n\n    Bugfixes:\n    * Reduce the number of results that we request from Solr and simplify that caching a bit\n    * Require a secret key to shut down app-servers\n    * Make get_title a little more resilient to malformed documents and slow remote servers\n    * Cause the SearchBuilder to only byID the results that it's going to render instead of all 1000\n    * Remove ability for an author to XSS himself\n    * fix spam listings and an xsrf\n    * More verbose VDestination\n    * Fixing the famous ?limit=0.1 error, and one last password-validation one\n    * distinguish deleted comments' and deleted links' error messages\n    * Don't allow ridiculously long log lines to widen the page\n    * Bug with HardCache.add() when existing key is expired\n    * Add adminbox next to domain\n",
            "hash": "a402d48de37ea6e444bcefbac82c707a058fe440",
            "author": "Mike",
            "date": "Mon May 3 17:15:44 2010"
        }
    ]
}