{
    "date": "2019-12-20T17:56:21.157924",
    "commits": [
        {
            "title": "[Flight] Chunks API (#17398)",
            "flags": {
                "enableChunksAPI": "False"
            },
            "message": "[Flight] Chunks API (#17398)\n\n* Add feature flags\r\n\r\n* Add Chunk type and constructor\r\n\r\n* Wire up Chunk support in the reconciler\r\n\r\n* Update reconciler to reconcile Chunks against the render method\r\n\r\nThis allows the query and args to be updated.\r\n\r\n* Drop the ref. Chunks cannot have refs anyway.\r\n\r\n* Add Chunk checks in more missing cases\r\n\r\n* Rename secondArg\r\n\r\n* Add test and fix lazy chunks\r\n\r\nNot really a supported use case but for consistency I guess.\r\n\r\n* Fix fragment test\r\n",
            "hash": "7dc9745427046d462506e9788878ba389e176b8a",
            "author": "Sebastian Markb\u00e5ge",
            "date": "Wed Dec 18 10:25:43 2019"
        },
        {
            "title": "[react-interactions] Rename Flare APIs to deprecated and remove from RN (#17644)",
            "flags": {
                "enableFlareAPI": "removed",
                "enableDeprecatedFlareAPI": "False"
            },
            "message": "[react-interactions] Rename Flare APIs to deprecated and remove from RN (#17644)\n\n",
            "hash": "9fe1031244903e442de179821f1d383a9f2a59f2",
            "author": "Dominic Gannaway",
            "date": "Wed Dec 18 02:24:46 2019"
        },
        {
            "title": "Don't group Idle/Offscreen work with other work (#17456)",
            "flags": {
                "enableTrainModelFix": "False"
            },
            "message": "Don't group Idle/Offscreen work with other work (#17456)\n\nWhen we suspend we always try a lower level but we shouldn't try offscreen.",
            "hash": "dc18b8b8d24d188517caeff624e999f197f3b9b6",
            "author": "Sebastian Markb\u00e5ge",
            "date": "Tue Dec 3 13:38:02 2019"
        },
        {
            "title": "[Native] Add FeatureFlag to dispatch events with instance targets (#17323)",
            "flags": {
                "enableNativeTargetAsInstance": "False"
            },
            "message": "[Native] Add FeatureFlag to dispatch events with instance targets (#17323)\n\n* [Native] Add FeatureFlag to dispatch events with instance targets\r\n\r\n* Prettier\r\n",
            "hash": "2c6ea0b3ffffd1a110845327262ecea59ee48dab",
            "author": "Eli White",
            "date": "Mon Nov 11 11:35:29 2019"
        },
        {
            "title": "Remove `debugRenderPhaseSideEffects` flag (#17270)",
            "flags": {
                "debugRenderPhaseSideEffects": "removed"
            },
            "message": "Remove `debugRenderPhaseSideEffects` flag (#17270)\n\nThere are two similar flags, `debugRenderPhaseSideEffects` and\r\n`debugRenderPhaseSideEffectsForStrictMode`. The strict mode one is the\r\nonly one that is actually used. I think originally the theory is that\r\nwe would one day turn it on for all components, even outside strict\r\nmode. But what we'll do instead is migrate everyone to strict mode.\r\n\r\nThe only place `debugRenderPhaseSideEffects` was being used was in\r\nan internal test file. I rewrote those tests to use public APIs.",
            "hash": "0f3838a01b0fda0ac5fd054c6be13166697a113c",
            "author": "Andrew Clark",
            "date": "Mon Nov 4 14:07:05 2019"
        },
        {
            "title": "Remove concurrent apis from stable (#17088)",
            "flags": {
                "enableSuspenseServerRenderer": "False",
                "enableSelectiveHydration": "False",
                "enableStableConcurrentModeAPIs": "removed",
                "exposeConcurrentModeAPIs": "False"
            },
            "message": "Remove concurrent apis from stable (#17088)\n\n* Tests run in experimental mode by default\r\n\r\nFor local development, you usually want experiments enabled. Unless\r\nthe release channel is set with an environment variable, tests will\r\nrun with __EXPERIMENTAL__ set to `true`.\r\n\r\n* Remove concurrent APIs from stable builds\r\n\r\nThose who want to try concurrent mode should use the experimental\r\nbuilds instead.\r\n\r\nI've left the `unstable_` prefixed APIs in the Facebook build so we\r\ncan continue experimenting with them internally without blessing them\r\nfor widespread use.\r\n\r\n* Turn on SSR flags in experimental build\r\n\r\n* Remove prefixed concurrent APIs from www build\r\n\r\nInstead we'll use the experimental builds when syncing to www.\r\n\r\n* Remove \"canary\" from internal React version string\r\n",
            "hash": "30c5daf943bd3bed38e464ac79e38f0e8a27426b",
            "author": "Andrew Clark",
            "date": "Tue Oct 15 15:09:19 2019"
        },
        {
            "title": "Set up experimental builds (#17071)",
            "flags": {
                "enableStableConcurrentModeAPIs": "False"
            },
            "message": "Set up experimental builds (#17071)\n\n* Don't bother including `unstable_` in error\r\n\r\nThe method names don't get stripped out of the production bundles\r\nbecause they are passed as arguments to the error decoder.\r\n\r\nLet's just always use the unprefixed APIs in the messages.\r\n\r\n* Set up experimental builds\r\n\r\nThe experimental builds are packaged exactly like builds in the stable\r\nrelease channel: same file structure, entry points, and npm package\r\nnames. The goal is to match what will eventually be released in stable\r\nas closely as possible, but with additional features turned on.\r\n\r\nVersioning and Releasing\r\n------------------------\r\n\r\nThe experimental builds will be published to the same registry and\r\npackage names as the stable ones. However, they will be versioned using\r\na separate scheme. Instead of semver versions, experimental releases\r\nwill receive arbitrary version strings based on their content hashes.\r\nThe motivation is to thwart attempts to use a version range to match\r\nagainst future experimental releases. The only way to install or depend\r\non an experimental release is to refer to the specific version number.\r\n\r\nBuilding\r\n--------\r\n\r\nI did not use the existing feature flag infra to configure the\r\nexperimental builds. The reason is because feature flags are designed\r\nto configure a single package. They're not designed to generate multiple\r\nforks of the same package; for each set of feature flags, you must\r\ncreate a separate package configuration.\r\n\r\nInstead, I've added a new build dimension called the **release\r\nchannel**. By default, builds use the **stable** channel. There's\r\nalso an **experimental** release channel. We have the option to add more\r\nin the future.\r\n\r\nThere are now two dimensions per artifact: build type (production,\r\ndevelopment, or profiling), and release channel (stable or\r\nexperimental). These are separate dimensions because they are\r\ncombinatorial: there are stable and experimental production builds,\r\nstable and experimental developmenet builds, and so on.\r\n\r\nYou can add something to an experimental build by gating on\r\n`__EXPERIMENTAL__`, similar to how we use `__DEV__`. Anything inside\r\nthese branches will be excluded from the stable builds.\r\nThis gives us a low effort way to add experimental behavior in any\r\npackage without setting up feature flags or configuring a new package.\r\n",
            "hash": "d364d8555f0c2c44e8fb624068b9fff30d5908ae",
            "author": "Andrew Clark",
            "date": "Mon Oct 14 10:46:42 2019"
        },
        {
            "title": "Stop warning about setNativeProps being deprecated (#17045)",
            "flags": {
                "warnAboutDeprecatedSetNativeProps": "removed"
            },
            "message": "Stop warning about setNativeProps being deprecated (#17045)\n\n* Stop warning about setNativeProps being deprecated\r\n\r\n* Remove ReactNative.setNativeProps\r\n\r\n* Remove more Fabric tests\r\n",
            "hash": "4be45be5ff4b26892bab83b5f9022afac1a664fb",
            "author": "Eli White",
            "date": "Tue Oct 8 11:21:20 2019"
        },
        {
            "title": "Remove enableUserBlockingEvents flag (#16882)",
            "flags": {
                "enableUserBlockingEvents": "removed"
            },
            "message": "Remove enableUserBlockingEvents flag (#16882)\n\nSeems like this worked out. We can clean up the flag now.",
            "hash": "9d637844e9761a29a49bc53a9b41244d683f89e3",
            "author": "Sebastian Markb\u00e5ge",
            "date": "Fri Sep 27 19:46:56 2019"
        },
        {
            "title": "Selective Hydration (#16880)",
            "flags": {
                "enableSelectiveHydration": "False"
            },
            "message": "Selective Hydration (#16880)\n\n* Add Feature Flag for Selective Hydration\r\n\r\n* Enable Synchronous Hydration of Discrete Events\r\n\r\n* Resolve cyclic dependency\r\n",
            "hash": "3694a3b5e9a5a3c80d47f9889a17d8337573d513",
            "author": "Sebastian Markb\u00e5ge",
            "date": "Wed Sep 25 15:26:27 2019"
        },
        {
            "title": "Add trusted types to react on client side (#16157)",
            "flags": {
                "enableTrustedTypesIntegration": "False"
            },
            "message": "Add trusted types to react on client side (#16157)\n\n* Add trusted types to react on client side\r\n\r\n* Implement changes according to review\r\n\r\n* Remove support for trusted URLs, change TrustedTypes to trustedTypes\r\n\r\n* Add support for deprecated trusted URLs\r\n\r\n* Apply PR suggesstions\r\n\r\n* Warn only once, remove forgotten check, put it behind a flag\r\n\r\n* Move comment\r\n\r\n* Fix PR comments\r\n\r\n* Fix html toString concatenation\r\n\r\n* Fix forgotten else branch\r\n\r\n* Fix PR comments\r\n",
            "hash": "b8d079b41372290aa1846e3a780d85d05ab8ffc1",
            "author": "Emanuel Tesa\u0159",
            "date": "Mon Sep 16 05:43:22 2019"
        },
        {
            "title": "[react-core] Add experimental React Scope component API (#16587)",
            "flags": {
                "enableScopeAPI": "False"
            },
            "message": "[react-core] Add experimental React Scope component API (#16587)\n\n",
            "hash": "bd79be9b687156067416ffe5219e49a11bd0f1e7",
            "author": "Dominic Gannaway",
            "date": "Thu Aug 29 04:06:51 2019"
        },
        {
            "title": "Remove flag that reverts #15650 (#16372)",
            "flags": {
                "revertPassiveEffectsChange": "removed"
            },
            "message": "Remove flag that reverts #15650 (#16372)\n\nThe change in #15650 has fully rolled out, so we can remove the flag\r\nthat reverts it.",
            "hash": "3eeb645515fad1c5f99339744d0f8804b9c6ced1",
            "author": "Andrew Clark",
            "date": "Mon Aug 12 14:31:12 2019"
        },
        {
            "title": "Warn when Using String Refs (#16217)",
            "flags": {
                "warnAboutStringRefs": "False"
            },
            "message": "Warn when Using String Refs (#16217)\n\n",
            "hash": "c4f0b93703be3d165de78db7a381d6cca2203b2f",
            "author": "lunaruan",
            "date": "Wed Aug 7 00:10:19 2019"
        },
        {
            "title": "Rendering tasks should not jump the queue (#16284)",
            "flags": {
                "disableSchedulerTimeoutBasedOnReactExpirationTime": "False"
            },
            "message": "Rendering tasks should not jump the queue (#16284)\n\nWhen React schedules a rendering task, it passes a `timeout` option\r\nbased on its expiration time. This is intended to avoid starvation\r\nby other React updates. However, it also affects the relative priority\r\nof React tasks and other Scheduler tasks at the same level, like\r\ndata processing.\r\n\r\nThis adds a feature flag to disable passing a `timeout` option to\r\nScheduler. React tasks will always append themselves to the end of\r\nthe queue, without jumping ahead of already scheduled tasks.\r\n\r\nThis does not affect the order in which React updates within a single\r\nroot are processed, but it could affect updates across multiple roots.\r\n\r\nThis also doesn't remove the expiration from Scheduler. It only means\r\nthat React tasks are not given special treatment.",
            "hash": "6b565ce736657308393e75d507b7c374e1f2bc8c",
            "author": "Andrew Clark",
            "date": "Fri Aug 2 17:52:32 2019"
        },
        {
            "title": "Add a feature flag to disable legacy context (#16269)",
            "flags": {
                "disableLegacyContext": "False"
            },
            "message": "Add a feature flag to disable legacy context (#16269)\n\n* Add a feature flag to disable legacy context\r\n\r\n* Address review\r\n\r\n- invariant -> warning\r\n- Make this.context and context argument actually undefined\r\n\r\n* Increase test coverage for lifecycles\r\n\r\n* Also disable it on the server is flag is on\r\n\r\n* Make this.context {} when disabled, but function context is undefined\r\n\r\n* Move checks inside\r\n",
            "hash": "0c1ec049f8832d1c27f876844666fda393036800",
            "author": "Dan Abramov",
            "date": "Thu Aug 1 17:21:32 2019"
        },
        {
            "title": "flush fallbacks in tests (#16240)",
            "flags": {
                "flushSuspenseFallbacksInTests": "True"
            },
            "message": "flush fallbacks in tests (#16240)\n\nIn this PR, for tests (specifically, code inside an `act()` scope), we immediately trigger work that would have otherwise required a timeout. This makes it simpler to tests loading/spinner states, and makes tests resilient to changes in React.\r\n\r\nFor some of our tests(specifically, ReactSuspenseWithNoopRenderer-test.internal), we _don't_ want fallbacks to immediately trigger, because we're testing intermediate states and such. Added a feature flag `flushSuspenseFallbacksInTests` to disable this behaviour on a per case basis.",
            "hash": "db3ae32b8fe2c3fe24c4f5496aecdeab24b9d719",
            "author": "Sunil Pai",
            "date": "Tue Jul 30 11:12:06 2019"
        },
        {
            "title": "Warn when rendering tests in concurrent/batched mode without a mocked scheduler (#16207)",
            "flags": {
                "warnAboutMissingMockScheduler": "removed",
                "warnAboutUnmockedScheduler": "False"
            },
            "message": "Warn when rendering tests in concurrent/batched mode without a mocked scheduler (#16207)\n\nConcurrent/Batched mode tests should always be run with a mocked scheduler (v17 or not). This PR adds a warning for the same. I'll put up a separate PR to the docs with a page detailing how to mock the scheduler.",
            "hash": "e6a0473c3c6f501dbe291f60b9ee35760ab99eed",
            "author": "Sunil Pai",
            "date": "Tue Jul 30 11:00:18 2019"
        },
        {
            "title": "Warn when Using DefaultProps on Function Components (#16210)",
            "flags": {
                "warnAboutDefaultPropsOnFunctionComponents": "False"
            },
            "message": "Warn when Using DefaultProps on Function Components (#16210)\n\nAs part of the process to deprecate defaultProps on function components (as per a larger proposal outlined in (https://github.com/reactjs/rfcs/blob/createlement-rfc/text/0000-create-element-changes.md)), add a warning whenever someone does this.\r\n\r\n",
            "hash": "857deb2ed59f58a1bd3887f2ab62ff1df809acba",
            "author": "lunaruan",
            "date": "Thu Jul 25 15:44:03 2019"
        },
        {
            "title": "Add suspenseCallback feature for runtime tracing of loading states (#16134)",
            "flags": {
                "enableSuspenseCallback": "False"
            },
            "message": "Add suspenseCallback feature for runtime tracing of loading states (#16134)\n\nThis adds a 'SuspenseCallback' feature flag. When the property is set on\r\na suspense component it will be called during the commit phase with a\r\nset of the immediate thenable for this component. This will allow user\r\ncode to build runtime tracing of the cause for a suspense boundary.",
            "hash": "42b75ab007a5e7c159933cfdbf2b6845d89fc7f2",
            "author": "Benoit Girard",
            "date": "Tue Jul 23 17:13:46 2019"
        },
        {
            "title": "Adds experimental fundamental interface (#16049)",
            "flags": {
                "enableFundamentalAPI": "False"
            },
            "message": "Adds experimental fundamental interface (#16049)\n\n",
            "hash": "2c4d61e1022ae383dd11fe237f6df8451e6f0310",
            "author": "Dominic Gannaway",
            "date": "Fri Jul 19 14:20:28 2019"
        },
        {
            "title": "[Flare] Re-label Flare flag (#16014)",
            "flags": {
                "enableEventAPI": "removed",
                "enableFlareAPI": "False"
            },
            "message": "[Flare] Re-label Flare flag (#16014)\n\n",
            "hash": "9b0bd43550206e04bfe9ca695e5981eff0e2d03f",
            "author": "Dominic Gannaway",
            "date": "Thu Jun 27 17:11:11 2019"
        },
        {
            "title": "Remove disableYielding feature flag (#15654)",
            "flags": {
                "disableYielding": "removed"
            },
            "message": "Remove disableYielding feature flag (#15654)\n\nObviated by Batched Mode.",
            "hash": "e91dd70ba28e7a20da3e5de8d787f3cde56341bd",
            "author": "Andrew Clark",
            "date": "Thu Jun 13 15:58:40 2019"
        },
        {
            "title": "[Events] Add support for events that are both user-blocking and continuous (#15811)",
            "flags": {
                "enableUserBlockingEvents": "False"
            },
            "message": "[Events] Add support for events that are both user-blocking and continuous (#15811)\n\n* [Events] Add EventPriority enum\r\n\r\nReact DOM's DispatchConfig for synthetic events has an `isDiscrete`\r\nfield that affects how updates triggered by an event are scheduled.\r\nEvents are either discrete or continuous.\r\n\r\nThis commit adds an additional type of configuration where an event\r\nhas user-blocking priority, but is not discrete. E.g. updates triggered\r\nby hover are more important than the default, but they don't need to\r\nbe processed serially. Because there are now three types of event\r\npriority instead of two, I've replaced the `isDiscrete` boolean with an\r\nenum: `eventPriority`.\r\n\r\nThis commit implements the new enum value but does not change any\r\nbehavior. I'll enable it behind a feature flag in the next commit.\r\n\r\nI've only implemented this in the legacy event system. I'll leave Flare\r\nfor a follow-up.\r\n\r\n* enableUserBlockingEvents feature flag\r\n\r\nAdds a feature flag to increase the priority of events like `mouseover`,\r\nwithout making them discrete.\r\n",
            "hash": "6b5deeed50769a85e207b436244f7ebe78b800b1",
            "author": "Andrew Clark",
            "date": "Tue Jun 4 13:35:52 2019"
        },
        {
            "title": "`act()` - s / flushPassiveEffects / Scheduler.unstable_flushWithoutYielding (#15591)",
            "flags": {
                "warnAboutMissingMockScheduler": "False"
            },
            "message": "`act()` - s / flushPassiveEffects / Scheduler.unstable_flushWithoutYielding (#15591)\n\n* s/flushPassiveEffects/unstable_flushWithoutYielding\r\n\r\na first crack at flushing the scheduler manually from inside act(). uses unstable_flushWithoutYielding(). The tests that changed, mostly replaced toFlushAndYield(...) with toHaveYielded(). For some tests that tested the state of the tree before flushing effects (but still after updates), I replaced act() with bacthedUpdates().\r\n\r\n* ugh lint\r\n\r\n* pass build, flushPassiveEffects returns nothing now\r\n\r\n* pass test-fire\r\n\r\n* flush all work (not just effects), add a compatibility mode\r\n\r\nof note, unstable_flushWithoutYielding now returns a boolean much like flushPassiveEffects\r\n\r\n* umd build for scheduler/unstable_mock, pass the fixture with it\r\n\r\n* add a comment to Shcduler.umd.js for why we're exporting unstable_flushWithoutYielding\r\n\r\n* run testsutilsact tests in both sync/concurrent modes\r\n\r\n* augh lint\r\n\r\n* use a feature flag for the missing mock scheduler warning\r\n\r\nI also tried writing a test for it, but couldn't get the scheduler to unmock. included the failing test.\r\n\r\n* Update ReactTestUtilsAct-test.js\r\n\r\n- pass the mock scheduler warning test,\r\n- rewrite some tests to use Scheduler.yieldValue\r\n- structure concurrent/legacy suites neatly\r\n\r\n* pass failing tests in batchedmode-test\r\n\r\n* fix pretty/lint/import errors\r\n\r\n* pass test-build\r\n\r\n* nit: pull .create(null) out of the act() call\r\n",
            "hash": "d278a3ff8b2863afb9ab7807e42d31f33c84eb78",
            "author": "Sunil Pai",
            "date": "Thu May 16 09:12:36 2019"
        },
        {
            "title": "Feature flag to revert #15650 (#15659)",
            "flags": {
                "revertPassiveEffectsChange": "False"
            },
            "message": "Feature flag to revert #15650 (#15659)\n\nPR #15650 is a bugfix but it's technically a semantic change that could\r\ncause regressions. I don't think it will be an issue, since the\r\nprevious behavior was both broken and incoherent, but out of an\r\nabundance of caution, let's wrap it in a flag so we can easily revert\r\nit if necessary.",
            "hash": "d34b457ce2a2cee1160dbc90b93312ff9850958c",
            "author": "Andrew Clark",
            "date": "Wed May 15 13:38:06 2019"
        },
        {
            "title": "Replace old Fiber Scheduler with new one (#15387)",
            "flags": {
                "enableNewScheduler": "removed"
            },
            "message": "Replace old Fiber Scheduler with new one (#15387)\n\nThe new Fiber Scheduler has been running in Facebook for several days\r\nwithout issues. Let's switch to it.",
            "hash": "9055e31e5c82d03f0a365c459f7bc79e402dbef5",
            "author": "Andrew Clark",
            "date": "Thu Apr 11 19:15:34 2019"
        },
        {
            "title": "Provide new jsx transform target for reactjs/rfcs#107 (#15141)",
            "flags": {
                "enableJSXTransformAPI": "False"
            },
            "message": "Provide new jsx transform target for reactjs/rfcs#107 (#15141)\n\n* adding jsx function\r\n\r\n* add more feature flag defaults\r\n\r\n* flip ReactElement order back\r\n",
            "hash": "745baf2e061bdb7a07b511fa6fd8c1c5e8106313",
            "author": "Ricky Vetter",
            "date": "Sun Apr 7 12:02:34 2019"
        },
        {
            "title": "Enabled warnAboutDeprecatedLifecycles flag by default (#15186)",
            "flags": {
                "warnAboutDeprecatedLifecycles": "True"
            },
            "message": "Enabled warnAboutDeprecatedLifecycles flag by default (#15186)\n\n",
            "hash": "d8cb10f11fa0b0ab6ded66bbef86dc874b5e2d90",
            "author": "Brian Vaughn",
            "date": "Wed Mar 27 16:30:49 2019"
        },
        {
            "title": "Fork ReactFiberScheduler with feature flag",
            "flags": {
                "enableNewScheduler": "False"
            },
            "message": "Fork ReactFiberScheduler with feature flag\n\nAdds a feature flag `enableNewScheduler` that toggles between two\nimplementations of ReactFiberScheduler. This will let us land changes in\nmaster while preserving the ability to quickly rollback.\n\nIdeally this will be a short-lived fork. Once we've tested the new\nscheduler for a week or so without issues, we will get rid of it. Until\nthen, we'll need to maintain two parallel implementations and run tests\nagainst both of them. We rarely land changes to ReactFiberScheduler, so\nI don't expect this will be a huge burden.\n\nThis commit does not implement anything new. The flag is still off and\ntests run against the existing implementation.\n\nUse `yarn test-new-scheduler` to run tests against the new one.\n",
            "hash": "b1a56abd6aec4379c2fc9400b413f6f42d0c9b1f",
            "author": "Andrew Clark",
            "date": "Wed Mar 20 16:28:33 2019"
        },
        {
            "title": "Add feature flag to disable yielding (#15119)",
            "flags": {
                "disableYielding": "False"
            },
            "message": "Add feature flag to disable yielding (#15119)\n\n",
            "hash": "4162f6026c2f560f286e7853f4929cd5e0135bdd",
            "author": "Sebastian Markb\u00e5ge",
            "date": "Fri Mar 15 15:54:22 2019"
        },
        {
            "title": "Adds experimental event API scaffolding (#15108)",
            "flags": {
                "enableEventAPI": "False"
            },
            "message": "Adds experimental event API scaffolding (#15108)\n\n* Adds experimental event API scaffolding ",
            "hash": "0c03a474362c27aa9222ae27088782a01402067c",
            "author": "Dominic Gannaway",
            "date": "Thu Mar 14 10:02:42 2019"
        },
        {
            "title": "Warn for javascript: URLs in DOM sinks (#15047)",
            "flags": {
                "disableJavaScriptURLs": "False"
            },
            "message": "Warn for javascript: URLs in DOM sinks (#15047)\n\n* Prevent javascript protocol URLs\r\n\r\n* Just warn when disableJavaScriptURLs is false\r\n\r\nThis avoids a breaking change.\r\n\r\n* Allow framesets\r\n\r\n* Allow <html> to be used in integration tests\r\n\r\nFull document renders requires server rendering so the client path\r\njust uses the hydration path in this case to simplify writing these tests.\r\n\r\n* Detect leading and intermediate characters and test mixed case\r\n\r\nThese are considered valid javascript urls by browser so they must be\r\nincluded in the filter.\r\n\r\nThis is an exact match according to the spec but maybe we should include\r\na super set to be safer?\r\n\r\n* Test updates to ensure we have coverage there too\r\n\r\n* Fix toString invocation and Flow types\r\n\r\nRight now we invoke toString twice when we hydrate (three times\r\nwith the flag off). Ideally we should only do it once even in this case\r\nbut the code structure doesn't really allow for that right now.\r\n\r\n* s/itRejects/itRejectsRendering\r\n\r\n* Dedupe warning and add the unsafe URL to the warning message\r\n\r\n* Add test that fails if g is added to the sanitizer\r\n\r\nThis only affects the prod version since the warning is deduped anyway.\r\n\r\n* Fix prod test\r\n",
            "hash": "103378b1eada44561821b1c22ff54e0537cf9764",
            "author": "Sebastian Markb\u00e5ge",
            "date": "Mon Mar 11 16:39:49 2019"
        },
        {
            "title": "Deprecate ref.setNativeProps in favor of ReactNative.setNativeProps (#14912)",
            "flags": {
                "warnAboutDeprecatedSetNativeProps": "False"
            },
            "message": "Deprecate ref.setNativeProps in favor of ReactNative.setNativeProps (#14912)\n\n* Deprecate ref.setNativeProps in favor of ReactNative.setNativeProps\r\n\r\n* Using a feature flag for the setNativeProps warning\r\n\r\n* Removing extra line breaks\r\n\r\n* Set the FB native feature flag to true\r\n\r\n* Prettier\r\n",
            "hash": "870214f37ad63333e750f31ef0cc0bde5793aee5",
            "author": "Eli White",
            "date": "Mon Feb 25 15:00:39 2019"
        },
        {
            "title": "Enable hooks! (#14679)",
            "flags": {
                "enableHooks": "removed"
            },
            "message": "Enable hooks! (#14679)\n\n* Turned enableHooks feature flag on everywhere\r\n* Removed useHooks feature flag from tests (now that it's on by default)\r\n* Remove useHooks feature flag entirely\r\n",
            "hash": "6cb26774e27e03c7d5d6e4601bcee979a004fe91",
            "author": "Brian Vaughn",
            "date": "Wed Jan 23 13:28:09 2019"
        },
        {
            "title": "Make scheduler debugging feature flag static",
            "flags": {
                "enableSchedulerDebugging": "False"
            },
            "message": "Make scheduler debugging feature flag static\n",
            "hash": "8bfef0da5578f7518afec4d9277100f1db45132c",
            "author": "Andrew Clark",
            "date": "Mon Dec 17 16:50:38 2018"
        },
        {
            "title": "Implement pauseExecution, continueExecution, dumpQueue for Scheduler (#14053)",
            "flags": {
                "enableSuspenseServerRenderer": "False",
                "enableSchedulerDebugging": "False"
            },
            "message": "Implement pauseExecution, continueExecution, dumpQueue for Scheduler (#14053)\n\n* Implement pauseExecution, continueExecution, dumpQueue\r\n\r\n* Expose firstCallbackNode. Fix tests. Revert results.json\r\n\r\n* Put scheduler pausing behind a feature flag\r\n",
            "hash": "8df4d59be532e56b6513815184094f57f566df09",
            "author": "Kevin Chavez",
            "date": "Thu Dec 6 13:57:23 2018"
        },
        {
            "title": "Wrap shorthand CSS property collision warning in feature flag (#14245)",
            "flags": {
                "warnAboutShorthandPropertyCollision": "False"
            },
            "message": "Wrap shorthand CSS property collision warning in feature flag (#14245)\n\nDisables the recently introduced (#14181) warning for shorthand\r\nCSS property collisions by wrapping in a feature flag. Let's hold off\r\nshipping this until at least the next minor.",
            "hash": "21d5f7d32d5becf5c8e986ff0202059be643dc15",
            "author": "Andrew Clark",
            "date": "Thu Nov 15 13:36:52 2018"
        },
        {
            "title": "[Hooks] Remove dispatch callbacks (#14037)",
            "flags": {
                "enableDispatchCallback_DEPRECATED": "removed"
            },
            "message": "[Hooks] Remove dispatch callbacks (#14037)\n\nRemoves the `enableDispatchCallback` feature flag and deletes the\r\nassociated code. An earlier version of the Hooks proposal included this\r\nfeature but we've since decided to remove it.",
            "hash": "bf9fadfcf42847fa89f9a76c7d4dc2e2c17ee020",
            "author": "Andrew Clark",
            "date": "Tue Oct 30 14:14:20 2018"
        },
        {
            "title": "Disable hook update callback (2nd arg to setState/dispatch)",
            "flags": {
                "enableDispatchCallback_DEPRECATED": "False"
            },
            "message": "Disable hook update callback (2nd arg to setState/dispatch)\n\nI put the feature behind a feature flag, along with a warning, so\nwe can phase it out in www.\n",
            "hash": "933b64710a48b2f86f71b1507901038025e79e3f",
            "author": "Andrew Clark",
            "date": "Sat Oct 20 15:01:40 2018"
        },
        {
            "title": "Put hooks behind feature flag",
            "flags": {
                "enableHooks": "False"
            },
            "message": "Put hooks behind feature flag\n",
            "hash": "105f2de545dc9e374ed4ac55b3628eeeb555f4a6",
            "author": "Andrew Clark",
            "date": "Wed Sep 5 17:20:13 2018"
        },
        {
            "title": "Enable stable concurrent APIs flag for 16.7 alpha (#13928)",
            "flags": {
                "enableStableConcurrentModeAPIs": "False"
            },
            "message": "Enable stable concurrent APIs flag for 16.7 alpha (#13928)\n\n* Add enableStableConcurrentModeAPIs feature flag\r\n\r\n* Conditionally name concurrent API based on enableStableConcurrentModeAPIs flag\r\n",
            "hash": "275e76e83bc2be5dc0be9185ff747f383969289a",
            "author": "Brian Vaughn",
            "date": "Wed Oct 24 13:45:07 2018"
        },
        {
            "title": "Enable Suspense + rename Placeholder (#13799)",
            "flags": {
                "enableSuspense": "removed"
            },
            "message": "Enable Suspense + rename Placeholder (#13799)\n\n* Enable Suspense\r\n\r\n* <unstable_Placeholder delayMs> => <unstable_Suspense maxDuration>\r\n\r\n* Update suspense fixture\r\n",
            "hash": "8af6728c6f105d37f9c0006288a6d1ac3903dc71",
            "author": "Dan Abramov",
            "date": "Wed Oct 10 09:02:04 2018"
        },
        {
            "title": "Always warn about legacy context within StrictMode tree (#13760)",
            "flags": {
                "warnAboutLegacyContextAPI": "removed"
            },
            "message": "Always warn about legacy context within StrictMode tree (#13760)\n\n",
            "hash": "36c5d69caa3e9270b1b175b33cd8c53cc6c0e690",
            "author": "Brian Vaughn",
            "date": "Wed Oct 3 08:40:45 2018"
        },
        {
            "title": "Enable getDerivedStateFromError (#13746)",
            "flags": {
                "enableGetDerivedStateFromCatch": "removed"
            },
            "message": "Enable getDerivedStateFromError (#13746)\n\n* Removed the enableGetDerivedStateFromCatch feature flag (aka permanently enabled the feature)\r\n* Forked/copied ReactErrorBoundaries to ReactLegacyErrorBoundaries for testing componentDidCatch\r\n* Updated error boundaries tests to apply to getDerivedStateFromCatch\r\n* Renamed getDerivedStateFromCatch -> getDerivedStateFromError\r\n* Warn if boundary with only componentDidCatch swallows error\r\n* Fixed a subtle reconciliation bug with render phase error boundary",
            "hash": "806eebdaeec5a5b0e4e5df799bd98eb5f288bba5",
            "author": "Brian Vaughn",
            "date": "Fri Sep 28 13:05:01 2018"
        },
        {
            "title": "Rename \"tracking\" API to \"tracing\" (#13641)",
            "flags": {
                "enableSchedulerTracking": "removed",
                "enableSchedulerTracing": "False"
            },
            "message": "Rename \"tracking\" API to \"tracing\" (#13641)\n\n* Replaced \"tracking\" with \"tracing\" in all directory and file names\r\n* Global rename of track/tracking/tracked to trace/tracing/traced\r\n",
            "hash": "4bcee56210bd3ab3f6440ff7313a255148e22107",
            "author": "Brian Vaughn",
            "date": "Thu Sep 13 14:23:16 2018"
        },
        {
            "title": "\ud83d\udd25 Stop syncing the value attribute on inputs (behind a feature flag) (#13526)",
            "flags": {
                "disableInputAttributeSyncing": "False"
            },
            "message": "\ud83d\udd25 Stop syncing the value attribute on inputs (behind a feature flag) (#13526)\n\n* :fire: Stop syncing the value attribute on inputs\r\n\r\n* Eliminate some additional checks\r\n\r\n* Remove initialValue and initialWrapper from wrapperState flow type\r\n\r\n* Update tests with new sync logic, reduce some operations\r\n\r\n* Update tests, add some caveats for SSR mismatches\r\n\r\n* Revert newline change\r\n\r\n* Remove unused type\r\n\r\n* Call toString to safely type string values\r\n\r\n* Add disableInputAttributeSyncing feature flag\r\n\r\nReverts tests to original state, adds attribute sync feature flag,\r\nthen moves all affected tests to ReactFire-test.js.\r\n\r\n* Revert position of types in toStringValues\r\n\r\n* Invert flag on number input blur\r\n\r\n* Add clarification why double blur is necessary\r\n\r\n* Update ReactFire number cases to be more explicite about blur\r\n\r\n* Move comments to reduce diff size\r\n\r\n* Add comments to clarify behavior in each branch\r\n\r\n* There is no need to assign a different checked behavior in Fire\r\n\r\n* Use checked reference\r\n\r\n* Format\r\n\r\n* Avoid precomputing stringable values\r\n\r\n* Revert getToStringValue comment\r\n\r\n* Revert placement of undefined in getToStringValue\r\n\r\n* Do not eagerly stringify value\r\n\r\n* Unify Fire test cases with normal ones\r\n\r\n* Revert toString change. Only assign unsynced values when not nully\r\n",
            "hash": "a079011f95033758c17f1d7c2ee44d9cc80623f2",
            "author": "Nathan Hunzaker",
            "date": "Wed Sep 12 11:29:23 2018"
        },
        {
            "title": "Add enableSuspenseServerRenderer feature flag (#13573)",
            "flags": {
                "enableSuspenseServerRenderer": "False"
            },
            "message": "Add enableSuspenseServerRenderer feature flag (#13573)\n\n",
            "hash": "34348a45b4b1de40d285ba7168e4d6770e620911",
            "author": "Alex Taylor",
            "date": "Wed Sep 5 15:04:59 2018"
        },
        {
            "title": "Interaction tracking follow up (#13509)",
            "flags": {
                "enableInteractionTracking": "removed",
                "enableSchedulerTracking": "False"
            },
            "message": "Interaction tracking follow up (#13509)\n\n* Merged interaction-tracking package into react-scheduler\r\n* Add tracking API to FB+www builds\r\n* Added Rollup plugin to strip no-side-effect imports from Rollup bundles\r\n* Re-bundle tracking and scheduling APIs on SECRET_INTERNALS object for UMD build (and provide lazy forwarding methods)\r\n* Added some additional tests and fixtures\r\n* Fixed broken UMD fixture in master (#13512)",
            "hash": "46950a3dfc9e14b5b91ee5823df11883f5d2466e",
            "author": "Brian Vaughn",
            "date": "Sat Sep 1 12:00:00 2018"
        },
        {
            "title": "Profiler integration with interaction-tracking package (#13253)",
            "flags": {
                "enableInteractionTracking": "False"
            },
            "message": "Profiler integration with interaction-tracking package (#13253)\n\n* Updated suspense fixture to use new interaction-tracking API\r\n\r\n* Integrated Profiler API with interaction-tracking API (and added tests)\r\n\r\n* Pass interaction Set (rather than Array) to Profiler onRender callback\r\n\r\n* Removed some :any casts for enableInteractionTracking fields in FiberRoot type\r\n\r\n* Refactored threadID calculation into a helper method\r\n\r\n* Errors thrown by interaction tracking hooks use unhandledError to rethrow more safely.\r\nReverted try/finally change to ReactTestRendererScheduling\r\n\r\n* Added a $FlowFixMe above the FiberRoot :any cast\r\n\r\n* Reduce overhead from calling work-started hook\r\n\r\n* Remove interaction-tracking wrap() references from unwind work in favor of managing suspense/interaction continuations in the scheduler\r\n* Moved the logic for calling work-started hook from performWorkOnRoot() to renderRoot()\r\n\r\n* Add interaction-tracking to bundle externals. Set feature flag to __PROFILE__\r\n\r\n* Renamed the freezeInteractionCount flag and replaced one use-case with a method param\r\n\r\n* let -> const\r\n\r\n* Updated suspense fixture to handle recent API changes\r\n",
            "hash": "6e4f7c788603dac7fccd227a4852c110b072fe16",
            "author": "Brian Vaughn",
            "date": "Tue Aug 28 18:58:11 2018"
        },
        {
            "title": "Add interaction-tracking/subscriptions (#13426)",
            "flags": {
                "enableInteractionTrackingObserver": "removed"
            },
            "message": "Add interaction-tracking/subscriptions (#13426)\n\n* Removed enableInteractionTrackingObserver as a separate flag; only enableInteractionTracking is used now\r\n\r\n* Added interaction-tracking/subscriptions bundle and split tests\r\n\r\n* Added multi-subscriber support\r\n\r\n* Moved subscriptions behind feature flag\r\n\r\n* Fixed bug with wrap() parameters and added test\r\n\r\n* Replaced wrap arrow function\r\n",
            "hash": "0da5102cf02890a4e006f4d949ae4fbf2bfd85af",
            "author": "Brian Vaughn",
            "date": "Fri Aug 17 13:45:18 2018"
        },
        {
            "title": "interaction-tracking package (#13234)",
            "flags": {
                "enableInteractionTracking": "False",
                "enableInteractionTrackingObserver": "False"
            },
            "message": "interaction-tracking package (#13234)\n\nAdd new interaction-tracking package/bundle",
            "hash": "5e0f073d509a74353533233706fce2e8044a0a15",
            "author": "Brian Vaughn",
            "date": "Fri Aug 17 09:16:05 2018"
        },
        {
            "title": "Remove feature flag around 'getDerivedStateFromProps' bug fix (#13022)",
            "flags": {
                "fireGetDerivedStateFromPropsOnStateUpdates": "removed"
            },
            "message": "Remove feature flag around 'getDerivedStateFromProps' bug fix (#13022)\n\n**what is the change?:**\r\nBasically undoes https://github.com/facebook/react/commit/4b2e65d32e3adec7d4ef5ddd5fcb35e617e0cde6#diff-904ceabd8a1e9a07ab1d876d843d62e1\r\n\r\n**why make this change?:**\r\nWe rolled out this fix internally and in open source weeks ago, and now\r\nwe're cleaning up.\r\n\r\n**test plan:**\r\nRan tests and lint, and really we have been testing this because the\r\nflag is open internally as of last week or so.\r\n\r\n**issue:**\r\nInternal task T29948812 has some info.",
            "hash": "392530104c00c25074ce38e1f7e1dd363018c7ce",
            "author": "Flarnie Marchan",
            "date": "Mon Jun 11 16:31:07 2018"
        },
        {
            "title": "Added production profiling bundle type (#12886)",
            "flags": {
                "enableProfilerTimer": "False"
            },
            "message": "Added production profiling bundle type (#12886)\n\n* Added profiling bundle\r\n* Turned profiling on for React Fabric OSS profiling and dev bundles\r\n* Added new global var \"__PROFILE__\" for profiling DCE",
            "hash": "d5c11193e2e6d5ea2d55ce3b428616c401310731",
            "author": "Brian Vaughn",
            "date": "Mon Jun 11 13:16:27 2018"
        },
        {
            "title": "add legacy context API warning in strict mode (#12849)",
            "flags": {
                "warnAboutLegacyContextAPI": "False"
            },
            "message": "add legacy context API warning in strict mode (#12849)\n\n* add legacy context APIs warning in strict mode\r\n\r\n* refactor if statement and the warning message\r\n\r\n* add other flags for type check\r\n\r\n* add component stack tree and refactor wording\r\n\r\n* fix the nits\r\n",
            "hash": "7350358374036c0834ea6b69cea7491abbbb1af0",
            "author": "Chang Yan",
            "date": "Tue May 22 15:38:02 2018"
        },
        {
            "title": "Resolve host configs at build time (#12792)",
            "flags": {
                "enableMutatingReconciler": "removed",
                "enableNoopReconciler": "removed",
                "enablePersistentReconciler": "removed"
            },
            "message": "Resolve host configs at build time (#12792)\n\n* Extract base Jest config\r\n\r\nThis makes it easier to change the source config without affecting the build test config.\r\n\r\n* Statically import the host config\r\n\r\nThis changes react-reconciler to import HostConfig instead of getting it through a function argument.\r\n\r\nRather than start with packages like ReactDOM that want to inline it, I started with React Noop and ensured that *custom* renderers using react-reconciler package still work. To do this, I'm making HostConfig module in the reconciler look at a global variable by default (which, in case of the react-reconciler npm package, ends up being the host config argument in the top-level scope).\r\n\r\nThis is still very broken.\r\n\r\n* Add scaffolding for importing an inlined renderer\r\n\r\n* Fix the build\r\n\r\n* ES exports for renderer methods\r\n\r\n* ES modules for host configs\r\n\r\n* Remove closures from the reconciler\r\n\r\n* Check each renderer's config with Flow\r\n\r\n* Fix uncovered Flow issue\r\n\r\nWe know nextHydratableInstance doesn't get mutated inside this function, but Flow doesn't so it thinks it may be null.\r\nHelp Flow.\r\n\r\n* Prettier\r\n\r\n* Get rid of enable*Reconciler flags\r\n\r\nThey are not as useful anymore because for almost all cases (except third party renderers) we *know* whether it supports mutation or persistence.\r\n\r\nThis refactoring means react-reconciler and react-reconciler/persistent third-party packages now ship the same thing.\r\nNot ideal, but this seems worth how simpler the code becomes. We can later look into addressing it by having a single toggle instead.\r\n\r\n* Prettier again\r\n\r\n* Fix Flow config creation issue\r\n\r\n* Fix imprecise Flow typing\r\n\r\n* Revert accidental changes\r\n",
            "hash": "47b003a828fe98e12947ba98e819ec4e617deef1",
            "author": "Dan Abramov",
            "date": "Sat May 19 03:29:11 2018"
        },
        {
            "title": "Enable Profiler timing for DOM and RN dev bundles (#12823)",
            "flags": {
                "enableProfilerTimer": "False"
            },
            "message": "Enable Profiler timing for DOM and RN dev bundles (#12823)\n\n* Enable Profiler timing for DOM and RN dev bundles\r\n* Disable enableProfilerTimer feature flag for ReactIncrementalPerf-test\r\n",
            "hash": "de84d5c1079b12455058ee177fb3ff97cc0fb8d0",
            "author": "Brian Vaughn",
            "date": "Tue May 15 15:26:46 2018"
        },
        {
            "title": "Put recent change to getDerivedStateFromProps behind a feature flag (#12788)",
            "flags": {
                "fireGetDerivedStateFromPropsOnStateUpdates": "True"
            },
            "message": "Put recent change to getDerivedStateFromProps behind a feature flag (#12788)\n\nThis will allow us to safely ship it at Facebook and get a better idea\r\nfor if/how it breaks existing product code.",
            "hash": "4b2e65d32e3adec7d4ef5ddd5fcb35e617e0cde6",
            "author": "Andrew Clark",
            "date": "Fri May 11 18:45:00 2018"
        },
        {
            "title": "Suspense (#12279)",
            "flags": {
                "enableSuspense": "False"
            },
            "message": "Suspense (#12279)\n\n* Timeout component\r\n\r\nAdds Timeout component. If a promise is thrown from inside a Timeout component,\r\nReact will suspend the in-progress render from committing. When the promise\r\nresolves, React will retry. If the render is suspended for longer than the\r\nmaximum threshold, the Timeout switches to a placeholder state.\r\n\r\nThe timeout threshold is defined as the minimum of:\r\n- The expiration time of the current render\r\n- The `ms` prop given to each Timeout component in the ancestor path of the\r\nthrown promise.\r\n\r\n* Add a test for nested fallbacks\r\n\r\nCo-authored-by: Andrew Clark\r\n\r\n* Resume on promise rejection\r\n\r\nReact should resume rendering regardless of whether it resolves\r\nor rejects.\r\n\r\n* Wrap Suspense code in feature flag\r\n\r\n* Children of a Timeout must be strict mode compatible\r\n\r\nAsync is not required for Suspense, but strict mode is.\r\n\r\n* Simplify list of pending work\r\n\r\nSome of this was added with \"soft expiration\" in mind, but now with our revised\r\nmodel for how soft expiration will work, this isn't necessary.\r\n\r\nIt would be nice to remove more of this, but I think the list itself is inherent\r\nbecause we need a way to track the start times, for <Timeout ms={ms} />.\r\n\r\n* Only use the Timeout update queue to store promises, not for state\r\n\r\nIt already worked this way in practice.\r\n\r\n* Wrap more Suspense-only paths in the feature flag\r\n\r\n* Attach promise listener immediately on suspend\r\n\r\nInstead of waiting for commit phase.\r\n\r\n* Infer approximate start time using expiration time\r\n\r\n* Remove list of pending priority levels\r\n\r\nWe can replicate almost all the functionality by tracking just five\r\nseparate levels: the highest/lowest priority pending levels, the\r\nhighest/lowest priority suspended levels, and the lowest pinged level.\r\n\r\nWe lose a bit of granularity, in that if there are multiple levels of\r\npending updates, only the first and last ones are known. But in practice\r\nthis likely isn't a big deal.\r\n\r\nThese heuristics are almost entirely isolated to a single module and\r\ncan be adjusted later, without API changes, if necessary.\r\n\r\nNon-IO-bound work is not affected at all.\r\n\r\n* ReactFiberPendingWork -> ReactFiberPendingPriority\r\n\r\n* Renaming method names from \"pending work\" to \"pending priority\"\r\n\r\n* Get rid of SuspenseThenable module\r\n\r\nIdk why I thought this was neccessary\r\n\r\n* Nits based on Sebastian's feedback\r\n\r\n* More naming nits + comments\r\n\r\n* Add test for hiding a suspended tree to unblock\r\n\r\n* Revert change to expiration time rounding\r\n\r\nThis means you have to account for the start time approximation\r\nheuristic when writing Suspense tests, but that's going to be\r\ntrue regardless.\r\n\r\nWhen updating the tests, I also made a fix related to offscreen\r\npriority. We should never timeout inside a hidden tree.\r\n\r\n* palceholder -> placeholder\r\n",
            "hash": "6565795377d1d2c79a7708766f1af9e1a87517de",
            "author": "Andrew Clark",
            "date": "Thu May 10 18:09:10 2018"
        },
        {
            "title": "Add Profiler component for collecting new render timing info (#12745)",
            "flags": {
                "enableProfilerTimer": "False"
            },
            "message": "Add Profiler component for collecting new render timing info (#12745)\n\nAdd a new component type, Profiler, that can be used to collect new render time metrics. Since this is a new, experimental API, it will be exported as React.unstable_Profiler initially.\r\n\r\nMost of the functionality for this component has been added behind a feature flag, enableProfileModeMetrics. When the feature flag is disabled, the component will just render its children with no additional behavior. When the flag is enabled, React will also collect timing information and pass it to the onRender function (as described below).",
            "hash": "fc3777b1fe295fd2661f1974f5587d214791f04b",
            "author": "Brian Vaughn",
            "date": "Thu May 10 15:25:32 2018"
        },
        {
            "title": "Remove the 'alwaysUseRequestIdleCallbackPolyfill' feature flag (#12648)",
            "flags": {
                "alwaysUseRequestIdleCallbackPolyfill": "removed"
            },
            "message": "Remove the 'alwaysUseRequestIdleCallbackPolyfill' feature flag (#12648)\n\n* Remove the 'alwaysUseRequestIdleCallbackPolyfill' feature flag\r\n\r\n**what is the change?:**\r\nRemoves the feature flag 'alwaysUseRequestIdleCallbackPolyfill', such\r\nthat we **always** use the polyfill for requestIdleCallback.\r\n\r\n**why make this change?:**\r\nWe have been testing this feature flag at 100% for some time internally,\r\nand determined it works better for React than the native implementation.\r\nLooks like RN was overriding the flag to use the native when possible,\r\nbut since no RN products are using 'async' mode it should be safe to\r\nswitch this flag over for RN as well.\r\n\r\n**test plan:**\r\nWe have already been testing this internally for some time.\r\n\r\n**issue:**\r\ninternal task t28128480\r\n\r\n* fix mistaken conditional\r\n\r\n* Add mocking of rAF, postMessage, and initial test for ReactScheduler\r\n\r\n**what is the change?:**\r\n- In all tests where we previously mocked rIC or relied on native\r\nmocking which no longer works, we are now mocking rAF and postMessage.\r\n- Also adds a basic initial test for ReactScheduler.\r\nNOTE -> we do plan to write headless browser tests for ReactScheduler!\r\nThis is just an initial test, to verify that it works with the mocked\r\nout browser APIs as expected.\r\n\r\n**why make this change?:**\r\nWe need to mock out the browser APIs more completely for the new\r\n'ReactScheduler' to work in our tests. Many tests are depending on it,\r\nsince it's used at a low level.\r\n\r\nBy mocking the browser APIs rather than the 'react-scheduler' module, we\r\nenable testing the production bundles. This approach is trading\r\nisolation for accuracy. These tests will be closer to a real use.\r\n\r\n**test plan:**\r\nrun the tests :)\r\n\r\n**issue:**\r\ninternal task T28128480\r\n",
            "hash": "1e3cd332a015e312149efa36eb81c7523411cc2d",
            "author": "Flarnie Marchan",
            "date": "Mon Apr 23 15:25:46 2018"
        },
        {
            "title": "unstable_createRoot (#12487)",
            "flags": {
                "enableCreateRoot": "removed"
            },
            "message": "unstable_createRoot (#12487)\n\n* Removed enableCreateRoot flag. Renamed createRoot to unstable_createRoot\r\n\r\n* ReactDOMRoot test is no longer internal\r\n",
            "hash": "6294b67a406d21cc6b65162e47497c1e8afe398f",
            "author": "Brian Vaughn",
            "date": "Thu Mar 29 12:51:34 2018"
        },
        {
            "title": "Disable createRoot for open source builds (#12486)",
            "flags": {
                "enableCreateRoot": "False"
            },
            "message": "Disable createRoot for open source builds (#12486)\n\n",
            "hash": "8650d2a1357985958c2738da55ea349406482721",
            "author": "Dan Abramov",
            "date": "Thu Mar 29 12:25:20 2018"
        },
        {
            "title": "Feature flag: Use custom requestIdleCallback even when native one exists (#12385)",
            "flags": {
                "alwaysUseRequestIdleCallbackPolyfill": "False"
            },
            "message": "Feature flag: Use custom requestIdleCallback even when native one exists (#12385)\n\nWe'll use this in www to test whether the polyfill is better at\r\nscheduling high-pri async work than the native one. My preliminary tests\r\nsuggest \"yes\" but it's hard to say for certain, given how difficult it\r\nis to consistently reproduce the starvation issues we've been seeing.",
            "hash": "7e87df809052bf4f861e61cf8c6ee58cbdcf9743",
            "author": "Andrew Clark",
            "date": "Thu Mar 15 19:28:21 2018"
        },
        {
            "title": "Add stack unwinding phase for handling errors (#12201)",
            "flags": {
                "enableCreateRoot": "True",
                "enableGetDerivedStateFromCatch": "False",
                "replayFailedUnitOfWorkWithInvokeGuardedCallback": "False"
            },
            "message": "Add stack unwinding phase for handling errors (#12201)\n\n* Add stack unwinding phase for handling errors\r\n\r\nA rewrite of error handling, with semantics that more closely match\r\nstack unwinding.\r\n\r\nErrors that are thrown during the render phase unwind to the nearest\r\nerror boundary, like before. But rather than synchronously unmount the\r\nchildren before retrying, we restart the failed subtree within the same\r\nrender phase. The failed children are still unmounted (as if all their\r\nkeys changed) but without an extra commit.\r\n\r\nCommit phase errors are different. They work by scheduling an error on\r\nthe update queue of the error boundary. When we enter the render phase,\r\nthe error is popped off the queue. The rest of the algorithm is\r\nthe same.\r\n\r\nThis approach is designed to work for throwing non-errors, too, though\r\nthat feature is not implemented yet.\r\n\r\n* Add experimental getDerivedStateFromCatch lifecycle\r\n\r\nFires during the render phase, so you can recover from an error within the same\r\npass. This aligns error boundaries more closely with try-catch semantics.\r\n\r\nLet's keep this behind a feature flag until a future release. For now, the\r\nrecommendation is to keep using componentDidCatch. Eventually, the advice will\r\nbe to use getDerivedStateFromCatch for handling errors and componentDidCatch\r\nonly for logging.\r\n\r\n* Reconcile twice to remount failed children, instead of using a boolean\r\n\r\n* Handle effect immediately after its thrown\r\n\r\nThis way we don't have to store the thrown values on the effect list.\r\n\r\n* ReactFiberIncompleteWork -> ReactFiberUnwindWork\r\n\r\n* Remove startTime\r\n\r\n* Remove TypeOfException\r\n\r\nWe don't need it yet. We'll reconsider once we add another exception type.\r\n\r\n* Move replay to outer catch block\r\n\r\nThis moves it out of the hot path.\r\n",
            "hash": "94518b068bf52196abea0c83f4c9926bfe2065c6",
            "author": "Andrew Clark",
            "date": "Fri Feb 23 17:38:42 2018"
        },
        {
            "title": "Switch to JSX API for context (#12123)",
            "flags": {
                "enableNewContextAPI": "removed"
            },
            "message": "Switch to JSX API for context (#12123)\n\n* Switch to JSX API for context\r\n\r\n80% sure this will be the final API. Merging this now so we can get this\r\ninto the next www sync in preparation for 16.3.\r\n\r\n* Promote context to a stable API\r\n",
            "hash": "28aa084ad84a681be1c45def2f4b4c0dd8a43871",
            "author": "Andrew Clark",
            "date": "Tue Jan 30 13:06:12 2018"
        },
        {
            "title": "Replace unstable_AsyncComponent with unstable_AsyncMode (#12117)",
            "flags": {
                "enableAsyncSubtreeAPI": "removed"
            },
            "message": "Replace unstable_AsyncComponent with unstable_AsyncMode (#12117)\n\n* Replace unstable_AsyncComponent with Unstable_AsyncMode\r\n\r\nMirrors the StrictMode API and uses the new Mode type of work.\r\n\r\n* internalContextTag -> mode\r\n\r\nChange this now that we have a better name\r\n\r\n* Unstable_ -> unstable_\r\n",
            "hash": "9ea55516e674c2de63b9f7829e3c459f3cb3cf78",
            "author": "Andrew Clark",
            "date": "Mon Jan 29 19:11:59 2018"
        },
        {
            "title": "Debug render-phase side effects in \"strict\" mode (#12094)",
            "flags": {
                "debugRenderPhaseSideEffectsForStrictMode": "False"
            },
            "message": "Debug render-phase side effects in \"strict\" mode (#12094)\n\nA new feature flag has been added, debugRenderPhaseSideEffectsForStrictMode. When enabled, StrictMode subtrees will also double-invoke lifecycles in the same way as debugRenderPhaseSideEffects.\r\n\r\nBy default, this flag is enabled for __DEV__ only. Internally we can toggle it with a GK.\r\n\r\nThis breaks several of our incremental tests which make use of the noop-renderer. Updating the tests to account for the double-rendering in development mode makes them significantly more complicated. The most straight forward fix for this will be to convert them to be run as internal tests only. I believe this is reasonable since we are the only people making use of the noop renderer.",
            "hash": "d3b183c32326cacc29efea43ca9300a17ed4aca0",
            "author": "Brian Vaughn",
            "date": "Thu Jan 25 14:30:53 2018"
        },
        {
            "title": "New context API (#11818)",
            "flags": {
                "enableNewContextAPI": "False"
            },
            "message": "New context API (#11818)\n\n* New context API\r\n\r\nIntroduces a declarative context API that propagates updates even when\r\nshouldComponentUpdate returns false.\r\n\r\n* Fuzz tester for context\r\n\r\n* Use ReactElement for provider and consumer children\r\n\r\n* Unify more branches in createFiberFromElement\r\n\r\n* Compare context values using Object.is\r\n\r\nSame semantics as PureComponent/shallowEqual.\r\n\r\n* Add support for Provider and Consumer to server-side renderer\r\n\r\n* Store providers on global stack\r\n\r\nRather than using a linked list stored on the context type. The global\r\nstack can be reset in case of an interruption or error, whereas with the\r\nlinked list implementation, you'd need to keep track of every\r\ncontext type.\r\n\r\n* Put new context API behind a feature flag\r\n\r\nWe'll enable this in www only for now.\r\n\r\n* Store nearest provider on context object\r\n\r\n* Handle reentrancy in server renderer\r\n\r\nContext stack should be per server renderer instance.\r\n\r\n* Bailout of consumer updates using bitmask\r\n\r\nThe context type defines an optional function that compares two context\r\nvalues, returning a bitfield. A consumer may specify the bits it needs\r\nfor rendering. If a provider's context changes, and the consumer's bits\r\ndo not intersect with the changed bits, we can skip the consumer.\r\n\r\nThis is similar to how selectors are used in Redux but fast enough to do\r\nwhile scanning the tree. The only user code involved is the function\r\nthat computes the changed bits. But that's only called once per provider\r\nupdate, not for every consumer.\r\n\r\n* Store current value and changed bits on context object\r\n\r\nThere are fewer providers than consumers, so better to do this work\r\nat the provider.\r\n\r\n* Use maximum of 31 bits for bitmask\r\n\r\nThis is the largest integer size in V8 on 32-bit systems. Warn in\r\ndevelopment if too large a number is used.\r\n\r\n* ProviderComponent -> ContextProvider, ConsumerComponent -> ContextConsumer\r\n\r\n* Inline Object.is\r\n\r\n* Warn if multiple renderers concurrently render the same context provider\r\n\r\nLet's see if we can get away with not supporting this for now. If it\r\nturns out that it's needed, we can fall back to backtracking the\r\nfiber return path.\r\n\r\n* Nits that came up during review\r\n",
            "hash": "87ae211ccd8d61796cfdef138d1e12fb7a74f85d",
            "author": "Andrew Clark",
            "date": "Wed Jan 24 19:36:22 2018"
        },
        {
            "title": "RFC 6: Deprecate unsafe lifecycles (#12028)",
            "flags": {
                "warnAboutDeprecatedLifecycles": "False"
            },
            "message": "RFC 6: Deprecate unsafe lifecycles (#12028)\n\n* Added unsafe_* lifecycles and deprecation warnings\r\nIf the old lifecycle hooks (componentWillMount, componentWillUpdate, componentWillReceiveProps) are detected, these methods will be called and a deprecation warning will be logged. (In other words, we do not check for both the presence of the old and new lifecycles.) This commit is expected to fail tests.\r\n\r\n* Ran lifecycle hook codemod over project\r\nThis should handle the bulk of the updates. I will manually update TypeScript and CoffeeScript tests with another commit.\r\nThe actual command run with this commit was: jscodeshift --parser=flow -t ../react-codemod/transforms/rename-unsafe-lifecycles.js ./packages/**/src/**/*.js\r\n\r\n* Manually migrated CoffeeScript and TypeScript tests\r\n\r\n* Added inline note to createReactClassIntegration-test\r\nExplaining why lifecycles hooks have not been renamed in this test.\r\n\r\n* Udated NativeMethodsMixin with new lifecycle hooks\r\n\r\n* Added static getDerivedStateFromProps to ReactPartialRenderer\r\nAlso added a new set of tests focused on server side lifecycle hooks.\r\n\r\n* Added getDerivedStateFromProps to shallow renderer\r\nAlso added warnings for several cases involving getDerivedStateFromProps() as well as the deprecated lifecycles.\r\nAlso added tests for the above.\r\n\r\n* Dedupe and DEV-only deprecation warning in server renderer\r\n\r\n* Renamed unsafe_* prefix to UNSAFE_* to be more noticeable\r\n\r\n* Added getDerivedStateFromProps to ReactFiberClassComponent\r\nAlso updated class component and lifecyle tests to cover the added functionality.\r\n\r\n* Warn about UNSAFE_componentWillRecieveProps misspelling\r\n\r\n* Added tests to createReactClassIntegration for new lifecycles\r\n\r\n* Added warning for stateless functional components with gDSFP\r\n\r\n* Added createReactClass test for static gDSFP\r\n\r\n* Moved lifecycle deprecation warnings behind (disabled) feature flag\r\n\r\nUpdated tests accordingly, by temporarily splitting tests that were specific to this feature-flag into their own, internal tests. This was the only way I knew of to interact with the feature flag without breaking our build/dist tests.\r\n\r\n* Tidying up\r\n\r\n* Tweaked warning message wording slightly\r\nReplaced 'You may may have returned undefined.' with 'You may have returned undefined.'\r\n\r\n* Replaced truthy partialState checks with != null\r\n\r\n* Call getDerivedStateFromProps via .call(null) to prevent type access\r\n\r\n* Move shallow-renderer didWarn* maps off the instance\r\n\r\n* Only call getDerivedStateFromProps if props instance has changed\r\n\r\n* Avoid creating new state object if not necessary\r\n\r\n* Inject state as a param to callGetDerivedStateFromProps\r\nThis value will be either workInProgress.memoizedState (for updates) or instance.state (for initialization).\r\n\r\n* Explicitly warn about uninitialized state before calling getDerivedStateFromProps.\r\nAnd added some new tests for this change.\r\n\r\nAlso:\r\n* Improved a couple of falsy null/undefined checks to more explicitly check for null or undefined.\r\n* Made some small tweaks to ReactFiberClassComponent WRT when and how it reads instance.state and sets to null.\r\n\r\n* Improved wording for deprecation lifecycle warnings\r\n\r\n* Fix state-regression for module-pattern components\r\nAlso add support for new static getDerivedStateFromProps method\r\n",
            "hash": "97e2911508a2a7af6f50cf87ae503abe39842bef",
            "author": "Brian Vaughn",
            "date": "Fri Jan 19 09:36:46 2018"
        },
        {
            "title": "Sync scheduling by default, with an async opt-in (#11771)",
            "flags": {
                "enableAsyncSchedulingByDefaultInReactDOM": "removed"
            },
            "message": "Sync scheduling by default, with an async opt-in (#11771)\n\nRemoves the `useSyncScheduling` option from the HostConfig, since it's\r\nno longer needed. Instead of globally flipping between sync and async,\r\nour strategy will be to opt-in specific trees and subtrees.",
            "hash": "13c5e2b53112c1cd77dd52e028a4bb33dc492d1b",
            "author": "Andrew Clark",
            "date": "Mon Jan 8 18:50:02 2018"
        },
        {
            "title": "Set fragment export flags to true (#11672)",
            "flags": {
                "enableReactFragment": "removed"
            },
            "message": "Set fragment export flags to true (#11672)\n\n",
            "hash": "f6894dc48be2e389ffae03cea736122a971e3f76",
            "author": "Clement Hoang",
            "date": "Mon Nov 27 13:09:15 2017"
        },
        {
            "title": "New feature flags to help detect unexpected lifecycle side effects (#11587)",
            "flags": {
                "debugRenderPhaseSideEffects": "False"
            },
            "message": "New feature flags to help detect unexpected lifecycle side effects (#11587)\n\nAdded `debugRenderPhaseSideEffects` feature flag to help detect unexpected side effects in pre-commit lifecycle hooks and `setState` reducers.",
            "hash": "7f68544f0dabda3c27c775eb10067c97b49e313b",
            "author": "Brian Vaughn",
            "date": "Fri Nov 17 10:49:54 2017"
        },
        {
            "title": "Put perf integration behind a feature flag (#11455)",
            "flags": {
                "enableUserTimingAPI": "False"
            },
            "message": "Put perf integration behind a feature flag (#11455)\n\n* Enable User Timing API integration with a feature flag\r\n\r\n* Expose a way to toggle user timing flag in www\r\n\r\n* Update ReactNativeCSFeatureFlags.js\r\n\r\n* Update ReactFeatureFlags.js\r\n",
            "hash": "3b27160f82d9934f7ea9ddf064424634526702ca",
            "author": "Dan Abramov",
            "date": "Mon Nov 6 08:07:08 2017"
        },
        {
            "title": "Fix dead code elimination for feature flags (#11453)",
            "flags": {
                "enableAsyncSubtreeAPI": "True",
                "enableAsyncSchedulingByDefaultInReactDOM": "False",
                "enableReactFragment": "False",
                "enableCreateRoot": "False",
                "enableMutatingReconciler": "True",
                "enableNoopReconciler": "False",
                "enablePersistentReconciler": "False"
            },
            "message": "Fix dead code elimination for feature flags (#11453)\n\n* Fix dead code elimination for feature flags\r\n\r\nTurning flags into named exports fixes dead code elimination.\r\n\r\nThis required some restructuring of how we verify that flag types match up. I used the Check<> trick combined with import typeof, as suggested by @calebmer.\r\n\r\nFor www, we can no longer re-export `require('ReactFeatureFlags')` directly, and instead destructure it. This means flags have to be known at init time. This is already the case so it's not a problem. In fact it may be better since it removes extra property access in tight paths.\r\n\r\nFor things that we *want* to be dynamic on www (currently, only performance flag) we can export a function to toggle it, and then put it on the secret exports. In fact this is better than just letting everyone mutate the flag at arbitrary times since we can provide, e.g., a ref counting interface to it.\r\n\r\n* Record sizes\r\n",
            "hash": "46f7b0d9451c2ac6f5ec5efd2c12ba77a4e054d9",
            "author": "Dan Abramov",
            "date": "Mon Nov 6 06:14:48 2017"
        },
        {
            "title": "Put createRoot export under a feature flag (#11426)",
            "flags": {
                "enableCreateRoot": "False"
            },
            "message": "Put createRoot export under a feature flag (#11426)\n\n",
            "hash": "1e35f2b282a20b41000e6b048fa5a16e147d930b",
            "author": "Clement Hoang",
            "date": "Thu Nov 2 15:21:06 2017"
        },
        {
            "title": "Put React.Fragment under a feature flag (#11421)",
            "flags": {
                "enableReactFragment": "False"
            },
            "message": "Put React.Fragment under a feature flag (#11421)\n\n* Put React.Fragment under a feature flag\r\n\r\n* Don't export undefined Fragment\r\n",
            "hash": "0e15ff5669271f5f5956e30a4fe1ae5963778e89",
            "author": "Clement Hoang",
            "date": "Tue Oct 31 17:43:55 2017"
        },
        {
            "title": "[CS] Persistent Updates (#11260)",
            "flags": {
                "enableMutatingReconciler": "True",
                "enableNoopReconciler": "False",
                "enablePersistentReconciler": "False"
            },
            "message": "[CS] Persistent Updates (#11260)\n\n* Update build size\r\n\r\n* [CS] Clone container instead of new root concept\r\n\r\nThe extra \"root\" concept is kind of unnecessary. Instead of having a\r\nmutable container even in the persistent mode, I'll instead make the\r\ncontainer be immutable too and be cloned. Then the \"commit\" just becomes\r\nswapping the previous container for the new one.\r\n\r\n* Change the signature or persistence again\r\n\r\nWe may need to clone without any updates, e.g. when the children are changed.\r\n\r\nPassing in the previous node is not enough to recycle since it won't have the\r\nup-to-date props and children. It's really only useful to for allocation pooling.\r\n\r\n* Implement persistent updates\r\n\r\nThis forks the update path for host fibers. For mutation mode we mark\r\nthem as having an effect. For persistence mode, we clone the stateNode with\r\nnew props/children.\r\n\r\nNext I'll do HostRoot and HostPortal.\r\n\r\n* Refine protocol into a complete and commit phase\r\n\r\nfinalizeContainerChildren will get called at the complete phase.\r\nreplaceContainer will get called at commit.\r\n\r\nAlso, drop the keepChildren flag. We'll never keep children as we'll never\r\nupdate a container if none of the children has changed.\r\n\r\n* Implement persistent updates of roots and portals\r\n\r\nThese are both \"containers\". Normally we rely on placement/deletion effects\r\nto deal with insertions into the containers. In the persistent mode we need\r\nto clone the container and append all the changed children to it.\r\n\r\nI needed somewhere to store these new containers before they're committed\r\nso I added another field.\r\n\r\n* Commit persistent work at the end by swapping out the container\r\n\r\n* Unify cloneOrRecycle\r\n\r\nOriginally I tried to make the recyclable instance nullable but Flow didn't\r\nlike that and it's kind of sketchy since the instance type might not be\r\nnullable.\r\n\r\nHowever, the real difference which one we call is depending on whether they\r\nare equal. We can just offload that to the renderer. Most of them won't\r\nneed to know about this at all since they'll always clone or just create\r\nnew.\r\n\r\nThe ones that do know now have to be careful to compare them so they don't\r\nreuse an existing instance but that's probably fine to simplify the\r\nimplementation and API.\r\n\r\n* Add persistent noop renderer for testing\r\n\r\n* Add basic persistent tree test\r\n\r\n* Test bail out\r\n\r\nThis adds a test for bailouts. This revealed a subtle bug. We don't set the\r\nreturn pointer when stepping into newly created fibers because there\r\ncan only be one. However, since I'm reusing this mechanism for persistent\r\nupdates, I'll need to set the return pointer because a bailed out tree\r\nwon't have the right return pointer.\r\n\r\n* Test persistent text nodes\r\n\r\nFound another bug.\r\n\r\n* Add persistent portal test\r\n\r\nThis creates a bit of an unfortunate feature testing in the unmount\r\nbranch.\r\n\r\nThat's because we want to trigger nested host deletions in portals in the\r\nmutation mode.\r\n\r\n* Don't consider container when determining portal identity\r\n\r\nBasically, we can't use the container to determine if we should keep\r\nidentity and update an existing portal instead of recreate it. Because\r\nfor persistent containers, there is no permanent identity.\r\n\r\nThis makes it kind of strange to even use portals in this mode. It's\r\nprobably more ideal to have another concept that has permanent identity\r\nrather than trying to swap out containers.\r\n\r\n* Clear portals when the portal is deleted\r\n\r\nWhen a portal gets deleted we need to create a new empty container and\r\nreplace the current one with the empty one.\r\n\r\n* Add renderer mode flags for dead code elimination\r\n\r\n* Simplify ReactNoop fix\r\n\r\n* Add new type to the host config for persistent configs\r\n\r\nWe need container to stay as the persistent identity of the root atom.\r\nSo that we can refer to portals over time.\r\n\r\nInstead, I'll introduce a new type just to temporarily hold the children\r\nof a container until they're ready to be committed into the permanent\r\ncontainer. Essentially, this is just a fancy array that is not an array\r\nso that the host can choose data structure/allocation for it.\r\n\r\n* Implement new hooks\r\n\r\nNow containers are singletons and instead their children swap. That way\r\nportals can use the container as part of their identity again.\r\n\r\n* Update build size and error codes\r\n\r\n* Address comment\r\n\r\n* Move new files to new location\r\n",
            "hash": "b52a5624e95f77166ffa520476d68231640692f9",
            "author": "Sebastian Markb\u00e5ge",
            "date": "Wed Oct 18 18:28:23 2017"
        },
        {
            "title": "Add static injection for feature flags (#11269)",
            "flags": {
                "enableAsyncSchedulingByDefaultInReactDOM": "False"
            },
            "message": "Add static injection for feature flags (#11269)\n\n* Replace ReactDOMFeatureFlags with ReactFeatureFlags\r\n\r\n* Add static injection for feature flags\r\n",
            "hash": "dee604dbe287b34918073110c425078583f8fd9a",
            "author": "Dan Abramov",
            "date": "Wed Oct 18 10:40:52 2017"
        },
        {
            "title": "Remove disableNewFiberFeatures flag (#10585)",
            "flags": {
                "disableNewFiberFeatures": "removed"
            },
            "message": "Remove disableNewFiberFeatures flag (#10585)\n\n",
            "hash": "de05d2ededfee911c500a42d02b4661854051b3c",
            "author": "Dan Abramov",
            "date": "Thu Aug 31 18:23:08 2017"
        },
        {
            "title": "Enable opt-in to async mode (#10535)",
            "flags": {
                "enableAsyncSubtreeAPI": "True"
            },
            "message": "Enable opt-in to async mode (#10535)\n\nWhen the feature flag enableAsyncSubtreeAPI is true,\r\nReact.unstable_AsyncComponent creates an async subtree. When it's false,\r\nit behaves like a normal, sync React component. We use this flag in www\r\nas a fail safe so that if we ship an async bug, we can set the flag to\r\nfalse and revert back to sync mode.\r\n\r\nFor open source, we should enable the feature flag.",
            "hash": "83393bc2be12dfcc449fd4c1d0bf86260215e76f",
            "author": "Andrew Clark",
            "date": "Thu Aug 24 10:54:03 2017"
        },
        {
            "title": "Remove feature test from invokeGuardedCallbackDev (#10283)",
            "flags": {
                "forceInvokeGuardedCallbackDev": "removed"
            },
            "message": "Remove feature test from invokeGuardedCallbackDev (#10283)\n\nThe critical semantics are resilient to browser flakiness, so we don't\r\nneed this feature test.\r\n\r\nAlso added comments explaining how invokeGuardedCallback dev works.",
            "hash": "6c66d38d2549d14a3775a6a0687be6375967d009",
            "author": "Andrew Clark",
            "date": "Wed Jul 26 10:01:31 2017"
        },
        {
            "title": "Support throwing null (#10213)",
            "flags": {
                "forceInvokeGuardedCallbackDev": "False"
            },
            "message": "Support throwing null (#10213)\n\n* Support throwing null\r\n\r\nIn JavaScript, you can throw values of any type, not just errors. That\r\nincludes null. We currently rely on null checks to determine if a user-\r\nprovided function has thrown. This refactors our error handling code to\r\nkeep track of an explicit boolean flag instead.\r\n\r\n* Add DOM fixture test case for break on exception behavior\r\n\r\n* preventDefault error events during feature test\r\n\r\nWe call invokeGuardedCallbackDev at startup as part of a feature test.\r\nBut we don't want those errors to log to the console.\r\n\r\n* Add throwing null test case\r\n\r\n* Use ReactFeatureFlags instead of ReactDOMFeatureFlags\r\n\r\nReact ART uses this, too.\r\n\r\n* Non-errors in error logger\r\n\r\nIf a non-error is thrown, we'll coerce the value to a string and use\r\nthat as the message.\r\n",
            "hash": "4fcc25a22972ea07fbb2ddda62f8ccc89c81f175",
            "author": "Andrew Clark",
            "date": "Fri Jul 21 15:34:41 2017"
        },
        {
            "title": "Remove prepareNewChildrenBeforeUnmountInStack flag (#9872)",
            "flags": {
                "prepareNewChildrenBeforeUnmountInStack": "removed"
            },
            "message": "Remove prepareNewChildrenBeforeUnmountInStack flag (#9872)\n\n",
            "hash": "b840229286ac2a82fa49553ce793cf7b953d1845",
            "author": "Dan Abramov",
            "date": "Tue Jun 6 15:22:34 2017"
        },
        {
            "title": "Delete logTopLevelRenders flag and console timing (#9825)",
            "flags": {
                "logTopLevelRenders": "removed"
            },
            "message": "Delete logTopLevelRenders flag and console timing (#9825)\n\nThis was mostly used for timing of initial mounts. However, we haven't\r\nimplemented that in Fiber and yet nobody has complained despite running\r\nwithout it. Further more the update tracks any update within the tree,\r\nnot just updates to the props of the top level. This is much less useful\r\ndue to the variation.\r\n\r\nI could make this track initial mounts too but it's a bit awkward so I'd\r\nrather just delete it if possible. We can run the full profiling mode if\r\nwe want more coverage.",
            "hash": "9dcc60af3394f5e5f92a7cc9d54a68ce48795681",
            "author": "Sebastian Markb\u00e5ge",
            "date": "Thu Jun 1 10:00:45 2017"
        },
        {
            "title": "Remove enableAsyncSubtreeAPI from host config",
            "flags": {
                "enableAsyncSubtreeAPI": "False"
            },
            "message": "Remove enableAsyncSubtreeAPI from host config\n\nUse a ReactFeatureFlag instead. It won't be per-renderer, but we likely\nwon't need that.\n\nWhen enableAsyncSubtreeAPI is false, unstable_asyncUpdates is ignored,\nbut does not warn or throw. That way if we discover a bug in async mode,\nwe can flip the flag and revert back to sync without code changes.\n",
            "hash": "9b676a7d0b2160d7301944a1c9d9caec9087e795",
            "author": "Andrew Clark",
            "date": "Tue Apr 18 16:38:55 2017"
        },
        {
            "title": "Add feature flag to disable Fiber-specific features",
            "flags": {
                "disableNewFiberFeatures": "False"
            },
            "message": "Add feature flag to disable Fiber-specific features\n\nWe'll enable this in www in case we need to roll back to Stack.\n",
            "hash": "bf117f82e1acb4e20a0fd844f3494233cb1fb907",
            "author": "Andrew Clark",
            "date": "Wed Jan 11 17:41:13 2017"
        },
        {
            "title": "Prepare new composite child before removing old (#8572)",
            "flags": {
                "prepareNewChildrenBeforeUnmountInStack": "True"
            },
            "message": "Prepare new composite child before removing old (#8572)\n\nThis matches what we do in Fiber -- and doing it this way is the only way we can prepare new views in the background before unmounting old ones.\r\n\r\nIn particular, this breaks this pattern:\r\n\r\n```js\r\nclass Child1 extends React.Component {\r\n  render() { ... }\r\n  componentWillMount() {\r\n    this.props.registerChild(this);\r\n  }\r\n  componentWillUnmount() {\r\n    this.props.unregisterChild();\r\n  }\r\n}\r\n\r\nclass Child2 extends React.Component {\r\n  render() { ... }\r\n  componentWillMount() {\r\n    this.props.registerChild(this);\r\n  }\r\n  componentWillUnmount() {\r\n    this.props.unregisterChild();\r\n  }\r\n}\r\n\r\nclass Parent extends React.Component {\r\n  render() {\r\n    return (\r\n      showChild1 ?\r\n        <Child1\r\n          registerChild={(child) => this.registered = child}\r\n          unregisterChild={() => this.registered = null}\r\n        /> :\r\n        <Child2\r\n          registerChild={(child) => this.registered = child}\r\n          unregisterChild={() => this.registered = null}\r\n        />\r\n    );\r\n  }\r\n}\r\n```\r\n\r\nPreviously, `this.registered` would always be set -- now, after a rerender, `this.registered` gets stuck at null because the old child's componentWillUnmount runs *after* the new child's componentWillMount.\r\n\r\nA correct fix here is to use componentDidMount rather than componentWillMount. (In general, componentWillMount should not have side effects.) If Parent stored a list or set of registered children instead, there would also be no issue.",
            "hash": "ba8f24ba9937c6cec70e4cb00aa2ded02f7d5cdc",
            "author": "Sophie Alpert",
            "date": "Wed Dec 14 11:14:50 2016"
        },
        {
            "title": "Log top-level renders with console.time",
            "flags": {
                "logTopLevelRenders": "False"
            },
            "message": "Log top-level renders with console.time\n\nBehind a flag.\n",
            "hash": "a0f88d29df808137f0d95fde8d1ee5587540b4bb",
            "author": "Sophie Alpert",
            "date": "Mon Nov 30 19:31:31 2015"
        }
    ]
}