{
    "id": 120360765,
    "node_id": "MDEwOlJlcG9zaXRvcnkxMjAzNjA3NjU=",
    "name": "chromium",
    "full_name": "chromium/chromium",
    "private": false,
    "description": "The official GitHub mirror of the Chromium source",
    "fork": false,
    "created_at": "2018-02-05T20:55:32Z",
    "updated_at": "2019-12-23T09:52:03Z",
    "pushed_at": "2019-12-19T20:07:10Z",
    "homepage": "https://chromium.googlesource.com/chromium/src/",
    "size": 16013913,
    "stargazers_count": 5336,
    "watchers_count": 5336,
    "language": null,
    "has_issues": false,
    "has_projects": false,
    "has_downloads": true,
    "has_wiki": false,
    "has_pages": false,
    "forks_count": 2203,
    "archived": false,
    "disabled": false,
    "open_issues_count": 7,
    "forks": 2203,
    "open_issues": 7,
    "watchers": 5336,
    "default_branch": "master",
    "temp_clone_token": "",
    "network_count": 2203,
    "subscribers_count": 348,
    "languages": {}
}