{
    "id": 44234368,
    "node_id": "MDEwOlJlcG9zaXRvcnk0NDIzNDM2OA==",
    "name": "nakadi",
    "full_name": "zalando/nakadi",
    "private": false,
    "description": "A distributed event bus that implements a RESTful API abstraction on top of Kafka-like queues",
    "fork": false,
    "created_at": "2015-10-14T08:30:17Z",
    "updated_at": "2019-12-19T11:42:08Z",
    "pushed_at": "2019-12-19T11:42:09Z",
    "homepage": "https://nakadi.io",
    "size": 11684,
    "stargazers_count": 561,
    "watchers_count": 561,
    "language": "Java",
    "has_issues": true,
    "has_projects": false,
    "has_downloads": true,
    "has_wiki": true,
    "has_pages": true,
    "forks_count": 112,
    "archived": false,
    "disabled": false,
    "open_issues_count": 40,
    "forks": 112,
    "open_issues": 40,
    "watchers": 561,
    "default_branch": "master",
    "temp_clone_token": "",
    "network_count": 112,
    "subscribers_count": 40,
    "languages": {
        "Java": 2100558,
        "TSQL": 2370,
        "PLpgSQL": 1208,
        "Shell": 833,
        "Dockerfile": 353,
        "PLSQL": 112
    }
}