{
    "id": 213136498,
    "node_id": "MDEwOlJlcG9zaXRvcnkyMTMxMzY0OTg=",
    "name": "packages_apps_Launcher3",
    "full_name": "Bootleggers-BrokenLab/packages_apps_Launcher3",
    "private": false,
    "description": "Project: Black Hole over the Lettuce",
    "fork": false,
    "created_at": "2019-10-06T08:55:47Z",
    "updated_at": "2019-11-07T12:03:46Z",
    "pushed_at": "2019-11-07T12:03:43Z",
    "homepage": "",
    "size": 144832,
    "stargazers_count": 0,
    "watchers_count": 0,
    "language": "Java",
    "has_issues": true,
    "has_projects": true,
    "has_downloads": true,
    "has_wiki": true,
    "has_pages": false,
    "forks_count": 0,
    "archived": false,
    "disabled": false,
    "open_issues_count": 0,
    "forks": 0,
    "open_issues": 0,
    "watchers": 0,
    "default_branch": "queso",
    "temp_clone_token": "",
    "network_count": 0,
    "subscribers_count": 2,
    "languages": {
        "Java": 4650887,
        "Makefile": 19203,
        "Python": 10756
    }
}