{
    "date": "2019-12-20T18:24:10.331967",
    "commits": [
        {
            "title": "Add tg:v1.5 feature flag (#1586)",
            "flags": {
                "TGVersion1_5": "False"
            },
            "message": "Add tg:v1.5 feature flag (#1586)\n\nThis flag will disable setting of the TokenWithdrawer field on withdrawal receipts in the Binance Gateway contract.",
            "hash": "3bea1bec1657fd3bba7cf92147450345a1eb381f",
            "author": "Atcha  Prachayapron <40570367+atchapcyp@users.noreply.github.com>",
            "date": "Wed Nov 20 19:47:26 2019"
        },
        {
            "title": "Add feature flag to enable fees for LOOM withdrawals via Binance Gateway (#1583)",
            "flags": {
                "TGVersion1_4": "False"
            },
            "message": "Add feature flag to enable fees for LOOM withdrawals via Binance Gateway (#1583)\n\n",
            "hash": "46306495435fbb289ea4723c38df68da22c36b70",
            "author": "Deeprom <grooveeeeee@gmail.com>",
            "date": "Mon Nov 18 01:18:12 2019"
        },
        {
            "title": "Add TG v1.3 feature flag for precision adjustment on transfers via Binance Gateway (#1580)",
            "flags": {
                "TGVersion1_2": "False",
                "TGVersion1_3": "False"
            },
            "message": "Add TG v1.3 feature flag for precision adjustment on transfers via Binance Gateway (#1580)\n\nAlso fix the name of the `TGVersion1_2` feature flag. Fortunately we haven't enabled this flag anywhere yet, so it's safe to rename it.",
            "hash": "90badc4816421fb56a6699d4ca5cc89876107bac",
            "author": "Lock Phoorichet <phoorichet.t@gmail.com>",
            "date": "Tue Nov 12 20:46:38 2019"
        },
        {
            "title": "Add coin:v1.3 feature flag to allow mint & burn via Binance Gateway (#1578)",
            "flags": {
                "CoinVersion1_3Feature": "False"
            },
            "message": "Add coin:v1.3 feature flag to allow mint & burn via Binance Gateway (#1578)\n\n\r\n",
            "hash": "9436ff37e736b27bc6a52421df63f02bedf6e9a7",
            "author": "Vadim Macagon <vadim.macagon@gmail.com>",
            "date": "Mon Nov 11 21:23:34 2019"
        },
        {
            "title": "Make eth_sendRawTransaction accept signed Ethereum txs (#1227)",
            "flags": {
                "EthTxFeature": "False"
            },
            "message": "Make eth_sendRawTransaction accept signed Ethereum txs (#1227)\n\nThe eth_sendRawTransaction RPC method on the /eth endpoint now works similarly to the way one would expect it to work on an Ethereum node. Any Ethereum tx submitted via the eth_sendRawTransaction RPC method is first wrapped in a SignedTx, which is then submitted to the mempool. The SignedTx itself is unsigned so the signer address is recovered from the wrapped Ethereum tx and mapped to a local account on the chain, which means that an account mapping between the signer's Ethereum account and a local account must exist before eth_sendRawTransaction can accept signed Ethereum txs from that signer.\r\n\r\nA number of other issues with the Web3 JSON-RPC interface have been fixed (some related, some not so much):\r\n- https://github.com/loomnetwork/loomchain/issues/1377\r\n- https://github.com/loomnetwork/loomchain/issues/1376\r\n- https://github.com/loomnetwork/loomchain/issues/1434\r\n\r\neth_getTransactionCount has also been fixed, it now expects to be given an Ethereum address instead of a local address, a mapping must exist between the Ethereum address and a local address for this method to return a valid nonce. The nonce handler truffle tests have been fixed to call eth_getTransactionCount with an Ethereum address instead of a local address, and account mapping are now created prior to the each nonce test case.\r\n\r\nCo-authored-by: Vadim Macagon <vadim.macagon@gmail.com>",
            "hash": "d36e3dc31a5aaf0fde76cac70be7efed27d8192a",
            "author": "Piers Shepperson <piers.shepperson@btinternet.com>",
            "date": "Tue Oct 15 11:46:52 2019"
        },
        {
            "title": "Add withdrawal limit feature flag (#1505)",
            "flags": {
                "TGWithdrawalLimitFeature": "False"
            },
            "message": "Add withdrawal limit feature flag (#1505)\n\n\r\n\r\n* Point to withdrawal branch\r\n\r\n* Force pull tg branch\r\n\r\n* Revert change\r\n\r\n* Disable Go module\r\n\r\n* Revert change\r\n\r\n* Tweak set-withdrawal-limit cmd\r\n\r\n* Fix wrong args check\r\n\r\n* Allow set withdrawal on Binance Gateway\r\n\r\n* Edit comments\r\n\r\n* Prevent setting 0 to set limit amount cmd\r\n\r\n* Fix wrong cmp type\r\n\r\n* Cleanup\r\n\r\n* Switch back to go-loom & TG master\r\n",
            "hash": "d0e6718979ef9057b18bca1e0fd1a4dab35076c0",
            "author": "Lock Phoorichet <phoorichet.t@gmail.com>",
            "date": "Mon Oct 7 20:26:37 2019"
        },
        {
            "title": "Make node panic on unsupported build number (#1507)",
            "flags": {
                "ChainCfgVersion1_4": "False"
            },
            "message": "Make node panic on unsupported build number (#1507)\n\nPreviously it was possible to start a node from a jump-start on an older build than the one that was used to create the jump-start. If there were no hard fork changes this worked fine, but if the newer build was used to activate features or apply on-chain config changes that weren't supported by the older build the node was highly likely to encounter an app hash mismatch sooner or later.\r\n\r\nTo prevent such mishaps the minimum required build is now tracked on-chain, so each time a feature flag is activated, or an on-chain config setting is applied the minimum required build is bumped if needed. The node checks the minimum build number on startup and panics if it detects the current build is older than the minimum required build at the node's current app height.",
            "hash": "aa696abda2d0bba2df978587dc86a4ee79ce8f89",
            "author": "Atcha  Prachayapron <40570367+atchapcyp@users.noreply.github.com>",
            "date": "Mon Oct 7 11:07:25 2019"
        },
        {
            "title": "Add receipts:v3.4 feature flag to revert back to old EVM tx hash algo (#1504)",
            "flags": {
                "EvmTxReceiptsVersion3_4": "False"
            },
            "message": "Add receipts:v3.4 feature flag to revert back to old EVM tx hash algo (#1504)\n\nOn new clusters `receipts:v3.4` should be enabled first, followed by `receipts:v3.1`.\r\n`receipts:v3.2` and `receipts.v3.3` should not be enabled at all.",
            "hash": "d60731829e0f0a82499633d0593fc8290afbc1e6",
            "author": "Vadim Macagon <vadim.macagon@gmail.com>",
            "date": "Thu Sep 26 02:49:17 2019"
        },
        {
            "title": "Fix EVM tx hash generation algo (#1500)",
            "flags": {
                "EvmTxReceiptsVersion3_3": "False"
            },
            "message": "Fix EVM tx hash generation algo (#1500)\n\nThe previous EVM tx hash generation code that was used when `receipts:v3.1` and `receipts:v3.2` feature flags were activated did not produce a unique hash for EVM txs. The fixed EVM tx hash generation code can be enabled via the `receipts:v3.3` feature flag.",
            "hash": "294a1e46090c63a9c7ec54a22634544da63d1c4c",
            "author": "Ohm <pathorn.teng@gmail.com>",
            "date": "Wed Sep 25 02:43:06 2019"
        },
        {
            "title": "Fix EVM tx hash generation algorithm (#1481)",
            "flags": {
                "EvmTxReceiptsVersion3_2": "False"
            },
            "message": "Fix EVM tx hash generation algorithm (#1481)\n\nCurrently the tx hash generated for an EVM tx is actually a hash of the tx receipt (not even the final one, some intermediate version of it), this makes it impossible for a client to figure out what the tx hash will be before submitting an EVM tx. When the `receipts:v2` feature flag is enabled the EVM transaction hash generation algorithm will change to mimic Ethereum so that the hash can be obtained client-side before the tx is submitted to a node.",
            "hash": "77fd6f32d31c085e2b09f06a2b113a57f13c2f9e",
            "author": "Ohm <pathorn.teng@gmail.com>",
            "date": "Wed Sep 18 00:30:20 2019"
        },
        {
            "title": "Store EVM tx receipts for txs that fail (#1399)",
            "flags": {
                "EvmTxReceiptsVersion3_1": "False"
            },
            "message": "Store EVM tx receipts for txs that fail (#1399)\n\nPreviously EVM tx receipts were only stored for EVM txs that didn't error out, this presented a problem because EVM txs that fail are still committed to a block and the block explorer expects to be able to find a receipt for each tx in a block. Now (after the `receipts:v3` feature flag is activated) receipts will be stored for all EVM txs, regardless of whether they succeeded or not.\r\n\r\nNOTE: `NonceHandler.IncNonceOnFailedTx` should be enabled in the on-chain config before the `receipts:v3` feature flag. This will ensure that EVM tx hashes are generated with the correct nonce.\r\n\r\nCo-authored-by: Vadim Macagon <vadim.macagon@gmail.com>",
            "hash": "8940d2551afbcf2e6687bb394d72a71ccb9a5e3b",
            "author": "Ohm <pathorn.teng@gmail.com>",
            "date": "Fri Sep 13 02:59:43 2019"
        },
        {
            "title": "Disable saving of EVM tx receipts for EVM calls from Go contracts by default (#1473)",
            "flags": {
                "EvmTxReceiptsVersion3": "False"
            },
            "message": "Disable saving of EVM tx receipts for EVM calls from Go contracts by default (#1473)\n\nPR #1401 introduced a replay breaking change that should've been behind a feature flag. The breakage could be reproduced whenever a block included a Go tx that called the EVM, followed by one or more EVM txs. The hashes generated for EVM txs currently depend on the number of EVM tx receipts saved in each block because the EVM tx hash is currently generated by hashing the EVM tx receipt, which includes the `TransactionIndex`. The `TransactionIndex` in the receipt is currently set to match the number of EVM tx receipts generated in the block thus far, so saving one extra receipt ends up changing the EVM tx hashes in the block. The EVM tx hashes are included in the DeliverTx result which Tendermint hashes as part of the block info.\r\n\r\nTo address this problem a new `receipts:v3` feature flag has been added to safely enable the new behaviour on clusters where the build with the breaking change hasn't been deployed yet. On clusters where this behaviour has already been enabled a `ReceiptsVersion: 3` must be set in `loom.yml` when upgrading to the new build, followed by enabling of the `receipts:v3` feature flag. The `loom.yml` setting will be deprecated in the near future once all clusters have the new feature flag enabled.",
            "hash": "d81b8d3ff5174da6c6bff3d33fce2ef468c8506c",
            "author": "Ohm <pathorn.teng@gmail.com>",
            "date": "Thu Sep 5 06:11:22 2019"
        },
        {
            "title": "Make NonceTxMiddleware behavior configurable via on-chain config (#1448)",
            "flags": {
                "IncrementNonceOnFailedTxFeature": "removed"
            },
            "message": "Make NonceTxMiddleware behavior configurable via on-chain config (#1448)\n\nSeeing as the nonce handler is an endless source of fun it's better to enable new behavior via the on-chain config rather than a feature flag, we can easily disable the new behavior via the on-chain config if it doesn't work as expected.",
            "hash": "6891b94d3292f8aaca54f92a507cc6ed4502eec2",
            "author": "Ohm <pathorn.teng@gmail.com>",
            "date": "Thu Aug 29 02:45:46 2019"
        },
        {
            "title": "Add new feature flag for enabling extra TG validation (#1438)",
            "flags": {
                "TGVersion1_2": "False"
            },
            "message": "Add new feature flag for enabling extra TG validation (#1438)\n\n",
            "hash": "c36110f0a891d508f4ba4dae0e6fc1bb0aa79fd3",
            "author": "Traisak Traisenee <traisak@loomx.io>",
            "date": "Tue Aug 27 05:06:55 2019"
        },
        {
            "title": "Add ability to provide input parameters for migration txs (#1431)",
            "flags": {
                "MigrationTxVersion1_1Feature": "False"
            },
            "message": "Add ability to provide input parameters for migration txs (#1431)\n\nAlso add `tx:migration:v1.1` feature so the input parameters for the migrations aren't persisted to the app store.",
            "hash": "f63901f24de34c4acc1667acd79b6e2b85b4b8ef",
            "author": "Traisak Traisenee <traisak@loomx.io>",
            "date": "Fri Aug 23 03:34:43 2019"
        },
        {
            "title": "Increment nonce for failed txs (#1410)",
            "flags": {
                "IncrementNonceOnFailedTxFeature": "False"
            },
            "message": "Increment nonce for failed txs (#1410)\n\nIncrement account nonce unconditionally in DeliverTx, that way the account nonce will match the number of txs committed to the chain by that account, regardless of whether the txs were successful or not.",
            "hash": "18544970980fa177909586cca9a2b97d3a870104",
            "author": "Ohm <pathorn.teng@gmail.com>",
            "date": "Thu Aug 22 11:38:43 2019"
        },
        {
            "title": "Add on-chain config (#1277)",
            "flags": {
                "ChainCfgVersion1_3": "False"
            },
            "message": "Add on-chain config (#1277)\n\nThe on-chain config provides a way to tweak cluster-wide settings, \r\n\r\nEach change to the on-chain config has an associated minimum build number, once a sufficient number of the validators have upgraded to that build the change is applied to the on-chain config. Any node that isn't running the minimum required build when a config change goes into effect will panic in `Application.BeginBlock`, in most cases it should be possible to bring the node back online by simply restarting the node on a newer build.\r\n\r\nThe new on-chain config functionality will only be available once the `chaincfg:v1.3` feature flag is activated. The loom CLI has been extended with the following commands:\r\n- chain-cfg list-pending-actions - shows a list of pending changes to the on-chain config.\r\n- chain-cfg config - shows the current on-chain config.\r\n- `chain-cfg set-setting <key> --value <string> --build <min-build-number> -k <chain-cfg-owner-key>`\r\n\r\nOnly the ChainConfig contract owner can change on-chain config settings.",
            "hash": "507170c5252ea841e471540b5347d7b44d4dee7c",
            "author": "Ohm <pathorn.teng@gmail.com>",
            "date": "Tue Aug 20 00:48:23 2019"
        },
        {
            "title": "Add TGVersion1_1 feature flag (#1418)",
            "flags": {
                "TGVersion1_1": "False"
            },
            "message": "Add TGVersion1_1 feature flag (#1418)\n\n",
            "hash": "4c33b7a9fc5cf67400a6c0e56d914fc6460aebe8",
            "author": "Traisak Traisenee <traisak@loomx.io>",
            "date": "Sun Aug 18 22:32:26 2019"
        },
        {
            "title": "Add ListReferrers method to dpos3 contract (#1320)",
            "flags": {
                "DPOSVersion3_5": "False"
            },
            "message": "Add ListReferrers method to dpos3 contract (#1320)\n\n* Add new ListReferrers method to DPOSv3\r\n* Add new `dpos:v3.5` feature flag to support new list-referrers command\r\n* Fix up feature flag descriptions\r\n* Add stricter validation of referrer names",
            "hash": "cc4d6f2ed4f06368599fc8ac3dbfb98a33d4e0a2",
            "author": "Atcha  Prachayapron <40570367+atchapcyp@users.noreply.github.com>",
            "date": "Wed Aug 7 02:46:43 2019"
        },
        {
            "title": "Add additional request validation to coin & ETH coin contracts (#1352)",
            "flags": {
                "CoinVersion1_2Feature": "False"
            },
            "message": "Add additional request validation to coin & ETH coin contracts (#1352)\n\nNew validation checks can be enabled via the `coin:v1.2` feature flag.",
            "hash": "dfb91b02b2690a998a27696a2bfdc03c8e0fd5df",
            "author": "Atcha  Prachayapron <40570367+atchapcyp@users.noreply.github.com>",
            "date": "Wed Jul 31 03:10:35 2019"
        },
        {
            "title": "Fix invalid encoding of tx values returned by JSON-RPC interface (#1350)",
            "flags": {
                "CheckTxValueFeature": "False"
            },
            "message": "Fix invalid encoding of tx values returned by JSON-RPC interface (#1350)\n\nbig.Int values were being converted to int64 before being returned via web3 JSON-RPC which resulted in overflow in some cases.\r\n\r\nThis also adds a check that can be enabled via the `tx:check-value` feature flag, though it's not strictly necessary since negative values can't currently be passed in anyway because protobuf unmarshaling of big.Int doesn't support negative values.",
            "hash": "f6cb595d0f05136ec89c9fd87f0ba160d75a5ff3",
            "author": "Piers Shepperson <piers.shepperson@btinternet.com>",
            "date": "Mon Jul 29 04:42:11 2019"
        },
        {
            "title": "Add distinct feature flags to enable Binance contract & account mapping",
            "flags": {
                "TGBinanceContractMappingFeature": "False",
                "AddressMapperVersion1_1": "False",
                "AuthSigTxDefault": "removed",
                "AuthSigTxEth": "removed",
                "AuthSigTxTron": "removed",
                "AuthSigTxBinance": "removed",
                "MultiChainSigTxMiddlewareVersion1_1": "False"
            },
            "message": "Add distinct feature flags to enable Binance contract & account mapping\n\nAlso added a feature flag to enable chain-specific sig type checks.\n",
            "hash": "23dc8cff6780fb3df2f61917e862f2131a57861f",
            "author": "Vadim Macagon <vadim.macagon@gmail.com>",
            "date": "Mon Jul 29 00:46:16 2019"
        },
        {
            "title": "Add support for mapping of BEP2 contracts to DAppChain EVM contracts",
            "flags": {
                "AuthSigTxDefault": "False",
                "AuthSigTxEth": "False",
                "AuthSigTxTron": "False",
                "AuthSigTxBinance": "False"
            },
            "message": "Add support for mapping of BEP2 contracts to DAppChain EVM contracts\n\n- Add ability to map Binance BEP2 contracts to DAppChain EVM contracts via the Binance Gateway\n- Add map-binance-contracts command to gateway CLI\n- Add Binance signed tx type\n",
            "hash": "d5085e3bf29367f162db31f3dbbe1e6a87bdd6e2",
            "author": "Phoorichet Thepdusith <phoorichet.t@gmail.com>",
            "date": "Mon Jul 29 00:36:14 2019"
        },
        {
            "title": "Add evm:constantinople feature flag to enable Constantinople fork in EVM (#1345)",
            "flags": {
                "EvmConstantinopleFeature": "False"
            },
            "message": "Add evm:constantinople feature flag to enable Constantinople fork in EVM (#1345)\n\n",
            "hash": "fce3466c2bec069a6e7b03993b17ece94caa8374",
            "author": "Parth <desaiparth08@gmail.com>",
            "date": "Thu Jul 25 01:46:00 2019"
        },
        {
            "title": "Add a new parameter to DPOS state for toggling jailing of offline validators (#1327)",
            "flags": {
                "DPOSVersion3_4": "False"
            },
            "message": "Add a new parameter to DPOS state for toggling jailing of offline validators (#1327)\n\n- Add `dpos3 enable-validator-jailing` command to toggle offline validator jailing.\r\n- Add `dpos:v3.4` feature flag to enable the validator jailing switch.\r\n- Add usage examples to dpos3 commands.\r\n",
            "hash": "422a5dbdaddaba2c7ac541b2c8654ee76b637f0f",
            "author": "Atcha  Prachayapron <40570367+atchapcyp@users.noreply.github.com>",
            "date": "Wed Jul 24 21:59:02 2019"
        },
        {
            "title": "Make per-contract tx limiter to block call txs to inactive contracts (#1298)",
            "flags": {
                "UserDeployerWhitelistVersion1_2Feature": "False"
            },
            "message": "Make per-contract tx limiter to block call txs to inactive contracts (#1298)\n\nA contract becomes inactive (as far as the tx limiter is concerned) when the deployer account that was used to deploy the contract is marked as inactive.",
            "hash": "238af45b67196590f600f67ba13419a8282d4c28",
            "author": "mukul singla <mukul9971@gmail.com>",
            "date": "Mon Jul 22 01:54:05 2019"
        },
        {
            "title": "Put user deployer whitelist contract changes behind a feature flag",
            "flags": {
                "UserDeployerWhitelistVersion1_1Feature": "False"
            },
            "message": "Put user deployer whitelist contract changes behind a feature flag\n\nThe new fields added to support per-contract tx limiter cannot be set\nuntil the entire cluster has been upgraded.\n\nAlso fix e2e test to detect errors & fix divide by zero in tx limiter.\nThe block range for a tier should be non-zero, but if someone forgets to\nset it on an existing cluster where a previous version of the user\ndeployer whitelist contract was deployed the node shouldn't panic.\n",
            "hash": "3d7b3639742ae29eecc394b3fac4acca0150cd60",
            "author": "Vadim Macagon <vadim.macagon@gmail.com>",
            "date": "Tue Jul 9 12:10:03 2019"
        },
        {
            "title": "Add AllowNamedEvmContracts config setting for tests (#1282)",
            "flags": {
                "DeployTxVersion1_1Feature": "False"
            },
            "message": "Add AllowNamedEvmContracts config setting for tests (#1282)\n\nSetting `AllowNamedEvmContracts: true` in `loom.yml` will allow tests to deploy named EVM contracts.\r\nThis also fixes an issue with the contract registration on deployment where registration errors were silently ignored.\r\n",
            "hash": "2a1ed72fda185c8f672438dd163b8090e9e3a019",
            "author": "Atcha  Prachayapron <40570367+atchapcyp@users.noreply.github.com>",
            "date": "Mon Jul 8 04:40:16 2019"
        },
        {
            "title": "Add on-chain validator build number tracking  (#1265)",
            "flags": {
                "ChainCfgVersion1_2": "False"
            },
            "message": "Add on-chain validator build number tracking  (#1265)\n\nValidator nodes now self-report their build number to the rest of the chain on startup, the build number for each validator is tracked by the ChainConfig contract.\r\n\r\nThe chain-cfg command now has three new sub-commands, set-validator-info, get-validator-info, and  list-validators.",
            "hash": "999b8fab180382e397675674f334b6c300e0dd2f",
            "author": "Atcha  Prachayapron <40570367+atchapcyp@users.noreply.github.com>",
            "date": "Tue Jul 2 05:35:03 2019"
        },
        {
            "title": "Jail offline validators  (#1250)",
            "flags": {
                "DPOSVersion3_3": "False"
            },
            "message": "Jail offline validators  (#1250)\n\nThis adds a new DPOSv3 feature that will jail validators that have been offline (i.e. not signing any blocks) for 4 consecutive downtime periods (each period is defined as N consecutive blocks). While jailed neither the validator nor any of its delegators will receive rewards. Validators can unjail themselves once they've started signing again, currently there's no fee for unjailing.",
            "hash": "065e9e38eb59272c59af4bf63c5a482b914e3bc7",
            "author": "Ohm <pathorn.teng@gmail.com>",
            "date": "Sun Jun 30 22:06:13 2019"
        },
        {
            "title": "Add TGFixERC721Feature flag (#1266)",
            "flags": {
                "TGFixERC721Feature": "False"
            },
            "message": "Add TGFixERC721Feature flag (#1266)\n\n",
            "hash": "e5a5127cbf6b7342fcfeab8a3a33cb5f420b4997",
            "author": "Traisak Traisenee <traisak@loomx.io>",
            "date": "Tue Jun 25 04:15:01 2019"
        },
        {
            "title": "Added TGCheckZeroAmount flag (#1247)",
            "flags": {
                "TGCheckZeroAmount": "False"
            },
            "message": "Added TGCheckZeroAmount flag (#1247)\n\n",
            "hash": "4d6789238f8998fafce81f2a0edac7446983a227",
            "author": "Traisak Traisenee <traisak@loomx.io>",
            "date": "Wed Jun 19 04:33:33 2019"
        },
        {
            "title": "Move BloomFilter and EVM TxHash out of app.db (#1180)",
            "flags": {
                "AuxEvmDBFeature": "False"
            },
            "message": "Move BloomFilter and EVM TxHash out of app.db (#1180)\n\nPreviously EVM bloom filters & tx hashes were stored in `app.db`, now they'll be stored in `receipts_db` in addition to `app.db` until the feature flag `db:auxevm` is activated. Once the feature flag is activated  EVM bloom filters & tx hashes will only be stored in `receipts_db`. Regardless of whether or not the feature flag is active or not the bloom filters & tx hashes will only be read out of `receipts_db` from here on out.",
            "hash": "ca10aba30d44d8c552479bfa137c73a0663d6574",
            "author": "Ohm <pathorn.teng@gmail.com>",
            "date": "Mon Jun 10 06:47:42 2019"
        },
        {
            "title": "Merge pull request #1191 from loomnetwork/slash-metric",
            "flags": {
                "DPOSVersion3_2": "False",
                "AppStoreVersion3_1": "False"
            },
            "message": "Merge pull request #1191 from loomnetwork/slash-metric\n\nadding basic downtime metric functionality",
            "hash": "30be341d55e48968e0019422b64ae103c522a782",
            "merge": "1eaf38ca 6b498974",
            "author": "Roy Blankman <blankman@boustro.com>",
            "date": "Thu Jun 6 08:19:00 2019"
        },
        {
            "title": "Only write EVM state root to IAVL store when the root changes (#1214)",
            "flags": {
                "AppStoreVersion3_1": "False"
            },
            "message": "Only write EVM state root to IAVL store when the root changes (#1214)\n\nPreviously MultiWriterAppStore wrote the EVM root to app.db on every block, this seems to have caused some kind of rebalancing of the IAVL tree, which resulted in the app hash changing every block, which in turn forced Tendermint to create a new empty block. As a result, `CreateEmptyBlocks: false` in `loom.yaml` stopped working as intended when the MultiWriterAppStore was enabled. To fix this problem we now check if the EVM root has actually changed before writing it to the IAVL store. A new feature flag has been added to deploy this fix to production.",
            "hash": "1eaf38ca1543698feb0fde3abdc9f84afbea3d00",
            "author": "Ohm <pathorn.teng@gmail.com>",
            "date": "Thu Jun 6 06:06:56 2019"
        },
        {
            "title": "Merge branch 'master' into slash-metric",
            "flags": {
                "TGHotWalletFeature": "False",
                "DPOSVersion3_2": "False"
            },
            "message": "Merge branch 'master' into slash-metric\n",
            "hash": "2e856642871549d82829443c90e9eda91a630b85",
            "merge": "aea899d7 76d5bc7a",
            "author": "Vadim Macagon <vadim.macagon@gmail.com>",
            "date": "Thu Jun 6 05:09:16 2019"
        },
        {
            "title": "Add TGHotWalletFeature (#1206)",
            "flags": {
                "TGHotWalletFeature": "False"
            },
            "message": "Add TGHotWalletFeature (#1206)\n\n",
            "hash": "86da2faeef6e465320666513a1702c5a94027352",
            "author": "Parth <desaiparth08@gmail.com>",
            "date": "Wed Jun 5 22:41:28 2019"
        },
        {
            "title": "changing dpos slashing metrics flag name",
            "flags": {
                "DPOSSlashing": "removed",
                "DPOSVersion3_2": "False"
            },
            "message": "changing dpos slashing metrics flag name\n",
            "hash": "f4d1e9e41788c64be0a68266185fe5363c2cb253",
            "author": "Roy Blankman <blankman@boustro.com>",
            "date": "Wed Jun 5 05:11:10 2019"
        },
        {
            "title": "adding basic downtime metric functionality",
            "flags": {
                "DPOSSlashing": "False"
            },
            "message": "adding basic downtime metric functionality\n\nchanging code to use 4 downtime periods\n\nfixing issue related to tendermint address hashing differences\n\nfixes\n\nadding DowntimeRecord function\n\nadding some downtime e2e tests tests\n\nadding adjustable downtime period\n\nremoving outdated comment line\n\nadding field to downtimerecordrepsonse\n\nfixing up e2e tests\n\nupdating dpos_test.go file\n\nresponding to PR comments\n\nremoving another wrapper function\n\nresetting makefile\n\navoiding multiple loads of the candidates array\n",
            "hash": "33e76616175b2235f4aa18c73570d467a5532159",
            "author": "Roy Blankman <blankman@boustro.com>",
            "date": "Fri May 31 09:52:37 2019"
        },
        {
            "title": "Add UserDeployerWhitelist contract & middleware (#1114)",
            "flags": {
                "UserDeployerWhitelistFeature": "False"
            },
            "message": "Add UserDeployerWhitelist contract & middleware (#1114)\n\nCo-authored-by: Parth <desaiparth08@gmail.com>\r\nCo-authored-by: Suhas <suhasagg@gmail.com>\r\nCo-authored-by: Mukul <mukul9971@gmail.com>",
            "hash": "892f80374b8c9671ac16dff2bee6e228df959106",
            "author": "Parth <desaiparth08@gmail.com>",
            "date": "Wed May 29 03:43:35 2019"
        },
        {
            "title": "updating flag name",
            "flags": {
                "DPOSV3RewardsFeature": "removed",
                "DPOSVersion3_1": "False"
            },
            "message": "updating flag name\n",
            "hash": "ca732bb512c3587c1babde4c57544dde4c7eb83b",
            "author": "Roy Blankman <blankman@boustro.com>",
            "date": "Mon May 20 21:24:52 2019"
        },
        {
            "title": "basic implementation of rounding-free rewards calculations",
            "flags": {
                "DPOSV3RewardsFeature": "False"
            },
            "message": "basic implementation of rounding-free rewards calculations\n\nadding basic tests for rewards rounding changes\n\nfixing bug re: to clearning update amounts\n\nexpanding tests to include referrer rewards\n\nadding whitelist reward calculation test\n\ncosmetic changes\n",
            "hash": "c81f527e9e8611f7274e9e7e77e36d35a90f5539",
            "author": "Roy Blankman <blankman@boustro.com>",
            "date": "Mon May 20 10:23:43 2019"
        },
        {
            "title": "updating flag name",
            "flags": {
                "DPOSV3RewardsFeature": "removed",
                "DPOSVersion3_1": "False"
            },
            "message": "updating flag name\n",
            "hash": "8375575e6b979f3069e2f4c338819e096ae31475",
            "author": "Roy Blankman <blankman@boustro.com>",
            "date": "Mon May 20 21:24:52 2019"
        },
        {
            "title": "basic implementation of rounding-free rewards calculations",
            "flags": {
                "DPOSV3RewardsFeature": "False"
            },
            "message": "basic implementation of rounding-free rewards calculations\n\nadding basic tests for rewards rounding changes\n\nfixing bug re: to clearning update amounts\n\nexpanding tests to include referrer rewards\n\nadding whitelist reward calculation test\n\ncosmetic changes\n",
            "hash": "71366054c15afb7dcabe9837f8e0ce1c1350ee49",
            "author": "Roy Blankman <blankman@boustro.com>",
            "date": "Mon May 20 10:23:43 2019"
        },
        {
            "title": "Add MultiWriterAppStore",
            "flags": {
                "EvmDBFeature": "False"
            },
            "message": "Add MultiWriterAppStore\n",
            "hash": "87839bf4d1b5ad8e69fb35a509c11515c7dd03a6",
            "author": "pathornteng <pathorn.teng@gmail.com>",
            "date": "Tue May 14 22:24:49 2019"
        },
        {
            "title": "Fix Coin.Transfer & TransferFrom (#1068)",
            "flags": {
                "CoinVersion1_1Feature": "False"
            },
            "message": "Fix Coin.Transfer & TransferFrom (#1068)\n\n* add invariant checks to coin\r\n\r\n* updating coin\r\n\r\n* updating coin\r\n\r\n* Add another test for coin.Transfer\r\n\r\n* add back legacy methods\r\n\r\n* add back legacy methods\r\n\r\n* Add coin:v1.1 feature flag & tests for Coin.TransferFrom\r\n",
            "hash": "932daf313bee89ec1ff4f5ddcd7538894cca3d39",
            "author": "Vadim Macagon <vadim.macagon@gmail.com>",
            "date": "Thu May 2 23:12:28 2019"
        },
        {
            "title": "Hook DPOS into StoreState.Validators() (#945)",
            "flags": {
                "ChainCfgVersion1_1": "False"
            },
            "message": "Hook DPOS into StoreState.Validators() (#945)\n\n`StoreState.Validators()` now returns either the current validator set from either the DPOS v3 contract, the DPOS v2, or from the TM genesis file if neither contract is enabled. `StoreState.Validators()` is hooked up to the `Validators()` function on the contract context.\r\n\r\nThe ChainConfig contract has been refactored slightly to use `StoreState.Validators()` (via the contract context) instead of querying the DPOS contracts directly, the new behavior is behind a feature flag named `chaincfg:v1.1`.\r\n\r\nThe DPOS v1 contract no longer calls `SetValidatorPower` via the contract context, this should a backwards compatible change since the validator power changes were never persisted to `app.db`, nor propagated to Tendermint.",
            "hash": "af07ea9f00db7fad4783514d002cb99a9e35436f",
            "author": "Ohm <pathorn.teng@gmail.com>",
            "date": "Mon Apr 22 20:14:08 2019"
        },
        {
            "title": "Update deployer whitelist e2e test for migration permission (#965)",
            "flags": {
                "DPOSVersion2_1": "False"
            },
            "message": "Update deployer whitelist e2e test for migration permission (#965)\n\nAlso bumped the e2e test timeout from 25 to 28 minutes, since we've been\r\nadding new e2e tests lately and they don't always have enough time to\r\nfinish.\r\n",
            "hash": "356385b79eed03c6802fff4b741f9e83c10aed11",
            "author": "Vadim Macagon <vadim.macagon@gmail.com>",
            "date": "Mon Apr 8 10:33:53 2019"
        },
        {
            "title": "Add feature flag to enable storage of EVM tx receipts in separate DB",
            "flags": {
                "EvmTxReceiptsVersion2Feature": "False"
            },
            "message": "Add feature flag to enable storage of EVM tx receipts in separate DB\n",
            "hash": "ea610ce38d3aedea6d966b2af00bba0f12edd39c",
            "author": "Piers Shepperson <piers.shepperson@btinternet.com>",
            "date": "Sun Apr 7 22:48:00 2019"
        },
        {
            "title": "DPOS v2.1 (#959)",
            "flags": {
                "DPOSVersion2_1": "False"
            },
            "message": "DPOS v2.1 (#959)\n\nfeature: DPOSv2.1 updates\r\n\r\n* Add DPOSVersion 2.1 feature flag, improve default config values\r\n* add function for weighted whitelist and modify utils for granular rewards\r\n* add function to change whitelist locktime tier\r\n* give granular rewards and whitelist bonuses if v2.1 feature flag is enabled\r\n* Build internal plugins with the same build tags as loom itself\r\n* Remove go-solidity-sha3 from Gopkg.lock. This is a shared dependency with go-loom so it shouldn't be vendored.\r\n* fix the loom.yml template.\r\n",
            "hash": "9a32a65f794a9a1c0184d73f98d023fdf7934473",
            "author": "Georgios Konstantopoulos <me@gakonst.com>",
            "date": "Fri Apr 5 10:20:19 2019"
        },
        {
            "title": "Revert \"Fix dposv2 bugs (#948)\" (#957)",
            "flags": {
                "DPOSVersion2_1": "removed"
            },
            "message": "Revert \"Fix dposv2 bugs (#948)\" (#957)\n\nThis reverts commit 3e6f97bce4422769241bd09cedb45c6ffe692239.",
            "hash": "18b9926debb1238b62c78bac16f7fafb3dbab6e7",
            "author": "Georgios Konstantopoulos <me@gakonst.com>",
            "date": "Fri Apr 5 06:57:05 2019"
        },
        {
            "title": "Fix dposv2 bugs (#948)",
            "flags": {
                "DPOSVersion2_1": "False"
            },
            "message": "Fix dposv2 bugs (#948)\n\n* Backport changes from https://github.com/loomnetwork/loomchain/pull/937/ while keeping them backwards compatible via a boolean flag\r\n* use feature flag for turning granular rewards on\r\n* ensure tests work correctly as before\r\n* add test for the feature flag",
            "hash": "428174351a2d32cd1cd3d8fcf5ad13af6504aa17",
            "author": "Georgios Konstantopoulos <me@gakonst.com>",
            "date": "Fri Apr 5 01:17:47 2019"
        },
        {
            "title": "Add migration permission to Deployer Whitelist contract/middleware (#935)",
            "flags": {
                "DeployerWhitelistFeature": "False",
                "MigrationTxFeature": "False",
                "MigrationFeaturePrefix": "False"
            },
            "message": "Add migration permission to Deployer Whitelist contract/middleware (#935)\n\n- The accounts that are allowed to run migrations are now restricted by the Deployer Whitelist contract/middleware.\r\n- Each migration is now allowed to run only once",
            "hash": "436552a38d50751e84bde75000b746c6c4cc8a3a",
            "author": "Ohm <pathorn.teng@gmail.com>",
            "date": "Thu Apr 4 02:24:54 2019"
        },
        {
            "title": "Add a feature flag to enable DPOSv3",
            "flags": {
                "DPOSVersion3Feature": "False"
            },
            "message": "Add a feature flag to enable DPOSv3\n\nThree conditions must now be satisfied before DPOS v3 is activated:\n1. Either `DPOSVersion: 3` is set in loom.yml, or `DPOSVersion: 2`, in\n   the latter case both DPOSv2 & DPOSv3 contracts are loaded, allowing\n   a migration to occur from v2 to v3.\n2. DPOSv3 contract is deployed, via DeployTx, or genesis.\n3. DPOSv3 feature flag is enabled, either via validator votes, or via\n   `chainconfig` contract genesis.\n\nRemoved dposV2 from default genesis when `DPOSVersion: 3` is set\nin loom.yml, don't want it deployed on a new chain.\n",
            "hash": "1547077a2684c44b91fd55c1aa032ebe55a08aa9",
            "author": "Vadim Macagon <vadim.macagon@gmail.com>",
            "date": "Mon Apr 1 11:01:56 2019"
        },
        {
            "title": "Gateway Tweaks (#917)",
            "flags": {
                "TGCheckTxHashFeature": "False",
                "AuthSigTxFeaturePrefix": "False"
            },
            "message": "Gateway Tweaks (#917)\n\n* Don't let the TG Oracle submit events without tx hashes.\r\n* Move all feature flag names to one place so avoid accidental reuse.\r\n* Add 1s delay before dpos2 e2e test starts until both test harness & node are fixed properly.\r\n",
            "hash": "76de5d77d3aa81a9812f3eadbfad804193914cbc",
            "author": "Vadim Macagon <vadim.macagon@gmail.com>",
            "date": "Sun Mar 31 10:38:08 2019"
        }
    ]
}