{
    "id": 123899785,
    "node_id": "MDEwOlJlcG9zaXRvcnkxMjM4OTk3ODU=",
    "name": "loomchain",
    "full_name": "loomnetwork/loomchain",
    "private": false,
    "description": "Loom DAppChain Engine",
    "fork": false,
    "created_at": "2018-03-05T09:58:10Z",
    "updated_at": "2019-12-13T13:30:10Z",
    "pushed_at": "2019-12-17T04:49:04Z",
    "homepage": "",
    "size": 6957,
    "stargazers_count": 75,
    "watchers_count": 75,
    "language": "Go",
    "has_issues": true,
    "has_projects": true,
    "has_downloads": true,
    "has_wiki": true,
    "has_pages": false,
    "forks_count": 7,
    "archived": false,
    "disabled": false,
    "open_issues_count": 146,
    "forks": 7,
    "open_issues": 146,
    "watchers": 75,
    "default_branch": "master",
    "temp_clone_token": "",
    "network_count": 7,
    "subscribers_count": 22,
    "languages": {
        "Go": 2138896,
        "JavaScript": 57719,
        "Shell": 13396,
        "Makefile": 10956,
        "Groovy": 7019,
        "Dockerfile": 310,
        "Batchfile": 108
    }
}