{
    "date": "2019-12-20T17:57:59.653468",
    "commits": [
        {
            "title": "Update to remove Facebook Pixel related code.",
            "flags": {
                "use_facebook_pixel": "removed"
            },
            "message": "Update to remove Facebook Pixel related code.\n",
            "hash": "c6781e5355c4049e2f07c7ef2110490c3ccd33d0",
            "author": "Diego Lorenzo <diego@diegolorenzo.com>",
            "date": "Mon Jul 2 09:52:02 2018"
        },
        {
            "title": "Adding feature flag for Google Tag Manager script inclusion.",
            "flags": {
                "use_google_tag_manager": "False"
            },
            "message": "Adding feature flag for Google Tag Manager script inclusion.\n",
            "hash": "db25ad5dc0b20b0f200aebdf02766f3bdffaa47f",
            "author": "Diego Lorenzo <diego@diegolorenzo.com>",
            "date": "Fri Jun 29 11:12:04 2018"
        },
        {
            "title": "Adding feature flag to include Facebook Pixel script.",
            "flags": {
                "use_facebook_pixel": "False"
            },
            "message": "Adding feature flag to include Facebook Pixel script.\n",
            "hash": "3f0481d3b313501c7dbff5f1837f39ab23ea2330",
            "author": "Diego Lorenzo <diego@diegolorenzo.com>",
            "date": "Fri Jun 22 07:05:36 2018"
        },
        {
            "title": "Alphabetizing order.",
            "flags": {
                "footer_social_twitter_enabled": "False",
                "footer_social_instagram_enabled": "False"
            },
            "message": "Alphabetizing order.\n",
            "hash": "caa97d4ca9d1e3db64c4e156dc51d6273b1991b3",
            "author": "Diego Lorenzo <diego@diegolorenzo.com>",
            "date": "Tue Jun 27 08:36:12 2017"
        },
        {
            "title": "Updates for adding Tumblr back into the footer.",
            "flags": {
                "footer_social_tumblr_enabled": "False"
            },
            "message": "Updates for adding Tumblr back into the footer.\n",
            "hash": "8d593dfbe08a048b0936e12160fb46a7e972df1a",
            "author": "Diego Lorenzo <diego@diegolorenzo.com>",
            "date": "Tue Jun 27 08:32:01 2017"
        },
        {
            "title": "Updates to social media items in footer.",
            "flags": {
                "footer_social_facebook_enabled": "False",
                "footer_social_twitter_enabled": "False",
                "footer_social_tumblr_enabled": "removed",
                "footer_social_instagram_enabled": "False",
                "footer_social_youtube_enabled": "False",
                "footer_social_snapchat_enabled": "False",
                "footer_social_weheartit_enabled": "False"
            },
            "message": "Updates to social media items in footer.\n",
            "hash": "b0d3fc9810d29a00a9e7b2df4b13a0b5180f0fee",
            "author": "Diego Lorenzo <diego@diegolorenzo.com>",
            "date": "Thu Jun 23 11:03:50 2016"
        },
        {
            "title": "Remove affiliate footer logo.",
            "flags": {
                "footer_affiliate_logo": "removed"
            },
            "message": "Remove affiliate footer logo.\n",
            "hash": "9f5e1b0f27174ae1bf158d81424413548facfcdd",
            "author": "David Furnes <david@dfurnes.com>",
            "date": "Tue May 24 10:43:37 2016"
        },
        {
            "title": "Remove old \"asset path\" implementation.",
            "flags": {
                "use_minified_assets": "removed"
            },
            "message": "Remove old \"asset path\" implementation.\n\nWe stopped using this when we moved to Fastly (woohoo!) and no longer\nhost our assets on a third-party domain. It makes sense to remove this\nimplementation since it\u2019s a bit hairy and adds unnecessary complexity.\n",
            "hash": "95b3f7ef55a2772e80ab4ac632b84d50746fdcf3",
            "author": "David Furnes <david@dfurnes.com>",
            "date": "Mon Oct 5 11:47:33 2015"
        },
        {
            "title": "Provides an option to bypass JS validation of user's postcode.",
            "flags": {
                "user_validate_js_postcode": "False"
            },
            "message": "Provides an option to bypass JS validation of user's postcode.\n",
            "hash": "587d2ac8f2a3b71ba0815fd913aab1619a26e8ee",
            "author": "Sergii Tkachenko <hi@sergii.org>",
            "date": "Thu Nov 6 10:20:08 2014"
        },
        {
            "title": "Intl: Footer social links customization.",
            "flags": {
                "footer_social_facebook_enabled": "False",
                "footer_social_twitter_enabled": "False",
                "footer_social_tumblr_enabled": "False",
                "footer_social_instagram_enabled": "False",
                "footer_social_youtube_enabled": "False"
            },
            "message": "Intl: Footer social links customization.\n",
            "hash": "221126f8bc340c955568c85cac9b5093e92cab51",
            "author": "Sergii Tkachenko <me@rich.org.ua>",
            "date": "Mon Jul 21 11:57:58 2014"
        },
        {
            "title": "Intl: Add footer affiliate logo.",
            "flags": {
                "footer_affiliate_logo": "False"
            },
            "message": "Intl: Add footer affiliate logo.\n",
            "hash": "99892e8b16c0fe237495f81b0365604729fadfaa",
            "author": "Sergii Tkachenko <me@rich.org.ua>",
            "date": "Tue Jul 15 09:00:40 2014"
        },
        {
            "title": "Allow arbitrary CDN asset path to be set in theme settings.",
            "flags": {
                "use_cdn_assets": "removed"
            },
            "message": "Allow arbitrary CDN asset path to be set in theme settings.\n",
            "hash": "3d55a8b8ffac11a56bad829b0739e2fa4de755f9",
            "author": "David Furnes <dfurnes@dosomething.org>",
            "date": "Tue Jun 3 11:58:58 2014"
        },
        {
            "title": "Add setting to optionally use unminified assets for debugging IE8.",
            "flags": {
                "use_minified_assets": "False"
            },
            "message": "Add setting to optionally use unminified assets for debugging IE8.\n",
            "hash": "58f4de73d8c5f6eeea933afe2186cf93e2590dca",
            "author": "David Furnes <dfurnes@dosomething.org>",
            "date": "Mon Jun 2 17:00:59 2014"
        },
        {
            "title": "Theme setting to toggle CDN assets on or off.",
            "flags": {
                "use_cdn_assets": "False"
            },
            "message": "Theme setting to toggle CDN assets on or off.\n",
            "hash": "49fbd16775ace45f541db92179f66dd1ab9ddf59",
            "author": "David Furnes <dfurnes@dosomething.org>",
            "date": "Tue May 20 15:04:16 2014"
        },
        {
            "title": "Toggle sponsors block from theme settings",
            "flags": {
                "show_sponsors": "False"
            },
            "message": "Toggle sponsors block from theme settings\n",
            "hash": "621251ed55df404e557e2da45ae6948809502add",
            "author": "Desmond Morris <hi@desmondmorris.com>",
            "date": "Tue May 20 08:55:46 2014"
        },
        {
            "title": "Added campaign finder toggle to theme settings.",
            "flags": {
                "show_campaign_finder": "False"
            },
            "message": "Added campaign finder toggle to theme settings.\n",
            "hash": "b5708d65fb1525fdcd7022ace5ab073c343d3002",
            "author": "David Furnes <dfurnes@dosomething.org>",
            "date": "Mon Apr 7 14:16:45 2014"
        }
    ]
}