{
    "id": 6723399,
    "node_id": "MDEwOlJlcG9zaXRvcnk2NzIzMzk5",
    "name": "wordpress-seo",
    "full_name": "Yoast/wordpress-seo",
    "private": false,
    "description": "Yoast SEO for WordPress",
    "fork": false,
    "created_at": "2012-11-16T15:16:29Z",
    "updated_at": "2019-12-20T09:16:25Z",
    "pushed_at": "2019-12-20T12:10:31Z",
    "homepage": "https://yoast.com/wordpress/plugins/seo/",
    "size": 713269,
    "stargazers_count": 1137,
    "watchers_count": 1137,
    "language": "PHP",
    "has_issues": true,
    "has_projects": false,
    "has_downloads": true,
    "has_wiki": true,
    "has_pages": false,
    "forks_count": 664,
    "archived": false,
    "disabled": false,
    "open_issues_count": 786,
    "forks": 664,
    "open_issues": 786,
    "watchers": 1137,
    "default_branch": "trunk",
    "temp_clone_token": "",
    "network_count": 664,
    "subscribers_count": 131,
    "languages": {
        "PHP": 3001139,
        "JavaScript": 617782,
        "CSS": 95500,
        "XSLT": 4267,
        "Shell": 1230
    }
}