{
    "date": "2019-12-20T17:59:33.420182",
    "commits": [
        {
            "title": "Remove feature flag slice injection",
            "flags": {
                "settings_slice_injection": "removed"
            },
            "message": "Remove feature flag slice injection\n\nFixes: 121154979\nTest: Manual\nChange-Id: Ief9c662e28fa5a14879f93138ff2997234e72008\n",
            "hash": "b09ab68f5f3715151efeab682e58311250909fdf",
            "author": "Lei Yu <jackqdyulei@google.com>",
            "date": "Fri Apr 19 13:13:59 2019"
        },
        {
            "title": "[PasspointV2] Clear feature flag settings_wifi_details_saved_screen",
            "flags": {
                "settings_wifi_details_saved_screen": "removed"
            },
            "message": "[PasspointV2] Clear feature flag settings_wifi_details_saved_screen\n\nClear feature flag settings_wifi_details_saved_screen\n\nBug: b/128369527\nTest: make RunSettingsRoboTests -j32 ROBOTEST_FILTER=com.android.settings.wifi\nChange-Id: Ied42c4d0f67c92d0a5dfa2f14ecf151a7c8826c8\nMerged-In: Id4710d91da74d931a550d09c2a36af21d55fe811\n",
            "hash": "4f885ed48d36101d253967de7ec521cb4a6c2267",
            "author": "cosmohsieh <cosmohsieh@google.com>",
            "date": "Wed Apr 10 19:40:12 2019"
        },
        {
            "title": "Remove mainline settings feature flag.",
            "flags": {
                "settings_mainline_module": "removed"
            },
            "message": "Remove mainline settings feature flag.\n\nFixes: 123648279\nTest: rebuild\nChange-Id: Iec229482cc249b9fcf1b3e7ec4a3d3c6f7fa8e2c\n",
            "hash": "9d9369543be4d17ecd44efb105ac0ed1038d523f",
            "author": "Fan Zhang <zhfan@google.com>",
            "date": "Fri Apr 5 14:30:31 2019"
        },
        {
            "title": "Merge \"Fix Global Actions animations, and use old power menu when panel is disabled. Also tweak feature flags setup to use old flag as a force option for debugging.\"",
            "flags": {
                "settings_dynamic_system": "removed"
            },
            "message": "Merge \"Fix Global Actions animations, and use old power menu when panel is disabled. Also tweak feature flags setup to use old flag as a force option for debugging.\"",
            "hash": "2ae133285bb88eb91c3b1fa7cc123aa2d7bf7d05",
            "merge": "7df27e9e4e9 c7926618407",
            "author": "TreeHugger Robot <treehugger-gerrit@google.com>",
            "date": "Wed Apr 3 15:36:29 2019"
        },
        {
            "title": "Merge changes from topic \"dyn_system_ff\"",
            "flags": {
                "settings_dynamic_system": "removed"
            },
            "message": "Merge changes from topic \"dyn_system_ff\"\n\n* changes:\n  Use setEnable() when there is an installed image\n  Use gsid.isGsiEnabled to refine DynamicSystemService\n  Use FeatureFlagPersistent to guard DynamicSystem\n  Make feature flag settings_dynamic_system persistent\n",
            "hash": "2d204b39854a57ff9c82fc184ee45db6d74916dc",
            "merge": "be8b2e85835 91508ea20db",
            "author": "Po-Chien Hsueh <pchsueh@google.com>",
            "date": "Wed Apr 3 00:55:55 2019"
        },
        {
            "title": "Make feature flag settings_dynamic_system persistent",
            "flags": {
                "settings_dynamic_system": "removed"
            },
            "message": "Make feature flag settings_dynamic_system persistent\n\nBug: 119647479\nTest: turn on/off feature flag and use DynamicSystem\nChange-Id: I2b2591f7a937cbe74d67cbfb95b778d2cfa32abb\n",
            "hash": "c5b6931f27380bd312b74e98fc01288c2239d36f",
            "author": "Po-Chien Hsueh <pchsueh@google.com>",
            "date": "Mon Apr 1 22:59:03 2019"
        },
        {
            "title": "Merge \"Default enable feature flag for Safety Hub\"",
            "flags": {
                "settings_dynamic_homepage": "removed",
                "settings_network_and_internet_v2": "True",
                "settings_seamless_transfer": "removed",
                "settings_slice_injection": "True",
                "settings_wifi_dpp": "removed",
                "settings_wifi_mac_randomization": "removed",
                "settings_wifi_sharing": "removed",
                "settings_mainline_module": "True",
                "settings_dynamic_system": "False",
                "settings_wifi_details_saved_screen": "True",
                "settings_wifi_details_datausage_header": "False"
            },
            "message": "Merge \"Default enable feature flag for Safety Hub\"",
            "hash": "4e4768b989b16fbf8605dfc8bdc95a068bb130ec",
            "merge": "825c933351d bc63cbda00b",
            "author": "Andrew Sapperstein <asapperstein@google.com>",
            "date": "Tue Apr 2 10:32:25 2019"
        },
        {
            "title": "Merge \"[Passpointv2] Enable saved network showing detailed page\"",
            "flags": {
                "settings_mainline_module": "True",
                "settings_dynamic_android": "removed",
                "settings_dynamic_system": "False",
                "settings_wifi_details_saved_screen": "True"
            },
            "message": "Merge \"[Passpointv2] Enable saved network showing detailed page\"",
            "hash": "8620836456e846dba1c98ce20a3b91afc5e175b3",
            "merge": "0369790facf 9ca5102ce89",
            "author": "TreeHugger Robot <treehugger-gerrit@google.com>",
            "date": "Fri Mar 22 15:46:15 2019"
        },
        {
            "title": "API review followup: DynamicAndroidClient",
            "flags": {
                "settings_dynamic_android": "removed",
                "settings_dynamic_system": "False"
            },
            "message": "API review followup: DynamicAndroidClient\n\nSome API changes per API reivew:\n- Move DynamicAndroidClient and ~Manager to android.os.image.\n- Rename them to DynamicSystemClient and ~Manager.\n- Rename permission MANAGE_DYNAMIC_ANDROID to MANAGE_DYNAMIC_SYSTEM\n- Corresponding changes in the installation service.\n- Corresponding changes in privapp-permissions-platform.xml.\n- Add missing annotations.\n- Change setOnStatusChangedListener's parameters order.\n- Improve documentations.\n- Re-generate api/system-current.txt.\n\nBug: 126613281\nTest: adb shell am\nChange-Id: Ia920e9ccf6de1dbbd38c52910cb72cb81b9b5b32\n",
            "hash": "4e908c24ca4a8b751546125548686069c045ffd7",
            "author": "Po-Chien Hsueh <pchsueh@google.com>",
            "date": "Wed Mar 6 19:57:17 2019"
        },
        {
            "title": "[Passpointv2] Enable saved network showing detailed page",
            "flags": {
                "settings_wifi_details_saved_screen": "True"
            },
            "message": "[Passpointv2] Enable saved network showing detailed page\n\nEnable this feature as default. Shows detail wifi page when clicking\nsaved network.\n\nBug: 116362877\nTest: manual\nChange-Id: I4f8f469967e6f45b20941fbff5f4590a2ccc4063\n",
            "hash": "9ca5102ce895a9b077eed795bcf41b98ba524a46",
            "author": "cosmohsieh <cosmohsieh@google.com>",
            "date": "Wed Mar 20 20:39:21 2019"
        },
        {
            "title": "Revert \"Revert \"Enable mainline module feature.\"\"",
            "flags": {
                "settings_mainline_module": "True"
            },
            "message": "Revert \"Revert \"Enable mainline module feature.\"\"\n\nThis reverts commit 52e966e99620e09efa589292f9dd8d0cf1b7b115.\n\nReason for revert: b/123648279\nTest: TH\n\nChange-Id: I0a79535be95a92555c32d94219f3b98a9579815f\n",
            "hash": "a70a59b9459723af00bf08a62603f86baa379ebd",
            "author": "Fan Zhang <zhfan@google.com>",
            "date": "Wed Mar 20 13:15:29 2019"
        },
        {
            "title": "[PasspointV2] Add feature flag for showing data usage chart on detail fragment",
            "flags": {
                "settings_wifi_details_datausage_header": "False"
            },
            "message": "[PasspointV2] Add feature flag for showing data usage chart on detail fragment\n\nAdd flag for showing data usage chart on detail fragment\n\nBug: 128569047\nBug: 124700353\nTest: manual\nChange-Id: Ib150c4d72224b5707c16916d4e134aa5221a481f\n",
            "hash": "205e5b990d467ebfc05d16938c109f35b76b9e68",
            "author": "cosmohsieh <cosmohsieh@google.com>",
            "date": "Wed Mar 13 22:50:17 2019"
        },
        {
            "title": "Merge \"[MAC Randomization] Removed feature flag to align framework global flag\"",
            "flags": {
                "settings_wifi_mac_randomization": "removed",
                "settings_wifi_details_saved_screen": "False"
            },
            "message": "Merge \"[MAC Randomization] Removed feature flag to align framework global flag\"",
            "hash": "83234be1846eb8ade6636a4772d361bd7989b93c",
            "merge": "f9b3d8093b4 59ea1f7ca14",
            "author": "TreeHugger Robot <treehugger-gerrit@google.com>",
            "date": "Tue Mar 12 12:17:50 2019"
        },
        {
            "title": "[Passpointv2] Add feature flag for saved network show details fragment",
            "flags": {
                "settings_wifi_details_saved_screen": "False"
            },
            "message": "[Passpointv2] Add feature flag for saved network show details fragment\n\nAdd feature flag for saved network show details fragment\n\nBug: 128369527\nTest: Manual\nChange-Id: I661a923b4866c4595a5ad5d5fe2964a72def3952\n",
            "hash": "b46623a3ea21eb713db7346c010f239d7782a9ec",
            "author": "cosmohsieh <cosmohsieh@google.com>",
            "date": "Mon Mar 11 23:02:18 2019"
        },
        {
            "title": "[MAC Randomization] Removed feature flag to align framework global flag",
            "flags": {
                "settings_wifi_mac_randomization": "removed"
            },
            "message": "[MAC Randomization] Removed feature flag to align framework global flag\n\nRemoved feature flag and change to check global flag as framework MAC\nrandomization api does.\n\nBug: 127817791\nBug: 120743100\nTest: atest WifiPrivacyPreferenceControllerTest\nChange-Id: Iefe0d442326ca6a9461af8724a1632fd238d8d2b\n",
            "hash": "59ea1f7ca14c9ffb77df11cc88f1db103c2c4add",
            "author": "cosmohsieh <cosmohsieh@google.com>",
            "date": "Thu Mar 7 22:55:15 2019"
        },
        {
            "title": "Merge \"Revert \"Revert \"Set the \"settings_network_and_internet_v2\" flag to on by default\"\"\"",
            "flags": {
                "settings_network_and_internet_v2": "True"
            },
            "message": "Merge \"Revert \"Revert \"Set the \"settings_network_and_internet_v2\" flag to on by default\"\"\"",
            "hash": "fcba01e8381c5805a1054b11f67ffdf847bc2a48",
            "merge": "045630b80d9 45c44fc8820",
            "author": "TreeHugger Robot <treehugger-gerrit@google.com>",
            "date": "Fri Mar 8 18:54:51 2019"
        },
        {
            "title": "Revert \"Revert \"Set the \"settings_network_and_internet_v2\" flag to on by default\"\"",
            "flags": {
                "settings_network_and_internet_v2": "True"
            },
            "message": "Revert \"Revert \"Set the \"settings_network_and_internet_v2\" flag to on by default\"\"\n\nThis reverts commit c9a5c72ab8dfcae41d58b9b5a0704f1ef8c73903.\n\nReason for revert: The underlying problem for the *original* revert is fixed in ag/6671099, so now we can revert the revert (after ag/6671099 lands). \n\nChange-Id: I01e5ebac8140b253bee9d19981eff53365d3bccd\n",
            "hash": "45c44fc8820b21942b8b23c614974259c04b8fa2",
            "author": "Antony Sargent <asargent@google.com>",
            "date": "Fri Mar 8 15:20:58 2019"
        },
        {
            "title": "Revert \"Set the \"settings_network_and_internet_v2\" flag to on by default\"",
            "flags": {
                "settings_network_and_internet_v2": "False"
            },
            "message": "Revert \"Set the \"settings_network_and_internet_v2\" flag to on by default\"\n\nThis reverts commit 1b386491c5cf1fe702273d2ce19e07e347edccb1.\n\nReason for revert: Reverting temporarily because of a few bugs that were uncovered: b/127524919 and b/127394263\n\nChange-Id: I47de22c89b680d08c62fb008f97953d0586ab0a3\n",
            "hash": "c9a5c72ab8dfcae41d58b9b5a0704f1ef8c73903",
            "author": "Antony Sargent <asargent@google.com>",
            "date": "Wed Mar 6 10:02:48 2019"
        },
        {
            "title": "Set the \"settings_network_and_internet_v2\" flag to on by default",
            "flags": {
                "settings_network_and_internet_v2": "True"
            },
            "message": "Set the \"settings_network_and_internet_v2\" flag to on by default\n\nBug: 116349402\nTest: (should be covered by existing tests)\nChange-Id: I942a11bb20aea3179c414012ff7c39a1cffbc07f\n",
            "hash": "1b386491c5cf1fe702273d2ce19e07e347edccb1",
            "author": "Antony Sargent <asargent@google.com>",
            "date": "Mon Mar 4 16:27:06 2019"
        },
        {
            "title": "Merge \"Revert \"Enable mainline module feature.\"\"",
            "flags": {
                "settings_dynamic_homepage": "removed",
                "settings_mainline_module": "False"
            },
            "message": "Merge \"Revert \"Enable mainline module feature.\"\"",
            "hash": "3d6fff4db68173fd13b672aebfca2a03b3fb0a7f",
            "merge": "1512e805cfc 52e966e9962",
            "author": "Fan Zhang <zhfan@google.com>",
            "date": "Wed Feb 27 16:51:42 2019"
        },
        {
            "title": "Revert \"Enable mainline module feature.\"",
            "flags": {
                "settings_mainline_module": "False"
            },
            "message": "Revert \"Enable mainline module feature.\"\n\nThis reverts commit 22171d7d643c0825575748ca45003dc6609342aa.\n\nReason for revert: hiding mainline module again in beta2.\n\nChange-Id: I7d66aa1efe3bf1746d8f908dd115bf0f4eb83ebe\n",
            "hash": "52e966e99620e09efa589292f9dd8d0cf1b7b115",
            "author": "Fan Zhang <zhfan@google.com>",
            "date": "Wed Feb 27 16:51:10 2019"
        },
        {
            "title": "Merge \"Remove dynamic_homepage flag.\"",
            "flags": {
                "settings_dynamic_homepage": "removed",
                "settings_mainline_module": "True"
            },
            "message": "Merge \"Remove dynamic_homepage flag.\"",
            "hash": "5f9cad60c8f3c16b5e2e402b06a7d4971f4d53c7",
            "merge": "aecf692ede5 6e494259183",
            "author": "TreeHugger Robot <treehugger-gerrit@google.com>",
            "date": "Wed Feb 27 11:51:40 2019"
        },
        {
            "title": "Remove dynamic_homepage flag.",
            "flags": {
                "settings_dynamic_homepage": "removed"
            },
            "message": "Remove dynamic_homepage flag.\n\nFixes: 118444000\nTest: rebuild\nChange-Id: Ifc9c983f87753e290cb0fbc2e467ae7696bb5ee8\n",
            "hash": "6e4942591831e5fe0f883c30c207646340735b1c",
            "author": "Fan Zhang <zhfan@google.com>",
            "date": "Fri Feb 22 13:53:56 2019"
        },
        {
            "title": "Enable mainline module feature.",
            "flags": {
                "settings_mainline_module": "True"
            },
            "message": "Enable mainline module feature.\n\nFixes: 122615240\nTest: rebuild\nChange-Id: I20cc24993da079c82781b39e329fc13d86b0e0b3\n",
            "hash": "22171d7d643c0825575748ca45003dc6609342aa",
            "author": "Doris Ling <dling@google.com>",
            "date": "Thu Feb 21 11:07:51 2019"
        },
        {
            "title": "Add feature flag for Dynamic Android",
            "flags": {
                "settings_dynamic_android": "False"
            },
            "message": "Add feature flag for Dynamic Android\n\nBug: 119647479\nTest: flashall and check the option exists.\n\nMerged-In: I46efd27a6880dde4bc69aa457a6f3b0fdd9ce5cd\nChange-Id: I46efd27a6880dde4bc69aa457a6f3b0fdd9ce5cd\n",
            "hash": "0d958bbf1d160ff8e214fe9cceb6080b0968f83f",
            "author": "Howard Chen <howardsoc@google.com>",
            "date": "Sun Feb 17 21:37:48 2019"
        },
        {
            "title": "Merge \"Add feature flag for Dynamic Android\"",
            "flags": {
                "settings_dynamic_android": "False"
            },
            "message": "Merge \"Add feature flag for Dynamic Android\"",
            "hash": "407761a7683735ecf4e2074e7971396bb1f5dae4",
            "merge": "a16437da425 8cbedf56471",
            "author": "TreeHugger Robot <treehugger-gerrit@google.com>",
            "date": "Wed Feb 20 21:10:49 2019"
        },
        {
            "title": "Add feature flag for Dynamic Android",
            "flags": {
                "settings_dynamic_android": "False"
            },
            "message": "Add feature flag for Dynamic Android\n\nBug: 119647479\nTest: flashall and check the option exists.\n\nChange-Id: I46efd27a6880dde4bc69aa457a6f3b0fdd9ce5cd\n",
            "hash": "8cbedf564711ea7f0646cdb95090da5cf96b0af5",
            "author": "Howard Chen <howardsoc@google.com>",
            "date": "Sun Feb 17 21:37:48 2019"
        },
        {
            "title": "Remove feature flags of WiFi Sharing feature",
            "flags": {
                "settings_wifi_dpp": "removed",
                "settings_wifi_sharing": "removed"
            },
            "message": "Remove feature flags of WiFi Sharing feature\n\nBug: 120744414\nTest: Manual\nChange-Id: I8aef3e2f197307cd884f846ab508dd465f78395f\n",
            "hash": "054ccde09a06a61f59fe951c7b4f282082ab3245",
            "author": "Johnson Lu <johnsonlu@google.com>",
            "date": "Tue Feb 12 19:47:56 2019"
        },
        {
            "title": "Set the flag string \"settings_seamless_transfer\" as a static constant",
            "flags": {
                "settings_seamless_transfer": "removed"
            },
            "message": "Set the flag string \"settings_seamless_transfer\" as a static constant\n\nBug: 118428931\nTest: Build pass\nChange-Id: I1eb31307d4a1a63f4217f031bcb4d8bb856babdc\n",
            "hash": "5fbcaf46c15b4392914ee986c0cee919793287f3",
            "author": "linanson <linanson@google.com>",
            "date": "Tue Jan 22 03:17:39 2019"
        },
        {
            "title": "Add feature flag for mainline module.",
            "flags": {
                "settings_mainline_module": "False"
            },
            "message": "Add feature flag for mainline module.\n\nBug: 122615240\nTest: rebuild\nChange-Id: I89b723c71ade462d8d4b67172f52c676eaf0c363\n",
            "hash": "b97faba490958c23b82a8207445e0c02a3b72d33",
            "author": "Doris Ling <dling@google.com>",
            "date": "Wed Jan 30 12:51:03 2019"
        },
        {
            "title": "Merge \"Turn on feature flag for slice injection.\"",
            "flags": {
                "settings_slice_injection": "True",
                "settings_wifi_dpp": "True",
                "settings_wifi_mac_randomization": "True",
                "settings_wifi_sharing": "True"
            },
            "message": "Merge \"Turn on feature flag for slice injection.\"",
            "hash": "d22cf2d3ab9a89d1e656a483ea772da64c629ceb",
            "merge": "0def48bd5d9 0e42f8a3c05",
            "author": "Lei Yu <jackqdyulei@google.com>",
            "date": "Sun Jan 27 18:33:33 2019"
        },
        {
            "title": "Merge \"Creates a new grid-based global actions menu on power button hold.\"",
            "flags": {
                "settings_wifi_dpp": "True",
                "settings_wifi_mac_randomization": "True",
                "settings_wifi_sharing": "True"
            },
            "message": "Merge \"Creates a new grid-based global actions menu on power button hold.\"",
            "hash": "5d1f0e00580f88c648e539446531799a5d4b082a",
            "merge": "5cccc2bd8ea 166392ff24a",
            "author": "Aaron Heuckroth <nesciosquid@google.com>",
            "date": "Fri Jan 25 07:19:07 2019"
        },
        {
            "title": "Turn on feature flag for slice injection.",
            "flags": {
                "settings_slice_injection": "True"
            },
            "message": "Turn on feature flag for slice injection.\n\nBug: 120803703\nTest: Manual\nChange-Id: I0b3896257c346f458c4a8bdb0752c87ab27d97d2\n",
            "hash": "0e42f8a3c057985ef8c64e904df49c4583f165d6",
            "author": "jackqdyulei <jackqdyulei@google.com>",
            "date": "Thu Jan 24 17:21:11 2019"
        },
        {
            "title": "Enable Wi-Fi connectivity features",
            "flags": {
                "settings_wifi_dpp": "True",
                "settings_wifi_mac_randomization": "True",
                "settings_wifi_sharing": "True"
            },
            "message": "Enable Wi-Fi connectivity features\n\n1. Enables MAC randomization.\n2. Enables Wi-Fi DPP.\n\nBug: 117192879\nBug: 117399425\nTest: Manually test the flow\nTest: make RunSettingsLibRoboTests\nChange-Id: I78cc9a1ea3e4db42f6efa1c9cfa9ca90c37cf45b\n",
            "hash": "b71cf3b1b0c5e64cdaa286f9c9a2bcea21dbd7fe",
            "author": "Johnson Lu <johnsonlu@google.com>",
            "date": "Wed Jan 23 00:04:41 2019"
        },
        {
            "title": "Add feature flag for settings slice injection",
            "flags": {
                "settings_slice_injection": "False"
            },
            "message": "Add feature flag for settings slice injection\n\nBug: 120803703\nTest: Manual\nChange-Id: I1e0f92576ffb01d7300ec60d9c40165454b3aeba\n",
            "hash": "83651ec25c8a613a8ae7e31f87779d153b07833d",
            "author": "jackqdyulei <jackqdyulei@google.com>",
            "date": "Mon Dec 17 13:28:41 2018"
        },
        {
            "title": "Add feature flags for WiFi connectivity feature",
            "flags": {
                "settings_systemui_theme": "True",
                "settings_network_and_internet_v2": "False",
                "settings_wifi_dpp": "False",
                "settings_wifi_mac_randomization": "False",
                "settings_wifi_sharing": "False"
            },
            "message": "Add feature flags for WiFi connectivity feature\n\nBug: 120743100\nBug: 120744414\nTest: Manual\nChange-Id: Iaf26a947ac16b4a77d524492638dc489056d9e8b\n",
            "hash": "73eb2bf380ab9b38d0249045632c92c37a7766c6",
            "author": "Johnson Lu <johnsonlu@google.com>",
            "date": "Tue Dec 4 22:36:54 2018"
        },
        {
            "title": "Remove data usage v1 code.",
            "flags": {
                "settings_data_usage_v2": "removed"
            },
            "message": "Remove data usage v1 code.\n\nBug: 117420679\nTest: make RunSettingsLibRoboTests\nChange-Id: I3862b27c4e1df7d5bf560131bf29b89630603cc9\n",
            "hash": "66cbe991bacd77d2a3953aa333dfa110d219fedb",
            "author": "Doris Ling <dling@google.com>",
            "date": "Fri Nov 30 15:47:57 2018"
        },
        {
            "title": "resolve merge conflicts of 183271d1d240fb2a92628e00b132b4490461f59f to master",
            "flags": {
                "settings_battery_display_app_list": "removed",
                "settings_zone_picker_v2": "removed",
                "settings_about_phone_v2": "removed",
                "settings_bluetooth_while_driving": "removed",
                "settings_data_usage_v2": "True",
                "settings_dynamic_homepage": "True",
                "settings_mobile_network_v2": "True",
                "settings_seamless_transfer": "False",
                "settings_network_and_internet_v2": "False"
            },
            "message": "resolve merge conflicts of 183271d1d240fb2a92628e00b132b4490461f59f to master\n\nBug: None\nTest: I solemnly swear I tested this conflict resolution.\nChange-Id: I219a85189fb4207a0605ca541f8ecc29f5ee6808\n",
            "hash": "b39b469b1276dd3578b8a778d18de59cb9f7da20",
            "merge": "5e2f5f27ffb 183271d1d24",
            "author": "yuanjiahsu <yuanjiahsu@google.com>",
            "date": "Tue Nov 20 02:44:55 2018"
        },
        {
            "title": "Turn on feature flag for data usage v2.",
            "flags": {
                "settings_data_usage_v2": "True"
            },
            "message": "Turn on feature flag for data usage v2.\n\n- and update failing test case.\n\nChange-Id: I6c12ce1fbae4ffa0c183df8a2bbf6867886b4986\nFixes: 117433810\nTest: make RunSettingsLibRoboTests\n",
            "hash": "da476111bb0dfc2247a895e8e46b046d2985754c",
            "author": "Doris Ling <dling@google.com>",
            "date": "Fri Nov 16 11:06:00 2018"
        },
        {
            "title": "Turn on feature flag of settings contextual homepage.",
            "flags": {
                "settings_dynamic_homepage": "True"
            },
            "message": "Turn on feature flag of settings contextual homepage.\n\nFixes: 118691898\nTest: manual\nChange-Id: I434d3c7827c03857974211a354264c542e1323f7\n",
            "hash": "7e15b7cc4079887bc64dbdf8389af7127ccf77dd",
            "author": "Emily Chuang <emilychuang@google.com>",
            "date": "Mon Nov 12 01:50:41 2018"
        },
        {
            "title": "Merge \"Turn on feature flag for mobile network v2\"",
            "flags": {
                "settings_bluetooth_while_driving": "removed",
                "settings_mobile_network_v2": "True"
            },
            "message": "Merge \"Turn on feature flag for mobile network v2\"",
            "hash": "cb9366507bf6e06590e74e4861c7eee72ced3beb",
            "merge": "d1b8392a5bd 7c75c9088c0",
            "author": "Lei Yu <jackqdyulei@google.com>",
            "date": "Fri Nov 9 12:41:06 2018"
        },
        {
            "title": "Turn on feature flag for mobile network v2",
            "flags": {
                "settings_mobile_network_v2": "True"
            },
            "message": "Turn on feature flag for mobile network v2\n\nBug: 114749736\nTest: Manual\nChange-Id: I1066293b882b9f57b22a7be3ab37ba3b642df3c0\n",
            "hash": "7c75c9088c0c753fadc000df2419612d03742bd3",
            "author": "jackqdyulei <jackqdyulei@google.com>",
            "date": "Thu Nov 8 14:25:14 2018"
        },
        {
            "title": "Remove feature flag for bluetooth_while_driving",
            "flags": {
                "settings_bluetooth_while_driving": "removed"
            },
            "message": "Remove feature flag for bluetooth_while_driving\n\nTest: rebuild\nChange-Id: I28c83d13257538710a641330ed0107f64b991282\n",
            "hash": "778e11337859ea27e270b66df197c47f499a7419",
            "author": "Fan Zhang <zhfan@google.com>",
            "date": "Wed Nov 7 15:10:41 2018"
        },
        {
            "title": "Add a feature flag for new version of Network and internet settings page",
            "flags": {
                "settings_network_and_internet_v2": "False"
            },
            "message": "Add a feature flag for new version of Network and internet settings page\n\nBug: 116349402\nTest: Manual (settings_network_and_internet_v2 flag should should up in\nSettings -> System -> Developer options -> Feature flags)\n\nChange-Id: I9715b6b33478d992857538756d2515a560396e8b\n",
            "hash": "dbaeac07a267ba0cb91535ce8d0c9601f34cb23c",
            "author": "Antony Sargent <asargent@google.com>",
            "date": "Thu Oct 25 15:47:10 2018"
        },
        {
            "title": "resolve merge conflicts of 2cb9a70cac0d22ef67de72c678c8baa4d12014f4 to master",
            "flags": {
                "settings_battery_display_app_list": "removed",
                "settings_zone_picker_v2": "removed",
                "settings_about_phone_v2": "removed",
                "settings_data_usage_v2": "False",
                "settings_dynamic_homepage": "False",
                "settings_mobile_network_v2": "False",
                "settings_seamless_transfer": "False"
            },
            "message": "resolve merge conflicts of 2cb9a70cac0d22ef67de72c678c8baa4d12014f4 to master\n\nBug: None\nTest: I solemnly swear I tested this conflict resolution.\nChange-Id: Ic1db72d57f3003bcec0fd8f7fbb2dc4ec7b5dcf3\n",
            "hash": "8eb9d4711b761561f5bd290d3c7045b23d29d0db",
            "merge": "6c109c76c99 2cb9a70cac0",
            "author": "yuanjiahsu <yuanjiahsu@google.com>",
            "date": "Mon Sep 17 08:46:14 2018"
        },
        {
            "title": "Merge \"Add feature flag for seamless transfer\"",
            "flags": {
                "settings_battery_display_app_list": "removed",
                "settings_seamless_transfer": "False"
            },
            "message": "Merge \"Add feature flag for seamless transfer\"",
            "hash": "f147f128639193c5bfc64d2b43160ab5abfe6609",
            "merge": "757fc770537 c2da1a22448",
            "author": "TreeHugger Robot <treehugger-gerrit@google.com>",
            "date": "Thu Sep 13 19:43:02 2018"
        },
        {
            "title": "Remove battery app list feature flag",
            "flags": {
                "settings_battery_display_app_list": "removed"
            },
            "message": "Remove battery app list feature flag\n\nIt is not used anymore\n\nBug: 115542275\nTest: Build\nChange-Id: I91be9c4179e6ddf9f6613ec05d9eeb1fc458b536\n",
            "hash": "5caf811f99bb71592014e1256c9f1029695159b0",
            "author": "jackqdyulei <jackqdyulei@google.com>",
            "date": "Wed Sep 12 12:59:17 2018"
        },
        {
            "title": "Add feature flag for seamless transfer",
            "flags": {
                "settings_seamless_transfer": "False"
            },
            "message": "Add feature flag for seamless transfer\n\nChange-Id: Ic9edff6ee60125794c1db5a8e271919d92cbe570\nFixes: 114451741\nTest: Build\n",
            "hash": "c2da1a22448b6a506af1d5fcd0ac8fac7f089e69",
            "author": "jackqdyulei <jackqdyulei@google.com>",
            "date": "Fri Sep 7 13:37:32 2018"
        },
        {
            "title": "Add feature flag for data usage v2.",
            "flags": {
                "settings_data_usage_v2": "False"
            },
            "message": "Add feature flag for data usage v2.\n\nBug: 111751694\nTest: build\nChange-Id: I5700ddd9d1c92a104fa87d0150e2de2f5d13574a\n",
            "hash": "1098ab0e0752d1d6ee25f0e2ae6c2c7f1318a2c5",
            "author": "Doris Ling <dling@google.com>",
            "date": "Thu Aug 30 15:07:16 2018"
        },
        {
            "title": "Add feature flag for mobile network v2",
            "flags": {
                "settings_mobile_network_v2": "False"
            },
            "message": "Add feature flag for mobile network v2\n\nBug: 113069948\nTest: Build\nChange-Id: I72d7d8db164a4c99692366f0d8a4d8421e385d0b\n",
            "hash": "cbfdc1d172de2f61d3b9920a3caf18fb68faaf84",
            "author": "jackqdyulei <jackqdyulei@google.com>",
            "date": "Wed Aug 22 15:26:24 2018"
        },
        {
            "title": "Remove condition_manager_v2 flag",
            "flags": {
                "settings_condition_manager_v2": "removed"
            },
            "message": "Remove condition_manager_v2 flag\n\nBug: 112485407\nTest: rebuild\nChange-Id: Ib04299b7e74729cb9fe01be84b3a79b1ec5c06d8\n",
            "hash": "ce580b1e49e7258018bccea05ad6513c6cd915a0",
            "author": "Fan Zhang <zhfan@google.com>",
            "date": "Tue Aug 21 11:03:50 2018"
        },
        {
            "title": "Turn on condition manager v2 in Settings homepage.",
            "flags": {
                "settings_condition_manager_v2": "True"
            },
            "message": "Turn on condition manager v2 in Settings homepage.\n\nBug: 112485407\nTest: rebuild\nChange-Id: I5637db9eff4f3121a731685940808260a1cc5a94\n",
            "hash": "af22d050b42be1dbce65411ab03da63694888f2c",
            "author": "Fan Zhang <zhfan@google.com>",
            "date": "Thu Aug 16 16:18:34 2018"
        },
        {
            "title": "Add feature flag for condition manager refactoring",
            "flags": {
                "settings_condition_manager_v2": "False"
            },
            "message": "Add feature flag for condition manager refactoring\n\nBug: 112485407\nTest: rebuild\nChange-Id: I8938166c9af0cdf9e5fcd25589c1787093e6ebd8\n",
            "hash": "c6834b6e3db96731ada658180aadd0472aeb0c91",
            "author": "Fan Zhang <zhfan@google.com>",
            "date": "Mon Aug 13 12:12:34 2018"
        },
        {
            "title": "Add feature flag for dynamic home page development.",
            "flags": {
                "settings_dynamic_homepage": "False"
            },
            "message": "Add feature flag for dynamic home page development.\n\n    Test: rebuild\n\nChange-Id: Ifddd500b008725e01746e3ed82548bd8bc0472e9\n",
            "hash": "c753a9ce77cdd9ee8656f1c94c6785718f1323b1",
            "author": "Raff Tsai <rafftsai@google.com>",
            "date": "Tue Jun 19 22:48:03 2018"
        },
        {
            "title": "Remove flag for data usage v2.",
            "flags": {
                "settings_data_usage_v2": "removed"
            },
            "message": "Remove flag for data usage v2.\n\nChange-Id: I83c68eb8b2c44eb5925f31065d4897a9823cedd6\nFixes: 109943959\nTest: rebuild\n",
            "hash": "a4b77ef1eefae8d433fa15744ab15c218ef0e778",
            "author": "Fan Zhang <zhfan@google.com>",
            "date": "Mon Jun 11 10:00:43 2018"
        },
        {
            "title": "Merge \"remove feature flag for DeviceInfoSettings in Settings\"",
            "flags": {
                "settings_about_phone_v2": "removed",
                "settings_systemui_theme": "True"
            },
            "message": "Merge \"remove feature flag for DeviceInfoSettings in Settings\"",
            "hash": "14d47831d2070a28833b1a54a536fc14dce9d5c8",
            "merge": "31d6897ac51 58ba33283ff",
            "author": "TreeHugger Robot <treehugger-gerrit@google.com>",
            "date": "Wed May 30 13:14:51 2018"
        },
        {
            "title": "Merge \"Enable systemui_theme feature flag\" into pi-dev am: 14e605d7e9",
            "flags": {
                "settings_zone_picker_v2": "removed",
                "settings_systemui_theme": "True"
            },
            "message": "Merge \"Enable systemui_theme feature flag\" into pi-dev am: 14e605d7e9\nam: 9da10af64b\n\nChange-Id: I3dfdfcc303ae69fcfa5fee8da592e941d0b66518\n",
            "hash": "3ef7b09cacef284a6387232afd371b252d4f496a",
            "merge": "31b307df594 9da10af64bc",
            "author": "Lucas Dupin <dupin@google.com>",
            "date": "Tue May 29 12:21:15 2018"
        },
        {
            "title": "Enable systemui_theme feature flag",
            "flags": {
                "settings_systemui_theme": "True"
            },
            "message": "Enable systemui_theme feature flag\n\nTurning flag on even though translations are not ready in order to\nexpose feature and make sure it was properly tested before release\n\nChange-Id: I10f515b1bdcae45d1ed6d6d293afe1853f44dc02\nBug: 63903361\nFixes: 75498812\nTest: manual\n",
            "hash": "94eca2cbd4f274a85b1080918bf40220cf1160a9",
            "author": "Lucas Dupin <dupin@google.com>",
            "date": "Thu May 24 20:04:30 2018"
        },
        {
            "title": "Merge \"SystemUI theme feature flag\" into pi-dev am: 3884e936c9",
            "flags": {
                "settings_zone_picker_v2": "removed",
                "settings_systemui_theme": "False"
            },
            "message": "Merge \"SystemUI theme feature flag\" into pi-dev am: 3884e936c9\nam: 2fd55ef0f3\n\nChange-Id: I49482a8ca297b72110d8309051564bccd970b42f\n",
            "hash": "34cbecb71fb2e92a78719394850307b9ef484ad6",
            "merge": "0a556f6c4ac 2fd55ef0f3c",
            "author": "Lucas Dupin <dupin@google.com>",
            "date": "Thu May 24 12:30:35 2018"
        },
        {
            "title": "SystemUI theme feature flag",
            "flags": {
                "settings_systemui_theme": "False"
            },
            "message": "SystemUI theme feature flag\n\nHide SystemUI theme under feature flag, this way we can enable it when\nwe're sure that all new strings were localized and the feature is ready\nfor prime time.\n\nBug: 63903361\nTest: manual\nTest: make RunSettingsRoboTests ROBOTEST_FILTER=SystemUiThemePreferenceControllerTest\nChange-Id: I1093d414d951b71cab7cff10187c63bdd80eeee2\n",
            "hash": "06daff0660a036c5af32d1dde08aadc9fd48bf6f",
            "author": "Lucas Dupin <dupin@google.com>",
            "date": "Wed May 23 12:52:37 2018"
        },
        {
            "title": "remove feature flag for DeviceInfoSettings in Settings",
            "flags": {
                "settings_about_phone_v2": "removed"
            },
            "message": "remove feature flag for DeviceInfoSettings in Settings\n\nChange-Id: I2bf2e37fea936741dbf3a04ec68bf8871581df3e\nFixed: 78653510\nTest: Manual\n",
            "hash": "58ba33283fff8c78cdec81854aa6ac5be5506aa9",
            "author": "Gilbert Lee <gilbertlee@google.com>",
            "date": "Mon May 21 18:48:54 2018"
        },
        {
            "title": "Merge \"Enable feature flag for audio output switcher.\" into pi-dev am: 116e05cbba",
            "flags": {
                "settings_zone_picker_v2": "removed",
                "settings_audio_switcher": "True"
            },
            "message": "Merge \"Enable feature flag for audio output switcher.\" into pi-dev am: 116e05cbba\nam: fc01e133b5\n\nChange-Id: I512891cb258131cd1b6174e60936f707f6a875a6\n",
            "hash": "6f9ffd3b7481ad927408e2d7928f26f17a8f8542",
            "merge": "4b2be31388f fc01e133b59",
            "author": "Caxton Chan <caxtonchan@google.com>",
            "date": "Mon Apr 16 12:50:14 2018"
        },
        {
            "title": "Enable feature flag for audio output switcher.",
            "flags": {
                "settings_audio_switcher": "True"
            },
            "message": "Enable feature flag for audio output switcher.\n\nBug: 74130772\nTest: Build\nChange-Id: I04d0276681488c73c62b1f9ab6114c948bb50482\n",
            "hash": "651d0335c1372e2b25f632da6ffd18fcd1ce6835",
            "author": "ryanywlin <ryanywlin@google.com>",
            "date": "Mon Mar 26 23:49:11 2018"
        },
        {
            "title": "Remove the feature flag for time zone picker",
            "flags": {
                "settings_zone_picker_v2": "removed"
            },
            "message": "Remove the feature flag for time zone picker\n\nBug: 72376227\nTest: m RunSettingsRoboTests ROBOTEST_FILTER=com.android.settings.datetime.timezone\nTest: manual\nChange-Id: I4880f8e37d53879b971890a5d83ebdf1a417a262\n",
            "hash": "56cb29c0c368a4d75485eabf7f3dfc2933639286",
            "author": "Victor Chang <vichang@google.com>",
            "date": "Thu Mar 29 11:06:33 2018"
        },
        {
            "title": "Remove feature flag for battery settings",
            "flags": {
                "settings_battery_v2": "removed"
            },
            "message": "Remove feature flag for battery settings\n\nBug: 76027338\nTest: Build\nChange-Id: Ie15e7b05d81e93a9db0569a3e7c00faf9c9a60e3\n",
            "hash": "4c4efd09decb639588a77bf4bb7d807a360c3bc6",
            "author": "Lei Yu <jackqdyulei@google.com>",
            "date": "Mon Mar 26 14:50:42 2018"
        },
        {
            "title": "Enable new data usage settings features.",
            "flags": {
                "settings_data_usage_v2": "True"
            },
            "message": "Enable new data usage settings features.\n\nBug: 70950124\n\nTest: manual\nTest: make RunSettingsRoboTests\nChange-Id: I0d2942bf8b8e13ebefd7df899a6ecfc6595d1780\n",
            "hash": "5c4a42d532d7fa25fec013dbe737db33179014f9",
            "author": "Jan Nordqvist <jannq@google.com>",
            "date": "Wed Mar 21 15:09:04 2018"
        },
        {
            "title": "Add feature flag for audio output switcher.",
            "flags": {
                "settings_audio_switcher": "False"
            },
            "message": "Add feature flag for audio output switcher.\n\nBug: 74130772\nTest: rebuild\nChange-Id: I06224975550ab4017d1546b182af083a36c0eacc\n",
            "hash": "1af6f814881a66e5fac21314a5f47e9298fb02bf",
            "author": "Doris Ling <dling@google.com>",
            "date": "Tue Mar 6 15:17:10 2018"
        },
        {
            "title": "Remove connected devices feature flag",
            "flags": {
                "settings_connected_device_v2": "removed"
            },
            "message": "Remove connected devices feature flag\n\nBug: 72829348\nTest: passes\nChange-Id: If97b4eefeb1f550a78c9117a232e5bdb21789709\n",
            "hash": "eefa467e1ea76cfe189346ce642032c0e7c5b854",
            "author": "Jerry Zhang <zhangjerry@google.com>",
            "date": "Tue Feb 27 13:35:19 2018"
        },
        {
            "title": "Merge \"Revert \"Revert \"Turn on about phone v2\"\"\"",
            "flags": {
                "device_info_v2": "removed",
                "settings_about_phone_v2": "True",
                "settings_data_usage_v2": "False"
            },
            "message": "Merge \"Revert \"Revert \"Turn on about phone v2\"\"\"",
            "hash": "6c78b876e7e9c12690800bec1c4684c56a51548a",
            "merge": "5a5b6e04992 8fdafa096f6",
            "author": "TreeHugger Robot <treehugger-gerrit@google.com>",
            "date": "Thu Feb 8 15:24:49 2018"
        },
        {
            "title": "Revert \"Turn on about phone v2\"",
            "flags": {
                "device_info_v2": "True",
                "settings_about_phone_v2": "False"
            },
            "message": "Revert \"Turn on about phone v2\"\n\nThis reverts commit ab4ed1169aadf3967db648a016356beaf6d8f950.\n\nBug: 73102865\nChange-Id: I029064d144b891cb6eefacc2ad648a821fa49ec0\nTest: rebuild\n(cherry picked from commit 933026a3842fa6c3c2188275878b6d90b2025b2b)\n",
            "hash": "51f2b0ce43fff9f33d8b2c80493d3c559bc64a46",
            "author": "Doris Ling <dling@google.com>",
            "date": "Thu Feb 8 12:43:43 2018"
        },
        {
            "title": "Revert \"Revert \"Turn on about phone v2\"\"",
            "flags": {
                "device_info_v2": "removed",
                "settings_about_phone_v2": "True"
            },
            "message": "Revert \"Revert \"Turn on about phone v2\"\"\n\nThis reverts commit 933026a3842fa6c3c2188275878b6d90b2025b2b.\n\n- the problem with enabling the developer options is fixed, and hence re-submitting this change.\n\nBug: 73102865\nChange-Id: I4f608851df2a4980a6e3766b30c2d86e6e98d94c\nTest: rebuild\n",
            "hash": "8fdafa096f6f7a9a68d6bf0f89faef38742dd1b7",
            "author": "Doris Ling <dling@google.com>",
            "date": "Thu Feb 8 13:25:46 2018"
        },
        {
            "title": "Merge \"Revert \"Turn on about phone v2\"\"",
            "flags": {
                "device_info_v2": "True",
                "settings_about_phone_v2": "False",
                "settings_data_usage_v2": "False"
            },
            "message": "Merge \"Revert \"Turn on about phone v2\"\"",
            "hash": "a5ffafbfda3b5f6dd7f883045b6b0da0556b934c",
            "merge": "5b5e00aca19 933026a3842",
            "author": "Doris Ling <dling@google.com>",
            "date": "Thu Feb 8 12:47:05 2018"
        },
        {
            "title": "Revert \"Turn on about phone v2\"",
            "flags": {
                "device_info_v2": "True",
                "settings_about_phone_v2": "False"
            },
            "message": "Revert \"Turn on about phone v2\"\n\nThis reverts commit ab4ed1169aadf3967db648a016356beaf6d8f950.\n\nBug: 73102865\nChange-Id: I029064d144b891cb6eefacc2ad648a821fa49ec0\nTest: rebuild\n",
            "hash": "933026a3842fa6c3c2188275878b6d90b2025b2b",
            "author": "Doris Ling <dling@google.com>",
            "date": "Thu Feb 8 12:43:43 2018"
        },
        {
            "title": "Merge \"Turn on about phone v2\"",
            "flags": {
                "device_info_v2": "removed",
                "settings_about_phone_v2": "True",
                "settings_data_usage_v2": "False"
            },
            "message": "Merge \"Turn on about phone v2\"",
            "hash": "ab63bf0582649f769bcf8f658070de5c056f128d",
            "merge": "8663605144a ab4ed1169aa",
            "author": "Fan Zhang <zhfan@google.com>",
            "date": "Wed Feb 7 21:38:56 2018"
        },
        {
            "title": "Turn on about phone v2",
            "flags": {
                "device_info_v2": "removed",
                "settings_about_phone_v2": "True"
            },
            "message": "Turn on about phone v2\n\nChange-Id: I8775665b7116eeebff5178ebf32890d3585c1824\nFixes: 72523158\nBug: 36458278\nTest: visual\n",
            "hash": "ab4ed1169aadf3967db648a016356beaf6d8f950",
            "author": "Fan Zhang <zhfan@google.com>",
            "date": "Wed Feb 7 15:39:32 2018"
        },
        {
            "title": "Add default value to data usage feature flag.",
            "flags": {
                "settings_data_usage_v2": "False"
            },
            "message": "Add default value to data usage feature flag.\n\nTest: manual\nBug: 70950124\nChange-Id: Ib18a3aa8072010139feafee0592daa8afbafe008\n",
            "hash": "9aa745909e781634e2adae8fde652c6eaf8ebb73",
            "author": "Eric Schwarzenbach <easchwar@google.com>",
            "date": "Tue Feb 6 17:20:22 2018"
        },
        {
            "title": "Remove feature flag for suggestion ui v2.",
            "flags": {
                "settings_suggestion_ui_v2": "removed"
            },
            "message": "Remove feature flag for suggestion ui v2.\n\nBug: 70573674\nTest: rebuild\nChange-Id: I876ca6b126e55cca3a0f60020c0990261bd93bdc\n",
            "hash": "5ac59b7c46aca3c518595774f6e34d0c9671d914",
            "author": "Doris Ling <dling@google.com>",
            "date": "Tue Jan 30 15:31:36 2018"
        },
        {
            "title": "Remove feature flag for settings app info v2",
            "flags": {
                "settings_app_info_v2": "removed"
            },
            "message": "Remove feature flag for settings app info v2\n\nBug: 69384089\nTest: rebuild\nChange-Id: I121dea83742f28072a3275d5e02444cf5e89a0b7\n",
            "hash": "854b697f613f1ae876a61526a686b935557e9f43",
            "author": "Doris Ling <dling@google.com>",
            "date": "Tue Jan 16 13:35:36 2018"
        },
        {
            "title": "Remove security_v2 flag",
            "flags": {
                "settings_security_settings_v2": "removed"
            },
            "message": "Remove security_v2 flag\n\nChange-Id: Ibac46b9df4b950bfdbf1adf16ae65dc9b11d0dbf\nFixes: 32953042\nTest: rebuild\n",
            "hash": "204469a908d7f11c8667973305c216b5448c242d",
            "author": "Fan Zhang <zhfan@google.com>",
            "date": "Mon Jan 29 11:59:43 2018"
        },
        {
            "title": "Merge \"Add a new setting for Bluetooth on while driving.\"",
            "flags": {
                "settings_battery_v2": "True",
                "settings_bluetooth_while_driving": "False"
            },
            "message": "Merge \"Add a new setting for Bluetooth on while driving.\"",
            "hash": "1da5ab0183978be836cd08db833d68ad964fbc54",
            "merge": "41584b69fd0 79764127725",
            "author": "Daniel Nishi <dhnishi@google.com>",
            "date": "Wed Jan 24 10:22:15 2018"
        },
        {
            "title": "Merge \"Turn on battery settings feature by default\"",
            "flags": {
                "settings_battery_v2": "True",
                "settings_about_phone_v2": "False"
            },
            "message": "Merge \"Turn on battery settings feature by default\"",
            "hash": "59c31de1e5361b28624fe7fbe4191a3b97ad1cc8",
            "merge": "064f16638be b98408cb9c1",
            "author": "TreeHugger Robot <treehugger-gerrit@google.com>",
            "date": "Tue Jan 23 19:10:27 2018"
        },
        {
            "title": "Turn on battery settings feature by default",
            "flags": {
                "settings_battery_v2": "True"
            },
            "message": "Turn on battery settings feature by default\n\nBug: 69867246\nTest: Manual\nChange-Id: Ifc8bc4b5ea5e0a00784d9dbde042ed70dd853de4\n",
            "hash": "b98408cb9c1676ce09a0488d3b466dac7270142a",
            "author": "jackqdyulei <jackqdyulei@google.com>",
            "date": "Tue Jan 23 10:22:16 2018"
        },
        {
            "title": "Add a new setting for Bluetooth on while driving.",
            "flags": {
                "settings_bluetooth_while_driving": "False"
            },
            "message": "Add a new setting for Bluetooth on while driving.\n\nThis also adds a feature flag to read to see if the feature is enabled\non a given device.\n\nBug: 66679618\nTest: Used in Settings Robotest\nChange-Id: Idb892aa78f244d026a8d4b7dc104d47e0f611085\n",
            "hash": "7976412772580ea27a2e294b83d0129f2239d91a",
            "author": "Daniel Nishi <dhnishi@google.com>",
            "date": "Tue Jan 2 16:48:33 2018"
        },
        {
            "title": "Merge \"Add flag for a V2 of the About Phone page.\"",
            "flags": {
                "settings_zone_picker_v2": "True",
                "settings_about_phone_v2": "False"
            },
            "message": "Merge \"Add flag for a V2 of the About Phone page.\"",
            "hash": "426deb4da726802eb27b2081337d5f9f4d9d50bb",
            "merge": "16c5d2c8d25 9ecc54565dc",
            "author": "TreeHugger Robot <treehugger-gerrit@google.com>",
            "date": "Mon Jan 22 23:04:29 2018"
        },
        {
            "title": "Turn on new time zone picker flag by default.",
            "flags": {
                "settings_zone_picker_v2": "True"
            },
            "message": "Turn on new time zone picker flag by default.\n\nChanges the default value of the settings_zone_picker_v2 to true to\nallow more wide spread testing of the new zone picker.\n\nBug: 62255208\nTest: manual\nChange-Id: I6755a527ffa38835c126e4598be37b1d7035d0df\n",
            "hash": "ee90161a61a06b85d68f96b9fa1326c3e6f8e8ee",
            "author": "Joachim Sauer <jsauer@google.com>",
            "date": "Mon Jan 22 07:52:26 2018"
        },
        {
            "title": "Add flag for a V2 of the About Phone page.",
            "flags": {
                "settings_about_phone_v2": "False"
            },
            "message": "Add flag for a V2 of the About Phone page.\n\nBug: 63819909\nTest: Manual\nChange-Id: I370434d2ce2831674708197df38049a81fc55481\n",
            "hash": "9ecc54565dc1236e15d3ca711690c75612b37f89",
            "author": "Daniel Nishi <dhnishi@google.com>",
            "date": "Wed Jan 17 15:07:26 2018"
        },
        {
            "title": "Merge \"Add feature flag for suggestions UI v2.\"",
            "flags": {
                "settings_search_v2": "removed",
                "settings_app_info_v2": "True",
                "settings_suggestion_ui_v2": "False"
            },
            "message": "Merge \"Add feature flag for suggestions UI v2.\"",
            "hash": "27277a795f5d539057835833681299ae53aa32b9",
            "merge": "13ca805084a c359dfaeceb",
            "author": "TreeHugger Robot <treehugger-gerrit@google.com>",
            "date": "Wed Jan 17 14:45:45 2018"
        },
        {
            "title": "Remove search_v2 flag",
            "flags": {
                "settings_search_v2": "removed"
            },
            "message": "Remove search_v2 flag\n\nChange-Id: I606111f510d2d44276aac2e71fdc5e87b0e2babe\nFixes: 69851037\nTest: rebuild\n",
            "hash": "55c4e3dcb2d2af4a3192114aa6bd8fa28f3f5bd5",
            "author": "Fan Zhang <zhfan@google.com>",
            "date": "Tue Jan 16 13:01:35 2018"
        },
        {
            "title": "Turn on app info v2 feature.",
            "flags": {
                "settings_app_info_v2": "True"
            },
            "message": "Turn on app info v2 feature.\n\nBug: 69384089\nTest: rebuild\nChange-Id: I362de6232fa0cc790f4884e2fec9715342882167\n",
            "hash": "c5c9b7ffaceb1d7169624d5d140793d890756ea4",
            "author": "Doris Ling <dling@google.com>",
            "date": "Fri Jan 12 16:02:27 2018"
        },
        {
            "title": "Add feature flag for suggestions UI v2.",
            "flags": {
                "settings_suggestion_ui_v2": "False"
            },
            "message": "Add feature flag for suggestions UI v2.\n\nBug: 70573674\nTest: rebuild\nChange-Id: Ie05b381553b3e3bdfe31c503690bf8b283fbcead\n",
            "hash": "c359dfaeceb77538de9d5e8baae65d3d2e1ea158",
            "author": "Doris Ling <dling@google.com>",
            "date": "Wed Jan 10 17:42:06 2018"
        },
        {
            "title": "Add default value for new time zone picker flag.",
            "flags": {
                "settings_zone_picker_v2": "False"
            },
            "message": "Add default value for new time zone picker flag.\n\nAdd a feature flag for the new time zone picker, disabled by default.\n\nBug: 62255208\nTest: make\nChange-Id: I9dc2fd7d86f832e3b395d2fedc87b3fb64424c43\n",
            "hash": "0c0ccc62d40209d34bc81c6d555d153f14ff972d",
            "author": "Joachim Sauer <jsauer@google.com>",
            "date": "Fri Dec 15 09:22:39 2017"
        },
        {
            "title": "Turn on Settings security settings v2.",
            "flags": {
                "settings_security_settings_v2": "True"
            },
            "message": "Turn on Settings security settings v2.\n\nBug: 32953042\nTest: rebuild\nChange-Id: Ia21d2947306b567dc9580c816c0261836356a281\n",
            "hash": "7374826b2f49c2e1a7f6fe8c7fa3fcf0b7f38a2d",
            "author": "Fan Zhang <zhfan@google.com>",
            "date": "Fri Jan 5 13:10:16 2018"
        },
        {
            "title": "Remove settings suggestion v2 feature flag.",
            "flags": {
                "new_settings_suggestion": "removed"
            },
            "message": "Remove settings suggestion v2 feature flag.\n\nChange-Id: I0ef95324a643079484147caa5ecfff42d811aaff\nFixes: 68719093\nTest: rebuild\n",
            "hash": "c3aa5604438e747b1a9fa5a55a7ad9150a9d1620",
            "author": "Fan Zhang <zhfan@google.com>",
            "date": "Tue Jan 2 12:38:14 2018"
        },
        {
            "title": "Merge \"Add feature flag for security settings v2.\"",
            "flags": {
                "settings_search_v2": "True",
                "settings_security_settings_v2": "False"
            },
            "message": "Merge \"Add feature flag for security settings v2.\"",
            "hash": "d1dc3524f6176bedbc5ae8d6343b602e84fca287",
            "merge": "b9b1b172987 d2b4419ebd2",
            "author": "TreeHugger Robot <treehugger-gerrit@google.com>",
            "date": "Fri Dec 22 13:49:35 2017"
        },
        {
            "title": "Add feature flag for security settings v2.",
            "flags": {
                "settings_security_settings_v2": "False"
            },
            "message": "Add feature flag for security settings v2.\n\nBug:  32953042\nTest: rebuild\nChange-Id: Iabfd4705f01cf8a1ca1a3374de3d5a31850ae681\n",
            "hash": "d2b4419ebd22dab472207fc9cd7b6024efc2ec80",
            "author": "Fan Zhang <zhfan@google.com>",
            "date": "Fri Dec 22 10:03:00 2017"
        },
        {
            "title": "Merge \"Enable settings search v2 experiement\"",
            "flags": {
                "settings_search_v2": "True",
                "settings_connected_device_v2": "True"
            },
            "message": "Merge \"Enable settings search v2 experiement\"",
            "hash": "3b8a596f05d18af4e4e02457ba3e6efff3f9cd0f",
            "merge": "b1bd89a8770 b0a15b6d181",
            "author": "Fan Zhang <zhfan@google.com>",
            "date": "Thu Dec 21 09:29:32 2017"
        },
        {
            "title": "Enable settings search v2 experiement",
            "flags": {
                "settings_search_v2": "True"
            },
            "message": "Enable settings search v2 experiement\n\nTest: FeatureFlagUtilsTest\nChange-Id: I6008cdbf4e0ba2e0351e5859dd178fe7a5a83200\n",
            "hash": "b0a15b6d181d16649744abb72630a7d50d06b9e1",
            "author": "Fan Zhang <zhfan@google.com>",
            "date": "Wed Dec 20 11:07:49 2017"
        },
        {
            "title": "Turn on connected device by default",
            "flags": {
                "settings_connected_device_v2": "True"
            },
            "message": "Turn on connected device by default\n\nBug: 69926683\nTest: Build\nChange-Id: Ia3389f459e7c9c6de3f549c60470bf12660d7a87\n",
            "hash": "65fe45522fee93f82f80713c4748bb7b87e9f5f0",
            "author": "jackqdyulei <jackqdyulei@google.com>",
            "date": "Fri Dec 15 10:59:15 2017"
        },
        {
            "title": "Add default value for battery app list flag",
            "flags": {
                "settings_battery_display_app_list": "False"
            },
            "message": "Add default value for battery app list flag\n\nBug: 3331576\nTest: Build\nChange-Id: I3396802c03cf2120f5d1ff5ab9120b7d8949d943\n",
            "hash": "ee0e2e9d23511a877c13032725d0dfa383f3aa1d",
            "author": "jackqdyulei <jackqdyulei@google.com>",
            "date": "Fri Dec 8 09:45:23 2017"
        },
        {
            "title": "Make a static list of flags.",
            "flags": {
                "device_info_v2": "True",
                "new_settings_suggestion": "True",
                "settings_search_v2": "False",
                "settings_app_info_v2": "False",
                "settings_connected_device_v2": "False",
                "settings_battery_v2": "False"
            },
            "message": "Make a static list of flags.\n\nBug: 36222960\nTest: atest\nChange-Id: I356a0c9826fd9f5a9e5520227be4e5cb4d3e04c1\n",
            "hash": "3080636f88a9d68fc9f3f5b84d621e3c4daa9986",
            "author": "Fan Zhang <zhfan@google.com>",
            "date": "Thu Dec 7 11:15:26 2017"
        }
    ]
}