{
    "date": "2019-12-20T18:24:00.047218",
    "commits": [
        {
            "title": "Zstd export: Add feature flag for zstd export",
            "flags": {
                "Zstd_export": "False"
            },
            "message": "Zstd export: Add feature flag for zstd export\n\nSigned-off-by: John Else <john.else@gmail.com>\n",
            "hash": "adca3b750da06deb9a141ad2447605601c49a177",
            "author": "John Else <john.else@gmail.com>",
            "date": "Tue Jan 15 16:13:42 2019"
        },
        {
            "title": "Revert \"Zstd export: Add feature flag for zstd export\"",
            "flags": {
                "Zstd_export": "removed"
            },
            "message": "Revert \"Zstd export: Add feature flag for zstd export\"\n\nThis reverts commit 50b9aa5a07b2fba1647cdce9ced3d4a581344c44.\n",
            "hash": "4eb42ea4f3a9523d7e510b3f23dbb360eb20e136",
            "author": "Christian Lindig <christian.lindig@citrix.com>",
            "date": "Thu Mar 28 03:43:27 2019"
        },
        {
            "title": "Zstd export: Add feature flag for zstd export",
            "flags": {
                "Zstd_export": "False"
            },
            "message": "Zstd export: Add feature flag for zstd export\n\nSigned-off-by: John Else <john.else@gmail.com>\n",
            "hash": "50b9aa5a07b2fba1647cdce9ced3d4a581344c44",
            "author": "John Else <john.else@gmail.com>",
            "date": "Tue Jan 15 16:13:42 2019"
        },
        {
            "title": "Merge remote-tracking branch 'upstream/master' into sr-iov",
            "flags": {
                "Network_sriov": "False",
                "Corosync": "False"
            },
            "message": "Merge remote-tracking branch 'upstream/master' into sr-iov\n",
            "hash": "9684cead1bf3e4bfbb781f5c31068657a3e077a7",
            "merge": "c41e6a905 f344beca6",
            "author": "Yang Qian <yang.qian@citrix.com>",
            "date": "Thu Mar 15 18:45:17 2018"
        },
        {
            "title": "Reinstating feature flag/licensing check",
            "flags": {
                "Corosync": "False"
            },
            "message": "Reinstating feature flag/licensing check\n\nSigned-off-by: Thomas Mckelvey <thomas.mckelvey@citrix.com>\n",
            "hash": "26b5e2f996ee43167c9aeda9302f8e584c4df304",
            "author": "Thomas Mckelvey <thomas.mckelvey@citrix.com>",
            "date": "Wed Dec 6 05:05:06 2017"
        },
        {
            "title": "Reverting adding feature flags until we have v6d changes",
            "flags": {
                "Corosync": "removed"
            },
            "message": "Reverting adding feature flags until we have v6d changes\n\nSigned-off-by: Thomas Mckelvey <thomas.mckelvey@citrix.com>\n",
            "hash": "5ab7519b1153a4712b61b37810295b901c6988e9",
            "author": "Thomas Mckelvey <thomas.mckelvey@citrix.com>",
            "date": "Wed Dec 6 03:29:32 2017"
        },
        {
            "title": "CP-24681: Use feature flag to disable clustering",
            "flags": {
                "Corosync": "False"
            },
            "message": "CP-24681: Use feature flag to disable clustering\n\nSigned-off-by: Thomas Mckelvey <thomas.mckelvey@citrix.com>\n",
            "hash": "ffb563b684b21b3adcdc246f2a5e6e6942700711",
            "author": "Thomas Mckelvey <thomas.mckelvey@citrix.com>",
            "date": "Fri Dec 1 05:03:56 2017"
        },
        {
            "title": "CP-23644: Add network sriov as a feature",
            "flags": {
                "Network_sriov": "False"
            },
            "message": "CP-23644: Add network sriov as a feature\n\nSigned-off-by: Cheng Zhang <cheng.zhang@citrix.com>\n",
            "hash": "636924a42897a22b5f880817feecd79ded9c7f0a",
            "author": "Cheng Zhang <cheng.zhang@citrix.com>",
            "date": "Tue Jan 9 00:24:23 2018"
        },
        {
            "title": "CP-24153: Add USB passthrough feature flag.",
            "flags": {
                "USB_passthrough": "False"
            },
            "message": "CP-24153: Add USB passthrough feature flag.\n\nSigned-off-by: Hui Zhang <hui.zhang@citrix.com>\n",
            "hash": "88d774663aac3308443f8df15bdc52297cddb678",
            "author": "Hui Zhang <hui.zhang@citrix.com>",
            "date": "Sun Sep 24 23:24:19 2017"
        },
        {
            "title": "CP-22016: Add feature flag checks to CBT XenAPI functions",
            "flags": {
                "CBT": "False"
            },
            "message": "CP-22016: Add feature flag checks to CBT XenAPI functions\n\nSigned-off-by: Thomas Mckelvey <thomas.mckelvey@citrix.com>\n",
            "hash": "968acdfad9060a75a364ce15996a82af6660b99a",
            "author": "Thomas Mckelvey <thomas.mckelvey@citrix.com>",
            "date": "Tue Sep 26 08:52:01 2017"
        },
        {
            "title": "CP-24529: Add Pool_size feature flag",
            "flags": {
                "Pool_size": "False"
            },
            "message": "CP-24529: Add Pool_size feature flag\n\nThis will be usable to restrict Pooling for more than 3 hosts.\n\nSigned-off-by: Sharad Yadav <sharad.yadav@citrix.com>\n",
            "hash": "9887d34d1432f0254949f64526969e6589848be4",
            "author": "Sharad Yadav <sharad.yadav@citrix.com>",
            "date": "Thu Sep 21 21:11:23 2017"
        },
        {
            "title": "CP-24529: Add RPU(Rolling Pool Upgrade) feature flag",
            "flags": {
                "RPU": "False"
            },
            "message": "CP-24529: Add RPU(Rolling Pool Upgrade) feature flag\n\nThis will be usable by XenCenter to restrict RPU.\n\nSigned-off-by: Sharad Yadav <sharad.yadav@citrix.com>\n",
            "hash": "5526925d6ff7267689d0d837dace4f05bccf181c",
            "author": "Sharad Yadav <sharad.yadav@citrix.com>",
            "date": "Thu Sep 21 21:03:30 2017"
        },
        {
            "title": "CP-23781: Add IGMP Snooping feature flag.",
            "flags": {
                "IGMP_snooping": "False"
            },
            "message": "CP-23781: Add IGMP Snooping feature flag.\n\nSigned-off-by: Hui Zhang <hui.zhang@citrix.com>\n",
            "hash": "3277a7f0dc40234ceb6e36d85aa314c32394a2e6",
            "author": "Hui Zhang <hui.zhang@citrix.com>",
            "date": "Sun Jul 30 23:07:33 2017"
        },
        {
            "title": "CP-16030: Add license checks for VMSS Calls",
            "flags": {
                "VMSS": "False"
            },
            "message": "CP-16030: Add license checks for VMSS Calls\n\nSigned-off-by: Sharad Yadav <sharad.yadav@citrix.com>\n",
            "hash": "a05ea580b65eb5d76fd2dfedf80b199246f6eeca",
            "author": "Sharad Yadav <sharad.yadav@citrix.com>",
            "date": "Mon Feb 8 20:47:17 2016"
        },
        {
            "title": "CP-17652: Add PVS_proxy feature flag",
            "flags": {
                "PVS_proxy": "False"
            },
            "message": "CP-17652: Add PVS_proxy feature flag\n\nSigned-off-by: John Else <john.else@citrix.com>\n",
            "hash": "d21745808074e6417739d3e204aff884d841b27f",
            "author": "John Else <john.else@citrix.com>",
            "date": "Thu Jul 14 07:20:02 2016"
        },
        {
            "title": "CP-18919: Feature definition: Live_set_vcpus",
            "flags": {
                "Live_set_vcpus": "False"
            },
            "message": "CP-18919: Feature definition: Live_set_vcpus\n\nThis new constant will be usable for restricting the\nuse of the existing API call VM.set_VCPUs_number_live\n\nSigned-off-by: Thomas Sanders <thomas.sanders@citrix.com>\n",
            "hash": "63e35f26576ddd36458d5baf0ae61dd22449bcaf",
            "author": "Thomas Sanders <thomas.sanders@citrix.com>",
            "date": "Thu Sep 22 08:30:20 2016"
        },
        {
            "title": "ocp-indent all ml and mli files",
            "flags": {
                "VLAN": "False",
                "QoS": "False",
                "Shared_storage": "False",
                "Netapp": "False",
                "Equalogic": "False",
                "Pooling": "False",
                "HA": "False",
                "Marathon": "False",
                "Email": "False",
                "Performance": "False",
                "WLB": "False",
                "RBAC": "False",
                "DMC": "False",
                "Checkpoint": "False",
                "CPU_masking": "False",
                "Connection": "False",
                "No_platform_filter": "False",
                "No_nag_dialog": "False",
                "VMPR": "False",
                "IntelliCache": "False",
                "GPU": "False",
                "DR": "False",
                "VIF_locking": "False",
                "Storage_motion": "False",
                "VGPU": "False",
                "Integrated_GPU": "False",
                "VSS": "False",
                "Guest_agent_auto_update": "False",
                "PCI_device_for_auto_update": "False",
                "Xen_motion": "False",
                "Guest_ip_setting": "False",
                "AD": "False",
                "Ssl_legacy_switch": "False",
                "Nested_virt": "False",
                "Live_patching": "False"
            },
            "message": "ocp-indent all ml and mli files\n\nSigned-off-by: Jon Ludlam <jonathan.ludlam@citrix.com>\n",
            "hash": "f43c221ad556bc85870faebc3ce3c9d6e9c2efd8",
            "author": "Jon Ludlam <jonathan.ludlam@citrix.com>",
            "date": "Tue Sep 13 02:40:10 2016"
        },
        {
            "title": "CP-18179: Add feature flag for live patching",
            "flags": {
                "Live_patching": "False"
            },
            "message": "CP-18179: Add feature flag for live patching\n\nSigned-off-by: Cheng Zhang <cheng.zhang@citrix.com>\n",
            "hash": "9b2f3b4f1abf2fb23abb36085b8ae0e29a6b257f",
            "author": "Cheng Zhang <cheng.zhang@citrix.com>",
            "date": "Wed Jul 13 19:59:19 2016"
        },
        {
            "title": "CP-18172: Add a Nested_virt feature flag",
            "flags": {
                "Nested_virt": "False"
            },
            "message": "CP-18172: Add a Nested_virt feature flag\n\nSigned-off-by: Jon Ludlam <jonathan.ludlam@citrix.com>\n",
            "hash": "3a341f2d3693e18785a24b67fdbf3c440d542151",
            "author": "Jon Ludlam <jonathan.ludlam@citrix.com>",
            "date": "Thu Jul 14 08:55:42 2016"
        },
        {
            "title": "CA-213035: feature-flag for ssl_legacy control switch",
            "flags": {
                "Ssl_legacy_switch": "False"
            },
            "message": "CA-213035: feature-flag for ssl_legacy control switch\n\nAdd a feature to indicate the availability of this functionality.\n\nSigned-off-by: Thomas Sanders <thomas.sanders@citrix.com>\n(cherry picked from commit faf9340a2e7086406a55707202de9f5d898e59f5)\nSigned-off-by: Phus Lu <phus.lu@citrix.com>\n",
            "hash": "7d95af00802cc57538af16843e3768bc95b90fa4",
            "author": "Thomas Sanders <thomas.sanders@citrix.com>",
            "date": "Mon Jun 13 02:26:33 2016"
        },
        {
            "title": "CA-207609: Add AD feature flag",
            "flags": {
                "AD": "False"
            },
            "message": "CA-207609: Add AD feature flag\n\nThis is just a flag; no restrictions enforced.\n\nSigned-off-by: Rob Hoes <rob.hoes@citrix.com>\n",
            "hash": "a32e775234648f7cc0c9ac0d41a25a11025fb425",
            "author": "Rob Hoes <rob.hoes@citrix.com>",
            "date": "Tue Apr 26 08:25:56 2016"
        },
        {
            "title": "CP-15358: Support external IP address setting in VMs",
            "flags": {
                "Guest_ip_setting": "False"
            },
            "message": "CP-15358: Support external IP address setting in VMs\n\nThis adds several new fields for VIFs:\n- ip{v4,v6}_configuration_mode (possible values are None and Static)\n- ip{v4,v6}_addresses\n- ip{v4,v6}_gateway\n\nAnd the functions VIF.configure-ip{v4,v6} to set them, in a similar manner as\nPIF.reconfigure_ip.\n\nSigned-off-by: Chunjie Zhu <chunjie.zhu@citrix.com>\nSigned-off-by: Rob Hoes <rob.hoes@citrix.com>\n",
            "hash": "3cd72206a04ed6b8ae7062960f105a98679aeed8",
            "author": "Chunjie Zhu <chunjie.zhu@citrix.com>",
            "date": "Tue Mar 1 09:15:36 2016"
        },
        {
            "title": "CP-14833: Add XenMotion feature flag",
            "flags": {
                "Xen_motion": "False"
            },
            "message": "CP-14833: Add XenMotion feature flag\n\nSigned-off-by: John Else <john.else@citrix.com>\n",
            "hash": "dc148872addde85a3426739c3a035b02a6e056e7",
            "author": "John Else <john.else@citrix.com>",
            "date": "Thu Nov 12 06:22:46 2015"
        },
        {
            "title": "CP-14786: Licence-feature for Windows Update device",
            "flags": {
                "PCI_device_for_auto_update": "False"
            },
            "message": "CP-14786: Licence-feature for Windows Update device\n\nSigned-off-by: Thomas Sanders <thomas.sanders@citrix.com>\n",
            "hash": "747515c8291be4e42337fad9a683f06f16de7a69",
            "author": "Thomas Sanders <thomas.sanders@citrix.com>",
            "date": "Mon Nov 16 07:52:21 2015"
        },
        {
            "title": "CP-13200: Add license flags for VSS and guest agent auto-update",
            "flags": {
                "VSS": "False",
                "Guest_agent_auto_update": "False"
            },
            "message": "CP-13200: Add license flags for VSS and guest agent auto-update\n\nSigned-off-by: John Else <john.else@citrix.com>\n",
            "hash": "b40745b2b418af1710bce7c67ec636c2e4740535",
            "author": "John Else <john.else@citrix.com>",
            "date": "Mon Aug 17 08:36:36 2015"
        },
        {
            "title": "Add feature flag for integrated GPU passthrough",
            "flags": {
                "Integrated_GPU": "False"
            },
            "message": "Add feature flag for integrated GPU passthrough\n\nSigned-off-by: John Else <john.else@citrix.com>\n",
            "hash": "69ac58fb9bc6e8470a2c345524919a2fa4a8f869",
            "author": "John Else <john.else@citrix.com>",
            "date": "Wed Apr 8 08:03:39 2015"
        },
        {
            "title": "Add VGPU feature flag",
            "flags": {
                "Storage_motion": "False",
                "VGPU": "False"
            },
            "message": "Add VGPU feature flag\n\nSigned-off-by: John Else <john.else@citrix.com>\n",
            "hash": "92a49c1352eacb4599342862df66d40c7b2f1e9d",
            "author": "John Else <john.else@citrix.com>",
            "date": "Mon Jul 8 03:40:31 2013"
        },
        {
            "title": "CP-4273: Remove Hotfix_apply licensing feature",
            "flags": {
                "Hotfix_apply": "removed"
            },
            "message": "CP-4273: Remove Hotfix_apply licensing feature\n\nIt will instead be added to the list of additional features defined in\nv6d.\n\nSigned-off-by: John Else <john.else@citrix.com>\n",
            "hash": "56053781d56563806d80fdf00e82bfd0d240368d",
            "author": "John Else <john.else@citrix.com>",
            "date": "Tue Mar 26 11:54:22 2013"
        },
        {
            "title": "CP-4273: Add Hotfix_apply licensing feature",
            "flags": {
                "Hotfix_apply": "False"
            },
            "message": "CP-4273: Add Hotfix_apply licensing feature\n\nSigned-off-by: Mike McClurg <mike.mcclurg@citrix.com>\n",
            "hash": "ff5a4de9d7ed8d1b32fa755f0c9ee4f7c4994690",
            "author": "Mike McClurg <mike.mcclurg@citrix.com>",
            "date": "Tue Mar 5 02:16:59 2013"
        },
        {
            "title": "CP-3334: Add Storage_motion type to feature list",
            "flags": {
                "Storage_motion": "False"
            },
            "message": "CP-3334: Add Storage_motion type to feature list\n\nSigned-off-by: Mike McClurg <mike.mcclurg@citrix.com>\n",
            "hash": "0cbb750f25a6fa8cdb0a0af2fc2248e95b1471c1",
            "author": "Mike McClurg <mike.mcclurg@citrix.com>",
            "date": "Sat Mar 31 05:52:42 2012"
        },
        {
            "title": "CP-2762: Add VIF_locking feature.",
            "flags": {
                "VIF_locking": "False"
            },
            "message": "CP-2762: Add VIF_locking feature.\n\nSigned-off-by: John Else <john.else@citrix.com>\n",
            "hash": "572dba61bfa0d3fd1115b4f0a7f84b7e6f61be4b",
            "author": "John Else <john.else@citrix.com>",
            "date": "Fri Oct 28 10:54:10 2011"
        },
        {
            "title": "CP-2278: Add DR to features list",
            "flags": {
                "DR": "False"
            },
            "message": "CP-2278: Add DR to features list\n\nSigned-off-by: John Else <john.else@citrix.com>\n",
            "hash": "ff045c88fa264eb8c95f33455303c4d8804e5306",
            "author": "John Else <john.else@citrix.com>",
            "date": "Thu Feb 3 11:58:26 2011"
        },
        {
            "title": "CP-2323: License check and error conditions",
            "flags": {
                "GPU": "False"
            },
            "message": "CP-2323: License check and error conditions\n\nSigned-off-by: Rob Hoes <rob.hoes@citrix.com>\n",
            "hash": "ac2c698cb9083c71c65879ceeb4feec888ecd661",
            "author": "Rob Hoes <rob.hoes@citrix.com>",
            "date": "Mon Mar 7 07:24:34 2011"
        },
        {
            "title": "[CP-2284] Adds the \"IntelliCache\" feature.",
            "flags": {
                "IntelliCache": "False"
            },
            "message": "[CP-2284] Adds the \"IntelliCache\" feature.\n\nSigned-off-by: Jonathan Knowles <jonathan.knowles@eu.citrix.com>\n",
            "hash": "02dd9ae817e4f15d2831089d870c1c2ad78b5a1d",
            "author": "Jonathan Knowles <jonathan.knowles@eu.citrix.com>",
            "date": "Thu Mar 3 09:39:02 2011"
        },
        {
            "title": "CP-2137: Allow additional feature flags to be set by v6d",
            "flags": {
                "Vswitch_controller": "removed"
            },
            "message": "CP-2137: Allow additional feature flags to be set by v6d\n\nSigned-off-by: Rob Hoes <rob.hoes@citrix.com>\n",
            "hash": "38b06184c0f99b90f036c3d327e27638e4987f73",
            "author": "Rob Hoes <rob.hoes@citrix.com>",
            "date": "Wed Jan 26 09:39:04 2011"
        },
        {
            "title": "Update ocamldoc",
            "flags": {
                "Performance": "False"
            },
            "message": "Update ocamldoc\n\nSigned-off-by: Rob Hoes <rob.hoes@citrix.com>\n",
            "hash": "42db7a80ea4a3e6b6484b0148caea12eeb1fd4ca",
            "author": "Rob Hoes <rob.hoes@citrix.com>",
            "date": "Wed Jan 26 09:39:04 2011"
        },
        {
            "title": "Repairing whitespace within the Features module.",
            "flags": {
                "VLAN": "False",
                "QoS": "False",
                "Shared_storage": "False",
                "Netapp": "False",
                "Equalogic": "False",
                "Pooling": "False",
                "HA": "False",
                "Marathon": "False",
                "Email": "False",
                "Performance": "False",
                "WLB": "False",
                "RBAC": "False",
                "DMC": "False",
                "Checkpoint": "False",
                "Vswitch_controller": "False",
                "CPU_masking": "False",
                "Connection": "False",
                "No_platform_filter": "False",
                "No_nag_dialog": "False",
                "VMPR": "False"
            },
            "message": "Repairing whitespace within the Features module.\n\nSigned-off-by: Jonathan Knowles <jonathan.knowles@eu.citrix.com>\n\nProof that this patch introduces no semantic changes:\n\ncamlp4o -printer o -no_comments $file:\n\nocaml/license/features.ml\n    26a618732a366e603aa87b3788f0e84e -\n    26a618732a366e603aa87b3788f0e84e - PASS\nocaml/license/features.mli\n    f778551b861102e29dbdbefe8c90329b -\n    f778551b861102e29dbdbefe8c90329b - PASS\n",
            "hash": "9fde2d48c4fb187c29d1ef0a1b9b2d423e953462",
            "author": "Xen hg user <hg@uk.xensource.com>",
            "date": "Wed Jan 26 09:39:04 2011"
        },
        {
            "title": "CP-1798: license updates for VMPR (PR-1031)",
            "flags": {
                "VMPR": "False"
            },
            "message": "CP-1798: license updates for VMPR (PR-1031)\n\nSigned-off-by: Marcus Granado <marcus.granado@eu.citrix.com>\n",
            "hash": "73c910ed2b7e82048347bac6f5cde12a886bfa62",
            "author": "Marcus Granado <marcus.granado@eu.citrix.com>",
            "date": "Mon Aug 23 07:54:37 2010"
        },
        {
            "title": "Rewrite feature restrictions code",
            "flags": {
                "VMPR": "removed"
            },
            "message": "Rewrite feature restrictions code\n\nThis patch replaces restrictions.ml by features.ml and editions.ml, and splits up license.ml in three separate files (license.ml, license_init.ml and license_file.ml).\n\nThe Features module controls which XCP features are enabled. The Editions module defines \"editions\", which are sets of features that are enabled. An XCP host is always running as (exactly) one particular edition. Currently, there is just one edition defined, called \"Free\" (for backwards compatibility), in which all currently implemented features are enabled.\n\nOne use of this is that new or experimental features can be enabled only in special editions to keep them separate from the stable version of XCP.\n\nSigned-off-by: Rob Hoes <rob.hoes@citrix.com>\n",
            "hash": "4852c4ef4217ebbfd2547f002c2057d35c360901",
            "author": "Rob Hoes <rob.hoes@citrix.com>",
            "date": "Wed Jul 14 08:43:32 2010"
        }
    ]
}