{
    "date": "2019-12-20T17:59:10.810090",
    "commits": [
        {
            "title": "[CLEANUP] Remove EMBER_METAL_TRACKED_PROPERTIES feature flag.",
            "flags": {
                "EMBER_METAL_TRACKED_PROPERTIES": "removed"
            },
            "message": "[CLEANUP] Remove EMBER_METAL_TRACKED_PROPERTIES feature flag.\n\nThis has been enabled by default since Ember 3.13, it is safe to remove\nthe flagging infrastructure now.\n",
            "hash": "720b49da8eedcc535556f51a9e6d560a7cefba29",
            "author": "Robert Jackson <rjackson@linkedin.com>",
            "date": "Sun Nov 24 10:55:48 2019"
        },
        {
            "title": "[FEATURE ember-routing-model-arg] Enable by default.",
            "flags": {
                "EMBER_ROUTING_MODEL_ARG": "True"
            },
            "message": "[FEATURE ember-routing-model-arg] Enable by default.\n",
            "hash": "c334bf5a80fd17c91dfc95d35ace838a2274e4b2",
            "author": "Robert Jackson <rjackson@linkedin.com>",
            "date": "Fri Sep 6 12:04:19 2019"
        },
        {
            "title": "[FEATURE MODEL_ARG] Implement RFC emberjs/rfcs#523",
            "flags": {
                "EMBER_ROUTING_MODEL_ARG": "False"
            },
            "message": "[FEATURE MODEL_ARG] Implement RFC emberjs/rfcs#523\n\nThe key changes are in `route.ts` and `syntax/outlet.ts`.\n\nThe rest are just threading through those new values and test changes.\n",
            "hash": "16b74a531e6343faa7f65112b104f27bb4d7bb0b",
            "author": "Godfrey Chan <godfreykfc@gmail.com>",
            "date": "Sun Sep 1 22:19:33 2019"
        },
        {
            "title": "[CLEANUP] remove enabled features",
            "flags": {
                "EMBER_GLIMMER_FORWARD_MODIFIERS_WITH_SPLATTRIBUTES": "removed",
                "EMBER_GLIMMER_ANGLE_BRACKET_BUILT_INS": "removed",
                "EMBER_NATIVE_DECORATOR_SUPPORT": "removed",
                "EMBER_GLIMMER_FN_HELPER": "removed",
                "EMBER_FRAMEWORK_OBJECT_OWNER_ARGUMENT": "removed"
            },
            "message": "[CLEANUP] remove enabled features\n",
            "hash": "f85cefe9855b2521b02800d4bb2b68da7db2a214",
            "author": "Godfrey Chan <godfreykfc@gmail.com>",
            "date": "Tue Aug 6 13:04:32 2019"
        },
        {
            "title": "[FEATURE ember-glimmer-set-component-template] Enable by default.",
            "flags": {
                "EMBER_GLIMMER_SET_COMPONENT_TEMPLATE": "True"
            },
            "message": "[FEATURE ember-glimmer-set-component-template] Enable by default.\n",
            "hash": "215b6de577e5e90883e76c7a7e2b8187ddfa45cf",
            "author": "Robert Jackson <rjackson@linkedin.com>",
            "date": "Fri Jul 12 12:11:30 2019"
        },
        {
            "title": "[FEATURE] Enables Tracked Properties",
            "flags": {
                "EMBER_METAL_TRACKED_PROPERTIES": "True",
                "EMBER_CUSTOM_COMPONENT_ARG_PROXY": "True"
            },
            "message": "[FEATURE] Enables Tracked Properties\n",
            "hash": "42d8229a15cbd1e192e340fa453511e42d88285d",
            "author": "Chris Garrett <cgarrett@linkedin.com>",
            "date": "Wed Jul 10 10:09:38 2019"
        },
        {
            "title": "[FEATURE set-component-template] Initial impl",
            "flags": {
                "EMBER_GLIMMER_SET_COMPONENT_TEMPLATE": "False"
            },
            "message": "[FEATURE set-component-template] Initial impl\n\nCo-authored-by: Robert Jackson <me@rwjblue.com>\n",
            "hash": "11584148ada12573b24a0eeafc5f25446d97d16c",
            "author": "Godfrey Chan <godfreykfc@gmail.com>",
            "date": "Thu Jun 27 13:23:40 2019"
        },
        {
            "title": "[FEATURE ember-glimmer-on-modifier] Remove feature flagging. (#18078)",
            "flags": {
                "EMBER_GLIMMER_ANGLE_BRACKET_NESTED_LOOKUP": "removed",
                "EMBER_ROUTING_BUILD_ROUTEINFO_METADATA": "removed",
                "EMBER_GLIMMER_ON_MODIFIER": "removed"
            },
            "message": "[FEATURE ember-glimmer-on-modifier] Remove feature flagging. (#18078)\n\n[FEATURE ember-glimmer-on-modifier] Remove feature flagging.",
            "hash": "a6f6fb8f23490a5936b857c7ba65a46672efa287",
            "merge": "52eaf1762 11be7e5a9",
            "author": "Robert Jackson <robert.w.jackson@me.com>",
            "date": "Thu Jun 27 13:38:08 2019"
        },
        {
            "title": "[FEATURE ember-glimmer-angle-bracket-nested-lookup] Remove feature flaging",
            "flags": {
                "EMBER_GLIMMER_ANGLE_BRACKET_NESTED_LOOKUP": "removed"
            },
            "message": "[FEATURE ember-glimmer-angle-bracket-nested-lookup] Remove feature flaging\n",
            "hash": "4a9122f629e1eae5567733f8aa462dfc271d491a",
            "author": "Josemar Luedke <josemarluedke@gmail.com>",
            "date": "Wed Jun 26 10:14:43 2019"
        },
        {
            "title": "[FEATURE ember-routing-build-routeinfo-metadata] Remove feature flagging.",
            "flags": {
                "EMBER_ROUTING_BUILD_ROUTEINFO_METADATA": "removed"
            },
            "message": "[FEATURE ember-routing-build-routeinfo-metadata] Remove feature flagging.\n",
            "hash": "330fb5a68870dae206b5ea1678e2247092281957",
            "author": "Josemar Luedke <josemarluedke@gmail.com>",
            "date": "Thu Jun 13 11:36:22 2019"
        },
        {
            "title": "[FEATURE ember-glimmer-on-modifier] Remove feature flagging.",
            "flags": {
                "EMBER_GLIMMER_ON_MODIFIER": "removed"
            },
            "message": "[FEATURE ember-glimmer-on-modifier] Remove feature flagging.\n",
            "hash": "11be7e5a9dbf14215f8cb1378f70a6ef77e171ed",
            "author": "Josemar Luedke <josemarluedke@gmail.com>",
            "date": "Thu Jun 6 21:21:33 2019"
        },
        {
            "title": "[FEATURE EMBER_MODULE_UNIFICATION] Disable.",
            "flags": {
                "EMBER_MODULE_UNIFICATION": "False"
            },
            "message": "[FEATURE EMBER_MODULE_UNIFICATION] Disable.\n\nIt is extremely unlikely that the implementation of module unification\nthat exists behind this feature flag will ever land, and due to the way\nwe test optional features the presence of this feature flag makes it\nimpossible to test other new features _without_ also testing module\nunification (meaning the features can't be tested independently).\n\nThis disables the module unification feature completely such that it is\nnot possible to enable at runtime.\n",
            "hash": "c728041f0f8f241c1ab3d58d6f31c2ed3a3e0abf",
            "author": "Robert Jackson <rjackson@linkedin.com>",
            "date": "Thu May 30 14:10:36 2019"
        },
        {
            "title": "[FEATURE] Enable Inject Parameter Normalization by default.",
            "flags": {
                "EMBER_FRAMEWORK_OBJECT_OWNER_ARGUMENT": "True"
            },
            "message": "[FEATURE] Enable Inject Parameter Normalization by default.\n",
            "hash": "d1977547c09940c84daf83610b646445656bae92",
            "author": "Robert Jackson <rjackson@linkedin.com>",
            "date": "Mon May 13 08:05:31 2019"
        },
        {
            "title": "[FEATURE] Enable `on` modifier by default.",
            "flags": {
                "EMBER_GLIMMER_ON_MODIFIER": "True"
            },
            "message": "[FEATURE] Enable `on` modifier by default.\n",
            "hash": "1e50958456de7bff99e09c8202efcc256d4be498",
            "author": "Robert Jackson <rjackson@linkedin.com>",
            "date": "Mon May 13 08:04:15 2019"
        },
        {
            "title": "Refactor implementation of owner tunnel to limit to framework classes.",
            "flags": {
                "EMBER_FRAMEWORK_OBJECT_OWNER_ARGUMENT": "False"
            },
            "message": "Refactor implementation of owner tunnel to limit to framework classes.\n",
            "hash": "0b47cd296924163b3bb3f5f1cbab862c15bd4daa",
            "author": "Robert Jackson <rjackson@linkedin.com>",
            "date": "Thu May 2 14:11:52 2019"
        },
        {
            "title": "[FEATURE] Enable fn helper by default.",
            "flags": {
                "EMBER_GLIMMER_FN_HELPER": "True"
            },
            "message": "[FEATURE] Enable fn helper by default.\n",
            "hash": "4ba941ec47ba33b043b47d4f6414686ea3d936b3",
            "author": "Robert Jackson <rjackson@linkedin.com>",
            "date": "Wed Apr 24 10:01:47 2019"
        },
        {
            "title": "[FEATURE] Implement `on` modifier.",
            "flags": {
                "EMBER_GLIMMER_ON_MODIFIER": "False"
            },
            "message": "[FEATURE] Implement `on` modifier.\n\nSee https://emberjs.github.io/rfcs/0471-on-modifier.html for details.\n\nSpecial thanks to [buschtoens](https://github.com/buschtoens)'s work on\n[ember-on-modifier](https://github.com/buschtoens/ember-on-modifier)\nwhich heavily inspired this implementation.\n",
            "hash": "6ed071de16e139ceca78e52e979b78b7fb29bfc1",
            "author": "Robert Jackson <rjackson@linkedin.com>",
            "date": "Mon Apr 22 07:41:02 2019"
        },
        {
            "title": "[BUGFIX] Adds Arg Proxy feature for tracked properties",
            "flags": {
                "EMBER_CUSTOM_COMPONENT_ARG_PROXY": "False"
            },
            "message": "[BUGFIX] Adds Arg Proxy feature for tracked properties\n\nCurrently, we pass a captured snapshot of arguments to the custom\ncomponent manager and expect users to update their `args` and trigger\nnotifications, dirtying any getters that rely on `args`. This is\nproblematic for a few reasons:\n\n1. It's fundamentally less efficient, since every getter on a component\n   will invalidate any time _any_ of the arguments on the component\n   changes. This may not be a huge deal in most components, but it could\n   be problematic at scale.\n2. Upstream components will currently rerender if anything changes\n   downstream of them.\n\nThe second problem is more of an issue here. The crux of the issue is\nthat as we are rendering, we must somehow dirty the `args` object in\norder for getters to invalidate. Currently, there are two ways of doing\nthis:\n\n1. Dirtying the tag and bumping the global revision count. This results\n   in the component itself being dirtied, which causes arguments to be\n   assigned again on the next render, which dirties everything again.\n2. Setting the argument's tag to `CURRENT_TAG`, as we do in Glimmer.js.\n   This always returns the _latest_ revision though, which means that we\n   are _always_ dirty.\n\nThis issue can crop up in many forms and leads to infinite rerender bugs\nwhen it does.\n\nThe solution proposed here is to instead use a Proxy (or an object with\nmanually defined getters on platforms which do not support Proxy) to\nwrap `args`. This allows us to directly access the references that\nrepresent the arguments, and push their tags onto the autotrack stack as\naccessed. Everything entangles properly, and we only rerender or\nrecalculate a getter when needed.\n\nAlternatively, we could add a way to set the `args` tag to _exactly_\nthe current revision as the component is rendering. This would solve the\nproblems of upstream invalidations, but would not solve the issue of all\ngetters on a component invalidating each render.\n",
            "hash": "af9ddafea562a0f1919d7f0ac4bf46255b497f8f",
            "author": "Chris Garrett <cgarrett@linkedin.com>",
            "date": "Mon Apr 1 19:21:20 2019"
        },
        {
            "title": "[FEATURE EMBER_GLIMMER_FN_HELPER] Initial implementation of fn helper.",
            "flags": {
                "EMBER_GLIMMER_FN_HELPER": "False"
            },
            "message": "[FEATURE EMBER_GLIMMER_FN_HELPER] Initial implementation of fn helper.\n\nAs proposed in https://emberjs.github.io/rfcs/0470-fn-helper.html.\n\nDeviates from the original RFC's proposal on handling `this`.\nSpecifically, it uses a debug build proxy to issue an assertion if the\ncallback function passed to `fn` uses `this` but isn't bound before\nhand (via `@action`, `(action`, etc).\n",
            "hash": "c4b9e3ae62778906c9ba9205277e85060ba1a08a",
            "author": "Robert Jackson <rjackson@linkedin.com>",
            "date": "Wed Apr 17 15:48:37 2019"
        },
        {
            "title": "[FEATURE ember-glimmer-forward-modifiers-with-splattributes] enable \ud83d\udc4c",
            "flags": {
                "EMBER_GLIMMER_FORWARD_MODIFIERS_WITH_SPLATTRIBUTES": "True"
            },
            "message": "[FEATURE ember-glimmer-forward-modifiers-with-splattributes] enable \ud83d\udc4c\n",
            "hash": "b0f2017d3eb7d24da8826fd251809e8c94dc1dd4",
            "author": "Godfrey Chan <godfreykfc@gmail.com>",
            "date": "Wed Apr 10 17:28:50 2019"
        },
        {
            "title": "[RFC #435] Add feature flag and tests for forwarding modifiers with splattributes",
            "flags": {
                "EMBER_GLIMMER_FORWARD_MODIFIERS_WITH_SPLATTRIBUTES": "False"
            },
            "message": "[RFC #435] Add feature flag and tests for forwarding modifiers with splattributes",
            "hash": "6e253dcb7c96c074a03af51026a82933982d57ec",
            "author": "Miguel Camba <miguel.camba@gmail.com>",
            "date": "Tue Apr 2 11:06:49 2019"
        },
        {
            "title": "enable feature flag",
            "flags": {
                "EMBER_NATIVE_DECORATOR_SUPPORT": "True"
            },
            "message": "enable feature flag\n",
            "hash": "674d30c90a537b21d2b1ef1e3de90494727d62de",
            "author": "Chris Garrett <cgarrett@linkedin.com>",
            "date": "Sat Mar 30 20:07:33 2019"
        },
        {
            "title": "[FEATURE ember-glimmer-angle-bracket-built-ins] enable \ud83d\udc4c",
            "flags": {
                "EMBER_GLIMMER_ANGLE_BRACKET_BUILT_INS": "True"
            },
            "message": "[FEATURE ember-glimmer-angle-bracket-built-ins] enable \ud83d\udc4c\n",
            "hash": "cfc2532213cdb3f9bef4d74d4a7445d58ced082a",
            "author": "Godfrey Chan <godfreykfc@gmail.com>",
            "date": "Wed Mar 27 21:23:34 2019"
        },
        {
            "title": "Merge branch 'master' into angle-built-ins",
            "flags": {
                "EMBER_GLIMMER_ANGLE_BRACKET_NESTED_LOOKUP": "True",
                "EMBER_GLIMMER_ANGLE_BRACKET_BUILT_INS": "False"
            },
            "message": "Merge branch 'master' into angle-built-ins",
            "hash": "04ff55ba2006d9d1d853d298477d3f89a45aa07e",
            "merge": "06177863a 873afa6eb",
            "author": "Robert Jackson <me@rwjblue.com>",
            "date": "Mon Mar 18 12:34:34 2019"
        },
        {
            "title": "[FEATURE ember-glimmer-angle-bracket-built-ins]",
            "flags": {
                "EMBER_GLIMMER_ANGLE_BRACKET_BUILT_INS": "False"
            },
            "message": "[FEATURE ember-glimmer-angle-bracket-built-ins]\n\nImplement `<Textarea />`\n",
            "hash": "2541268d44fc44636b3fa55c871fa5ad2edeb8d6",
            "author": "Godfrey Chan <godfreykfc@gmail.com>",
            "date": "Wed Mar 13 16:13:36 2019"
        },
        {
            "title": "[FEATURE angle-bracket-nested-lookup] enable \ud83d\udc4c",
            "flags": {
                "EMBER_GLIMMER_ANGLE_BRACKET_NESTED_LOOKUP": "True"
            },
            "message": "[FEATURE angle-bracket-nested-lookup] enable \ud83d\udc4c\n",
            "hash": "d7c490b20534848a177abd7c91201b5c6ebdc2bb",
            "author": "Godfrey Chan <godfreykfc@gmail.com>",
            "date": "Fri Mar 15 13:50:43 2019"
        },
        {
            "title": "Remove EMBER_ENGINES_MOUNT_PARAMS feature.",
            "flags": {
                "EMBER_ENGINES_MOUNT_PARAMS": "removed"
            },
            "message": "Remove EMBER_ENGINES_MOUNT_PARAMS feature.\n",
            "hash": "6c60eee651e27a4bda70112b1d3e9badac7fbf93",
            "author": "Robert Jackson <rjackson@linkedin.com>",
            "date": "Thu Mar 14 09:12:19 2019"
        },
        {
            "title": "Remove EMBER_ROUTING_ROUTER_SERVICE feature flagging.",
            "flags": {
                "EMBER_ROUTING_ROUTER_SERVICE": "removed"
            },
            "message": "Remove EMBER_ROUTING_ROUTER_SERVICE feature flagging.\n",
            "hash": "af625761ba565518290004f93fe59aa257ff4d14",
            "author": "Robert Jackson <rjackson@linkedin.com>",
            "date": "Thu Mar 14 08:42:36 2019"
        },
        {
            "title": "Adds nested lookup in angle bracket invocation syntax",
            "flags": {
                "EMBER_GLIMMER_ANGLE_BRACKET_NESTED_LOOKUP": "False"
            },
            "message": "Adds nested lookup in angle bracket invocation syntax\n\nSee https://github.com/emberjs/rfcs/pull/457 for RFC.\nThis feature is added beind the EMBER_GIMMER_ANGLE_BRACKET_NESTED_LOOKUP feature flag.",
            "hash": "e3e05f7ba3e93bce76a2a542e36aa8ff406454f7",
            "author": "Tom Dale <tom@tomdale.net>",
            "date": "Thu Mar 7 17:45:57 2019"
        },
        {
            "title": "[CLEANUP] unflag GLIMMER_MODIFIER_MANAGER",
            "flags": {
                "GLIMMER_MODIFIER_MANAGER": "removed"
            },
            "message": "[CLEANUP] unflag GLIMMER_MODIFIER_MANAGER\n",
            "hash": "49cdf37ebe99690a613d259f4e59810729059a99",
            "author": "Godfrey Chan <godfreykfc@gmail.com>",
            "date": "Thu Mar 7 16:34:12 2019"
        },
        {
            "title": "[CLEANUP] unflag EMBER_GLIMMER_ARRAY_HELPER",
            "flags": {
                "EMBER_GLIMMER_ARRAY_HELPER": "removed"
            },
            "message": "[CLEANUP] unflag EMBER_GLIMMER_ARRAY_HELPER\n",
            "hash": "8be67aa663a1e757a453c21853954d09292aa84c",
            "author": "Godfrey Chan <godfreykfc@gmail.com>",
            "date": "Thu Mar 7 16:32:27 2019"
        },
        {
            "title": "[CLEANUP] unflag EMBER_GLIMMER_ANGLE_BRACKET_INVOCATION",
            "flags": {
                "EMBER_GLIMMER_ANGLE_BRACKET_INVOCATION": "removed"
            },
            "message": "[CLEANUP] unflag EMBER_GLIMMER_ANGLE_BRACKET_INVOCATION\n",
            "hash": "2a3e5de2463d08ba0182f3450a2302b448c2137a",
            "author": "Godfrey Chan <godfreykfc@gmail.com>",
            "date": "Thu Mar 7 16:28:34 2019"
        },
        {
            "title": "[CLEANUP] unflag GLIMMER_CUSTOM_COMPONENT_MANAGER",
            "flags": {
                "GLIMMER_CUSTOM_COMPONENT_MANAGER": "removed"
            },
            "message": "[CLEANUP] unflag GLIMMER_CUSTOM_COMPONENT_MANAGER\n",
            "hash": "8b6e433668a8456b3ea154810c8aa995ed56ab47",
            "author": "Godfrey Chan <godfreykfc@gmail.com>",
            "date": "Thu Mar 7 16:20:30 2019"
        },
        {
            "title": "[CLEANUP] unflag EMBER_GLIMMER_NAMED_ARGUMENTS",
            "flags": {
                "EMBER_GLIMMER_NAMED_ARGUMENTS": "removed"
            },
            "message": "[CLEANUP] unflag EMBER_GLIMMER_NAMED_ARGUMENTS\n",
            "hash": "5716ba8588b95320fcb4851110a7449fe19ce243",
            "author": "Godfrey Chan <godfreykfc@gmail.com>",
            "date": "Thu Mar 7 16:17:13 2019"
        },
        {
            "title": "Update to latest (#1)",
            "flags": {
                "GLIMMER_CUSTOM_COMPONENT_MANAGER": "True",
                "EMBER_TEMPLATE_BLOCK_LET_HELPER": "removed",
                "GLIMMER_MODIFIER_MANAGER": "True",
                "EMBER_GLIMMER_ANGLE_BRACKET_INVOCATION": "True",
                "EMBER_GLIMMER_ARRAY_HELPER": "True",
                "EMBER_ROUTING_BUILD_ROUTEINFO_METADATA": "True",
                "EMBER_NATIVE_DECORATOR_SUPPORT": "False"
            },
            "message": "Update to latest (#1)\n\n* [BUGFIX] Fix substate interactions with aborts\r\n\r\n* Bump router_js from 6.2.1 to 6.2.2\r\n\r\nBumps [router_js](https://github.com/tildeio/router.js) from 6.2.1 to 6.2.2.\r\n- [Release notes](https://github.com/tildeio/router.js/releases)\r\n- [Commits](https://github.com/tildeio/router.js/commits)\r\n\r\nSigned-off-by: dependabot[bot] <support@dependabot.com>\r\n\r\n* Bump tslint from 5.12.0 to 5.12.1\r\n\r\nBumps [tslint](https://github.com/palantir/tslint) from 5.12.0 to 5.12.1.\r\n- [Release notes](https://github.com/palantir/tslint/releases)\r\n- [Changelog](https://github.com/palantir/tslint/blob/master/CHANGELOG.md)\r\n- [Commits](https://github.com/palantir/tslint/compare/5.12.0...5.12.1)\r\n\r\nSigned-off-by: dependabot[bot] <support@dependabot.com>\r\n\r\n* [FEAT] Implements the Computed Property Modifier deprecation RFCs\r\n\r\n- Deprecates `.property()`\r\n- Deprecates `.volatile()`\r\n- Deprecates `clobberSet` internally\r\n- Keeps injected properties and the `store` property on routes\r\n  overridable for testing purposes\r\n- Rewrites lots of usages in tests. For some reason `volatile` was\r\n  frequently used in tests when it was not needed.\r\n- Adds `additionalDependentKeys` array to `map`, `filter` and `sort`\r\n  array functions. `sort` was overlooked in RFC, but suffers from the\r\n  same problem so it shouldn't need an additional RFC.\r\n- Adds tests for `additionalDependentKeys`\r\n\r\n* changed method name\r\n\r\n* use Date.now instead of Number(new Date())\r\n\r\n* review feedback\r\n\r\n* Restore fallback for `window.performance` in FastBoot\r\n\r\n* Bump ember-cli-version-checker from 3.0.0 to 3.0.1\r\n\r\nBumps [ember-cli-version-checker](https://github.com/rwjblue/ember-cli-version-checker) from 3.0.0 to 3.0.1.\r\n- [Release notes](https://github.com/rwjblue/ember-cli-version-checker/releases)\r\n- [Changelog](https://github.com/ember-cli/ember-cli-version-checker/blob/master/CHANGELOG.md)\r\n- [Commits](https://github.com/rwjblue/ember-cli-version-checker/compare/v3.0.0...v3.0.1)\r\n\r\nSigned-off-by: dependabot[bot] <support@dependabot.com>\r\n\r\n* [DOC LTS] Update documentation for sendAction deprecation\r\n\r\n* Add v3.8.0-beta.2 to CHANGELOG\r\n[ci skip]\r\n\r\n(cherry picked from commit a2dd42ffa95182b6c925b88f6c25a6d1a90e2961)\r\n\r\n* Bump aws-sdk from 2.384.0 to 2.388.0\r\n\r\nBumps [aws-sdk](https://github.com/aws/aws-sdk-js) from 2.384.0 to 2.388.0.\r\n- [Release notes](https://github.com/aws/aws-sdk-js/releases)\r\n- [Changelog](https://github.com/aws/aws-sdk-js/blob/master/CHANGELOG.md)\r\n- [Commits](https://github.com/aws/aws-sdk-js/compare/v2.384.0...v2.388.0)\r\n\r\nSigned-off-by: dependabot[bot] <support@dependabot.com>\r\n\r\n* Use extracted failure-only testem reporter\r\n\r\n* Ensure internal package tests are ran in prod.\r\n\r\n* Fix test assertions for use in prod.\r\n\r\n* Simplify prod tests\r\n\r\n* container tests pass in prod build now\r\n* omit ember-testing and @ember/debug tests from ember-tests.prod.js\r\n\r\n* Bump eslint-config-prettier from 3.3.0 to 3.4.0\r\n\r\nBumps [eslint-config-prettier](https://github.com/prettier/eslint-config-prettier) from 3.3.0 to 3.4.0.\r\n- [Release notes](https://github.com/prettier/eslint-config-prettier/releases)\r\n- [Changelog](https://github.com/prettier/eslint-config-prettier/blob/master/CHANGELOG.md)\r\n- [Commits](https://github.com/prettier/eslint-config-prettier/compare/v3.3.0...v3.4.0)\r\n\r\nSigned-off-by: dependabot[bot] <support@dependabot.com>\r\n\r\n* Failing test for #17243\r\n\r\nPreviously #16978 tried to balance the amount of `addDependentKeys`\r\nand `removeDependentKeys`. However, it removes the dependent keys\r\nto eagerly, causing a different kind of imbalance, and in some cases,\r\nthis causes the property tags to \"miss\" updates to aliased properties.\r\n\r\nCo-authored-by: Godfrey Chan <godfreykfc@gmail.com>\r\n\r\n* Don't remove dep keys in `didUnwatch`\r\n\r\nThis fixes #17243 by only removing dependent keys in `teardown`.\r\n\r\nSince #16978 coalesces the work to add dependent keys to happen at\r\nmost once, it is now incorrect to eagerly remove them in `didUnwatch`\r\nbecause that could happen for a variety of reasons while there are\r\nstill other interested parties (see attached test cases).\r\n\r\nThis limits the work of removing dependent keys to `teardown` only.\r\nThe logic is that, while we want to defer setting up the \"link\" to\r\nthe target property as lazily as possible, it is less important to\r\n\"unlink\" it eagerly once the work is done. It _may_ be possible to\r\naccomplish this, but the current amount of book-keeping is not\r\nsufficient to track the count properly. In our tests, we have\r\ncreated sequences like this:\r\n\r\n1. setup (peekWatching = 0, so nothing happens)\r\n2. get (consumed here)\r\n3. willWatch (already consumed, no-op)\r\n4. get (already consumed, no-op)\r\n5. didUnwatch\r\n6. ...\r\n\r\nIn this case, it would be incorrect to \"unlink\" at step 5. As of\r\nPR #16978, `CONSUMED` is essentially a boolean flag, so it is not\r\nsufficient to track the balance, and also, there is no counterpart\r\nto `get`, which makes eager \"unlinking\" impossible without much\r\nmore book-keeping. It's unclear that it would be worthwhile to do\r\nthat.\r\n\r\nOn the other hand, if we only \"unlink\" on teardown, this ensures\r\nthat we are only \"unlinking\" at most once, and it is guaranteed\r\nthat there are no longer any interested parties.\r\n\r\nFixes #17243\r\n\r\nCo-authored-by: Godfrey Chan <godfreykfc@gmail.com>\r\n\r\n* added isDescriptor to classitems\r\n\r\n* Add deprecation for this.$() in curly components\r\n\r\nDeprecated as per RFC386.\r\n\r\n* Add deprecation for Ember.$()\r\n\r\nDeprecated as per RFC386.\r\n\r\n* Bump aws-sdk from 2.388.0 to 2.391.0\r\n\r\nBumps [aws-sdk](https://github.com/aws/aws-sdk-js) from 2.388.0 to 2.391.0.\r\n- [Release notes](https://github.com/aws/aws-sdk-js/releases)\r\n- [Changelog](https://github.com/aws/aws-sdk-js/blob/master/CHANGELOG.md)\r\n- [Commits](https://github.com/aws/aws-sdk-js/compare/v2.388.0...v2.391.0)\r\n\r\nSigned-off-by: dependabot[bot] <support@dependabot.com>\r\n\r\n* Add v3.7.1 to CHANGELOG\r\n[ci skip]\r\n\r\n(cherry picked from commit dd7a1990eace1a17fcbc99333bfc7e66de768b7c)\r\n\r\n* CHANGELOG fixup\r\n[ci skip]\r\n\r\n* Bump resolve from 1.9.0 to 1.10.0\r\n\r\nBumps [resolve](https://github.com/browserify/resolve) from 1.9.0 to 1.10.0.\r\n- [Release notes](https://github.com/browserify/resolve/releases)\r\n- [Commits](https://github.com/browserify/resolve/compare/v1.9.0...v1.10.0)\r\n\r\nSigned-off-by: dependabot[bot] <support@dependabot.com>\r\n\r\n* [BUGFIX beta] Update to glimmer-vm 0.37.1.\r\n\r\nFixes a few issues:\r\n\r\n* Usage of positional arguments with custom components.\r\n* Forwarding attributes via `...attributes` to a dynamic\r\n  component.\r\n* Prevent errors when rendering many template blocks\r\n  (`Error: Operand over 16-bits. Got 65536`).\r\n\r\nFull changes here:\r\n\r\nhttps://github.com/glimmerjs/glimmer-vm/compare/v0.37.0...v0.37.1\r\n\r\n* [BUGFIX beta] Add failing test for yielding inside a contextual component invoked with angle-bracket syntax that receives splattributes\r\n\r\n(cherry picked from commit 2d1f8d0a6d0fc4a303b34ffdc818f6d806791592)\r\n\r\n* [BUGFIX beta] Add failing test ensuring that splattributes can be forwarded.\r\n\r\n(cherry picked from commit 4073c1aaa177555eb918937b1dd1ef9cbd40d673)\r\n\r\n* [BUGFIX beta] Add tests for positional params with custom component managers\r\n\r\n(cherry picked from commit 5639352ba9a3b0fbc5d258eb8cb3625065ee9f1e)\r\n\r\n* Add v3.4.8 to CHANGELOG.\r\n\r\n* Add v3.7.2 to CHANGELOG.md.\r\n\r\n[ci skip]\r\n\r\n* Bump ember-cli-babel from 7.2.0 to 7.4.0\r\n\r\nBumps [ember-cli-babel](https://github.com/babel/ember-cli-babel) from 7.2.0 to 7.4.0.\r\n- [Release notes](https://github.com/babel/ember-cli-babel/releases)\r\n- [Changelog](https://github.com/babel/ember-cli-babel/blob/master/CHANGELOG.md)\r\n- [Commits](https://github.com/babel/ember-cli-babel/compare/v7.2.0...v7.4.0)\r\n\r\nSigned-off-by: dependabot[bot] <support@dependabot.com>\r\n\r\n* Bump eslint from 5.12.0 to 5.12.1\r\n\r\nBumps [eslint](https://github.com/eslint/eslint) from 5.12.0 to 5.12.1.\r\n- [Release notes](https://github.com/eslint/eslint/releases)\r\n- [Changelog](https://github.com/eslint/eslint/blob/master/CHANGELOG.md)\r\n- [Commits](https://github.com/eslint/eslint/compare/v5.12.0...v5.12.1)\r\n\r\nSigned-off-by: dependabot[bot] <support@dependabot.com>\r\n\r\n* Bump typescript-eslint-parser from 21.0.2 to 22.0.0\r\n\r\nBumps [typescript-eslint-parser](https://github.com/eslint/typescript-eslint-parser) from 21.0.2 to 22.0.0.\r\n- [Release notes](https://github.com/eslint/typescript-eslint-parser/releases)\r\n- [Changelog](https://github.com/eslint/typescript-eslint-parser/blob/master/CHANGELOG.md)\r\n- [Commits](https://github.com/eslint/typescript-eslint-parser/compare/v21.0.2...v22.0.0)\r\n\r\nSigned-off-by: dependabot[bot] <support@dependabot.com>\r\n\r\n* Bump eslint-plugin-import from 2.14.0 to 2.15.0\r\n\r\nBumps [eslint-plugin-import](https://github.com/benmosher/eslint-plugin-import) from 2.14.0 to 2.15.0.\r\n- [Release notes](https://github.com/benmosher/eslint-plugin-import/releases)\r\n- [Changelog](https://github.com/benmosher/eslint-plugin-import/blob/master/CHANGELOG.md)\r\n- [Commits](https://github.com/benmosher/eslint-plugin-import/compare/v2.14.0...v2.15.0)\r\n\r\nSigned-off-by: dependabot[bot] <support@dependabot.com>\r\n\r\n* Bump aws-sdk from 2.391.0 to 2.392.0\r\n\r\nBumps [aws-sdk](https://github.com/aws/aws-sdk-js) from 2.391.0 to 2.392.0.\r\n- [Release notes](https://github.com/aws/aws-sdk-js/releases)\r\n- [Changelog](https://github.com/aws/aws-sdk-js/blob/master/CHANGELOG.md)\r\n- [Commits](https://github.com/aws/aws-sdk-js/compare/v2.391.0...v2.392.0)\r\n\r\nSigned-off-by: dependabot[bot] <support@dependabot.com>\r\n\r\n* Bump @types/qunit from 2.5.3 to 2.5.4\r\n\r\nBumps [@types/qunit](https://github.com/DefinitelyTyped/DefinitelyTyped) from 2.5.3 to 2.5.4.\r\n- [Release notes](https://github.com/DefinitelyTyped/DefinitelyTyped/releases)\r\n- [Commits](https://github.com/DefinitelyTyped/DefinitelyTyped/commits)\r\n\r\nSigned-off-by: dependabot[bot] <support@dependabot.com>\r\n\r\n* Bump prettier from 1.15.3 to 1.16.1\r\n\r\nBumps [prettier](https://github.com/prettier/prettier) from 1.15.3 to 1.16.1.\r\n- [Release notes](https://github.com/prettier/prettier/releases)\r\n- [Changelog](https://github.com/prettier/prettier/blob/master/CHANGELOG.md)\r\n- [Commits](https://github.com/prettier/prettier/compare/1.15.3...1.16.1)\r\n\r\nSigned-off-by: dependabot[bot] <support@dependabot.com>\r\n\r\n* fix: docs should not use undocumented property\r\n\r\n`url` property of EmberRouter is not documented. I'm not even sure if it\r\nwas ever documented. Checked API docs for some version (2.18, 2.12, 2.4,\r\n1.13) and didn't found it in there docs either.\r\n\r\nRefactored the example given in `didTransition()` method therefore. Since\r\nuser tracking is a good example, I kept it but refactored it to use public\r\nrouter service.\r\n\r\nAlso removed the usage of `.get()`, which is not needed anymore for recent\r\nversions of Ember.\r\n\r\n* Bump babel-plugin-module-resolver from 3.1.1 to 3.1.3\r\n\r\nBumps [babel-plugin-module-resolver](https://github.com/tleunen/babel-plugin-module-resolver) from 3.1.1 to 3.1.3.\r\n- [Release notes](https://github.com/tleunen/babel-plugin-module-resolver/releases)\r\n- [Changelog](https://github.com/tleunen/babel-plugin-module-resolver/blob/master/CHANGELOG.md)\r\n- [Commits](https://github.com/tleunen/babel-plugin-module-resolver/compare/v3.1.1...v3.1.3)\r\n\r\nSigned-off-by: dependabot[bot] <support@dependabot.com>\r\n\r\n* Ensure Ember.$.ajax works properly.\r\n\r\nThe recent `Ember.$` deprecation accidentally introduced a regression when\r\nusing `Ember.$` as _if_ it were the global `jQuery` object. The\r\nspecific scenario that this cropped up in was an application calling\r\n`Ember.$.ajax`.\r\n\r\n* [DOC beta] Update (at)ember/string documentation for imported utils instead of String.prototype extensions\r\n\r\n* Bump aws-sdk from 2.392.0 to 2.394.0\r\n\r\nBumps [aws-sdk](https://github.com/aws/aws-sdk-js) from 2.392.0 to 2.394.0.\r\n- [Release notes](https://github.com/aws/aws-sdk-js/releases)\r\n- [Changelog](https://github.com/aws/aws-sdk-js/blob/master/CHANGELOG.md)\r\n- [Commits](https://github.com/aws/aws-sdk-js/compare/v2.392.0...v2.394.0)\r\n\r\nSigned-off-by: dependabot[bot] <support@dependabot.com>\r\n\r\n* Update index.ts\r\n\r\n* Remove unused svelte spike code...\r\n\r\n* Bump ember-cli from 3.6.1 to 3.7.1\r\n\r\nBumps [ember-cli](https://github.com/ember-cli/ember-cli) from 3.6.1 to 3.7.1.\r\n- [Release notes](https://github.com/ember-cli/ember-cli/releases)\r\n- [Changelog](https://github.com/ember-cli/ember-cli/blob/master/CHANGELOG.md)\r\n- [Commits](https://github.com/ember-cli/ember-cli/compare/v3.6.1...v3.7.1)\r\n\r\nSigned-off-by: dependabot[bot] <support@dependabot.com>\r\n\r\n* Add svelte support for jQuery deprecations\r\n\r\n* Bump aws-sdk from 2.394.0 to 2.395.0\r\n\r\nBumps [aws-sdk](https://github.com/aws/aws-sdk-js) from 2.394.0 to 2.395.0.\r\n- [Release notes](https://github.com/aws/aws-sdk-js/releases)\r\n- [Changelog](https://github.com/aws/aws-sdk-js/blob/master/CHANGELOG.md)\r\n- [Commits](https://github.com/aws/aws-sdk-js/compare/v2.394.0...v2.395.0)\r\n\r\nSigned-off-by: dependabot[bot] <support@dependabot.com>\r\n\r\n* Add v3.8.0-beta.3 to CHANGELOG\r\n[ci skip]\r\n\r\n(cherry picked from commit 4d7a49679506889b8bf1813173de961d8273ce6e)\r\n\r\n* Bump babel-plugin-debug-macros from 0.2.0 to 0.3.0\r\n\r\nBumps [babel-plugin-debug-macros](https://github.com/chadhietala/babel-debug-macros) from 0.2.0 to 0.3.0.\r\n- [Release notes](https://github.com/chadhietala/babel-debug-macros/releases)\r\n- [Changelog](https://github.com/ember-cli/babel-plugin-debug-macros/blob/master/CHANGELOG.md)\r\n- [Commits](https://github.com/chadhietala/babel-debug-macros/compare/v0.2.0...v0.3.0)\r\n\r\nSigned-off-by: dependabot[bot] <support@dependabot.com>\r\n\r\n* Bump eslint-plugin-import from 2.15.0 to 2.16.0\r\n\r\nBumps [eslint-plugin-import](https://github.com/benmosher/eslint-plugin-import) from 2.15.0 to 2.16.0.\r\n- [Release notes](https://github.com/benmosher/eslint-plugin-import/releases)\r\n- [Changelog](https://github.com/benmosher/eslint-plugin-import/blob/master/CHANGELOG.md)\r\n- [Commits](https://github.com/benmosher/eslint-plugin-import/compare/v2.15.0...v2.16.0)\r\n\r\nSigned-off-by: dependabot[bot] <support@dependabot.com>\r\n\r\n* don't allocate array when object empty in ObjectIterator\r\n\r\n* cleanup meta\r\n\r\n* Bump html-differ from 1.3.4 to 1.4.0\r\n\r\nBumps [html-differ](https://github.com/bem/html-differ) from 1.3.4 to 1.4.0.\r\n- [Release notes](https://github.com/bem/html-differ/releases)\r\n- [Changelog](https://github.com/bem/html-differ/blob/master/CHANGELOG.ru.md)\r\n- [Commits](https://github.com/bem/html-differ/compare/v1.3.4...v1.4.0)\r\n\r\nSigned-off-by: dependabot[bot] <support@dependabot.com>\r\n\r\n* Bump puppeteer from 1.11.0 to 1.12.0\r\n\r\nBumps [puppeteer](https://github.com/GoogleChrome/puppeteer) from 1.11.0 to 1.12.0.\r\n- [Release notes](https://github.com/GoogleChrome/puppeteer/releases)\r\n- [Commits](https://github.com/GoogleChrome/puppeteer/compare/v1.11.0...v1.12.0)\r\n\r\nSigned-off-by: dependabot[bot] <support@dependabot.com>\r\n\r\n* Bump prettier from 1.16.1 to 1.16.3\r\n\r\nBumps [prettier](https://github.com/prettier/prettier) from 1.16.1 to 1.16.3.\r\n- [Release notes](https://github.com/prettier/prettier/releases)\r\n- [Changelog](https://github.com/prettier/prettier/blob/master/CHANGELOG.md)\r\n- [Commits](https://github.com/prettier/prettier/compare/1.16.1...1.16.3)\r\n\r\nSigned-off-by: dependabot[bot] <support@dependabot.com>\r\n\r\n* Fix grammar \"an `TextField`\" => \"a `TextField`\"\r\n\r\n* [DEPRECATE] Deprecates aliasMethod\r\n\r\nDeprecates the aliasMethod descriptor, and refactors it to not\r\nuse the Descriptor system internall\r\n\r\n* svelte alias method\r\n\r\n* update svelte version\r\n\r\n* Update index.ts\r\n\r\n* [BUGFIX lts] support numbers in component names for Angle Brackets\r\n\r\nPreviously, c3-plot would not work when invoked as <C3Plot />.\r\nNow it will resolve correctly.\r\nCloses #17549\r\n\r\n* [DOC] Angle Bracket invocation\r\n\r\n* [BUGFIX beta] remove jQuery deprecation code from production builds\r\n\r\nFixes #17550\r\n\r\n* [DOC lts] Addressed PR comments\r\n\r\n* Bump puppeteer from 1.12.0 to 1.12.1\r\n\r\nBumps [puppeteer](https://github.com/GoogleChrome/puppeteer) from 1.12.0 to 1.12.1.\r\n- [Release notes](https://github.com/GoogleChrome/puppeteer/releases)\r\n- [Commits](https://github.com/GoogleChrome/puppeteer/compare/v1.12.0...v1.12.1)\r\n\r\nSigned-off-by: dependabot[bot] <support@dependabot.com>\r\n\r\n* Bump eslint from 5.12.1 to 5.13.0\r\n\r\nBumps [eslint](https://github.com/eslint/eslint) from 5.12.1 to 5.13.0.\r\n- [Release notes](https://github.com/eslint/eslint/releases)\r\n- [Changelog](https://github.com/eslint/eslint/blob/master/CHANGELOG.md)\r\n- [Commits](https://github.com/eslint/eslint/compare/v5.12.1...v5.13.0)\r\n\r\nSigned-off-by: dependabot[bot] <support@dependabot.com>\r\n\r\n* Bump prettier from 1.16.3 to 1.16.4\r\n\r\nBumps [prettier](https://github.com/prettier/prettier) from 1.16.3 to 1.16.4.\r\n- [Release notes](https://github.com/prettier/prettier/releases)\r\n- [Changelog](https://github.com/prettier/prettier/blob/master/CHANGELOG.md)\r\n- [Commits](https://github.com/prettier/prettier/compare/1.16.3...1.16.4)\r\n\r\nSigned-off-by: dependabot[bot] <support@dependabot.com>\r\n\r\n* Bump eslint-config-prettier from 3.4.0 to 4.0.0\r\n\r\nBumps [eslint-config-prettier](https://github.com/prettier/eslint-config-prettier) from 3.4.0 to 4.0.0.\r\n- [Release notes](https://github.com/prettier/eslint-config-prettier/releases)\r\n- [Changelog](https://github.com/prettier/eslint-config-prettier/blob/master/CHANGELOG.md)\r\n- [Commits](https://github.com/prettier/eslint-config-prettier/compare/v3.4.0...v4.0.0)\r\n\r\nSigned-off-by: dependabot[bot] <support@dependabot.com>\r\n\r\n* [DOC lts] Addressed PR comments by rwjblue\r\n\r\n* Add v3.8.0-beta.4 to CHANGELOG\r\n[ci skip]\r\n\r\n(cherry picked from commit 2a8319845cedd2657c7a01db619e4438879dc2eb)\r\n\r\n* Bump @babel/plugin-transform-destructuring from 7.2.0 to 7.3.2\r\n\r\nBumps [@babel/plugin-transform-destructuring](https://github.com/babel/babel) from 7.2.0 to 7.3.2.\r\n- [Release notes](https://github.com/babel/babel/releases)\r\n- [Changelog](https://github.com/babel/babel/blob/master/CHANGELOG.md)\r\n- [Commits](https://github.com/babel/babel/compare/v7.2.0...v7.3.2)\r\n\r\nSigned-off-by: dependabot[bot] <support@dependabot.com>\r\n\r\n* Bump router_js from 6.2.2 to 6.2.3\r\n\r\nBumps [router_js](https://github.com/tildeio/router.js) from 6.2.2 to 6.2.3.\r\n- [Release notes](https://github.com/tildeio/router.js/releases)\r\n- [Commits](https://github.com/tildeio/router.js/commits)\r\n\r\nSigned-off-by: dependabot[bot] <support@dependabot.com>\r\n\r\n* Bump aws-sdk from 2.395.0 to 2.396.0\r\n\r\nBumps [aws-sdk](https://github.com/aws/aws-sdk-js) from 2.395.0 to 2.396.0.\r\n- [Release notes](https://github.com/aws/aws-sdk-js/releases)\r\n- [Changelog](https://github.com/aws/aws-sdk-js/blob/master/CHANGELOG.md)\r\n- [Commits](https://github.com/aws/aws-sdk-js/compare/v2.395.0...v2.396.0)\r\n\r\nSigned-off-by: dependabot[bot] <support@dependabot.com>\r\n\r\n* Bump puppeteer from 1.12.1 to 1.12.2\r\n\r\nBumps [puppeteer](https://github.com/GoogleChrome/puppeteer) from 1.12.1 to 1.12.2.\r\n- [Release notes](https://github.com/GoogleChrome/puppeteer/releases)\r\n- [Commits](https://github.com/GoogleChrome/puppeteer/compare/v1.12.1...v1.12.2)\r\n\r\nSigned-off-by: dependabot[bot] <support@dependabot.com>\r\n\r\n* Bump aws-sdk from 2.396.0 to 2.397.0\r\n\r\nBumps [aws-sdk](https://github.com/aws/aws-sdk-js) from 2.396.0 to 2.397.0.\r\n- [Release notes](https://github.com/aws/aws-sdk-js/releases)\r\n- [Changelog](https://github.com/aws/aws-sdk-js/blob/master/CHANGELOG.md)\r\n- [Commits](https://github.com/aws/aws-sdk-js/compare/v2.396.0...v2.397.0)\r\n\r\nSigned-off-by: dependabot[bot] <support@dependabot.com>\r\n\r\n* Add v3.7.3 to CHANGELOG\r\n[ci skip]\r\n\r\n(cherry picked from commit 76dc1997b6af36905204c3244499514718ea21a6)\r\n\r\n* Bump aws-sdk from 2.397.0 to 2.398.0\r\n\r\nBumps [aws-sdk](https://github.com/aws/aws-sdk-js) from 2.397.0 to 2.398.0.\r\n- [Release notes](https://github.com/aws/aws-sdk-js/releases)\r\n- [Changelog](https://github.com/aws/aws-sdk-js/blob/master/CHANGELOG.md)\r\n- [Commits](https://github.com/aws/aws-sdk-js/compare/v2.397.0...v2.398.0)\r\n\r\nSigned-off-by: dependabot[bot] <support@dependabot.com>\r\n\r\n* [Security] Bump extend from 3.0.1 to 3.0.2\r\n\r\nBumps [extend](https://github.com/justmoon/node-extend) from 3.0.1 to 3.0.2. **This update includes security fixes.**\r\n- [Release notes](https://github.com/justmoon/node-extend/releases)\r\n- [Changelog](https://github.com/justmoon/node-extend/blob/master/CHANGELOG.md)\r\n- [Commits](https://github.com/justmoon/node-extend/compare/v3.0.1...v3.0.2)\r\n\r\nSigned-off-by: dependabot[bot] <support@dependabot.com>\r\n\r\n* [BUGFIX] compute once for constant args in `SimpleHelperReference`\r\n\r\n* Bump aws-sdk from 2.398.0 to 2.399.0\r\n\r\nBumps [aws-sdk](https://github.com/aws/aws-sdk-js) from 2.398.0 to 2.399.0.\r\n- [Release notes](https://github.com/aws/aws-sdk-js/releases)\r\n- [Changelog](https://github.com/aws/aws-sdk-js/blob/master/CHANGELOG.md)\r\n- [Commits](https://github.com/aws/aws-sdk-js/compare/v2.398.0...v2.399.0)\r\n\r\nSigned-off-by: dependabot[bot] <support@dependabot.com>\r\n\r\n* [FEAT] Implements Decorators\r\n\r\nThis PR refactors the Descriptor system in Ember metal, mostly replacing\r\nit with a Decorator system instead. `defineProperty` has been updated to\r\napply decorators following the currently implemented spec. This means\r\nthat the value returned by `computed` goes through the exact same flow\r\nwhen applied as a decorator using decorator syntax, and applied using\r\nclassic syntax.\r\n\r\n* add symbol polyfill to tests\r\n\r\n* use HAS_NATIVE_SYMBOL consistently\r\n\r\n* add action decorator\r\n\r\n* [FEAT] Updates @tracked to match the Tracked Properties RFC\r\n\r\nUpdates @tracked to be a classic decorator as well as a standard\r\nnative decorator, removes the ability to decorator native getters, and\r\nadds more tests for various situations and updates the existing tests.\r\n\r\nThis PR also exposes the native `descriptor` decorator for use defining\r\ngetters and setters:\r\n\r\n```js\r\nimport EmberObject, { descriptor } from '@ember/object';\r\nimport { tracked } from '@glimmer/tracking';\r\n\r\nconst Person = EmberObject.extend({\r\n  firstName: tracked({ value: 'Tom' }),\r\n  lastName: tracked({ value: 'Dale' }),\r\n\r\n  fullName: descriptor({\r\n    get() {\r\n      return `${this.firstName} ${this.lastName}`;\r\n    },\r\n  }),\r\n});\r\n```\r\n\r\n* remove cycle, switch from symbol to weakmap\r\n\r\n* remove shaping\r\n\r\n* add initializer back\r\n\r\n* Refactor MU component blueprint\r\n\r\nThe component blueprint reuses the same `files` folder for Classic, Pod and MU layout\r\n\r\n* Bump aws-sdk from 2.399.0 to 2.400.0\r\n\r\nBumps [aws-sdk](https://github.com/aws/aws-sdk-js) from 2.399.0 to 2.400.0.\r\n- [Release notes](https://github.com/aws/aws-sdk-js/releases)\r\n- [Changelog](https://github.com/aws/aws-sdk-js/blob/master/CHANGELOG.md)\r\n- [Commits](https://github.com/aws/aws-sdk-js/compare/v2.399.0...v2.400.0)\r\n\r\nSigned-off-by: dependabot[bot] <support@dependabot.com>\r\n\r\n* Bump broccoli-funnel from 2.0.1 to 2.0.2\r\n\r\nBumps [broccoli-funnel](https://github.com/broccolijs/broccoli-funnel) from 2.0.1 to 2.0.2.\r\n- [Release notes](https://github.com/broccolijs/broccoli-funnel/releases)\r\n- [Changelog](https://github.com/broccolijs/broccoli-funnel/blob/master/CHANGELOG.md)\r\n- [Commits](https://github.com/broccolijs/broccoli-funnel/compare/v2.0.1...v2.0.2)\r\n\r\nSigned-off-by: dependabot[bot] <support@dependabot.com>\r\n\r\n* [DOC beta] Add deprecation tag for Ember.merge\r\n\r\n* Bump ember-cli-babel from 7.4.0 to 7.4.1\r\n\r\nBumps [ember-cli-babel](https://github.com/babel/ember-cli-babel) from 7.4.0 to 7.4.1.\r\n- [Release notes](https://github.com/babel/ember-cli-babel/releases)\r\n- [Changelog](https://github.com/babel/ember-cli-babel/blob/master/CHANGELOG.md)\r\n- [Commits](https://github.com/babel/ember-cli-babel/compare/v7.4.0...v7.4.1)\r\n\r\nSigned-off-by: dependabot[bot] <support@dependabot.com>\r\n\r\n* Add v3.8.0-beta.5 to CHANGELOG\r\n[ci skip]\r\n\r\n(cherry picked from commit 39bb0d47bb8ee081a378daab0064e8033734c33d)\r\n\r\n* Bump babel-plugin-module-resolver from 3.1.3 to 3.2.0\r\n\r\nBumps [babel-plugin-module-resolver](https://github.com/tleunen/babel-plugin-module-resolver) from 3.1.3 to 3.2.0.\r\n- [Release notes](https://github.com/tleunen/babel-plugin-module-resolver/releases)\r\n- [Changelog](https://github.com/tleunen/babel-plugin-module-resolver/blob/master/CHANGELOG.md)\r\n- [Commits](https://github.com/tleunen/babel-plugin-module-resolver/compare/v3.1.3...v3.2.0)\r\n\r\nSigned-off-by: dependabot[bot] <support@dependabot.com>\r\n\r\n* Bump core-js from 2.6.3 to 2.6.4\r\n\r\nBumps [core-js](https://github.com/zloirock/core-js) from 2.6.3 to 2.6.4.\r\n- [Release notes](https://github.com/zloirock/core-js/releases)\r\n- [Changelog](https://github.com/zloirock/core-js/blob/master/CHANGELOG.md)\r\n- [Commits](https://github.com/zloirock/core-js/compare/v2.6.3...v2.6.4)\r\n\r\nSigned-off-by: dependabot[bot] <support@dependabot.com>\r\n\r\n* Bump @babel/plugin-proposal-class-properties from 7.2.1 to 7.3.0\r\n\r\nBumps [@babel/plugin-proposal-class-properties](https://github.com/babel/babel) from 7.2.1 to 7.3.0.\r\n- [Release notes](https://github.com/babel/babel/releases)\r\n- [Changelog](https://github.com/babel/babel/blob/master/CHANGELOG.md)\r\n- [Commits](https://github.com/babel/babel/compare/v7.2.1...v7.3.0)\r\n\r\nSigned-off-by: dependabot[bot] <support@dependabot.com>\r\n\r\n* Bump aws-sdk from 2.400.0 to 2.401.0\r\n\r\nBumps [aws-sdk](https://github.com/aws/aws-sdk-js) from 2.400.0 to 2.401.0.\r\n- [Release notes](https://github.com/aws/aws-sdk-js/releases)\r\n- [Changelog](https://github.com/aws/aws-sdk-js/blob/master/CHANGELOG.md)\r\n- [Commits](https://github.com/aws/aws-sdk-js/compare/v2.400.0...v2.401.0)\r\n\r\nSigned-off-by: dependabot[bot] <support@dependabot.com>\r\n\r\n* Bump broccoli-babel-transpiler from 7.1.1 to 7.1.2\r\n\r\nBumps [broccoli-babel-transpiler](https://github.com/babel/broccoli-babel-transpiler) from 7.1.1 to 7.1.2.\r\n- [Release notes](https://github.com/babel/broccoli-babel-transpiler/releases)\r\n- [Changelog](https://github.com/babel/broccoli-babel-transpiler/blob/master/CHANGELOG.md)\r\n- [Commits](https://github.com/babel/broccoli-babel-transpiler/compare/v7.1.1...v7.1.2)\r\n\r\nSigned-off-by: dependabot[bot] <support@dependabot.com>\r\n\r\n* Bump @babel/plugin-proposal-decorators from 7.2.0 to 7.3.0\r\n\r\nBumps [@babel/plugin-proposal-decorators](https://github.com/babel/babel) from 7.2.0 to 7.3.0.\r\n- [Release notes](https://github.com/babel/babel/releases)\r\n- [Changelog](https://github.com/babel/babel/blob/master/CHANGELOG.md)\r\n- [Commits](https://github.com/babel/babel/compare/v7.2.0...v7.3.0)\r\n\r\nSigned-off-by: dependabot[bot] <support@dependabot.com>\r\n\r\n* [FEAT] Adds more assertions to native decorators, and parenless invocation\r\n\r\nThis upstreams a couple of helpful assertions from ember-decorators,\r\nand also adds the ability to call `@service`, `@controller`, and\r\n`@computed` without parens.\r\n\r\n* Bump ember-cli-babel from 7.4.1 to 7.4.2\r\n\r\nBumps [ember-cli-babel](https://github.com/babel/ember-cli-babel) from 7.4.1 to 7.4.2.\r\n- [Release notes](https://github.com/babel/ember-cli-babel/releases)\r\n- [Changelog](https://github.com/babel/ember-cli-babel/blob/master/CHANGELOG.md)\r\n- [Commits](https://github.com/babel/ember-cli-babel/compare/v7.4.1...v7.4.2)\r\n\r\nSigned-off-by: dependabot[bot] <support@dependabot.com>\r\n\r\n* [Security] Bump handlebars from 4.0.12 to 4.1.0\r\n\r\nBumps [handlebars](https://github.com/wycats/handlebars.js) from 4.0.12 to 4.1.0. **This update includes security fixes.**\r\n- [Release notes](https://github.com/wycats/handlebars.js/releases)\r\n- [Changelog](https://github.com/wycats/handlebars.js/blob/v4.1.0/release-notes.md)\r\n- [Commits](https://github.com/wycats/handlebars.js/compare/v4.0.12...v4.1.0)\r\n\r\nSigned-off-by: dependabot[bot] <support@dependabot.com>\r\n\r\n* Bump aws-sdk from 2.401.0 to 2.402.0\r\n\r\nBumps [aws-sdk](https://github.com/aws/aws-sdk-js) from 2.401.0 to 2.402.0.\r\n- [Release notes](https://github.com/aws/aws-sdk-js/releases)\r\n- [Changelog](https://github.com/aws/aws-sdk-js/blob/master/CHANGELOG.md)\r\n- [Commits](https://github.com/aws/aws-sdk-js/compare/v2.401.0...v2.402.0)\r\n\r\nSigned-off-by: dependabot[bot] <support@dependabot.com>\r\n\r\n* [DEPRECATE] - RFC 421 - deprecate usage of the application controller currentRoute and currentRouteName properties\r\n\r\n* Bump aws-sdk from 2.402.0 to 2.403.0\r\n\r\nBumps [aws-sdk](https://github.com/aws/aws-sdk-js) from 2.402.0 to 2.403.0.\r\n- [Release notes](https://github.com/aws/aws-sdk-js/releases)\r\n- [Changelog](https://github.com/aws/aws-sdk-js/blob/master/CHANGELOG.md)\r\n- [Commits](https://github.com/aws/aws-sdk-js/compare/v2.402.0...v2.403.0)\r\n\r\nSigned-off-by: dependabot[bot] <support@dependabot.com>\r\n\r\n* Controller blueprint can generate Native classes\r\n\r\n* Route blueprint can generate Native classes\r\n\r\n* Service blueprint can generate Native classes\r\n\r\n* Component blueprint can generate Native classes\r\n\r\n* Refactor - Native Classes blueprints: rename to `edition-detector`\r\n\r\n* Refactor the blueprint test helper `enableModuleUnification`\r\n\r\n* Remove blueprint semi-colon on the Native Controller\r\n\r\n* Bump aws-sdk from 2.403.0 to 2.404.0\r\n\r\nBumps [aws-sdk](https://github.com/aws/aws-sdk-js) from 2.403.0 to 2.404.0.\r\n- [Release notes](https://github.com/aws/aws-sdk-js/releases)\r\n- [Changelog](https://github.com/aws/aws-sdk-js/blob/master/CHANGELOG.md)\r\n- [Commits](https://github.com/aws/aws-sdk-js/compare/v2.403.0...v2.404.0)\r\n\r\nSigned-off-by: dependabot[bot] <support@dependabot.com>\r\n\r\n* Bump @babel/plugin-transform-classes from 7.2.2 to 7.3.3\r\n\r\nBumps [@babel/plugin-transform-classes](https://github.com/babel/babel) from 7.2.2 to 7.3.3.\r\n- [Release notes](https://github.com/babel/babel/releases)\r\n- [Changelog](https://github.com/babel/babel/blob/master/CHANGELOG.md)\r\n- [Commits](https://github.com/babel/babel/compare/v7.2.2...v7.3.3)\r\n\r\nSigned-off-by: dependabot[bot] <support@dependabot.com>\r\n\r\n* Bump core-js from 2.6.4 to 2.6.5\r\n\r\nBumps [core-js](https://github.com/zloirock/core-js) from 2.6.4 to 2.6.5.\r\n- [Release notes](https://github.com/zloirock/core-js/releases)\r\n- [Changelog](https://github.com/zloirock/core-js/blob/v2.6.5/CHANGELOG.md)\r\n- [Commits](https://github.com/zloirock/core-js/compare/v2.6.4...v2.6.5)\r\n\r\nSigned-off-by: dependabot[bot] <support@dependabot.com>\r\n\r\n* Bump @babel/plugin-transform-parameters from 7.2.0 to 7.3.3\r\n\r\nBumps [@babel/plugin-transform-parameters](https://github.com/babel/babel) from 7.2.0 to 7.3.3.\r\n- [Release notes](https://github.com/babel/babel/releases)\r\n- [Changelog](https://github.com/babel/babel/blob/master/CHANGELOG.md)\r\n- [Commits](https://github.com/babel/babel/compare/v7.2.0...v7.3.3)\r\n\r\nSigned-off-by: dependabot[bot] <support@dependabot.com>\r\n\r\n* Bump broccoli-persistent-filter from 2.1.1 to 2.1.2\r\n\r\nBumps [broccoli-persistent-filter](https://github.com/stefanpenner/broccoli-persistent-filter) from 2.1.1 to 2.1.2.\r\n- [Release notes](https://github.com/stefanpenner/broccoli-persistent-filter/releases)\r\n- [Changelog](https://github.com/stefanpenner/broccoli-persistent-filter/blob/master/CHANGELOG.md)\r\n- [Commits](https://github.com/stefanpenner/broccoli-persistent-filter/compare/v2.1.1...v2.1.2)\r\n\r\nSigned-off-by: dependabot[bot] <support@dependabot.com>\r\n\r\n* Bump @babel/plugin-proposal-class-properties from 7.3.0 to 7.3.3\r\n\r\nBumps [@babel/plugin-proposal-class-properties](https://github.com/babel/babel) from 7.3.0 to 7.3.3.\r\n- [Release notes](https://github.com/babel/babel/releases)\r\n- [Changelog](https://github.com/babel/babel/blob/master/CHANGELOG.md)\r\n- [Commits](https://github.com/babel/babel/compare/v7.3.0...v7.3.3)\r\n\r\nSigned-off-by: dependabot[bot] <support@dependabot.com>\r\n\r\n* Add v3.8.0 to CHANGELOG\r\n[ci skip]\r\n\r\n(cherry picked from commit 43e8cb6b62c31bfdbe6c3f937a05021251096067)\r\n\r\n* Add v3.9.0-beta.1 to CHANGELOG\r\n[ci skip]\r\n\r\n(cherry picked from commit 370e0d6120cbd63339eb14fa5481a7a4614f948d)\r\n\r\n* Post-release version bump\r\n\r\n* [FEAT] Adds autotracked to the the Glimmer references system\r\n\r\nThis PR adds autotracking around property references in Glimmer-Ember,\r\nand adds high level acceptance tests that verify that it's working for\r\nboth components and helpers. This does _not_ test the behavior of\r\nautotracking around modifiers, which is still ill-defined.\r\n\r\nNote that while eventually simplifications may be possible, even\r\nremoving nested references altogether, currently it is not due to\r\ntwo-way binding. Components that use two-way binding need to be able to\r\nupdate a nested property reference, which means we need to store that\r\ninformation somewhere accessible. It may still be possible to do this\r\nonly in cases where it is necessary (e.g. binding to a component's\r\narguments) but for the time being, this a smaller and iterative\r\napproach.\r\n\r\n* Bump eslint from 5.13.0 to 5.14.1\r\n\r\nBumps [eslint](https://github.com/eslint/eslint) from 5.13.0 to 5.14.1.\r\n- [Release notes](https://github.com/eslint/eslint/releases)\r\n- [Changelog](https://github.com/eslint/eslint/blob/master/CHANGELOG.md)\r\n- [Commits](https://github.com/eslint/eslint/compare/v5.13.0...v5.14.1)\r\n\r\nSigned-off-by: dependabot[bot] <support@dependabot.com>\r\n\r\n* Bump aws-sdk from 2.404.0 to 2.405.0\r\n\r\nBumps [aws-sdk](https://github.com/aws/aws-sdk-js) from 2.404.0 to 2.405.0.\r\n- [Release notes](https://github.com/aws/aws-sdk-js/releases)\r\n- [Changelog](https://github.com/aws/aws-sdk-js/blob/master/CHANGELOG.md)\r\n- [Commits](https://github.com/aws/aws-sdk-js/compare/v2.404.0...v2.405.0)\r\n\r\nSigned-off-by: dependabot[bot] <support@dependabot.com>\r\n\r\n* Bump mocha from 5.2.0 to 6.0.0\r\n\r\nBumps [mocha](https://github.com/mochajs/mocha) from 5.2.0 to 6.0.0.\r\n- [Release notes](https://github.com/mochajs/mocha/releases)\r\n- [Changelog](https://github.com/mochajs/mocha/blob/master/CHANGELOG.md)\r\n- [Commits](https://github.com/mochajs/mocha/compare/v5.2.0...v6.0.0)\r\n\r\nSigned-off-by: dependabot[bot] <support@dependabot.com>\r\n\r\n* Fix typo in docs\r\n\r\n* [BUGFIX beta] Update Backburner.js to 2.5.0.\r\n\r\nThe primary change in Backburner.js is to use the Promise microtask\r\nqueue primarily and falling back to MutationObserver when Promise is not\r\npresent.\r\n\r\nThe test changes here are to migrate from `window.onerror` to\r\n`window.onunhandledrejection` hooks (due to moving the microtask\r\ndelivery from `MutationObserver` to native `Promise`). The cross\r\nplatform support for `onunhandledrejection` is a tad spotty (Chrome,\r\nEdge, and _soon_ Firefox), so I had to guard in other browsers.\r\n\r\n* Bump aws-sdk from 2.405.0 to 2.407.0\r\n\r\nBumps [aws-sdk](https://github.com/aws/aws-sdk-js) from 2.405.0 to 2.407.0.\r\n- [Release notes](https://github.com/aws/aws-sdk-js/releases)\r\n- [Changelog](https://github.com/aws/aws-sdk-js/blob/master/CHANGELOG.md)\r\n- [Commits](https://github.com/aws/aws-sdk-js/compare/v2.405.0...v2.407.0)\r\n\r\nSigned-off-by: dependabot[bot] <support@dependabot.com>\r\n\r\n* Bump broccoli-persistent-filter from 2.1.2 to 2.2.1\r\n\r\nBumps [broccoli-persistent-filter](https://github.com/stefanpenner/broccoli-persistent-filter) from 2.1.2 to 2.2.1.\r\n- [Release notes](https://github.com/stefanpenner/broccoli-persistent-filter/releases)\r\n- [Changelog](https://github.com/stefanpenner/broccoli-persistent-filter/blob/master/CHANGELOG.md)\r\n- [Commits](https://github.com/stefanpenner/broccoli-persistent-filter/compare/v2.1.2...v2.2.1)\r\n\r\nSigned-off-by: dependabot[bot] <support@dependabot.com>\r\n\r\n* Bump aws-sdk from 2.407.0 to 2.408.0\r\n\r\nBumps [aws-sdk](https://github.com/aws/aws-sdk-js) from 2.407.0 to 2.408.0.\r\n- [Release notes](https://github.com/aws/aws-sdk-js/releases)\r\n- [Changelog](https://github.com/aws/aws-sdk-js/blob/master/CHANGELOG.md)\r\n- [Commits](https://github.com/aws/aws-sdk-js/compare/v2.407.0...v2.408.0)\r\n\r\nSigned-off-by: dependabot[bot] <support@dependabot.com>\r\n\r\n* [DOC release] Documented tagless component behavior\r\n\r\nDetailed how components with an empty string tagName property behave.\r\n\r\n* Bump qunit from 2.9.1 to 2.9.2\r\n\r\nBumps [qunit](https://github.com/qunitjs/qunit) from 2.9.1 to 2.9.2.\r\n- [Release notes](https://github.com/qunitjs/qunit/releases)\r\n- [Changelog](https://github.com/qunitjs/qunit/blob/master/History.md)\r\n- [Commits](https://github.com/qunitjs/qunit/compare/2.9.1...2.9.2)\r\n\r\nSigned-off-by: dependabot[bot] <support@dependabot.com>\r\n\r\n* Bump mocha from 6.0.0 to 6.0.1\r\n\r\nBumps [mocha](https://github.com/mochajs/mocha) from 6.0.0 to 6.0.1.\r\n- [Release notes](https://github.com/mochajs/mocha/releases)\r\n- [Changelog](https://github.com/mochajs/mocha/blob/master/CHANGELOG.md)\r\n- [Commits](https://github.com/mochajs/mocha/compare/v6.0.0...v6.0.1)\r\n\r\nSigned-off-by: dependabot[bot] <support@dependabot.com>\r\n\r\n* Bump ember-cli-babel from 7.4.2 to 7.5.0\r\n\r\nBumps [ember-cli-babel](https://github.com/babel/ember-cli-babel) from 7.4.2 to 7.5.0.\r\n- [Release notes](https://github.com/babel/ember-cli-babel/releases)\r\n- [Changelog](https://github.com/babel/ember-cli-babel/blob/master/CHANGELOG.md)\r\n- [Commits](https://github.com/babel/ember-cli-babel/compare/v7.4.2...v7.5.0)\r\n\r\nSigned-off-by: dependabot[bot] <support@dependabot.com>\r\n\r\n* Bump tslint from 5.12.1 to 5.13.0\r\n\r\nBumps [tslint](https://github.com/palantir/tslint) from 5.12.1 to 5.13.0.\r\n- [Release notes](https://github.com/palantir/tslint/releases)\r\n- [Changelog](https://github.com/palantir/tslint/blob/master/CHANGELOG.md)\r\n- [Commits](https://github.com/palantir/tslint/compare/5.12.1...5.13.0)\r\n\r\nSigned-off-by: dependabot[bot] <support@dependabot.com>\r\n\r\n* Bump rollup-plugin-node-resolve from 4.0.0 to 4.0.1\r\n\r\nBumps [rollup-plugin-node-resolve](https://github.com/rollup/rollup-plugin-node-resolve) from 4.0.0 to 4.0.1.\r\n- [Release notes](https://github.com/rollup/rollup-plugin-node-resolve/releases)\r\n- [Changelog](https://github.com/rollup/rollup-plugin-node-resolve/blob/master/CHANGELOG.md)\r\n- [Commits](https://github.com/rollup/rollup-plugin-node-resolve/compare/v4.0.0...v4.0.1)\r\n\r\nSigned-off-by: dependabot[bot] <support@dependabot.com>\r\n\r\n* Bump aws-sdk from 2.408.0 to 2.409.0\r\n\r\nBumps [aws-sdk](https://github.com/aws/aws-sdk-js) from 2.408.0 to 2.409.0.\r\n- [Release notes](https://github.com/aws/aws-sdk-js/releases)\r\n- [Changelog](https://github.com/aws/aws-sdk-js/blob/master/CHANGELOG.md)\r\n- [Commits](https://github.com/aws/aws-sdk-js/compare/v2.408.0...v2.409.0)\r\n\r\nSigned-off-by: dependabot[bot] <support@dependabot.com>\r\n\r\n* Bump rollup-plugin-commonjs from 9.2.0 to 9.2.1\r\n\r\nBumps [rollup-plugin-commonjs](https://github.com/rollup/rollup-plugin-commonjs) from 9.2.0 to 9.2.1.\r\n- [Release notes](https://github.com/rollup/rollup-plugin-commonjs/releases)\r\n- [Changelog](https://github.com/rollup/rollup-plugin-commonjs/blob/master/CHANGELOG.md)\r\n- [Commits](https://github.com/rollup/rollup-plugin-commonjs/commits)\r\n\r\nSigned-off-by: dependabot[bot] <support@dependabot.com>\r\n\r\n* Enable EMBER_ROUTING_BUILD_ROUTEINFO_METADATA\r\n",
            "hash": "f9586c592d4fb43d5cfc4f9967e212dfa6bc563b",
            "author": "Jean du Plessis <jean@samewave.com>",
            "date": "Mon Feb 25 08:28:21 2019"
        },
        {
            "title": "Enable EMBER_ROUTING_BUILD_ROUTEINFO_METADATA",
            "flags": {
                "EMBER_ROUTING_BUILD_ROUTEINFO_METADATA": "True"
            },
            "message": "Enable EMBER_ROUTING_BUILD_ROUTEINFO_METADATA\n",
            "hash": "11a6828af08090bfba56b08b9ea4ed589e0a4003",
            "author": "Chad Hietala <chadhietala@gmail.com>",
            "date": "Mon Feb 25 06:52:49 2019"
        },
        {
            "title": "[FEAT] Implements Decorators",
            "flags": {
                "EMBER_NATIVE_DECORATOR_SUPPORT": "False"
            },
            "message": "[FEAT] Implements Decorators\n\nThis PR refactors the Descriptor system in Ember metal, mostly replacing\nit with a Decorator system instead. `defineProperty` has been updated to\napply decorators following the currently implemented spec. This means\nthat the value returned by `computed` goes through the exact same flow\nwhen applied as a decorator using decorator syntax, and applied using\nclassic syntax.\n",
            "hash": "1c72067eccef15c294c9d55d66e18241f4336a11",
            "author": "NullVoxPopuli <LPSego3+dev@gmail.com>",
            "date": "Tue Jan 15 02:56:51 2019"
        },
        {
            "title": "Merge pull request #17376 from rwjblue/enable-array-feature",
            "flags": {
                "GLIMMER_MODIFIER_MANAGER": "True",
                "EMBER_GLIMMER_ARRAY_HELPER": "True"
            },
            "message": "Merge pull request #17376 from rwjblue/enable-array-feature\n\n[FEATURE EMBER_GLIMMER_ARRAY_HELPER] Enable by default",
            "hash": "bcd9a64bd31d8476d24c1ce3c3fb26229b44b50d",
            "merge": "75da82a33 91917d9a7",
            "author": "Robert Jackson <me@rwjblue.com>",
            "date": "Fri Dec 14 15:48:52 2018"
        },
        {
            "title": "[FEATURE EMBER_GLIMMER_ARRAY_HELPER] Enable by default",
            "flags": {
                "EMBER_GLIMMER_ARRAY_HELPER": "True"
            },
            "message": "[FEATURE EMBER_GLIMMER_ARRAY_HELPER] Enable by default\n",
            "hash": "91917d9a7485ba14799615924a933d48b439f8a2",
            "author": "Robert Jackson <rjackson@linkedin.com>",
            "date": "Fri Dec 14 14:39:46 2018"
        },
        {
            "title": "[FEATURE GLIMMER_MODIFIER_MANAGER] Enable by default.",
            "flags": {
                "GLIMMER_MODIFIER_MANAGER": "True"
            },
            "message": "[FEATURE GLIMMER_MODIFIER_MANAGER] Enable by default.\n\nThis was discussed in the last framework meeting...\n",
            "hash": "073955268861469620f5c0142f6af1f102e86138",
            "author": "Robert Jackson <rjackson@linkedin.com>",
            "date": "Fri Dec 14 14:35:19 2018"
        },
        {
            "title": "[FEATURE] Impl. buildRouteInfoMetadata",
            "flags": {
                "EMBER_ROUTING_BUILD_ROUTEINFO_METADATA": "False"
            },
            "message": "[FEATURE] Impl. buildRouteInfoMetadata\n",
            "hash": "c0accdcae9c7dbdfb1ca6be6802b356defc8fb73",
            "author": "Chad Hietala <chadhietala@gmail.com>",
            "date": "Wed Dec 5 07:55:58 2018"
        },
        {
            "title": "[BUGFIX beta] [FEATURE EMBER_GLIMMER_ARRAY_HELPER] Add feature flagging.",
            "flags": {
                "EMBER_GLIMMER_ARRAY_HELPER": "False"
            },
            "message": "[BUGFIX beta] [FEATURE EMBER_GLIMMER_ARRAY_HELPER] Add feature flagging.\n\nThis feature was accidentally landed without feature flagging (:sob:),\nthis commit adds feature flagging (defaulting to off unless manually\nenabled).\n",
            "hash": "df9071307d137b5df50436986d6e76f51f6258e9",
            "author": "Robert Jackson <rjackson@linkedin.com>",
            "date": "Fri Dec 7 07:53:22 2018"
        },
        {
            "title": "remove feature flag for shipped block let helper",
            "flags": {
                "EMBER_TEMPLATE_BLOCK_LET_HELPER": "removed"
            },
            "message": "remove feature flag for shipped block let helper\n",
            "hash": "994bbd31244572570e1a979774389680ce1bc0d7",
            "author": "Ricardo Mendes <rokusu@gmail.com>",
            "date": "Sun Nov 4 17:18:41 2018"
        },
        {
            "title": "[WIP] Modifier Manager",
            "flags": {
                "GLIMMER_MODIFIER_MANAGER": "False"
            },
            "message": "[WIP] Modifier Manager\n",
            "hash": "64eadfe278318723e623af1d74f3eb993edb2e8e",
            "author": "Chad Hietala <chadhietala@gmail.com>",
            "date": "Mon Oct 22 12:34:31 2018"
        },
        {
            "title": "[FEATURE ember-routing-router-service] Enable by default.",
            "flags": {
                "EMBER_ROUTING_ROUTER_SERVICE": "True"
            },
            "message": "[FEATURE ember-routing-router-service] Enable by default.\n\nEnable the final installment of the router service RFC.",
            "hash": "e74f5be33f50acb05135a23e561acd830938e0f0",
            "author": "Robert Jackson <me@rwjblue.com>",
            "date": "Mon Oct 8 13:38:24 2018"
        },
        {
            "title": "Remove old Router Service FF",
            "flags": {
                "EMBER_ROUTING_ROUTER_SERVICE": "False"
            },
            "message": "Remove old Router Service FF\n\nThis removes the FF around all the router service features that were\ngo'd earlier this year. It also reuses the same flag to guard the new\nfeatures that we are adding.\n",
            "hash": "0f95c777fe507940f2922e6d256125677d5bb882",
            "author": "Chad Hietala <chadhietala@gmail.com>",
            "date": "Wed Oct 3 06:41:54 2018"
        },
        {
            "title": "[FEATURE glimmer-custom-component-manager] Enable by default.",
            "flags": {
                "GLIMMER_CUSTOM_COMPONENT_MANAGER": "True"
            },
            "message": "[FEATURE glimmer-custom-component-manager] Enable by default.\n\nDiscussed in todays core team meeting: :+1:\n",
            "hash": "dc48b07b539e1b64136218d8d3c1cee4ae3a0425",
            "author": "Robert Jackson <rjackson@linkedin.com>",
            "date": "Fri Jun 22 13:34:22 2018"
        },
        {
            "title": "[FEATURE EMBER_GLIMMER_ANGLE_BRACKET_INVOCATION] Enable by default.",
            "flags": {
                "EMBER_GLIMMER_ANGLE_BRACKET_INVOCATION": "True"
            },
            "message": "[FEATURE EMBER_GLIMMER_ANGLE_BRACKET_INVOCATION] Enable by default.\n",
            "hash": "e1b1ea482fede2c6c4043609e2e16db97d0d7307",
            "author": "Robert Jackson <rjackson@linkedin.com>",
            "date": "Fri Jun 1 12:05:32 2018"
        },
        {
            "title": "Add EMBER_GLIMMER_ANGLE_BRACKET_INVOCATION feature flag.",
            "flags": {
                "EMBER_GLIMMER_ANGLE_BRACKET_INVOCATION": "False"
            },
            "message": "Add EMBER_GLIMMER_ANGLE_BRACKET_INVOCATION feature flag.\n",
            "hash": "58db4220c298d3a96bcb06df8a4bb8d0ee0040b5",
            "author": "Robert Jackson <rjackson@linkedin.com>",
            "date": "Thu May 24 18:22:38 2018"
        },
        {
            "title": "Migrate Ember.FEATURES to @ember/canary-features.",
            "flags": {
                "EMBER_LIBRARIES_ISREGISTERED": "False",
                "EMBER_IMPROVED_INSTRUMENTATION": "False",
                "EMBER_GLIMMER_NAMED_ARGUMENTS": "True",
                "EMBER_ROUTING_ROUTER_SERVICE": "True",
                "EMBER_ENGINES_MOUNT_PARAMS": "True",
                "EMBER_MODULE_UNIFICATION": "False",
                "GLIMMER_CUSTOM_COMPONENT_MANAGER": "False",
                "EMBER_TEMPLATE_BLOCK_LET_HELPER": "True",
                "EMBER_METAL_TRACKED_PROPERTIES": "False"
            },
            "message": "Migrate Ember.FEATURES to @ember/canary-features.\n",
            "hash": "cd5511ab428e1877f3b8ef4db00e5ba8e845cb88",
            "author": "Robert Jackson <rjackson@linkedin.com>",
            "date": "Wed Apr 18 15:27:17 2018"
        }
    ]
}