{
    "date": "2019-12-20T18:25:07.114133",
    "commits": [
        {
            "title": "feat(api): surface protocol apiv1 backcompat in apiv2 (#4473)",
            "flags": {
                "enable_back_compat": "removed"
            },
            "message": "feat(api): surface protocol apiv1 backcompat in apiv2 (#4473)\n\nThis removes the back compat feature flag and makes v1 backcompat available by\r\ndefault in the v2 internals. You can also now select an internals version in the\r\nopentrons_simulate and opentrons_execute scripts.",
            "hash": "831e963b1ffb3b39cf30f1b5d76bc312515ed8bc",
            "author": "Seth Foster <seth@opentrons.com>",
            "date": "Wed Nov 20 09:20:25 2019"
        },
        {
            "title": "feat(api): Allow backwards compatibility with gen2 pipettes in apiv2 (#4326)",
            "flags": {
                "enable_backcompat": "removed",
                "enable_back_compat": "False"
            },
            "message": "feat(api): Allow backwards compatibility with gen2 pipettes in apiv2 (#4326)\n\n",
            "hash": "46091727b4b5d42ae9d6956c39ed55ba5f95702b",
            "author": "Laura Cox <31892318+Laura-Danielle@users.noreply.github.com>",
            "date": "Wed Oct 30 12:05:33 2019"
        },
        {
            "title": "feat(api): apiv2: conditionally enable backcompat (#4234)",
            "flags": {
                "enable_backcompat": "False"
            },
            "message": "feat(api): apiv2: conditionally enable backcompat (#4234)\n\nAdds a new feature flag to enable apiv1 backcompat when apiv2 is enabled.\r\n\r\nThis feature flag should only show up in GET /settings when apiv2 is enabled.\r\n\r\nIf this new feature flag is enabled, pass apiv1 protocols uploaded when apiv2 is\r\nselected to the backcompat executors.\r\n\r\nGate this functionality in opentrons_simulate and opentrons_execute behind the\r\nnew flag.\r\n",
            "hash": "806af2c4182851fd20351cdb2753650c526fdb3d",
            "author": "Seth Foster <seth@opentrons.com>",
            "date": "Wed Oct 16 12:15:59 2019"
        },
        {
            "title": "refactor(api): Add labware load backwards compatibility shim (#3309)",
            "flags": {
                "split_labware_definitions": "removed"
            },
            "message": "refactor(api): Add labware load backwards compatibility shim (#3309)\n\n",
            "hash": "6f6eecbe554dbda447a509b4e8e64e46a66e6472",
            "author": "Laura Cox <31892318+Laura-Danielle@users.noreply.github.com>",
            "date": "Mon Apr 8 10:03:02 2019"
        },
        {
            "title": "perf(api): New aspiration functions for all pipettes (#3014)",
            "flags": {
                "use_new_p10_aspiration": "removed",
                "use_old_aspiration_functions": "False"
            },
            "message": "perf(api): New aspiration functions for all pipettes (#3014)\n\nThese aspiration functions are derived from test engineering gravimetric tests and should\r\nincrease accuracy(%d). 10 units of each model were gathered to generate this new function and\r\ntested with current function vs the new function. These functions will solve underaspiration\r\nissues seen on the field. The following link contains the function data of the updated functions,\r\nwith a collection of constant volume for each pipette. https://drive.google.com/drive/u/0/folders/1x9c5l-fZ_NuX_g2odHSiPcBRPUBdFt3x\r\n\r\nThe p10s plunger positions have been changed to decrease the tolerance of the\r\np10s to provide a pass/fail creterion to reduce yield in production.\r\n\r\nul_per_mm in the pipette model specs now have multiple versions, saved in a\r\nlist, with the version of the config being selected chosen by a feature flag.\r\n\r\nCloses #3012",
            "hash": "ae850ce11de6b47cfaf87ad94d8a4ea68a0c1499",
            "author": "Seth Foster <sfoster1@users.noreply.github.com>",
            "date": "Wed Feb 6 10:19:21 2019"
        },
        {
            "title": "feat(api): p10 behavior feature flag (#2794)",
            "flags": {
                "use_new_p10_aspiration": "False"
            },
            "message": "feat(api): p10 behavior feature flag (#2794)\n\nThis moves the P10 aspiration changes previously introduced in the config to code behind feature flag.\r\n\r\nThis reverts commit 9c5e0a235fca6b034d71b8b31a86a0fe23162c4b.\r\n\r\nThe revert is because shipping this change might compromise users\u2019 science\r\nefforts if their aspiration volumes change without sufficiently notifying them.\r\nTo prevent behavior changing in unexpected ways that\r\nhas bad effects on science, it\u2019s now behind a feature flag that is off by\r\ndefault.\r\n\r\nCloses #2792\r\n",
            "hash": "c468b06f5ce9024cf3fd168a01311a91daac38ef",
            "author": "Seth Foster <sfoster1@users.noreply.github.com>",
            "date": "Fri Dec 7 11:05:35 2018"
        },
        {
            "title": "refactor(api): Add protocol API back-compatibility layer (#2395)",
            "flags": {
                "use_protocol_api_v2": "False"
            },
            "message": "refactor(api): Add protocol API back-compatibility layer (#2395)\n\n* feat(api): Add back compat  shim for new protocol API and restructure old\r\n\r\nThis commit puts the components of the old protocol api (robot, instruments, etc) into a new `legacy_api` subpackage. It moves the singletons previously defined in`opentrons/__init__` into a file in `legacy_api`, and creates similar ones in `protocol_api/back_compat`. Then, `opentrons/__init__` now conditionally imports the right one based on a feature flag.\r\n\r\nThis means it is now possible (using the feature flag) to import opentrons without the robot singleton being instantiated. It also means it is now possible to import components of the legacy API without actually instantiating them.\r\n\r\nIn addition, this commit adds a new file, `simulate_protocol.py`, that will be the frontend for simulating protocols without a robot.\r\n\r\nCloses #2246 ",
            "hash": "5b13d9fe18764b505d5e40808595df2da462ab0b",
            "author": "Seth Foster <sfoster1@users.noreply.github.com>",
            "date": "Tue Oct 2 14:01:05 2018"
        },
        {
            "title": "feat(api): Add advanced settings endpoints to api server (#1786)",
            "flags": {
                "short_fixed_trash": "False",
                "split_labware_definitions": "False",
                "calibrate_to_bottom": "False",
                "dots_deck_type": "False",
                "disable_home_on_boot": "False"
            },
            "message": "feat(api): Add advanced settings endpoints to api server (#1786)\n\nFixes #1656",
            "hash": "b89b4ea830bc41f280c00893ce856edd0044d9ce",
            "author": "Benjamin Morris <btmorr@users.noreply.github.com>",
            "date": "Mon Jul 2 10:41:53 2018"
        },
        {
            "title": "api(feature): Home Z axes on boot and home after run instead of before",
            "flags": {
                "disable_home_on_boot": "False"
            },
            "message": "api(feature): Home Z axes on boot and home after run instead of before\n",
            "hash": "3d81b342ecb5891f2c54192c7e4249972e470899",
            "author": "Benjamin Morris <bmorris458@gmail.com>",
            "date": "Wed May 23 14:58:55 2018"
        },
        {
            "title": "Adds ability to set deck type through a feature flag",
            "flags": {
                "dots_deck_type": "False"
            },
            "message": "Adds ability to set deck type through a feature flag\n",
            "hash": "d8a26a1fa5a7839e29757eec93007f208773f973",
            "author": "Laura-Danielle <laura@opentrons.com>",
            "date": "Wed Apr 25 15:19:13 2018"
        },
        {
            "title": "Refactor feature flags to use persistent data instead of environment variables, and a couple of trivial fixes",
            "flags": {
                "short_fixed_trash": "False",
                "split_labware_definitions": "False",
                "calibrate_to_bottom": "False"
            },
            "message": "Refactor feature flags to use persistent data instead of environment variables, and a couple of trivial fixes\n",
            "hash": "57cad09da8d04209e5a0a1d5acce6696855df1ce",
            "author": "Benjamin Morris <bmorris458@gmail.com>",
            "date": "Mon Mar 26 14:44:48 2018"
        },
        {
            "title": "Adds feature flag so user can either calibrate to the top or the bottom",
            "flags": {
                "calibrate_to_bottom": "False"
            },
            "message": "Adds feature flag so user can either calibrate to the top or the bottom\n",
            "hash": "05921510f2c745c7f6dd1c3613dda737a7d64b81",
            "author": "Laura-Danielle <laura@opentrons.com>",
            "date": "Wed Mar 14 07:04:44 2018"
        },
        {
            "title": "Add and use feature flag switch for new labware definitions",
            "flags": {
                "short_fixed_trash": "False",
                "split_labware_definitions": "False"
            },
            "message": "Add and use feature flag switch for new labware definitions\n",
            "hash": "3a0f87355df422b09504e92f343f0f29c2d5d877",
            "author": "Benjamin Morris <bmorris458@gmail.com>",
            "date": "Mon Feb 26 10:24:06 2018"
        },
        {
            "title": "Revise format of feature flags and remove dead code and comments",
            "flags": {
                "short_fixed_trash": "False"
            },
            "message": "Revise format of feature flags and remove dead code and comments\n",
            "hash": "4f1c2ee56f5f16328bd82bab3cafb71dfb2e1b67",
            "author": "Benjamin Morris <bmorris458@gmail.com>",
            "date": "Mon Feb 26 08:41:46 2018"
        }
    ]
}