{
    "id": 38644841,
    "node_id": "MDEwOlJlcG9zaXRvcnkzODY0NDg0MQ==",
    "name": "opentrons",
    "full_name": "Opentrons/opentrons",
    "private": false,
    "description": "Software for writing protocols and running them on Opentrons robots",
    "fork": false,
    "created_at": "2015-07-06T20:41:01Z",
    "updated_at": "2019-12-20T16:23:10Z",
    "pushed_at": "2019-12-20T21:48:59Z",
    "homepage": "",
    "size": 62143,
    "stargazers_count": 137,
    "watchers_count": 137,
    "language": "JavaScript",
    "has_issues": true,
    "has_projects": true,
    "has_downloads": true,
    "has_wiki": false,
    "has_pages": false,
    "forks_count": 77,
    "archived": false,
    "disabled": false,
    "open_issues_count": 300,
    "forks": 77,
    "open_issues": 300,
    "watchers": 137,
    "default_branch": "edge",
    "temp_clone_token": "",
    "network_count": 77,
    "subscribers_count": 29,
    "languages": {
        "JavaScript": 2946018,
        "Python": 1949820,
        "HTML": 1260374,
        "CSS": 205719,
        "Makefile": 32963,
        "Batchfile": 7753,
        "PureBasic": 2731,
        "Shell": 515
    }
}