{
    "id": 60377070,
    "node_id": "MDEwOlJlcG9zaXRvcnk2MDM3NzA3MA==",
    "name": "vespa",
    "full_name": "vespa-engine/vespa",
    "private": false,
    "description": "Vespa is an engine for low-latency computation over large data sets.",
    "fork": false,
    "created_at": "2016-06-03T20:54:20Z",
    "updated_at": "2019-12-20T14:31:22Z",
    "pushed_at": "2019-12-20T16:38:52Z",
    "homepage": "https://vespa.ai",
    "size": 105372,
    "stargazers_count": 3020,
    "watchers_count": 3020,
    "language": "Java",
    "has_issues": true,
    "has_projects": true,
    "has_downloads": true,
    "has_wiki": false,
    "has_pages": false,
    "forks_count": 358,
    "archived": false,
    "disabled": false,
    "open_issues_count": 93,
    "forks": 358,
    "open_issues": 93,
    "watchers": 3020,
    "default_branch": "master",
    "temp_clone_token": "",
    "network_count": 358,
    "subscribers_count": 160,
    "languages": {
        "Java": 34221605,
        "C++": 26889604,
        "CMake": 529274,
        "Shell": 242913,
        "Perl": 219162,
        "HTML": 195513,
        "Emacs Lisp": 113617,
        "C": 64909,
        "Python": 55078,
        "CSS": 40930,
        "JavaScript": 28651,
        "ANTLR": 26094,
        "Roff": 17562,
        "Ruby": 13860,
        "Yacc": 13618,
        "Objective-C": 12603,
        "Perl 6": 8755,
        "LLVM": 5895,
        "PigLatin": 5850,
        "GAP": 3326,
        "Makefile": 3046,
        "Assembly": 901,
        "Dockerfile": 593
    }
}