{
    "id": 148452856,
    "node_id": "MDEwOlJlcG9zaXRvcnkxNDg0NTI4NTY=",
    "name": "tempest",
    "full_name": "sonaproject/tempest",
    "private": false,
    "description": "OpenStack Testing (Tempest) of an existing cloud http://openstack.org",
    "fork": false,
    "created_at": "2018-09-12T09:09:46Z",
    "updated_at": "2018-09-13T01:23:20Z",
    "pushed_at": "2018-09-18T14:33:36Z",
    "homepage": "",
    "size": 27874,
    "stargazers_count": 0,
    "watchers_count": 0,
    "language": "Python",
    "has_issues": true,
    "has_projects": true,
    "has_downloads": true,
    "has_wiki": true,
    "has_pages": false,
    "forks_count": 0,
    "archived": false,
    "disabled": false,
    "open_issues_count": 0,
    "forks": 0,
    "open_issues": 0,
    "watchers": 0,
    "default_branch": "master",
    "temp_clone_token": "",
    "network_count": 0,
    "subscribers_count": 3,
    "languages": {
        "Python": 4426784,
        "Shell": 7267
    }
}