{
    "date": "2019-12-20T17:58:14.942359",
    "commits": [
        {
            "title": "Availability per hour. Admin + Provider",
            "flags": {
                "availability_per_hour": "False"
            },
            "message": "Availability per hour. Admin + Provider\n",
            "hash": "202c52bc15c433aa38a2db2aabd456111c529a05",
            "author": "Aivils \u0160toss <aivils@ithouse.lv>",
            "date": "Wed Nov 8 06:07:42 2017"
        },
        {
            "title": "Removed useless currency_formatting in feature flag store",
            "flags": {
                "currency_formatting": "removed"
            },
            "message": "Removed useless currency_formatting in feature flag store\n",
            "hash": "94d949e0e3161b93b2d77d5f6555673f0e2421cf",
            "author": "Thomas Malbaux <thomas.malbaux@gmail.com>",
            "date": "Fri Sep 22 05:30:34 2017"
        },
        {
            "title": "Remove landing_scripts feature flag",
            "flags": {
                "landing_scripts": "removed"
            },
            "message": "Remove landing_scripts feature flag\n",
            "hash": "597e048ef8aa962dc433b2d41893322feaf98a69",
            "author": "Thomas Malbaux <thomas.malbaux@gmail.com>",
            "date": "Fri Sep 22 05:22:40 2017"
        },
        {
            "title": "Merge branch 'master'",
            "flags": {
                "stripe": "False",
                "landing_scripts": "False"
            },
            "message": "Merge branch 'master'\n",
            "hash": "26ba016d658f7723853214144851735f31740ec4",
            "merge": "7f5ea6fd6 8099a972d",
            "author": "Nikolai <devnik@ithouse.lv>",
            "date": "Mon Sep 18 07:36:20 2017"
        },
        {
            "title": "added feature flag :landing_scripts to enable custom scripts on landing page",
            "flags": {
                "manage_searchpage": "False",
                "currency_formatting": "False",
                "landing_scripts": "False"
            },
            "message": "added feature flag :landing_scripts to enable custom scripts on landing page\n",
            "hash": "696bc0f6bd25177a6dc65aca79f4fcc22ef869c1",
            "author": "Nikolai <devnik@ithouse.lv>",
            "date": "Wed Aug 23 04:30:43 2017"
        },
        {
            "title": "Remove currency formatting feature flag",
            "flags": {
                "manage_searchpage": "False",
                "currency_formatting": "removed"
            },
            "message": "Remove currency formatting feature flag\n",
            "hash": "a0485d4e33b44fbb97cd6297cdc9c2e166ba1730",
            "author": "Sampo Toiva <sampo.toiva@gmail.com>",
            "date": "Mon Aug 21 23:52:18 2017"
        },
        {
            "title": "stripe integration: add feature flag; code cleanup - remove unnecessary stripe connect, stored card view, balance, toggles",
            "flags": {
                "currency_formatting": "False",
                "stripe": "False"
            },
            "message": "stripe integration: add feature flag; code cleanup - remove unnecessary stripe connect, stored card view, balance, toggles\n",
            "hash": "ee3a943542769e99dc084c85ad1767100e5188fe",
            "author": "Nikolai <devnik@ithouse.lv>",
            "date": "Wed Jul 19 03:30:26 2017"
        },
        {
            "title": "Add feature flag for currency formatting",
            "flags": {
                "manage_searchpage": "False",
                "currency_formatting": "False"
            },
            "message": "Add feature flag for currency formatting\n\nJavascript formatting is still applied to all places\n",
            "hash": "66bfb6ec91819851bdb320f76e59c9ac1a66b129",
            "author": "Sampo Toiva <sampo.toiva@gmail.com>",
            "date": "Tue Apr 25 12:02:03 2017"
        },
        {
            "title": "Remove Intercom feature flag (i.e. enable Intercom to everyone)",
            "flags": {
                "manage_searchpage": "False",
                "admin_intercom_respond": "removed"
            },
            "message": "Remove Intercom feature flag (i.e. enable Intercom to everyone)\n",
            "hash": "bbb076544aeb37dcc348db53d3dbe632ae7001c0",
            "author": "Mikko Koski <mikkokos@gmail.com>",
            "date": "Wed Apr 19 05:52:43 2017"
        },
        {
            "title": "Left hand navigation support link",
            "flags": {
                "manage_searchpage": "False",
                "admin_intercom_respond": "False"
            },
            "message": "Left hand navigation support link\n",
            "hash": "2d692276cd4b4ea076936018708b28b9b9c897fb",
            "author": "Mikko Koski <mikkokos@gmail.com>",
            "date": "Tue Mar 28 02:03:40 2017"
        },
        {
            "title": "Remove feature flag",
            "flags": {
                "manage_availability": "removed"
            },
            "message": "Remove feature flag\n",
            "hash": "21fbf8a6c3e856d6ebb8aff0af3d61fb6ada8ce8",
            "author": "Mikko Koski <mikkokos@gmail.com>",
            "date": "Mon Jan 9 02:05:11 2017"
        },
        {
            "title": "props and flag for ManageAvailabilityApp",
            "flags": {
                "manage_availability": "False"
            },
            "message": "props and flag for ManageAvailabilityApp\n",
            "hash": "d2c2c7a51b0d0fbb535a68cf0e190231bc91c265",
            "author": "Vesa Luusua <vesa.luusua@gmail.com>",
            "date": "Mon Dec 5 10:23:17 2016"
        },
        {
            "title": "Add admin controls for toggling new searchpage",
            "flags": {
                "searchpage_v1": "False",
                "manage_searchpage": "False"
            },
            "message": "Add admin controls for toggling new searchpage\n\nAdds admin controls for searhpage. New searchpage requires topbar and\nit is enabled automatically if searchpage is enabled. JS is used to\ndisable and enable topbar controls when searchpage is checked and\nunchecked.\n\nAdds also a rule for private marketplaces as these cannot have\nsearchpage if custom landing page isn't enabled.\n",
            "hash": "af533fd47ed4e0f998125849f9205e6e9063e146",
            "author": "Sampo Toiva <sampo.toiva@gmail.com>",
            "date": "Fri Nov 4 05:52:49 2016"
        },
        {
            "title": "Remove availability flag, add env variable",
            "flags": {
                "searchpage_v1": "False",
                "availability": "removed"
            },
            "message": "Remove availability flag, add env variable\n\n- Remove :availability feature flag\n- Add harmony_api_in_use environment variable\n",
            "hash": "7921d501a4959ee9f903d8c6e14385becdddac7a",
            "author": "Mikko Koski <mikkokos@gmail.com>",
            "date": "Fri Nov 4 02:02:57 2016"
        },
        {
            "title": "Add feature flag and pricing disabled units info",
            "flags": {
                "searchpage_v1": "False",
                "availability": "False"
            },
            "message": "Add feature flag and pricing disabled units info\n",
            "hash": "7aa99d50045580c36e5a5b50661291fc61bbea56",
            "author": "Mikko Koski <mikkokos@gmail.com>",
            "date": "Thu Sep 8 00:17:56 2016"
        },
        {
            "title": "Review fixes",
            "flags": {
                "discovery_api": "removed",
                "searchpage_v1": "False"
            },
            "message": "Review fixes\n",
            "hash": "08acc5f8b94f55a8a3151ab0ca989f0ab9fb2b55",
            "author": "Mikko Porkola <mikko.porkola@sharetribe.com>",
            "date": "Tue Sep 6 04:04:13 2016"
        },
        {
            "title": "Fetch home page data from Discovery API",
            "flags": {
                "discovery_api": "False"
            },
            "message": "Fetch home page data from Discovery API\n",
            "hash": "1afb107c10c896a0b0db6d4dc20fec537dbe3629",
            "author": "Mikko Porkola <mikko.porkola@sharetribe.com>",
            "date": "Fri Sep 2 06:12:44 2016"
        },
        {
            "title": "Enable new layout admin page for all",
            "flags": {
                "feature_flags_page": "removed"
            },
            "message": "Enable new layout admin page for all\n",
            "hash": "0725c532c54774cc8c1bf620b78df748748a5a12",
            "author": "Mikko Porkola <mikko.porkola@sharetribe.com>",
            "date": "Mon Aug 29 00:26:03 2016"
        },
        {
            "title": "Admin can change feature flags related to new design",
            "flags": {
                "feature_flags_page": "False"
            },
            "message": "Admin can change feature flags related to new design\n",
            "hash": "5a9a7f6057e6bb2a1468006f5ee19fc788a7f963",
            "author": "Vesa Luusua <vesa.luusua@gmail.com>",
            "date": "Thu Jul 28 14:32:59 2016"
        },
        {
            "title": "Remove landing page topbar feature flag",
            "flags": {
                "landingpage_topbar": "removed"
            },
            "message": "Remove landing page topbar feature flag\n",
            "hash": "44036e4aebd5abe8a3a8d77547ddbb47e82a6a94",
            "author": "Mikko Koski <mikkokos@gmail.com>",
            "date": "Tue Jul 12 03:53:44 2016"
        },
        {
            "title": "Enable onboarding wizard for everybody and remove the feature flag",
            "flags": {
                "onboarding_redesign_v1": "removed"
            },
            "message": "Enable onboarding wizard for everybody and remove the feature flag\n",
            "hash": "517a1a541bc0849dd125410c0a0b149e80f12e5c",
            "author": "Mikko Porkola <mikko.porkola@sharetribe.com>",
            "date": "Wed Jul 6 05:33:04 2016"
        },
        {
            "title": "Use styles and breakpoints for placeholder height",
            "flags": {
                "topbar_v1": "False",
                "landingpage_topbar": "False"
            },
            "message": "Use styles and breakpoints for placeholder height\n\nSwitch feature flag\n",
            "hash": "9dd6667fb3fecf65719b3a2611688d5c35a43b00",
            "author": "Olli Vanhapiha <olli.vanhapiha@gmail.com>",
            "date": "Wed Jun 29 03:18:21 2016"
        },
        {
            "title": "Topbar draft added to the application.haml",
            "flags": {
                "onboarding_redesign_v1": "False",
                "topbar_v1": "False"
            },
            "message": "Topbar draft added to the application.haml\n",
            "hash": "a610ca4fa2845f5cc6aa06e6e44e05591ed637e9",
            "author": "Vesa Luusua <vesa.luusua@gmail.com>",
            "date": "Thu Jun 16 07:06:17 2016"
        },
        {
            "title": "Logic to display onboarding popup after community edit",
            "flags": {
                "export_transactions_as_csv": "False",
                "onboarding_redesign_v1": "False"
            },
            "message": "Logic to display onboarding popup after community edit\n",
            "hash": "07f0afda20c2d18c8b2c053cec40d6851f97b287",
            "author": "Olli Vanhapiha <olli.vanhapiha@gmail.com>",
            "date": "Tue Apr 26 06:33:39 2016"
        },
        {
            "title": "Remove :new_login feature flag",
            "flags": {
                "export_transactions_as_csv": "False",
                "new_login": "removed"
            },
            "message": "Remove :new_login feature flag\n",
            "hash": "136577ae5a76945f5e93b94f0418bf37a0a856fe",
            "author": "Mikko Koski <mikkokos@gmail.com>",
            "date": "Wed Apr 20 00:13:26 2016"
        },
        {
            "title": "Add feature flag for community_id checks",
            "flags": {
                "export_transactions_as_csv": "False",
                "new_login": "False"
            },
            "message": "Add feature flag for community_id checks\n\nCommunity id check in username, email and facebook id availability tests\nis set behind a feature flag.\n",
            "hash": "716ca90f2f51fcec22b9199ce7cea3471f850ee3",
            "author": "Hannu Lyytikainen <hannu@sharetribe.com>",
            "date": "Tue Feb 23 07:17:59 2016"
        },
        {
            "title": "Use Universal analytics for all customer tracking",
            "flags": {
                "export_transactions_as_csv": "False",
                "customer_universal_analytics": "removed"
            },
            "message": "Use Universal analytics for all customer tracking\n",
            "hash": "9b6b3a68f8faa352233860760e92458b3408e096",
            "author": "Mikko Porkola <mikko.porkola@sharetribe.com>",
            "date": "Thu Mar 31 00:46:19 2016"
        },
        {
            "title": "Remove youtube_embeds feature flag",
            "flags": {
                "youtube_embeds": "removed"
            },
            "message": "Remove youtube_embeds feature flag\n",
            "hash": "4cccbaa12f26d022f1540d9432b87082221be09f",
            "author": "Vesa Luusua <vesa.luusua@gmail.com>",
            "date": "Tue Mar 29 04:25:38 2016"
        },
        {
            "title": "Refactor analytics scripts",
            "flags": {
                "only_gtm": "removed"
            },
            "message": "Refactor analytics scripts\n",
            "hash": "efa39d7157f7877619dab742de6e5014fd52cacf",
            "author": "Mikko Porkola <mikko.porkola@sharetribe.com>",
            "date": "Mon Mar 21 08:33:54 2016"
        },
        {
            "title": "Remove :new_search and :location_search feat flags",
            "flags": {
                "location_search": "removed",
                "new_search": "removed"
            },
            "message": "Remove :new_search and :location_search feat flags\n\nThis enables the new search as well as the location search for all\nmarketplaces if the config option external_search_in_use is set to true.\n",
            "hash": "963acc515f640d2247422aeab419b8ac7bf14725",
            "author": "Kimmo Puputti <kimmo@sharetribe.com>",
            "date": "Tue Mar 22 02:18:26 2016"
        },
        {
            "title": "Add possible youtube embeds at the end of the listing's description",
            "flags": {
                "youtube_embeds": "False"
            },
            "message": "Add possible youtube embeds at the end of the listing's description\nwrap everything inside feature flag\n",
            "hash": "ecfeb70059ecb11f0a915e809252f0b906d23b89",
            "author": "Vesa Luusua <vesa.luusua@gmail.com>",
            "date": "Tue Mar 8 11:17:07 2016"
        },
        {
            "title": "Use Google tag manager instead of Analytics.js for our tracking",
            "flags": {
                "universal_analytics": "removed",
                "only_gtm": "False"
            },
            "message": "Use Google tag manager instead of Analytics.js for our tracking\n",
            "hash": "e0404f4d29d571481d56b00bee9e9111700959d9",
            "author": "Mikko Porkola <mikko.porkola@sharetribe.com>",
            "date": "Thu Mar 10 03:22:40 2016"
        },
        {
            "title": "Add universal analytics initialiser",
            "flags": {
                "universal_analytics": "False",
                "customer_universal_analytics": "False"
            },
            "message": "Add universal analytics initialiser\n",
            "hash": "ec3d7b328e728e111813aac5cd8ff6656f58de17",
            "author": "Mikko Porkola <mikko.porkola@sharetribe.com>",
            "date": "Tue Mar 1 07:08:24 2016"
        },
        {
            "title": "Put new search behind a feature flag",
            "flags": {
                "new_search": "False"
            },
            "message": "Put new search behind a feature flag\n",
            "hash": "3814358f9d70ccb6b21a086bfb0f521d2f892fe2",
            "author": "Kimmo Puputti <kimmo@sharetribe.com>",
            "date": "Fri Jan 29 05:25:14 2016"
        },
        {
            "title": "Remove new_plan_page feature flag. Enable it to everyone.",
            "flags": {
                "new_plan_page": "removed"
            },
            "message": "Remove new_plan_page feature flag. Enable it to everyone.\n",
            "hash": "a036c746e8074016dbe128640629e8a3278ac420",
            "author": "Mikko Koski <mikkokos@gmail.com>",
            "date": "Fri Nov 20 05:45:05 2015"
        },
        {
            "title": "New expiration lightbox, with feature flag",
            "flags": {
                "export_transactions_as_csv": "False",
                "new_plan_page": "False"
            },
            "message": "New expiration lightbox, with feature flag\n",
            "hash": "2a9796cba58163acc76e148152ec186492a3fdaf",
            "author": "Mikko Porkola <mikko.porkola@sharetribe.com>",
            "date": "Fri Oct 9 00:20:01 2015"
        },
        {
            "title": "Remove export_users_as_csv feature flag, enabling it for all",
            "flags": {
                "export_users_as_csv": "removed"
            },
            "message": "Remove export_users_as_csv feature flag, enabling it for all\n",
            "hash": "400de81c6a6c270a294c3e853af5d5b1d85cf91a",
            "author": "Mikko Porkola <mikko.porkola@sharetribe.com>",
            "date": "Wed Oct 7 05:27:15 2015"
        },
        {
            "title": "Split export of users and transactions behind different feature flags",
            "flags": {
                "export_as_csv": "removed",
                "export_users_as_csv": "False",
                "export_transactions_as_csv": "False"
            },
            "message": "Split export of users and transactions behind different feature flags\n",
            "hash": "6d1f1259af6831dfcd5d7dedf8ef8997add5b778",
            "author": "Mikko Porkola <mikko.porkola@sharetribe.com>",
            "date": "Fri Oct 2 05:40:39 2015"
        },
        {
            "title": "Use the :export_as_csv feature flag",
            "flags": {
                "location_search": "False",
                "export_as_csv": "False"
            },
            "message": "Use the :export_as_csv feature flag\n",
            "hash": "a822e1f49ec6bbed0f889c570ffa71fe79e4dece",
            "author": "Ville Saarinen <ville.saarinen@gmail.com>",
            "date": "Wed Sep 23 06:40:42 2015"
        },
        {
            "title": "Enable Payment help link to everyone",
            "flags": {
                "location_search": "False",
                "how_paypal_works_text_link": "removed"
            },
            "message": "Enable Payment help link to everyone\n",
            "hash": "7958eb3871880efae2322025be48668a84b90229",
            "author": "Mikko Koski <mikkokos@gmail.com>",
            "date": "Fri Sep 18 00:32:23 2015"
        },
        {
            "title": "Separate link for PayPal popup",
            "flags": {
                "location_search": "False",
                "how_paypal_works_text_link": "False"
            },
            "message": "Separate link for PayPal popup\n",
            "hash": "fd0701352c5ccdc364b1aa0a2ba056382346e343",
            "author": "Mikko Koski <mikkokos@gmail.com>",
            "date": "Thu Sep 17 23:18:38 2015"
        },
        {
            "title": "Remove :sender_address feature flag",
            "flags": {
                "sender_address": "removed"
            },
            "message": "Remove :sender_address feature flag\n",
            "hash": "29b450c7128e1af228fe27790e55c7668dcf1549",
            "author": "Mikko Koski <mikkokos@gmail.com>",
            "date": "Fri Aug 14 06:31:19 2015"
        },
        {
            "title": "added google places autocompletion behind feature: location_search",
            "flags": {
                "sender_address": "False",
                "location_search": "False"
            },
            "message": "added google places autocompletion behind feature: location_search\n",
            "hash": "ef84932f7058224371a711cc30474257ea31b4f8",
            "author": "Vesa Luusua <vesa.luusua@gmail.com>",
            "date": "Mon Aug 3 02:34:13 2015"
        },
        {
            "title": "Show current sender address",
            "flags": {
                "sender_address": "False"
            },
            "message": "Show current sender address\n",
            "hash": "a4bd345830f79f826dfa9e5d1772a79ee3413022",
            "author": "Mikko Koski <mikkokos@gmail.com>",
            "date": "Thu Aug 6 01:33:54 2015"
        },
        {
            "title": "Remove feature flag",
            "flags": {
                "admin_conversations": "removed"
            },
            "message": "Remove feature flag\n",
            "hash": "924ed83ae11911f37bff0856a470bf7be36bd416",
            "author": "Mikko Koski <mikkokos@gmail.com>",
            "date": "Mon Jun 29 01:17:43 2015"
        },
        {
            "title": "Add feature flag and link to admin page",
            "flags": {
                "admin_conversations": "False"
            },
            "message": "Add feature flag and link to admin page\n",
            "hash": "dc9d598687568f5f6e42e90cb3c048831467ccb3",
            "author": "Mikko Koski <mikkokos@gmail.com>",
            "date": "Tue Jun 16 10:13:31 2015"
        },
        {
            "title": "Enable Shape UI (remove flag)",
            "flags": {
                "shape_ui": "removed"
            },
            "message": "Enable Shape UI (remove flag)\n",
            "hash": "22d27cf071642d137c76adcde81bfcef7d53a517",
            "author": "Mikko Koski <mikkokos@gmail.com>",
            "date": "Wed Jun 3 01:01:12 2015"
        },
        {
            "title": "Revert do not remove :shape_ui, yet",
            "flags": {
                "shape_ui": "False"
            },
            "message": "Revert do not remove :shape_ui, yet\n",
            "hash": "9eb67774e53e7330a4e28fa20f1b11c214f40b18",
            "author": "Mikko Koski <mikkokos@gmail.com>",
            "date": "Tue Jun 2 23:56:39 2015"
        },
        {
            "title": "Make FeatureFlagApi easier to test",
            "flags": {
                "shape_ui": "removed"
            },
            "message": "Make FeatureFlagApi easier to test\n\n- Allow injecting additional flags\n",
            "hash": "e723aaecd853d9ada013ada91153863642853c27",
            "author": "Mikko Koski <mikkokos@gmail.com>",
            "date": "Tue Jun 2 23:54:32 2015"
        },
        {
            "title": "Remove the feature flag",
            "flags": {
                "shape_ui": "False",
                "shipping_per": "removed"
            },
            "message": "Remove the feature flag\n",
            "hash": "3c8ab4df0484a90b3b397a6878c9cd584fe32b81",
            "author": "Mikko Koski <mikkokos@gmail.com>",
            "date": "Tue Jun 2 05:59:13 2015"
        },
        {
            "title": "Remove locale admin feature flag",
            "flags": {
                "shipping_per": "False",
                "locale_admin": "removed"
            },
            "message": "Remove locale admin feature flag\n",
            "hash": "4aefe3afca4fa8250e8b8510ce772e02cea38699",
            "author": "Mikko Porkola <mikko.porkola@sharetribe.com>",
            "date": "Thu May 21 05:23:23 2015"
        },
        {
            "title": "Hide locale admin UI behind feature flag.",
            "flags": {
                "shipping_per": "False",
                "locale_admin": "False"
            },
            "message": "Hide locale admin UI behind feature flag.\n",
            "hash": "6e97bc4df2e93395642e0a511ad70e819f4dcc96",
            "author": "Mikko Porkola <mikko.porkola@sharetribe.com>",
            "date": "Mon May 11 01:39:31 2015"
        },
        {
            "title": "listing page: show additional shipping price",
            "flags": {
                "shape_ui": "False",
                "shipping_per": "False"
            },
            "message": "listing page: show additional shipping price\n",
            "hash": "8530ea455ef0e039c13368666f188ec681a723eb",
            "author": "Vesa Luusua <vesa.luusua@gmail.com>",
            "date": "Mon Apr 20 09:12:23 2015"
        },
        {
            "title": "Change the data model, API does not change",
            "flags": {
                "shape_ui": "False"
            },
            "message": "Change the data model, API does not change\n",
            "hash": "2ed4111b24a450212511bbaaf0f30b987a73e53a",
            "author": "Mikko Koski <mikkokos@gmail.com>",
            "date": "Wed Apr 15 07:19:54 2015"
        }
    ]
}