{
    "id": 120863925,
    "node_id": "MDEwOlJlcG9zaXRvcnkxMjA4NjM5MjU=",
    "name": "audiobaymarketplace",
    "full_name": "Audiobay/audiobaymarketplace",
    "private": false,
    "description": null,
    "fork": false,
    "created_at": "2018-02-09T05:59:37Z",
    "updated_at": "2018-02-09T06:21:32Z",
    "pushed_at": "2018-02-09T06:20:37Z",
    "homepage": null,
    "size": 55899,
    "stargazers_count": 0,
    "watchers_count": 0,
    "language": "Ruby",
    "has_issues": true,
    "has_projects": true,
    "has_downloads": true,
    "has_wiki": true,
    "has_pages": true,
    "forks_count": 0,
    "archived": false,
    "disabled": false,
    "open_issues_count": 0,
    "forks": 0,
    "open_issues": 0,
    "watchers": 0,
    "default_branch": "master",
    "temp_clone_token": "",
    "network_count": 0,
    "subscribers_count": 0,
    "languages": {
        "Ruby": 2616585,
        "HTML": 755569,
        "JavaScript": 582977,
        "CSS": 279793,
        "Gherkin": 144805,
        "Shell": 3856
    }
}