{
    "date": "2019-12-20T18:24:31.833851",
    "commits": [
        {
            "title": "Combine cross signing and verification over DM feature flags",
            "flags": {
                "dm_verification": "removed"
            },
            "message": "Combine cross signing and verification over DM feature flags\n\nThis means we can just make the new member info panel support\ncross-signing exclusively rather than having to try & make it\ntemporarily support both\n",
            "hash": "3d8422c88afe85a59eb9759a8bfb25bafb5ffd22",
            "author": "David Baker <dave@matrix.org>",
            "date": "Thu Dec 19 07:23:32 2019"
        },
        {
            "title": "Merge pull request #3637 from matrix-org/dbkr/system_dark_mode",
            "flags": {
                "event_indexing": "False"
            },
            "message": "Merge pull request #3637 from matrix-org/dbkr/system_dark_mode\n\nGet theme automatically from system setting",
            "hash": "00241a8d0cd92fda850e8c318041b1ed2ba57b02",
            "merge": "1e6472723 e36f4375b",
            "author": "David Baker <dbkr@users.noreply.github.com>",
            "date": "Wed Nov 20 08:32:37 2019"
        },
        {
            "title": "Merge branch 'poljar/seshat-pr' into develop",
            "flags": {
                "mjolnir": "False",
                "dm_verification": "False",
                "cross_signing": "False",
                "event_indexing": "False"
            },
            "message": "Merge branch 'poljar/seshat-pr' into develop\n",
            "hash": "44b212bc4c86d458ea1d3042f8943992a6cd8804",
            "merge": "55e5e6319 4bd46f9d6",
            "author": "Damir Jeli\u0107 <poljar@termina.org.uk>",
            "date": "Wed Nov 20 04:33:03 2019"
        },
        {
            "title": "merge the feature_user_info_panel flag into feature_dm_verification",
            "flags": {
                "user_info_panel": "removed"
            },
            "message": "merge the feature_user_info_panel flag into feature_dm_verification\n",
            "hash": "43884923e839fc900ab51fd8aef5a7ed903c6372",
            "author": "Bruno Windels <brunow@matrix.org>",
            "date": "Tue Nov 19 05:07:14 2019"
        },
        {
            "title": "EventIndex: Hide the feature behind a labs flag.",
            "flags": {
                "event_indexing": "False"
            },
            "message": "EventIndex: Hide the feature behind a labs flag.\n",
            "hash": "f776bdcc8b4306557df2bda71bce6ec097694abb",
            "author": "Damir Jeli\u0107 <poljar@termina.org.uk>",
            "date": "Tue Nov 19 03:23:49 2019"
        },
        {
            "title": "Add cross-signing feature flag",
            "flags": {
                "cross_signing": "False"
            },
            "message": "Add cross-signing feature flag\n\nFixes https://github.com/vector-im/riot-web/issues/11407\n",
            "hash": "50cccd3212b384d3b26460544f2e8e54651f259f",
            "author": "J. Ryan Stinnett <jryans@gmail.com>",
            "date": "Fri Nov 15 02:57:20 2019"
        },
        {
            "title": "Merge branch 'develop' into travis/mjolnir",
            "flags": {
                "mjolnir": "False",
                "dm_verification": "False"
            },
            "message": "Merge branch 'develop' into travis/mjolnir",
            "hash": "6d0b388fa2daaa9605521a7e6a3634f9ef2fca5d",
            "merge": "86be607e9 c9ca8b986",
            "author": "Travis Ralston <travpc@gmail.com>",
            "date": "Tue Nov 12 09:00:01 2019"
        },
        {
            "title": "add feature flag and send verification using DM from dialog if enabled",
            "flags": {
                "dm_verification": "False"
            },
            "message": "add feature flag and send verification using DM from dialog if enabled\n",
            "hash": "5c9e80a0ba12478e6358487538dc2ced2d2b2f8a",
            "author": "Bruno Windels <brunow@matrix.org>",
            "date": "Thu Nov 7 08:38:52 2019"
        },
        {
            "title": "Add settings base for Mjolnir rules",
            "flags": {
                "mjolnir": "False"
            },
            "message": "Add settings base for Mjolnir rules\n\n",
            "hash": "23383419e803f6916c6636de10865b386a240f73",
            "author": "Travis Ralston <travpc@gmail.com>",
            "date": "Thu Oct 31 12:19:54 2019"
        },
        {
            "title": "Add UserInfo panel (consolidation of MemberInfo & GroupMemberInfo) Labs",
            "flags": {
                "user_info_panel": "False"
            },
            "message": "Add UserInfo panel (consolidation of MemberInfo & GroupMemberInfo) Labs\n\nSigned-off-by: Michael Telatynski <7t3chguy@gmail.com>\n",
            "hash": "df02eb8e92ff565eb7a11702a16957baba59f1d1",
            "author": "Michael Telatynski <7t3chguy@gmail.com>",
            "date": "Mon Oct 7 08:52:50 2019"
        },
        {
            "title": "Enable CIDER composer by default",
            "flags": {
                "cider_composer": "removed"
            },
            "message": "Enable CIDER composer by default\n\nAlso convert the setting to a watched setting to apply in realtime.",
            "hash": "853c522467e177c3437e8faf587e5192068120e2",
            "author": "Travis Ralston <travpc@gmail.com>",
            "date": "Thu Oct 3 22:20:00 2019"
        },
        {
            "title": "Support multiple integration managers behind a labs flag",
            "flags": {
                "many_integration_managers": "False"
            },
            "message": "Support multiple integration managers behind a labs flag\n\nFixes https://github.com/vector-im/riot-web/issues/10622\nImplements [MSC1957](https://github.com/matrix-org/matrix-doc/pull/1957)\n\nDesign is not final.",
            "hash": "b3cda4b19a2185a40cba2a505cea24b874adcbb5",
            "author": "Travis Ralston <travpc@gmail.com>",
            "date": "Fri Aug 23 08:12:40 2019"
        },
        {
            "title": "add feature flag, allowing to revert to old slate editor",
            "flags": {
                "cider_composer": "False"
            },
            "message": "add feature flag, allowing to revert to old slate editor\n",
            "hash": "b395fad8348410a2f957fc37ba263687ad02ec77",
            "author": "Bruno Windels <brunow@matrix.org>",
            "date": "Thu Aug 22 06:07:43 2019"
        },
        {
            "title": "Remove reactions feature flag",
            "flags": {
                "reactions": "removed"
            },
            "message": "Remove reactions feature flag\n\nFixes https://github.com/vector-im/riot-web/issues/10282\n",
            "hash": "537eb2c88f467aab235b5616b291b4e353abc1a3",
            "author": "J. Ryan Stinnett <jryans@gmail.com>",
            "date": "Wed Jul 17 09:00:36 2019"
        },
        {
            "title": "Remove editing feature flag",
            "flags": {
                "message_editing": "removed"
            },
            "message": "Remove editing feature flag\n\nPart of https://github.com/vector-im/riot-web/issues/10282\n",
            "hash": "25351d552eeebaa7ff5423478288e067af67b56b",
            "author": "J. Ryan Stinnett <jryans@gmail.com>",
            "date": "Wed Jul 17 08:56:15 2019"
        },
        {
            "title": "Remove reactions feature flag",
            "flags": {
                "reactions": "removed"
            },
            "message": "Remove reactions feature flag\n\nFixes https://github.com/vector-im/riot-web/issues/10282\n",
            "hash": "599c49613f94b7f4ac34505688e85158f71b67a9",
            "author": "J. Ryan Stinnett <jryans@gmail.com>",
            "date": "Wed Jul 17 09:00:36 2019"
        },
        {
            "title": "Remove editing feature flag",
            "flags": {
                "message_editing": "removed"
            },
            "message": "Remove editing feature flag\n\nPart of https://github.com/vector-im/riot-web/issues/10282\n",
            "hash": "674f33917f4cf50326a87cdbecd0547cee05fe25",
            "author": "J. Ryan Stinnett <jryans@gmail.com>",
            "date": "Wed Jul 17 08:56:15 2019"
        },
        {
            "title": "Merge pull request #2928 from Half-Shot/hs/custom-notif-sounds",
            "flags": {
                "room_breadcrumbs": "removed"
            },
            "message": "Merge pull request #2928 from Half-Shot/hs/custom-notif-sounds\n\nCustom notification sounds for rooms",
            "hash": "635b1ff612b742514f9a917898b8c502c9d5da07",
            "merge": "42c8a9b5f 721607b69",
            "author": "Travis Ralston <travpc@gmail.com>",
            "date": "Mon Jun 3 13:31:38 2019"
        },
        {
            "title": "Remove labs flag for custom notif sounds",
            "flags": {
                "notification_sounds": "removed"
            },
            "message": "Remove labs flag for custom notif sounds\n",
            "hash": "300095f50fa532a6fea212351a5406cf4ddf4aca",
            "author": "Will Hunt <will@half-shot.uk>",
            "date": "Mon Jun 3 09:35:15 2019"
        },
        {
            "title": "Convert breadcrumbs from labs to real setting",
            "flags": {
                "room_breadcrumbs": "removed"
            },
            "message": "Convert breadcrumbs from labs to real setting\n\nFixes https://github.com/vector-im/riot-web/issues/9391",
            "hash": "7f0282a2e8972cac84ec12b540c621f1adff7f7b",
            "author": "Travis Ralston <travpc@gmail.com>",
            "date": "Sun Jun 2 23:15:33 2019"
        },
        {
            "title": "Merge remote-tracking branch 'upstream/develop' into hs/custom-notif-sounds",
            "flags": {
                "notification_sounds": "False"
            },
            "message": "Merge remote-tracking branch 'upstream/develop' into hs/custom-notif-sounds\n",
            "hash": "9369e964fae2ce40f3e620e8ef3cf072b4726a9f",
            "merge": "2994d9937 2d8c52364",
            "author": "Will Hunt <will@half-shot.uk>",
            "date": "Fri May 31 02:44:30 2019"
        },
        {
            "title": "Merge branch 'develop' into matthew/low_bandwidth",
            "flags": {
                "tabbed_settings": "removed",
                "lazyloading": "removed",
                "room_breadcrumbs": "False",
                "keybackup": "removed",
                "custom_tags": "False",
                "sas": "removed",
                "message_editing": "False",
                "reactions": "False"
            },
            "message": "Merge branch 'develop' into matthew/low_bandwidth",
            "hash": "d81804e0febc40f550d482bb6ef3011802f5481c",
            "merge": "ce24165e1 7d4d09e8a",
            "author": "Travis Ralston <travpc@gmail.com>",
            "date": "Thu May 30 18:42:09 2019"
        },
        {
            "title": "Merge branch 'develop' into hs/custom-notif-sounds",
            "flags": {
                "message_editing": "False",
                "notification_sounds": "False"
            },
            "message": "Merge branch 'develop' into hs/custom-notif-sounds",
            "hash": "2994d993784566af39bf2bf5999be342266abe91",
            "merge": "d752de097 76570beb3",
            "author": "Will Hunt <will@half-shot.uk>",
            "date": "Wed May 15 08:09:55 2019"
        },
        {
            "title": "Merge branch 'develop' into hs/custom-notif-sounds",
            "flags": {
                "notification_sounds": "False"
            },
            "message": "Merge branch 'develop' into hs/custom-notif-sounds",
            "hash": "277c4ab809f15197e408e0d20659688cde863aae",
            "merge": "46132a246 92c67cdca",
            "author": "Will Hunt <will@half-shot.uk>",
            "date": "Tue May 14 13:07:03 2019"
        },
        {
            "title": "add feature flag",
            "flags": {
                "message_editing": "False"
            },
            "message": "add feature flag\n",
            "hash": "036cb02c0eab79dd73044e2073b7be1a6a2fafc7",
            "author": "Bruno Windels <brunow@matrix.org>",
            "date": "Tue May 14 02:51:04 2019"
        },
        {
            "title": "Merge branch 'develop' into hs/custom-notif-sounds",
            "flags": {
                "notification_sounds": "False",
                "reactions": "False"
            },
            "message": "Merge branch 'develop' into hs/custom-notif-sounds",
            "hash": "efc93abb5014e35ae95592c5028e12e915d7d319",
            "merge": "020d210cb 09a9b2e15",
            "author": "Will Hunt <will@half-shot.uk>",
            "date": "Tue May 7 12:04:29 2019"
        },
        {
            "title": "Add reactions feature flag",
            "flags": {
                "reactions": "False"
            },
            "message": "Add reactions feature flag\n",
            "hash": "7f62cdf1249be58c3c8fb2284ccef30588b3ede6",
            "author": "J. Ryan Stinnett <jryans@gmail.com>",
            "date": "Fri Apr 26 02:52:36 2019"
        },
        {
            "title": "Stick behind a feature flag",
            "flags": {
                "notification_sounds": "False"
            },
            "message": "Stick behind a feature flag\n",
            "hash": "0f2cd6ea73c36015720293fcc20baf285a25d0be",
            "author": "Will Hunt <will@half-shot.uk>",
            "date": "Sun Apr 21 10:01:26 2019"
        },
        {
            "title": "put breadcrumbs behind feature flag",
            "flags": {
                "room_breadcrumbs": "False"
            },
            "message": "put breadcrumbs behind feature flag\n",
            "hash": "03c491416e724c30a099635b19c2cfc3cdb7ecaf",
            "author": "Bruno Windels <brunow@matrix.org>",
            "date": "Tue Feb 12 02:41:24 2019"
        },
        {
            "title": "Remove key backup & sas from labs",
            "flags": {
                "keybackup": "removed",
                "sas": "removed"
            },
            "message": "Remove key backup & sas from labs\n",
            "hash": "043f1ab3f08c2ba2d783b822d4019adfba5194d6",
            "author": "David Baker <dave@matrix.org>",
            "date": "Fri Feb 8 08:58:09 2019"
        },
        {
            "title": "Merge branch 'develop' into bwindels/customtags-featureflag",
            "flags": {
                "custom_tags": "False",
                "lazyloading": "removed"
            },
            "message": "Merge branch 'develop' into bwindels/customtags-featureflag\n",
            "hash": "3c5fb613504faf299a7e117db745ecd2aece4560",
            "merge": "2eff03ba7 00a1ca503",
            "author": "Bruno Windels <brunow@matrix.org>",
            "date": "Fri Feb 8 04:12:43 2019"
        },
        {
            "title": "remove ll feature flag, it's time!",
            "flags": {
                "lazyloading": "removed"
            },
            "message": "remove ll feature flag, it's time!\n",
            "hash": "ac4ab11985f9065b1f602577d03714fb47daee30",
            "author": "Bruno Windels <brunow@matrix.org>",
            "date": "Thu Feb 7 10:24:07 2019"
        },
        {
            "title": "guard custom tags with feature flag",
            "flags": {
                "custom_tags": "False"
            },
            "message": "guard custom tags with feature flag\n",
            "hash": "e8533beafb08a2b4378f48029ecc2c98bb047ba6",
            "author": "Bruno Windels <brunow@matrix.org>",
            "date": "Thu Feb 7 10:04:30 2019"
        },
        {
            "title": "Remove old user and room settings",
            "flags": {
                "tabbed_settings": "removed"
            },
            "message": "Remove old user and room settings\n\nThis takes out the old user and room settings, replacing the paths with the new dialog editions. The labs setting has been removed in order to support this change.\n\nIn addition to removing the old components outright, some older components which were only used by the settings pages have been removed. The exception is the ColorSettings component as it has a high chance of sticking around in the future.\n\nStyles that were shared by the settings components have been broken out to dedicated sections, making it easier to remove the old styles entirely.\n\nSome stability testing of the app has been performed to ensure the app still works, however given the scope of this change there is a possibility of some broken functionality.",
            "hash": "eac50aa800887583e46b19a2fd91455dc1c76bcb",
            "author": "Travis Ralston <travpc@gmail.com>",
            "date": "Mon Feb 4 12:25:26 2019"
        },
        {
            "title": "Merge branch 'experimental' into travis/settings/positive",
            "flags": {
                "sas": "False"
            },
            "message": "Merge branch 'experimental' into travis/settings/positive",
            "hash": "a1e3887a74c4fc520fa126c212ccdd7cdd027431",
            "merge": "e1bc1eee4 55e0838c8",
            "author": "Travis Ralston <travpc@gmail.com>",
            "date": "Mon Jan 28 07:25:40 2019"
        },
        {
            "title": "Merge remote-tracking branch 'origin/experimental' into dbkr/sas",
            "flags": {
                "tabbed_settings": "False",
                "sas": "False"
            },
            "message": "Merge remote-tracking branch 'origin/experimental' into dbkr/sas\n",
            "hash": "6a90625d36d77238041ccd509623529c47713500",
            "merge": "60a8d560d 94b1d739f",
            "author": "David Baker <dave@matrix.org>",
            "date": "Wed Jan 23 09:32:18 2019"
        },
        {
            "title": "Add labs flag for tabbed settings",
            "flags": {
                "tabbed_settings": "False"
            },
            "message": "Add labs flag for tabbed settings\n\n",
            "hash": "5ef901513313d985ada89b8ec622c4a8c2732145",
            "author": "Travis Ralston <travpc@gmail.com>",
            "date": "Tue Jan 22 09:28:33 2019"
        },
        {
            "title": "Merge remote-tracking branch 'origin/experimental' into dbkr/sas",
            "flags": {
                "gridview": "removed",
                "sas": "False"
            },
            "message": "Merge remote-tracking branch 'origin/experimental' into dbkr/sas\n",
            "hash": "970880737eeff519c4b0398744b0509d59f7e8f2",
            "merge": "4f2f2f4f4 4b68ca141",
            "author": "David Baker <dave@matrix.org>",
            "date": "Fri Jan 18 10:33:11 2019"
        },
        {
            "title": "Merge branch 'experimental' into travis/develop2",
            "flags": {
                "state_counters": "False"
            },
            "message": "Merge branch 'experimental' into travis/develop2",
            "hash": "7f6ce69c3e818fc3af279eb0fa8ba329730f9666",
            "merge": "d04c33960 23e7811f3",
            "author": "Travis Ralston <travpc@gmail.com>",
            "date": "Thu Jan 17 15:03:45 2019"
        },
        {
            "title": "Revert \"Merge pull request #2348 from matrix-org/bwindels/roomgridview-experimental\"",
            "flags": {
                "gridview": "removed"
            },
            "message": "Revert \"Merge pull request #2348 from matrix-org/bwindels/roomgridview-experimental\"\n\nThis reverts commit ece5cb1fcc78589442eb549f234b60254bb8d038, reversing\nchanges made to 64a3d2521c4e29c785e56a38a8f102993da9ad4f.\n",
            "hash": "8c30d05eb8eef1361d226dbe2af3f03fa9e6060c",
            "author": "Bruno Windels <brunow@matrix.org>",
            "date": "Thu Jan 17 01:29:37 2019"
        },
        {
            "title": "First working version of SAS",
            "flags": {
                "sas": "False"
            },
            "message": "First working version of SAS\n",
            "hash": "1d2538a7bcb8240dde72b0ed32fe1ebfbb6ba7f0",
            "author": "David Baker <dave@matrix.org>",
            "date": "Tue Jan 15 10:08:13 2019"
        },
        {
            "title": "Merge pull request #2441 from matrix-org/develop",
            "flags": {
                "state_counters": "False",
                "gridview": "False"
            },
            "message": "Merge pull request #2441 from matrix-org/develop\n\nMerge develop -> experimental",
            "hash": "177d9f245aba2cd10adaf47693108b7aad4cf1c7",
            "merge": "2a20d9d67 a3240358f",
            "author": "Travis Ralston <travpc@gmail.com>",
            "date": "Mon Jan 14 13:45:20 2019"
        },
        {
            "title": "Merge branch 'experimental' of github.com:matrix-org/matrix-react-sdk into erikj/state_counters",
            "flags": {
                "state_counters": "False",
                "gridview": "False"
            },
            "message": "Merge branch 'experimental' of github.com:matrix-org/matrix-react-sdk into erikj/state_counters\n",
            "hash": "cbf9ff6aeedf52de15cfa93222addfa932caa138",
            "merge": "fa6b33d62 1c42f4f5a",
            "author": "Erik Johnston <erik@matrix.org>",
            "date": "Thu Jan 10 08:56:47 2019"
        },
        {
            "title": "add feature flag for grid view",
            "flags": {
                "gridview": "False"
            },
            "message": "add feature flag for grid view\n",
            "hash": "c2f6fc381cf63a63bc4c9fab093ecccacbb5bbd9",
            "author": "Bruno Windels <brunow@matrix.org>",
            "date": "Mon Jan 7 07:13:35 2019"
        },
        {
            "title": "Add feature flag for counters",
            "flags": {
                "state_counters": "False"
            },
            "message": "Add feature flag for counters\n",
            "hash": "4c204e88be2364468c0b1fa27ca0a60d1065c129",
            "author": "Erik Johnston <erik@matrix.org>",
            "date": "Mon Dec 24 07:09:10 2018"
        },
        {
            "title": "Merge remote-tracking branch 'origin/experimental' into travis/develop-for-real",
            "flags": {
                "custom_status": "False"
            },
            "message": "Merge remote-tracking branch 'origin/experimental' into travis/develop-for-real",
            "hash": "8017f0a4a179f580e6bb8a5ca7e1b1398b3373f0",
            "merge": "6447a60e1 2fe2e76fa",
            "author": "Travis Ralston <travpc@gmail.com>",
            "date": "Thu Jan 3 15:00:23 2019"
        },
        {
            "title": "Add a feature flag for custom status messages",
            "flags": {
                "custom_status": "False"
            },
            "message": "Add a feature flag for custom status messages\n\n",
            "hash": "04c9fff6ce9cb4b5ac69adddbac8f709cf6afdb3",
            "author": "Travis Ralston <travpc@gmail.com>",
            "date": "Tue Dec 18 14:11:08 2018"
        },
        {
            "title": "Merge remote-tracking branch 'origin/develop' into dbkr/e2e_backups",
            "flags": {
                "keybackup": "False"
            },
            "message": "Merge remote-tracking branch 'origin/develop' into dbkr/e2e_backups\n",
            "hash": "8ccaf53d2022a2e6561684b7c3769ab140d7f555",
            "merge": "6d6e6b5a4 93cd3b420",
            "author": "David Baker <dave@matrix.org>",
            "date": "Tue Nov 20 10:08:39 2018"
        },
        {
            "title": "Merge remote-tracking branch 'origin/develop' into dbkr/e2e_backups",
            "flags": {
                "keybackup": "False"
            },
            "message": "Merge remote-tracking branch 'origin/develop' into dbkr/e2e_backups\n",
            "hash": "b59b8b7fca60963a48a18b9956a7462f85f9e16f",
            "merge": "67e8a6f9d 85bb8392c",
            "author": "David Baker <dave@matrix.org>",
            "date": "Thu Oct 25 09:42:46 2018"
        },
        {
            "title": "Merge branch 'develop' into travis/pinned-room-list",
            "flags": {
                "rich_quoting": "removed",
                "tag_panel": "removed",
                "lazyloading": "False"
            },
            "message": "Merge branch 'develop' into travis/pinned-room-list",
            "hash": "103ed71eb535cd5261ff220488db9bfca7d24652",
            "merge": "52cdf6095 5085fd17a",
            "author": "Travis Ralston <travpc@gmail.com>",
            "date": "Fri Oct 12 13:09:52 2018"
        },
        {
            "title": "WIP e2e key backups",
            "flags": {
                "keybackup": "False"
            },
            "message": "WIP e2e key backups\n\nContinues from Matthew's work: adds a feature flag & panel in\nuser settings to create a backup.\n\nCan't restore a backup yet, nor even continue backing up to the same\nbackup after a refresh.\n",
            "hash": "292b1f09af60b294a1a73cb512339cbc3179ad6d",
            "author": "David Baker <dave@matrix.org>",
            "date": "Thu Sep 13 09:11:46 2018"
        },
        {
            "title": "hide lazy loading behind feature flag",
            "flags": {
                "lazyloading": "False"
            },
            "message": "hide lazy loading behind feature flag\n",
            "hash": "af07d734325d6664af6a7e393a18b035591c1fc6",
            "author": "Bruno Windels <brunow@matrix.org>",
            "date": "Mon Jul 16 06:07:53 2018"
        },
        {
            "title": "Take jitsi conf calling out of labs",
            "flags": {
                "jitsi": "removed"
            },
            "message": "Take jitsi conf calling out of labs\n",
            "hash": "cfa7d0f11df42260e964f1f2bce0742ee6e77e25",
            "author": "David Baker <dave@matrix.org>",
            "date": "Tue Jul 24 11:06:19 2018"
        },
        {
            "title": "Merge pull request #2001 from matrix-org/t3chguy/default_url_previews_off_e2ee",
            "flags": {
                "jitsi": "False"
            },
            "message": "Merge pull request #2001 from matrix-org/t3chguy/default_url_previews_off_e2ee\n\ndefault to not showing url previews in e2ee rooms.",
            "hash": "553111b6e251b21ce3b38f7b4c00c29c0408bd3b",
            "merge": "e29e106ef b7396c8ef",
            "author": "David Baker <dbkr@users.noreply.github.com>",
            "date": "Mon Jun 25 03:50:14 2018"
        },
        {
            "title": "Merge remote-tracking branch 'origin/develop' into dbkr/jitsi_makewidget",
            "flags": {
                "rich_quoting": "removed",
                "jitsi": "False"
            },
            "message": "Merge remote-tracking branch 'origin/develop' into dbkr/jitsi_makewidget\n",
            "hash": "6252f5b818ef0c48d35d7b6b3b9577d2b019259b",
            "merge": "9d68c9e1a 88ecaced8",
            "author": "David Baker <dave@matrix.org>",
            "date": "Fri Jun 22 03:31:54 2018"
        },
        {
            "title": "Take replies out of labs!",
            "flags": {
                "rich_quoting": "removed"
            },
            "message": "Take replies out of labs!\n",
            "hash": "e67dae704ab7dc2ba1809a7ed5c2d35350ff96e5",
            "author": "David Baker <dave@matrix.org>",
            "date": "Wed Jun 20 01:57:11 2018"
        },
        {
            "title": "Very basic Jitsi integration",
            "flags": {
                "jitsi": "False"
            },
            "message": "Very basic Jitsi integration\n\nReplaces the conference calling by adding a Jitsi widget. No support\nfor continuing the call on room change currently, so hidden behind\na feature flag. Existing behaviour is preserved by default.\n",
            "hash": "8cf17a66e5b409b68fd122491a5ad833e0e0d9aa",
            "author": "David Baker <dave@matrix.org>",
            "date": "Fri Jun 15 07:12:32 2018"
        },
        {
            "title": "Remove tag panel feature flag",
            "flags": {
                "tag_panel": "removed"
            },
            "message": "Remove tag panel feature flag\n\nWe forgot to remove this when taking tagpanel out of labs, so now\nthis flag just does nothing.\n",
            "hash": "9567ffcb9f30843971d1deda2c06888c5075e8c6",
            "author": "David Baker <dave@matrix.org>",
            "date": "Fri Jun 15 03:56:44 2018"
        },
        {
            "title": "Take feature_sticker_messagse out of labs",
            "flags": {
                "sticker_messages": "removed"
            },
            "message": "Take feature_sticker_messagse out of labs\n",
            "hash": "0a326dc6a02c664f58fbe65d21ab568a969a1fd5",
            "author": "Luke Barnard <luke@matrix.org>",
            "date": "Wed May 9 06:59:35 2018"
        },
        {
            "title": "Take feature_sticker_messagse out of labs",
            "flags": {
                "sticker_messages": "removed"
            },
            "message": "Take feature_sticker_messagse out of labs\n",
            "hash": "e10e65945771cf38591d9af6f29f23555da18e19",
            "author": "Luke Barnard <luke@matrix.org>",
            "date": "Wed May 9 06:59:35 2018"
        },
        {
            "title": "Also remove the setting",
            "flags": {
                "presence_management": "removed"
            },
            "message": "Also remove the setting\n\nSigned-off-by: Travis Ralston <travpc@gmail.com>\n",
            "hash": "3f069af0670c4df445d8e833c9a96d3ed09315d3",
            "author": "Travis Ralston <travpc@gmail.com>",
            "date": "Mon Dec 25 13:33:46 2017"
        },
        {
            "title": "Merge branch 'develop' into travis/remove-presence",
            "flags": {
                "rich_quoting": "False",
                "presence_management": "removed",
                "sticker_messages": "False"
            },
            "message": "Merge branch 'develop' into travis/remove-presence",
            "hash": "fe2cbc584dfbe16de2094cdbbbd1e8df9582920c",
            "merge": "99d3045b4 979452628",
            "author": "Travis Ralston <travpc@gmail.com>",
            "date": "Wed Apr 11 14:17:28 2018"
        },
        {
            "title": "Put stickers behind labs flag.",
            "flags": {
                "sticker_messages": "False"
            },
            "message": "Put stickers behind labs flag.\n",
            "hash": "b109c9304c7ecdb1fa68c46a8aa4fc786bcb8ba8",
            "author": "Richard Lewis <richard@smetco.co.uk>",
            "date": "Mon Apr 2 14:24:46 2018"
        },
        {
            "title": "Take TagPanel out of labs",
            "flags": {
                "tag_panel": "removed"
            },
            "message": "Take TagPanel out of labs\n",
            "hash": "1b28ab136b0b12fd4851b3440bd6664b3e75f849",
            "author": "Luke Barnard <luke@matrix.org>",
            "date": "Mon Mar 19 07:12:06 2018"
        },
        {
            "title": "Also remove the setting",
            "flags": {
                "presence_management": "removed"
            },
            "message": "Also remove the setting\n\nSigned-off-by: Travis Ralston <travpc@gmail.com>",
            "hash": "99d3045b4f3e2128968104452f872212d98a8b8f",
            "author": "Travis Ralston <travpc@gmail.com>",
            "date": "Mon Dec 25 13:33:46 2017"
        },
        {
            "title": "hide rich quoting behind flags, retaining original quoting for now",
            "flags": {
                "rich_quoting": "False"
            },
            "message": "hide rich quoting behind flags, retaining original quoting for now\n\nSigned-off-by: Michael Telatynski <7t3chguy@gmail.com>\n",
            "hash": "4666ac7c830c54ff65a51d6bfed54d1e624474a4",
            "author": "Michael Telatynski <7t3chguy@gmail.com>",
            "date": "Tue Dec 12 15:29:43 2017"
        },
        {
            "title": "Add feature flag for Tag Panel",
            "flags": {
                "tag_panel": "False"
            },
            "message": "Add feature flag for Tag Panel\n",
            "hash": "f708250d446d5189da24e118cf4245d522d2e885",
            "author": "Luke Barnard <luke@matrix.org>",
            "date": "Wed Nov 29 10:00:42 2017"
        },
        {
            "title": "Presence feature",
            "flags": {
                "presence_management": "False"
            },
            "message": "Presence feature\n\nSigned-off-by: Travis Ralston <travpc@gmail.com>",
            "hash": "443bff58323af23f37dbfd1efec071dfaf880a0e",
            "author": "Travis Ralston <travpc@gmail.com>",
            "date": "Tue Nov 14 18:14:56 2017"
        },
        {
            "title": "Groups were released",
            "flags": {
                "groups": "removed"
            },
            "message": "Groups were released\n\nSigned-off-by: Travis Ralston <travpc@gmail.com>",
            "hash": "ffecb82bca7589d393cb09c067458136dd6e0878",
            "author": "Travis Ralston <travpc@gmail.com>",
            "date": "Mon Nov 13 11:34:30 2017"
        },
        {
            "title": "Add SettingsLevel enum; Move settings to own file.",
            "flags": {
                "groups": "False",
                "pinning": "False"
            },
            "message": "Add SettingsLevel enum; Move settings to own file.\n\nSigned-off-by: Travis Ralston <travpc@gmail.com>",
            "hash": "8282534f879e9658bec5ffa2777d7e8f8d162ac3",
            "author": "Travis Ralston <travpc@gmail.com>",
            "date": "Fri Nov 3 22:19:45 2017"
        }
    ]
}