{
    "id": 37144575,
    "node_id": "MDEwOlJlcG9zaXRvcnkzNzE0NDU3NQ==",
    "name": "matrix-react-sdk",
    "full_name": "matrix-org/matrix-react-sdk",
    "private": false,
    "description": "Matrix SDK for React Javascript",
    "fork": false,
    "created_at": "2015-06-09T16:37:07Z",
    "updated_at": "2019-12-20T11:40:16Z",
    "pushed_at": "2019-12-20T16:56:53Z",
    "homepage": null,
    "size": 61903,
    "stargazers_count": 348,
    "watchers_count": 348,
    "language": "JavaScript",
    "has_issues": false,
    "has_projects": true,
    "has_downloads": true,
    "has_wiki": false,
    "has_pages": false,
    "forks_count": 241,
    "archived": false,
    "disabled": false,
    "open_issues_count": 39,
    "forks": 241,
    "open_issues": 39,
    "watchers": 348,
    "default_branch": "develop",
    "temp_clone_token": "",
    "network_count": 241,
    "subscribers_count": 38,
    "languages": {
        "JavaScript": 4126703,
        "CSS": 397584,
        "Perl": 10945,
        "Shell": 10641,
        "Python": 5019,
        "Dockerfile": 946,
        "HTML": 705
    }
}