{
    "id": 165258262,
    "node_id": "MDEwOlJlcG9zaXRvcnkxNjUyNTgyNjI=",
    "name": "tabula",
    "full_name": "UniversityofWarwick/tabula",
    "private": false,
    "description": "Tabula is a tool to support the administration of teaching and learning in academic departments",
    "fork": false,
    "created_at": "2019-01-11T14:39:08Z",
    "updated_at": "2019-12-20T09:30:22Z",
    "pushed_at": "2019-12-20T09:48:38Z",
    "homepage": "https://warwick.ac.uk/tabula",
    "size": 268475,
    "stargazers_count": 11,
    "watchers_count": 11,
    "language": "Scala",
    "has_issues": false,
    "has_projects": false,
    "has_downloads": true,
    "has_wiki": false,
    "has_pages": false,
    "forks_count": 3,
    "archived": false,
    "disabled": false,
    "open_issues_count": 0,
    "forks": 3,
    "open_issues": 0,
    "watchers": 11,
    "default_branch": "develop",
    "temp_clone_token": "",
    "network_count": 3,
    "subscribers_count": 6,
    "languages": {
        "Scala": 10831636,
        "FreeMarker": 2499343,
        "JavaScript": 1457086,
        "CSS": 292307,
        "SQLPL": 63396,
        "TSQL": 39630,
        "HTML": 33953,
        "Java": 14474,
        "Shell": 11011,
        "Ruby": 4889,
        "Bluespec": 2177,
        "Gherkin": 2103,
        "Dockerfile": 1169,
        "PLSQL": 437
    }
}