{
    "id": 47834743,
    "node_id": "MDEwOlJlcG9zaXRvcnk0NzgzNDc0Mw==",
    "name": "govuk-puppet",
    "full_name": "alphagov/govuk-puppet",
    "private": false,
    "description": "Puppet manifests used to provision the main GOV.UK web stack",
    "fork": false,
    "created_at": "2015-12-11T15:36:24Z",
    "updated_at": "2019-12-20T16:58:08Z",
    "pushed_at": "2019-12-20T17:04:18Z",
    "homepage": "https://www.gov.uk/",
    "size": 43122,
    "stargazers_count": 104,
    "watchers_count": 104,
    "language": "Puppet",
    "has_issues": true,
    "has_projects": true,
    "has_downloads": true,
    "has_wiki": false,
    "has_pages": false,
    "forks_count": 38,
    "archived": false,
    "disabled": false,
    "open_issues_count": 9,
    "forks": 38,
    "open_issues": 9,
    "watchers": 104,
    "default_branch": "master",
    "temp_clone_token": "",
    "network_count": 38,
    "subscribers_count": 68,
    "languages": {
        "Puppet": 1143489,
        "HTML": 476906,
        "Ruby": 284887,
        "Shell": 239482,
        "Python": 194516,
        "Perl": 22095,
        "JavaScript": 1851,
        "TSQL": 1815,
        "Dockerfile": 1277,
        "Pascal": 249
    }
}