{
    "date": "2019-12-20T17:57:42.886883",
    "commits": [
        {
            "title": "Remove experiment for \"sorting completion list by matching\"",
            "flags": {
                "SortCompletionListByMatch": "removed"
            },
            "message": "Remove experiment for \"sorting completion list by matching\"\n",
            "hash": "e286bf05b1d2ab5f8f7d55e1e8715393ac9acd4b",
            "author": "Gen Lu",
            "date": "Tue Oct 29 15:00:20 2019"
        },
        {
            "title": "Merge pull request #38825 from dibarbet/cleanup_syntactic_lsp",
            "flags": {
                "RoslynInlineRenameFile": "removed",
                "SortCompletionListByMatch": "False",
                "SyntacticExp_Remote": "removed",
                "SyntacticExp_Local": "removed",
                "SyntacticExp_LiveShareTagger_Remote": "False",
                "SyntacticExp_LiveShareTagger_TextMate": "False"
            },
            "message": "Merge pull request #38825 from dibarbet/cleanup_syntactic_lsp\n\nFix server capabilities initialization and remove previous experiment\u2026",
            "hash": "84cc8148f7586daa0e9fbf2a9eb49652002fe795",
            "merge": "157b30ead1 f3f9b12270",
            "author": "David",
            "date": "Tue Oct 1 15:31:39 2019"
        },
        {
            "title": "Remove experimentation for file rename with inline rename",
            "flags": {
                "RoslynInlineRenameFile": "removed"
            },
            "message": "Remove experimentation for file rename with inline rename\n",
            "hash": "3dd77ed32e54debc2b671f455da7052a83c389bd",
            "author": "Andrew Hall (METAL)",
            "date": "Fri Sep 27 12:03:15 2019"
        },
        {
            "title": "Merge remote-tracking branch 'dotnet/master' into merges/release/dev16.4-preview1-to-master",
            "flags": {
                "SortCompletionListByMatch": "False",
                "SyntacticExp_LiveShareTagger_Remote": "False",
                "SyntacticExp_LiveShareTagger_TextMate": "False"
            },
            "message": "Merge remote-tracking branch 'dotnet/master' into merges/release/dev16.4-preview1-to-master\n",
            "hash": "35a804c74d6cb9252e1a2c5ddeff451d3aa69046",
            "merge": "b340a6392b f921700e40",
            "author": "Gen Lu",
            "date": "Thu Sep 26 12:26:47 2019"
        },
        {
            "title": "Add dots to experiment names so they can be enabled as feature flags.",
            "flags": {
                "SyntacticExp_LiveShareTagger_Remote": "False",
                "SyntacticExp_LiveShareTagger_TextMate": "False"
            },
            "message": "Add dots to experiment names so they can be enabled as feature flags.\n",
            "hash": "f3f9b12270b9244e5d560b61708dcf10594537b9",
            "author": "David Barbet",
            "date": "Wed Sep 25 16:52:40 2019"
        },
        {
            "title": "Fix server capabilities initialization and remove previous experiment iteration.",
            "flags": {
                "SyntacticExp_Remote": "removed",
                "SyntacticExp_Local": "removed"
            },
            "message": "Fix server capabilities initialization and remove previous experiment iteration.\n",
            "hash": "40903670933f7048de8c6a832a047935896e008e",
            "author": "David Barbet",
            "date": "Tue Sep 24 11:29:23 2019"
        },
        {
            "title": "Merge branch 'master-vs-deps' into merges/master-to-master-vs-deps",
            "flags": {
                "SortCompletionListByMatch": "False",
                "SyntacticExp_LiveShareTagger_Remote": "False",
                "SyntacticExp_LiveShareTagger_TextMate": "False"
            },
            "message": "Merge branch 'master-vs-deps' into merges/master-to-master-vs-deps",
            "hash": "05777a52938448ac2547a66ae208b713b2c9196b",
            "merge": "82f21c580e 22a40f162e",
            "author": "David",
            "date": "Mon Sep 23 13:03:19 2019"
        },
        {
            "title": "Merge pull request #38499 from genlu/CompletionSorting",
            "flags": {
                "NativeEditorConfigSupport": "False",
                "SortCompletionListByMatch": "False"
            },
            "message": "Merge pull request #38499 from genlu/CompletionSorting\n\nSort completion list by pattern matching results",
            "hash": "ad13add978749b58e82617a6b55eb5bc71b2c2f3",
            "merge": "e7cde408b6 51cbe11bfb",
            "author": "Gen Lu",
            "date": "Tue Sep 10 10:59:45 2019"
        },
        {
            "title": "ported typescript syntax over LSP classification to Roslyn for experiment",
            "flags": {
                "SyntacticExp_LiveShareTagger_Remote": "False",
                "SyntacticExp_LiveShareTagger_TextMate": "False"
            },
            "message": "ported typescript syntax over LSP classification to Roslyn for experiment\n\ntweaked a bit more so that we dont run anything on UI thread for syntactic classification\n\nadd latency tracker to the new tagger\n",
            "hash": "a9a85de3dc17a6b2947290212b23019283be11a5",
            "author": "HeeJae Chang",
            "date": "Wed Aug 28 02:44:42 2019"
        },
        {
            "title": "Control completion list sorting using experiment service",
            "flags": {
                "SortCompletionListByMatch": "False"
            },
            "message": "Control completion list sorting using experiment service\n",
            "hash": "aecad29acdb39fa132dea0cd91d8c33037b8e8a7",
            "author": "Gen Lu",
            "date": "Wed Sep 4 16:34:24 2019"
        },
        {
            "title": "Merge remote-tracking branch 'origin/master' into merges/release/dev16.3-to-master",
            "flags": {
                "RoslynToggleBlockComment": "removed",
                "RoslynToggleLineComment": "removed",
                "NativeEditorConfigSupport": "False"
            },
            "message": "Merge remote-tracking branch 'origin/master' into merges/release/dev16.3-to-master\n",
            "hash": "bda449c80a0580af5cfd2ea35dd68bdfb93dc995",
            "merge": "67c13d2bb5 1f867ac3ee",
            "author": "Joey Robichaud",
            "date": "Mon Aug 26 10:25:33 2019"
        },
        {
            "title": "Merge remote-tracking branch 'upstream/release/dev16.3-preview2' into merges/release/dev16.3-preview2-to-release/dev16.3",
            "flags": {
                "RoslynToggleBlockComment": "False",
                "RoslynToggleLineComment": "False",
                "NativeEditorConfigSupport": "False",
                "SyntacticExp_Remote": "False",
                "SyntacticExp_Local": "False"
            },
            "message": "Merge remote-tracking branch 'upstream/release/dev16.3-preview2' into merges/release/dev16.3-preview2-to-release/dev16.3\n",
            "hash": "7050aad1098073ff9b8c770bd4d238e2c0562c53",
            "merge": "bee063236a 57fa12d3e2",
            "author": "Andy Gocke",
            "date": "Thu Aug 22 10:52:05 2019"
        },
        {
            "title": "Merge branch 'release/dev16.2' into release/dev16.3-preview2",
            "flags": {
                "RoslynToggleBlockComment": "False",
                "RoslynToggleLineComment": "False",
                "RoslynInlineRenameFile": "False"
            },
            "message": "Merge branch 'release/dev16.2' into release/dev16.3-preview2\n",
            "hash": "53538d9a62c53d3f13add6997d33db7d4a85d479",
            "merge": "a4db6759fa 525c1be648",
            "author": "Jason Malinowski",
            "date": "Tue Aug 20 13:26:14 2019"
        },
        {
            "title": "Merge pull request #37807 from dibarbet/lsp_syntax_classifications",
            "flags": {
                "NativeEditorConfigSupport": "removed",
                "SyntacticExp_Remote": "False",
                "SyntacticExp_Local": "False"
            },
            "message": "Merge pull request #37807 from dibarbet/lsp_syntax_classifications\n\nLiveshare Lsp syntax classifications",
            "hash": "dd5f70c390d2480683d88fe9e04761ca5e9aa2d0",
            "merge": "c96ffb1e58 a4bf16b6f3",
            "author": "David",
            "date": "Tue Aug 13 18:04:07 2019"
        },
        {
            "title": "Remove flighting and have a checkbox opt out of new .editorconfig support",
            "flags": {
                "NativeEditorConfigSupport": "removed"
            },
            "message": "Remove flighting and have a checkbox opt out of new .editorconfig support\n\nAt this point, the flighting controls we have aren't really useful\nanymore: we want this on for everybody unless the opt out, and that\nopt-out would be specific to certain users that are running into issues\nwith the new system to keep them unblocked. I'm keeping this a per-\nmachine setting (that doesn't roam) because it's really repo or VS\nversion specific.\n",
            "hash": "d211833a1e9447a8ace1650fb1923402b9b18f82",
            "author": "Jason Malinowski",
            "date": "Tue Aug 6 17:29:40 2019"
        },
        {
            "title": "Check experimentation service for syntactic LSP.",
            "flags": {
                "SyntacticExp_Remote": "False",
                "SyntacticExp_Local": "False"
            },
            "message": "Check experimentation service for syntactic LSP.\n",
            "hash": "02320fc245e6782ce93b0ba938f467b62bf4204f",
            "author": "David Barbet",
            "date": "Wed Aug 7 15:03:44 2019"
        },
        {
            "title": "Merge branch 'master-vs-deps' into merges/master-to-master-vs-deps",
            "flags": {
                "RoslynToggleBlockComment": "False",
                "RoslynToggleLineComment": "False",
                "RoslynInlineRenameFile": "False"
            },
            "message": "Merge branch 'master-vs-deps' into merges/master-to-master-vs-deps",
            "hash": "9593a4d985bcab8b76f93827918da0aef677c109",
            "merge": "e65f0cb2a9 02fdd7afaf",
            "author": "Joey Robichaud",
            "date": "Thu Jun 27 10:11:32 2019"
        },
        {
            "title": "Delete unused experiment names added in merge.",
            "flags": {
                "RoslynToggleBlockComment": "removed",
                "RoslynToggleLineComment": "removed"
            },
            "message": "Delete unused experiment names added in merge.\n",
            "hash": "44392270f649e35d7ef2b7291619317229569379",
            "author": "David Barbet",
            "date": "Wed Jun 26 10:31:58 2019"
        },
        {
            "title": "Merge pull request #36679 from dotnet/merges/master-vs-deps-to-release/dev16.3-preview1-vs-deps",
            "flags": {
                "CompletionAPI": "removed",
                "RoslynInlineRenameFile": "False"
            },
            "message": "Merge pull request #36679 from dotnet/merges/master-vs-deps-to-release/dev16.3-preview1-vs-deps\n\nMerge master-vs-deps to release/dev16.3-preview1-vs-deps",
            "hash": "701d88bbcde09fd78f665af301a806cf396c39bd",
            "merge": "90b2bfe79c 0a7bde2069",
            "author": "dotnet-automerge-bot",
            "date": "Fri Jun 21 19:00:09 2019"
        },
        {
            "title": "Merge pull request #36644 from dotnet/merges/master-to-release/dev16.3-preview1",
            "flags": {
                "CompletionAPI": "removed",
                "RoslynInlineRenameFile": "False"
            },
            "message": "Merge pull request #36644 from dotnet/merges/master-to-release/dev16.3-preview1\n\nMerge master to release/dev16.3-preview1",
            "hash": "0f87d95022d33766a986b74ae511efff6e443baf",
            "merge": "3c9003d029 898bed74a7",
            "author": "dotnet-automerge-bot",
            "date": "Fri Jun 21 06:31:03 2019"
        },
        {
            "title": "Merge pull request #36646 from dotnet/merges/master-to-master-vs-deps",
            "flags": {
                "CompletionAPI": "removed",
                "RoslynToggleBlockComment": "False",
                "RoslynToggleLineComment": "False"
            },
            "message": "Merge pull request #36646 from dotnet/merges/master-to-master-vs-deps\n\nMerge master to master-vs-deps",
            "hash": "0a7bde2069440ce95d23cbabf847e2898717c059",
            "merge": "491f8c5efd 898bed74a7",
            "author": "dotnet-automerge-bot",
            "date": "Fri Jun 21 06:30:48 2019"
        },
        {
            "title": "Merge pull request #36647 from dotnet/merges/master-to-features/lspSupport",
            "flags": {
                "CompletionAPI": "removed",
                "RoslynInlineRenameFile": "False"
            },
            "message": "Merge pull request #36647 from dotnet/merges/master-to-features/lspSupport\n\nMerge master to features/lspSupport",
            "hash": "fcaa4b578cb4af6fe0ed3bb42eb77bf8fd1e8d3f",
            "merge": "d81fe3964d 898bed74a7",
            "author": "dotnet-automerge-bot",
            "date": "Fri Jun 21 06:30:38 2019"
        },
        {
            "title": "Only use IFeatureServiceFactory for controlling async completion",
            "flags": {
                "CompletionAPI": "removed"
            },
            "message": "Only use IFeatureServiceFactory for controlling async completion\n\nCloses #33807\n",
            "hash": "d6d41000dbfcfe727becd2502ddeef488d17de67",
            "author": "Sam Harwell",
            "date": "Thu Jun 20 08:31:03 2019"
        },
        {
            "title": "Merge remote-tracking branch 'origin/release/dev16.3-preview1-vs-deps' into merges/release/dev16.3-preview1-to-release/dev16.3-preview1-vs-deps",
            "flags": {
                "RoslynToggleBlockComment": "False",
                "RoslynToggleLineComment": "False",
                "RoslynInlineRenameFile": "False"
            },
            "message": "Merge remote-tracking branch 'origin/release/dev16.3-preview1-vs-deps' into merges/release/dev16.3-preview1-to-release/dev16.3-preview1-vs-deps\n",
            "hash": "191f673f2e4e77faba43dcf84be2590409bde184",
            "merge": "d516b66135 533a3c8d11",
            "author": "Joey Robichaud",
            "date": "Thu Jun 13 09:33:41 2019"
        },
        {
            "title": "Allow Inline Rename to also apply a file rename (#36041)",
            "flags": {
                "RoslynInlineRenameFile": "False"
            },
            "message": "Allow Inline Rename to also apply a file rename (#36041)\n\nWhen doing inline rename on a named type (interface, enum, or class) show a checkbox to also rename the file.\r\n\r\nThe checkbox will always show if the kind supports file rename\r\n\r\nThe checkbox will be disabled if any of the following is true:\r\n- The type is a partial type with multiple definition locations\r\n- The type does not currently match the file name\r\n\r\nExtend ISyntaxFactsService to add IsTypeDeclaration\r\nImplement file rename as part of conflict resolution for inline rename. This will allow other features to do file rename that also use the conflict resolver, all they need to do is set the correct option.",
            "hash": "d516b661352f3c5b4109e925eb9e780e5e9dca7a",
            "author": "Andrew Hall",
            "date": "Wed Jun 12 16:21:11 2019"
        },
        {
            "title": "fixed merge conflicts",
            "flags": {
                "RoslynToggleBlockComment": "False",
                "RoslynToggleLineComment": "False"
            },
            "message": "fixed merge conflicts\n",
            "hash": "9ba71aa19075a990f51b9a87c34580ad17f28d3d",
            "merge": "25008cebb8 8911c9fe42",
            "author": "HeeJae Chang",
            "date": "Thu May 23 11:58:17 2019"
        },
        {
            "title": "Remove experimentation from toggle comment features.",
            "flags": {
                "RoslynToggleBlockComment": "removed",
                "RoslynToggleLineComment": "removed"
            },
            "message": "Remove experimentation from toggle comment features.\n",
            "hash": "8254fb7784db18711e1927df5d6bcd20e88e0862",
            "author": "David Barbet",
            "date": "Thu Apr 25 11:31:14 2019"
        },
        {
            "title": "Merge branch 'master-vs-deps' into merges/master-to-master-vs-deps",
            "flags": {
                "TargetTypedCompletionFilter": "False",
                "RoslynToggleBlockComment": "False",
                "RoslynToggleLineComment": "False"
            },
            "message": "Merge branch 'master-vs-deps' into merges/master-to-master-vs-deps",
            "hash": "ee10cf7a777caf3cb12fc839aea20d8cedc85e1d",
            "merge": "a1fa2f6c1b a1d4ae720b",
            "author": "David Poeschl",
            "date": "Mon Apr 22 12:41:58 2019"
        },
        {
            "title": "Merge branch 'master' into CompletionTargetTypePrototype",
            "flags": {
                "TargetTypedCompletionFilter": "False",
                "NativeEditorConfigSupport": "False"
            },
            "message": "Merge branch 'master' into CompletionTargetTypePrototype",
            "hash": "18de02593e538784d0838bcd085953fa89fe7445",
            "merge": "809899572b be75c9de9d",
            "author": "David Poeschl",
            "date": "Sun Apr 21 16:06:51 2019"
        },
        {
            "title": "Merge remote-tracking branch 'upstream/master' into merges/master-to-master-vs-deps",
            "flags": {
                "RoslynToggleBlockComment": "False",
                "RoslynToggleLineComment": "False",
                "NativeEditorConfigSupport": "False"
            },
            "message": "Merge remote-tracking branch 'upstream/master' into merges/master-to-master-vs-deps\n",
            "hash": "1909997d4edf4d4c71d52dc067a79e07f1e46959",
            "merge": "0401fea5ac be75c9de9d",
            "author": "Andy Gocke",
            "date": "Sat Apr 20 15:01:18 2019"
        },
        {
            "title": "Make target-typed completion an experiment",
            "flags": {
                "TargetTypedCompletionFilter": "False"
            },
            "message": "Make target-typed completion an experiment\n",
            "hash": "98983b7f659956dcf3f4ecb1bc567c51d032d056",
            "author": "David Poeschl",
            "date": "Tue Apr 2 09:37:26 2019"
        },
        {
            "title": "Merge branch 'dotnet/dev16.1-preview2' into features/editorconfig-in-compiler",
            "flags": {
                "TypeImportCompletion": "False",
                "NativeEditorConfigSupport": "False"
            },
            "message": "Merge branch 'dotnet/dev16.1-preview2' into features/editorconfig-in-compiler\n",
            "hash": "0377111f89b6374d8003629cf989d2c238cc9003",
            "merge": "50b93cc4c6 0160f43176",
            "author": "Jason Malinowski",
            "date": "Thu Apr 18 11:40:58 2019"
        },
        {
            "title": "Merge branch 'dev16.1-preview2-vs-deps' into merges/dev16.1-preview2-to-dev16.1-preview2-vs-deps",
            "flags": {
                "TypeImportCompletion": "False",
                "RoslynToggleBlockComment": "False",
                "RoslynToggleLineComment": "False"
            },
            "message": "Merge branch 'dev16.1-preview2-vs-deps' into merges/dev16.1-preview2-to-dev16.1-preview2-vs-deps",
            "hash": "444ca3135e184172d2d54d99edca37f022cd94a7",
            "merge": "0160f43176 333fc11621",
            "author": "Gen Lu",
            "date": "Wed Apr 17 09:27:03 2019"
        },
        {
            "title": "Enable the Workspace to use analyzer options for Option APIs",
            "flags": {
                "NativeEditorConfigSupport": "False"
            },
            "message": "Enable the Workspace to use analyzer options for Option APIs\n\nThis allows us to optionally use the Workspace itself as the source\nof options intead of the Visual Studio service for .editorconfig. This\nis still left under feature flag, so if the option is off the existing\nlibrary will be used. The CodeStyle layer and dotnet-format projects are\ncontinuing to use the VS layer (for now).\n",
            "hash": "ba55811f43bef26ef5b452d84e5b63dc919981cb",
            "author": "Jason Malinowski",
            "date": "Thu Apr 11 18:36:37 2019"
        },
        {
            "title": "Add command handler and tests for toggle line comment.",
            "flags": {
                "RoslynToggleLineComment": "False"
            },
            "message": "Add command handler and tests for toggle line comment.\n",
            "hash": "82c051a9345fcaada18b40018aa09d93e40863ef",
            "author": "David Barbet",
            "date": "Mon Apr 1 12:30:10 2019"
        },
        {
            "title": "Implement import completion for types",
            "flags": {
                "TypeImportCompletion": "False"
            },
            "message": "Implement import completion for types\n",
            "hash": "be6b788e097d1893a4bed50978f719b497a539c4",
            "author": "Gen Lu",
            "date": "Fri Apr 5 17:35:48 2019"
        },
        {
            "title": "Check experimentation service for block comment feature.",
            "flags": {
                "RoslynToggleBlockComment": "False"
            },
            "message": "Check experimentation service for block comment feature.\n",
            "hash": "9ddff1c0ab0732a43a1399c645878c68baf6d3bd",
            "author": "David Barbet",
            "date": "Tue Mar 12 16:31:33 2019"
        },
        {
            "title": "added partial load mode feature flag and made extract method to handle partial load mode. (#33779)",
            "flags": {
                "PartialLoadMode": "False"
            },
            "message": "added partial load mode feature flag and made extract method to handle partial load mode. (#33779)\n\n* added partial load mode feature flag and made extract method to handle partial load mode.\r\n\r\nwhen solution is opened in VS, currently we do not know when exactly solution is fully loaded or not. solution explorer might show all files but design time build might not have finished yet so, any semantic operation such as extract method or rename might do wrong thing since it doesn't know that it is dealing with missing information (solution).\r\n\r\nwe are trying to address this issue with partial load mode, new API platform is working on. basically, we are planning to block most of semantic operations (except completion/quickinfo/goto definition/signature help and navigate to. we might include FAR here as well) during partial load state.\r\n\r\nalso, for things like squiggle, LB and etc, we will disable those until solution is fully loaded since we don't actually know whether those data is correct or not during partial load state.\r\n\r\nthis change add featureflag so that we can incrementally add support for each features while dogfooding behavior across partners. as a first attempt, extract method is choosen for new experience.\r\n\r\nother internal options are added so that we can try alternative behaviors and etc.\r\n\r\ntest is not added yet.\r\n\r\n* fix merge break\r\n\r\n* update string\r\n\r\n* small tweak.\r\n\r\n* PR feedbacks\r\n\r\n* updated the title\r\n\r\n* updated after discussing about PR\r\n\r\n* do even cheaper version of getting text.\r\n\r\naddscope doesn't work with description with blank line when scope is nested. wait dialog seems supporting only 2 lines.\r\n\r\nuntil, I figure out this with platform team, making description one line.\r\n\r\n* following PR feedback\r\n",
            "hash": "15599ef8edd2e86942a5ef97e848131b0617b626",
            "author": "Heejae Chang",
            "date": "Thu Mar 14 11:29:47 2019"
        },
        {
            "title": "Merge remote-tracking branch 'origin/dev16.1-preview1' into merges/dev16.1-preview1-to-dev16.1-preview1-vs-deps",
            "flags": {
                "RoslynFeatureOOP": "removed",
                "CompletionAPI": "False"
            },
            "message": "Merge remote-tracking branch 'origin/dev16.1-preview1' into merges/dev16.1-preview1-to-dev16.1-preview1-vs-deps\n",
            "hash": "69ef22c651145869171621e225217b05086d4641",
            "merge": "c2aa2289f1 c16cdeea31",
            "author": "Ivan Basov",
            "date": "Wed Feb 6 12:24:17 2019"
        },
        {
            "title": "Implementation of new editor completion API (#29016)",
            "flags": {
                "CompletionAPI": "False"
            },
            "message": "Implementation of new editor completion API (#29016)\n\n",
            "hash": "af42e741da717a6c0bf9877ae61f8f955f9917cc",
            "author": "Ivan Basov",
            "date": "Mon Nov 26 21:08:28 2018"
        },
        {
            "title": "Remove the experimental OOP option altogether",
            "flags": {
                "RoslynFeatureOOP": "removed"
            },
            "message": "Remove the experimental OOP option altogether\n",
            "hash": "423fec193ae8a8e733d354faa81b6eef55ec3d9a",
            "author": "Sam Harwell",
            "date": "Wed Jun 20 07:13:39 2018"
        },
        {
            "title": "added ability to run OOP in 64bit. currently it is not enabled. but it can be enabled explicitly through options or remotely through a/b testing.",
            "flags": {
                "RoslynOOP64bit": "False"
            },
            "message": "added ability to run OOP in 64bit. currently it is not enabled. but it can be enabled explicitly through options or remotely through a/b testing.\n\na/b testing is not enabled yet.\n",
            "hash": "2325f6b0d24e43dd27c32f4eafe7571117d3ded4",
            "author": "Heejae Chang",
            "date": "Wed Aug 30 12:45:32 2017"
        },
        {
            "title": "Rename experiment to fix 16 char requirement.",
            "flags": {
                "OutOfProcessAllowed": "removed",
                "RoslynFeatureOOP": "False"
            },
            "message": "Rename experiment to fix 16 char requirement.\n",
            "hash": "e111c0c83832c599c001a69cbc8fe3d52bb7baa6",
            "author": "CyrusNajmabadi",
            "date": "Sat Jun 3 13:29:42 2017"
        },
        {
            "title": "Only run OOP features if A/B experiment is enabled.",
            "flags": {
                "OutOfProcessAllowed": "False"
            },
            "message": "Only run OOP features if A/B experiment is enabled.\n",
            "hash": "7d555ce27fdd43a1f2360e3f6ada74c2e271f424",
            "author": "CyrusNajmabadi",
            "date": "Mon May 29 17:13:48 2017"
        }
    ]
}