{
    "id": 29078997,
    "node_id": "MDEwOlJlcG9zaXRvcnkyOTA3ODk5Nw==",
    "name": "roslyn",
    "full_name": "dotnet/roslyn",
    "private": false,
    "description": "The Roslyn .NET compiler provides C# and Visual Basic languages with rich code analysis APIs.",
    "fork": false,
    "created_at": "2015-01-11T02:39:03Z",
    "updated_at": "2019-12-20T21:55:55Z",
    "pushed_at": "2019-12-20T22:27:23Z",
    "homepage": "https://docs.microsoft.com/dotnet/csharp/roslyn-sdk/",
    "size": 780918,
    "stargazers_count": 12227,
    "watchers_count": 12227,
    "language": "C#",
    "has_issues": true,
    "has_projects": true,
    "has_downloads": true,
    "has_wiki": true,
    "has_pages": false,
    "forks_count": 2847,
    "archived": false,
    "disabled": false,
    "open_issues_count": 6810,
    "forks": 2847,
    "open_issues": 6810,
    "watchers": 12227,
    "default_branch": "master",
    "temp_clone_token": "",
    "network_count": 2847,
    "subscribers_count": 1074,
    "languages": {
        "C#": 125267193,
        "Visual Basic .NET": 70339480,
        "1C Enterprise": 289100,
        "PowerShell": 236331,
        "Shell": 94043,
        "Batchfile": 8757,
        "CMake": 7955,
        "C++": 5392,
        "Dockerfile": 2450,
        "Smalltalk": 622,
        "F#": 508
    }
}