{
    "date": "2019-12-20T17:58:40.160757",
    "commits": [
        {
            "title": "acceptancetest fix: use smaller charm, make sure that we wait for the status output first",
            "flags": {
                "generations": "False"
            },
            "message": "acceptancetest fix: use smaller charm, make sure that we wait for the status output first\n",
            "hash": "3a8db2d122815e2ee1df3cf5cd4f83e5ae2dcc93",
            "author": "nam",
            "date": "Wed Dec 11 02:02:59 2019"
        },
        {
            "title": "featureflag: update generations flag to support branches and generations",
            "flags": {
                "generations": "False",
                "branches": "False"
            },
            "message": "featureflag: update generations flag to support branches and generations\n",
            "hash": "55e4215d142f98e0335f864a3576e1ec16630275",
            "author": "nam",
            "date": "Tue Dec 10 06:30:00 2019"
        },
        {
            "title": "list-commit show-commit: change timeformat depending on output, sort output, commits feedback",
            "flags": {
                "generations": "removed",
                "branches": "False"
            },
            "message": "list-commit show-commit: change timeformat depending on output, sort output, commits feedback\nfeatureflags: rename flag from generations to branches\n",
            "hash": "ff32067866004a0a04d5dba8e281dea7857f33ea",
            "author": "nam",
            "date": "Tue Nov 12 02:34:33 2019"
        },
        {
            "title": "CMR Migrations",
            "flags": {
                "cmr-migrations": "False"
            },
            "message": "CMR Migrations\n\nIncluded in the commit is the addition of the cmr entities for\nconsuming a remote application. The code is hidden behind a feature\nflag to ensure that we don't break any imports that already exist.\n\nMuch more work is required to ensure that we also import all the\nother entities required.\n\nPart of the change is also the introduction of go mocks in the state\npackage. This allows us to reach a higher level of coverage without\nthe need of the persistence layer.\n\nNot only are the tests in mocks, but additionally added to the existing\nintegration tests that we have in state.\n",
            "hash": "66ff005c66d27cc7cad2ab62561efd41dbb3037a",
            "author": "Simon Richardson",
            "date": "Fri Oct 4 10:09:58 2019"
        },
        {
            "title": "Introduce v3 command names for run-action and run",
            "flags": {
                "juju-v3": "False"
            },
            "message": "Introduce v3 command names for run-action and run\n",
            "hash": "d770e56bf587d9027f1ee634713ed69fa844fefb",
            "author": "Ian Booth",
            "date": "Mon Aug 26 20:49:39 2019"
        },
        {
            "title": "Remove bundle-cmr feature flag from the codebase",
            "flags": {
                "bundle-cmr": "removed"
            },
            "message": "Remove bundle-cmr feature flag from the codebase\n\nNow that all the required bits for supporting bundles with offers/saas\nblocks have landed on develop, we can safely remove the feature flag.\n",
            "hash": "f11153c4750c252680df34976141db90c509cc20",
            "author": "Achilleas Anagnostopoulos",
            "date": "Mon Aug 5 07:21:08 2019"
        },
        {
            "title": "Define bundle-cmr feature flag",
            "flags": {
                "bundle-cmr": "False"
            },
            "message": "Define bundle-cmr feature flag\n",
            "hash": "3b677e03257abeff2472208d8f4e2802a947c6a5",
            "author": "Achilleas Anagnostopoulos",
            "date": "Wed Jun 19 07:51:07 2019"
        },
        {
            "title": "Revert: apply create offer changes when deploying bundles #10356",
            "flags": {
                "cmr-aware-bundles": "removed"
            },
            "message": "Revert: apply create offer changes when deploying bundles #10356\n\nThis reverts commit 267a046da20750702b17a1fd346ece16cbd68e42.\n",
            "hash": "b9baa77ecdae454d67aa566c5203b27dd44e2d72",
            "author": "Achilleas Anagnostopoulos",
            "date": "Wed Jul 31 04:42:28 2019"
        },
        {
            "title": "Revert: include offer acl in export bundle output #10380",
            "flags": {
                "bundle-cmr": "removed",
                "cmr-aware-bundles": "False"
            },
            "message": "Revert: include offer acl in export bundle output #10380\n\nThis reverts commit f5f1ba8aa7a15ab5e38bd118f84712d864fa6df1.\n",
            "hash": "697d4ce19fc5cafceef9a9346decd8b872d430dd",
            "author": "Achilleas Anagnostopoulos",
            "date": "Wed Jul 31 04:41:04 2019"
        },
        {
            "title": "Switch to a shorter feature flag name for bundles with cmr blocks",
            "flags": {
                "cmr-aware-bundles": "removed",
                "bundle-cmr": "False"
            },
            "message": "Switch to a shorter feature flag name for bundles with cmr blocks\n",
            "hash": "fd9eca5209fd99c01360eaaa2d17c4019575498b",
            "author": "Achilleas Anagnostopoulos",
            "date": "Tue Jun 25 07:00:52 2019"
        },
        {
            "title": "Define cmr-aware-bundles feature flag",
            "flags": {
                "cmr-aware-bundles": "False"
            },
            "message": "Define cmr-aware-bundles feature flag\n",
            "hash": "653670fab869f2afae48db85f3ccb651ba256c52",
            "author": "Achilleas Anagnostopoulos",
            "date": "Wed Jun 19 07:51:07 2019"
        },
        {
            "title": "Remove trusted-bundles feature flag",
            "flags": {
                "trusted-bundles": "removed"
            },
            "message": "Remove trusted-bundles feature flag\n",
            "hash": "7f16773bec80c573329bde6d4cfe7e7feb613139",
            "author": "Achilleas Anagnostopoulos",
            "date": "Wed Jun 5 08:40:47 2019"
        },
        {
            "title": "Add feature flag for enabling support for trusted bundle deployments",
            "flags": {
                "trusted-bundles": "False"
            },
            "message": "Add feature flag for enabling support for trusted bundle deployments\n",
            "hash": "e0b76f1ec47eabef5aa2b2e66afa034d13578d85",
            "author": "Achilleas Anagnostopoulos",
            "date": "Thu May 30 08:12:48 2019"
        },
        {
            "title": "Add multi-cloud feature flag",
            "flags": {
                "multi-cloud": "False"
            },
            "message": "Add multi-cloud feature flag\n",
            "hash": "d63f8f6cee7348223809aa23e9e88a67e2f05718",
            "author": "Ian Booth",
            "date": "Thu May 2 18:42:19 2019"
        },
        {
            "title": "Remove InstanceMutater feature flag and fix a few tests failing due to",
            "flags": {
                "instance-mutater": "removed"
            },
            "message": "Remove InstanceMutater feature flag and fix a few tests failing due to\nchange in machine and model manifolds, and uniter worker.\n\nRemove old code to upgrade a charm lxd profile which has been replaced\nwith the instance mutater worker. Including the instanceCharmProfileData\ncollection.\n",
            "hash": "03891fdcddf674b918baf070ce329cbad30af5d2",
            "author": "Heather Lanigan",
            "date": "Thu Apr 18 14:14:26 2019"
        },
        {
            "title": "Enable/disable server-side transactions with a FeatureFlag",
            "flags": {
                "mongodb-sstxn": "False"
            },
            "message": "Enable/disable server-side transactions with a FeatureFlag\n\nmongodb-sstxn will enable server side transactions.\n",
            "hash": "5a0a83257ced964e42eecf02041fe9fb698e508f",
            "author": "John Arbash Meinel",
            "date": "Thu Mar 21 07:55:23 2019"
        },
        {
            "title": "add InstanceMutater",
            "flags": {
                "instance-mutater": "False"
            },
            "message": "add InstanceMutater\n",
            "hash": "a303fb4ed103134ff0f5d05d4c9caff22c042fed",
            "author": "Heather Lanigan",
            "date": "Tue Feb 26 04:36:42 2019"
        },
        {
            "title": "Add support for installing MongoDB as a snap",
            "flags": {
                "mongodb-snap": "False"
            },
            "message": "Add support for installing MongoDB as a snap\n",
            "hash": "403f70672e537a5363e770273a44dfb8da908cdc",
            "author": "Tim McNamara",
            "date": "Wed Jan 16 00:12:58 2019"
        },
        {
            "title": "remove unused LXDProfile feature flag and add Generations",
            "flags": {
                "lxd-profile": "removed",
                "generations": "False"
            },
            "message": "remove unused LXDProfile feature flag and add Generations\n",
            "hash": "17633a9388db9c66555b06b9c579eedb7838b3d8",
            "author": "Heather Lanigan",
            "date": "Tue Dec 18 14:04:55 2018"
        },
        {
            "title": "Remove the disable-raft feature flag",
            "flags": {
                "disable-raft": "removed"
            },
            "message": "Remove the disable-raft feature flag\n\nThis functionality is replaced by legacy-leases.\n",
            "hash": "dbd877c536317cc371db42815b1acf127360b14a",
            "author": "Christian Muirhead",
            "date": "Thu Nov 1 18:36:32 2018"
        },
        {
            "title": "Remove upgrade-series feasture flag.",
            "flags": {
                "upgrade-series": "removed"
            },
            "message": "Remove upgrade-series feasture flag.\n",
            "hash": "35772766d51704756d0a9ce082fd1fa5e6b59b03",
            "author": "externalreality",
            "date": "Tue Oct 9 18:51:55 2018"
        },
        {
            "title": "add feature flag for lxd profile work",
            "flags": {
                "lxd-profile": "False"
            },
            "message": "add feature flag for lxd profile work\n",
            "hash": "b8d6bc9c5a6753911372a5f4b6ebda67da8f40c2",
            "author": "Heather Lanigan",
            "date": "Thu Aug 30 08:39:30 2018"
        },
        {
            "title": "Add raft FSM for storing lease information",
            "flags": {
                "legacy-leases": "False"
            },
            "message": "Add raft FSM for storing lease information\n\nThis is intended to replace the mongo-stored leases. Stores leases in\nmemory, allows updates through the Apply method and handles snapshotting\nand restoring.\n\nUpdated yaml dependency so we can use En-/Decoder.\n\nAdd raft forwarder worker - this forwards lease updates to the leader\nraft node and replies with the results.\n\nMove lease secretaries from state to worker/lease so the lease worker\nmanifold can use them too.\n\nAdd manifold for the lease manager so it can run in the dependency\nengine. It can't live in worker/lease because the manifold uses state,\nand state depends on worker/lease (since the mongo-based lease store\nmanager runs as a state worker).\n\nAdd lease-manager to machine manifolds - changed the raft FSM to be\nthe core/raftlease one. (We'll need to handle the case where a\nsimple-fsm snapshot is restored into a raftlease FSM.)\n\nExtend globalclockupdater to work with the raft lease store. The lease\nstore implements globalclock.Updater, and the lease manager manifold\nexposes it as output. Change the manifold so that it can depend either\non state or on the lease-manager, and then add a new instance of the\nclock updater to the machine agent manifolds.\n\nMake the apiserver depend on the lease manager, and thread that through\nto the facade context. Make the API facades use that instead of getting\nthe checkers and claimers directly from state. Add legacy-leases feature\nflag to control whether the leases go through raft or state.\n\nPass logger into globalclockupdater, otherwise we can't distinguish\nbetween the logging for the two running updaters.\n\nUpdate State.ApplicationLeaders to work with raft leases - unless the\nfeature flag is set it reads the leaders from the leaseholders\ncollection instead.\n\nUpdated manifold tests with new workers - lease-clock-updater,\nlease-manager and raft-forwarder.\n\nAlso tweaked AssertManifoldsDependencies so that it reports what names\nare missing or unexpected.\n\nImplement a dummy lease store for the dummy provider, and update tests\nthat claim leases to use the dummy lease manager\n\nSet legacy-leases for the cmd/jujud/agent tests - these tests fail\nwithout this flag set at the moment. I'm fairly sure it's due to the startup\nissues I'm intending to fix next, so I'm setting the flag to keep these\ntests passing now, and will fix them properly in the next step.\n",
            "hash": "c621ba30f2d18200003ef5afcf5e35bd52db7d4f",
            "author": "Christian Muirhead",
            "date": "Mon Jul 2 20:58:45 2018"
        },
        {
            "title": "Fix tests reliant on presence.",
            "flags": {
                "new-presence": "removed",
                "old-presence": "False"
            },
            "message": "Fix tests reliant on presence.\n",
            "hash": "367ab40db20f3fdaf3f94337e0af110fb3d1bf2e",
            "author": "Tim Penhey",
            "date": "Mon Aug 13 18:39:45 2018"
        },
        {
            "title": "Rename feature flag to match intended command name.",
            "flags": {
                "series-upgrade": "removed",
                "upgrade-series": "False"
            },
            "message": "Rename feature flag to match intended command name.\n",
            "hash": "de597ea0b34f1a86332b433170b47f925058ad25",
            "author": "externalreality",
            "date": "Wed Jun 6 10:59:49 2018"
        },
        {
            "title": "Add feature flag for series upgrade.",
            "flags": {
                "caas": "removed",
                "series-upgrade": "False"
            },
            "message": "Add feature flag for series upgrade.\n",
            "hash": "d739c29c144ee22fc13826d4ac837b9271cd3f2a",
            "author": "externalreality",
            "date": "Wed Jun 6 09:47:36 2018"
        },
        {
            "title": "Update following review.",
            "flags": {
                "new-proxy-only": "removed"
            },
            "message": "Update following review.\n",
            "hash": "0dc9b28727f77ceebb693d6527ac6831b37e79b8",
            "author": "Tim Penhey",
            "date": "Tue May 22 22:27:30 2018"
        },
        {
            "title": "Add featureflag worker and disable-raft feature flag",
            "flags": {
                "disable-raft": "False"
            },
            "message": "Add featureflag worker and disable-raft feature flag\n\nThis worker enables turning off dependent workers if a feature flag is\nset or unset.\n\nAdd the disable-raft feature flag, and a worker that diables the raft\nworkers if it's set. It can be changed in a running controller.\n",
            "hash": "94cd2cdbc23cf437e65f8f6eaab8754c171b301d",
            "author": "Christian Muirhead",
            "date": "Thu May 10 22:44:33 2018"
        },
        {
            "title": "Add new env vars for hooks for proxies (prefixed by JUJU_CHARM_), and add a feature flag to not set normal proxy settings.",
            "flags": {
                "new-proxy-only": "False"
            },
            "message": "Add new env vars for hooks for proxies (prefixed by JUJU_CHARM_), and add a feature flag to not set normal proxy settings.\n",
            "hash": "b3447e459eddbbe3084b8bf38a147c46595c9af4",
            "author": "Tim Penhey",
            "date": "Thu Apr 19 22:06:08 2018"
        },
        {
            "title": "Add features to controller config, and sharedServerContext for api server.",
            "flags": {
                "new-presence": "False"
            },
            "message": "Add features to controller config, and sharedServerContext for api server.\n",
            "hash": "5a7319dbf240a1f0fdd5d39f3bc29dc319a8f639",
            "author": "Tim Penhey",
            "date": "Tue Apr 17 01:12:00 2018"
        },
        {
            "title": "Remove cross-model feature flag",
            "flags": {
                "cross-model": "removed"
            },
            "message": "Remove cross-model feature flag\n",
            "hash": "526e59d476b03120eca143d0fe62af0760453d14",
            "author": "Ian Booth",
            "date": "Thu Aug 31 17:37:50 2017"
        },
        {
            "title": "Drop lxd-storage feature flag",
            "flags": {
                "lxd-storage": "removed"
            },
            "message": "Drop lxd-storage feature flag\n\nTidy up the lxd storage provider, and drop the feature flag.\n\nUsing the \"lxd\" storage pool (i.e. without configuration),\nstorage will be allocated from the LXD storage pool called\n\"juju\", using the driver \"dir\". The provider also predefines\na \"lxd-zfs\" storage pool, which maps to the LXD storage pool\ncalled \"juju-zfs\", using a zfs pool of the same name. Juju\nwill create the LXD storage pools as necessary, and will\nensure that they have the same configuration before use.\n",
            "hash": "283f6158b2e456e269b8c8f508f6fef4a5f4fc4e",
            "author": "Andrew Wilkins",
            "date": "Wed Jul 12 20:28:56 2017"
        },
        {
            "title": "Merge branch 'develop' into feature-persistent-storage-merge-develop",
            "flags": {
                "persistent-storage": "removed",
                "caas": "False"
            },
            "message": "Merge branch 'develop' into feature-persistent-storage-merge-develop\n",
            "hash": "1ee113e583011e3a96dffc62073c5970d88da0b9",
            "merge": "5448bf3a63 64488d14a0",
            "author": "Andrew Wilkins",
            "date": "Fri May 26 02:20:52 2017"
        },
        {
            "title": "switch to shorter flag",
            "flags": {
                "caas-model": "removed",
                "caas": "False"
            },
            "message": "switch to shorter flag\n\nper discussion, use just \"CAAS\"",
            "hash": "2a076fc6632b3dcec4c2042499bc2f7c4b094e7c",
            "author": "Michael McCracken",
            "date": "Thu May 18 14:08:23 2017"
        },
        {
            "title": "Add feature flag for CAAS models",
            "flags": {
                "caas-model": "False"
            },
            "message": "Add feature flag for CAAS models\n\nSigned-off-by: Michael McCracken\n",
            "hash": "6d3e7584c9534dba6761917376eb580568ca1f8e",
            "author": "Michael McCracken",
            "date": "Mon May 15 12:17:18 2017"
        },
        {
            "title": "Merge branch 'develop' into feature-persistent-storage",
            "flags": {
                "persistent-storage": "removed",
                "strict-migration": "False"
            },
            "message": "Merge branch 'develop' into feature-persistent-storage\n",
            "hash": "d22f79fd1787cf3f84ff6272f63aeb94e5a4feb6",
            "merge": "2dc1024112 3388bdd8f3",
            "author": "Andrew Wilkins",
            "date": "Thu Mar 30 21:38:53 2017"
        },
        {
            "title": "Add strict-migration feature flag for extra test validation.",
            "flags": {
                "strict-migration": "False"
            },
            "message": "Add strict-migration feature flag for extra test validation.\n",
            "hash": "8f0c335e756c70f00938c5231533aab00836de6d",
            "author": "Tim Penhey",
            "date": "Wed Mar 29 20:13:32 2017"
        },
        {
            "title": "Drop the \"persistent-storage\" feature flag",
            "flags": {
                "persistent-storage": "removed"
            },
            "message": "Drop the \"persistent-storage\" feature flag\n\nThis is a feature branch that will be merged into\ndevelop when we branch 2.2. There's no need for a\nfeature branch except in 2.2.\n",
            "hash": "62a6b9a65ba32510391d31a41102c3cb87a1c855",
            "author": "Andrew Wilkins",
            "date": "Tue Mar 28 19:27:53 2017"
        },
        {
            "title": "Put {attach,detach}-storage behind feature flag",
            "flags": {
                "persistent-storage": "False"
            },
            "message": "Put {attach,detach}-storage behind feature flag\n\nIntroduce the \"persistent-storage\" feature flag,\nand put the attach-storage and detach-storage\ncommands behind it. The remove-storage command\nis complete, and so has not been put behind the\nflag.\n",
            "hash": "7c150738dc0f916d327011dcacd6ad3f94894729",
            "author": "Andrew Wilkins",
            "date": "Fri Mar 17 01:31:18 2017"
        },
        {
            "title": "Remove Vsphere feature flag.",
            "flags": {
                "vsphere-provider": "removed"
            },
            "message": "Remove Vsphere feature flag.\n",
            "hash": "a3fdefe168ac170102c63103c37413ff35218b70",
            "author": "Horacio Duran",
            "date": "Thu Mar 9 15:15:44 2017"
        },
        {
            "title": "provider/lxd: experimental LXD storage provider",
            "flags": {
                "lxd-storage": "False"
            },
            "message": "provider/lxd: experimental LXD storage provider\n\nIntroduce a new \"lxd\" storage provider that is\nenabled with the \"lxd-storage\" feature flag.\nThis storage provider requires the storage\nfeature available in LXD 2.9+.\n",
            "hash": "90351c88a70a43ed4bb6fb5a5a326e6e41b72b00",
            "author": "Andrew Wilkins",
            "date": "Wed Feb 22 22:39:49 2017"
        },
        {
            "title": "Remove the migration feature flag.",
            "flags": {
                "migration": "removed"
            },
            "message": "Remove the migration feature flag.\n",
            "hash": "c3452a3216d40fd1b3fac07e01ff7c29e666bcb2",
            "author": "Tim Penhey",
            "date": "Sun Nov 20 13:06:11 2016"
        },
        {
            "title": "Add cross-model feature flag",
            "flags": {
                "cross-model": "False"
            },
            "message": "Add cross-model feature flag\n",
            "hash": "7ef5e75394e2146681408710a690e4a3aefe4f0d",
            "author": "Ian Booth",
            "date": "Tue Oct 18 17:49:01 2016"
        },
        {
            "title": "Merge develop branch",
            "flags": {
                "jes": "removed",
                "address-allocation": "removed",
                "db-log": "removed",
                "vsphere-provider": "False",
                "image-metadata": "False",
                "disable-rsyslog": "removed",
                "migration": "False",
                "developer-mode": "False"
            },
            "message": "Merge develop branch\n",
            "hash": "8c5fe96764308a7f74d33c7b18ee704b8415dd3f",
            "author": "Ian Booth",
            "date": "Tue Oct 18 05:28:49 2016"
        },
        {
            "title": "Remove smart-formatter feature flag and fix tests.",
            "flags": {
                "smart-formatter": "removed"
            },
            "message": "Remove smart-formatter feature flag and fix tests.\n",
            "hash": "1f639d3e5d34598c965fe5bcd3ee1219c4978f03",
            "author": "Tim Penhey",
            "date": "Tue Aug 23 03:20:55 2016"
        },
        {
            "title": "Update command formatters.",
            "flags": {
                "smart-formatter": "False"
            },
            "message": "Update command formatters.\n\nAdded a common function to get a TabWriter with the same args.\nRemoved smart formatter from all juju commands.\nSmart formatter only available in jujuc commands with feature flag set.\n",
            "hash": "ce5c3b8b44002468f4b490d8e2262fa90676ac1d",
            "author": "Tim Penhey",
            "date": "Thu Aug 18 16:30:19 2016"
        },
        {
            "title": "Add a dump model command to show the database export.",
            "flags": {
                "developer-mode": "False"
            },
            "message": "Add a dump model command to show the database export.\n",
            "hash": "4e96e59a2d80d194505d1dfa918701ca82053a4f",
            "author": "Tim Penhey",
            "date": "Mon Jul 18 22:29:09 2016"
        },
        {
            "title": "Removed address-allocation FF, Allocate|ReleaseAddress, SupportsAA",
            "flags": {
                "address-allocation": "removed"
            },
            "message": "Removed address-allocation FF, Allocate|ReleaseAddress, SupportsAA\n",
            "hash": "d65b47ea62a70cb6b3184df18963be0604fe8a1a",
            "author": "Dimiter Naydenov",
            "date": "Mon Jun 13 06:13:32 2016"
        },
        {
            "title": "Remove MAAS2 feature flag",
            "flags": {
                "maas2": "removed"
            },
            "message": "Remove MAAS2 feature flag\n",
            "hash": "e8de621341e33b1607797b71e3593c0f255e7ad3",
            "author": "Michael Foord",
            "date": "Thu May 5 09:01:29 2016"
        },
        {
            "title": "Add MAAS2 feature flag",
            "flags": {
                "maas2": "False"
            },
            "message": "Add MAAS2 feature flag\n",
            "hash": "91eb400098fec8968e67bc01f3eba98a30eceb7e",
            "author": "Michael Foord",
            "date": "Thu Apr 7 04:40:30 2016"
        },
        {
            "title": "Put 'juju migrate' behind a feature flag.",
            "flags": {
                "migration": "False"
            },
            "message": "Put 'juju migrate' behind a feature flag.\n",
            "hash": "b866ae3e8663ffe159be908ce9b877199bd3b4a6",
            "author": "Tim Penhey",
            "date": "Tue Mar 22 14:37:31 2016"
        },
        {
            "title": "Merge remote-tracking branch 'upstream/master' into upgrade-mongo3",
            "flags": {
                "jes": "removed",
                "db-log": "removed",
                "disable-rsyslog": "removed",
                "image-metadata": "False"
            },
            "message": "Merge remote-tracking branch 'upstream/master' into upgrade-mongo3\n\nConflicts:\n\tagent/format-1.18.go\n\tapiserver/params/params.go\n\tcloudconfig/userdatacfg_unix.go\n\tcmd/jujud/agent/machine.go\n\tstate/machine.go\n",
            "hash": "095199f48e7cb5b5e9e34a50d582902e1247fa23",
            "merge": "778ee65ebf 3828fbe736",
            "author": "Horacio Duran",
            "date": "Thu Feb 4 09:58:48 2016"
        },
        {
            "title": "Merge master",
            "flags": {
                "jes": "removed",
                "db-log": "removed",
                "disable-rsyslog": "removed",
                "image-metadata": "False"
            },
            "message": "Merge master\n",
            "hash": "a67e09b84eabd281cb30bd7c32840c747a672dec",
            "author": "Ian Booth",
            "date": "Sat Jan 30 20:58:45 2016"
        },
        {
            "title": "Remove rsyslog to gather logs",
            "flags": {
                "disable-rsyslog": "removed"
            },
            "message": "Remove rsyslog to gather logs\n",
            "hash": "189ad128175ced29ee806e95491d317fb81fba15",
            "author": "Ian Booth",
            "date": "Wed Jan 20 20:21:47 2016"
        },
        {
            "title": "Add back in ImageMetadata feature flag",
            "flags": {
                "image-metadata": "False"
            },
            "message": "Add back in ImageMetadata feature flag\n",
            "hash": "2a7a78fdfb83d6de110faf18e26bd1849a0aa9ac",
            "author": "Cheryl Jennings",
            "date": "Thu Jan 14 11:44:47 2016"
        },
        {
            "title": "Revert \"Merge pull request #4093 from wallyworld/add-image-ff\"",
            "flags": {
                "image-metadata": "removed"
            },
            "message": "Revert \"Merge pull request #4093 from wallyworld/add-image-ff\"\n\nThis reverts commit 69899cc05447bf6987c437db24d9a73b28d7c17a, reversing\nchanges made to 26de1ef5d9f27847e62666c2b70a18a3f52af97c.\n",
            "hash": "7f05cd6613cc26251adcc6d5f7dd828968be22e5",
            "author": "Cheryl Jennings",
            "date": "Thu Jan 14 11:12:16 2016"
        },
        {
            "title": "Merge branch 'master' into controller-rename",
            "flags": {
                "jes": "removed",
                "db-log": "removed",
                "image-metadata": "False"
            },
            "message": "Merge branch 'master' into controller-rename\n",
            "hash": "f42e04d711947e45a658e99494f080eb65c0f5de",
            "merge": "941b670760 31b548adee",
            "author": "Tim Penhey",
            "date": "Wed Jan 13 17:16:14 2016"
        },
        {
            "title": "put add-/list-image behind a feature flag",
            "flags": {
                "image-metadata": "False"
            },
            "message": "put add-/list-image behind a feature flag\n",
            "hash": "b3e56aa106e9e0052b9b1a6113c72e399cb4ba07",
            "author": "Ian Booth",
            "date": "Tue Jan 12 23:43:15 2016"
        },
        {
            "title": "getting there, fixed many imports",
            "flags": {
                "jes": "removed"
            },
            "message": "getting there, fixed many imports\n",
            "hash": "95788c11855a01bb04d3221b3b2b6ef3c798b088",
            "author": "Tim Penhey",
            "date": "Thu Nov 5 14:29:09 2015"
        },
        {
            "title": "Remove 'jes' and 'db-log' feature flags.",
            "flags": {
                "db-log": "removed"
            },
            "message": "Remove 'jes' and 'db-log' feature flags.\n",
            "hash": "48caba791d0448e9d7993949f444485e63f5a195",
            "author": "Tim Penhey",
            "date": "Wed Nov 4 14:55:28 2015"
        },
        {
            "title": "Mongo 3 boot by default",
            "flags": {
                "mongo3": "removed"
            },
            "message": "Mongo 3 boot by default\n",
            "hash": "fcb06d6d8bb0b894d520b5ba556f957a428c5e17",
            "author": "Horacio Duran",
            "date": "Tue Sep 29 18:04:54 2015"
        },
        {
            "title": "Added mongo 3 support",
            "flags": {
                "mongo3": "False"
            },
            "message": "Added mongo 3 support\n\nBootstraping with mongo 3 requires a feature flag.\n",
            "hash": "1ae3360053892462f50deba444e4c6f5e1a8dbea",
            "author": "Horacio Duran",
            "date": "Mon Sep 28 18:20:07 2015"
        },
        {
            "title": "Drop the cloudsigma feature flag.",
            "flags": {
                "cloudsigma": "removed"
            },
            "message": "Drop the cloudsigma feature flag.\n",
            "hash": "47844ecf14b17609a1199ca37f9b28975de782d8",
            "author": "Eric Snow",
            "date": "Wed Sep 2 12:11:32 2015"
        },
        {
            "title": "Spaces CLI work end-to-end with feature tests; added post-net-cli-mvp",
            "flags": {
                "post-net-cli-mvp": "False"
            },
            "message": "Spaces CLI work end-to-end with feature tests; added post-net-cli-mvp\nfeature flag\n",
            "hash": "881837e8f20e153156ca7de70cc059837ef6842a",
            "author": "Dimiter Naydenov",
            "date": "Thu Aug 20 11:08:18 2015"
        },
        {
            "title": "Revert 457a6af62ddfbd858ad81c866641d3c32696cf26 (which reverted merging from master).",
            "flags": {
                "env-cache": "removed"
            },
            "message": "Revert 457a6af62ddfbd858ad81c866641d3c32696cf26 (which reverted merging from master).\n",
            "hash": "bf527d82cc707f8e284372165bf174ec79b75989",
            "author": "Eric Snow",
            "date": "Mon Aug 17 12:35:36 2015"
        },
        {
            "title": "Revert \"Merge branch 'master' into feature-proc-mgmt\"",
            "flags": {
                "env-cache": "False"
            },
            "message": "Revert \"Merge branch 'master' into feature-proc-mgmt\"\n\nThis reverts commit e33611cffc08369f57c43ed4829e5c9ce602e888, reversing\nchanges made to ed92a4659eff9f7db8f85a7b343ff9ea870b0b19.\n",
            "hash": "457a6af62ddfbd858ad81c866641d3c32696cf26",
            "author": "Eric Snow",
            "date": "Fri Aug 14 10:02:10 2015"
        },
        {
            "title": "Merge master.",
            "flags": {
                "env-cache": "removed",
                "db-log": "False",
                "disable-rsyslog": "False"
            },
            "message": "Merge master.\n",
            "hash": "55a138a1175f5f1c7bf3a75d8bcb95c985520113",
            "merge": "35cdea2327 94e94a9ad8",
            "author": "Tim Penhey",
            "date": "Mon Jul 13 18:17:06 2015"
        },
        {
            "title": "Rename feature.",
            "flags": {
                "disable-rsyslog": "False"
            },
            "message": "Rename feature.\n",
            "hash": "ce2897eea61830c89d81e2f93d75ffe7c94e648f",
            "author": "Tim Penhey",
            "date": "Mon Jun 22 14:51:06 2015"
        },
        {
            "title": "Add a flag to disable the rsyslog workers.",
            "flags": {
                "disable-rsyslog": "False"
            },
            "message": "Add a flag to disable the rsyslog workers.\n",
            "hash": "08c46460abf522f51c91fcb83aa33d3b81d5c3a3",
            "author": "Tim Penhey",
            "date": "Sun Jun 21 21:37:49 2015"
        },
        {
            "title": "Force the DB logging to be on if JES is enabled",
            "flags": {
                "db-log": "False"
            },
            "message": "Force the DB logging to be on if JES is enabled\n\nIf the JES feature flag is enabled then the we want it to be as if the\nDbLog feature flag was enabled too. A helper function is introduced to\nhelp with his and the DbLog constant is no longer exported to enforce\nusage of the helper (tests now use the feature flag name directly\ninstead of the constant).\n",
            "hash": "dc58b642235bcd7f50a0db176962b7246a35f2b0",
            "author": "Menno Smits",
            "date": "Wed May 27 16:37:10 2015"
        },
        {
            "title": "Merge master.",
            "flags": {
                "env-cache": "removed",
                "address-allocation": "False",
                "new-status": "removed"
            },
            "message": "Merge master.\n",
            "hash": "9ab8bec0f02ea4d2d0f124519b4a26abf657ed47",
            "merge": "017325809e b557ae0b8f",
            "author": "Tim Penhey",
            "date": "Mon May 25 13:59:48 2015"
        },
        {
            "title": "Merge 1.24 into master",
            "flags": {
                "new-status": "removed"
            },
            "message": "Merge 1.24 into master\n",
            "hash": "329c6ea2f2c8f688843417dc1a858111c21f47cd",
            "author": "Ian Booth",
            "date": "Mon May 11 19:24:42 2015"
        },
        {
            "title": "Allow server only writes to cachefile",
            "flags": {
                "env-cache": "removed"
            },
            "message": "Allow server only writes to cachefile\n\nThis patch updates logic in the cachefile\nconfig store to allow server-only writes.\nThis can happen when a user uses the login\ncommand for a server where they will not\nbe placed in an environment.\n\nThis patch also consolidates the JES and\nEnvironmentsCacheFile feature flag as the\nwork done under the JES flag will depend\non the cache file.\n",
            "hash": "b9428a6cc21678a009200de3308597e698dc679c",
            "author": "Cheryl Jennings",
            "date": "Wed May 6 11:39:47 2015"
        },
        {
            "title": "Merge pull request #2173 from voidspace/addressable-featureflag",
            "flags": {
                "storage": "removed",
                "address-allocation": "False"
            },
            "message": "Merge pull request #2173 from voidspace/addressable-featureflag\n\nAddressable Containers Feature Flag.\n\nForward-port PRs #2097 and #2103 from 1.23. Put addressable containers behind a feature flag.\n\n(Review request: http://reviews.vapour.ws/r/1534/)",
            "hash": "ddc751a72fdb0794266180f7e66e84c11ce443be",
            "merge": "00b259acc5 a1aeb1f56a",
            "author": "Juju bot",
            "date": "Tue May 5 09:22:18 2015"
        },
        {
            "title": "Merge pull request #2178 from wallyworld/juju-v2-option",
            "flags": {
                "address-allocation": "False",
                "new-status": "removed"
            },
            "message": "Merge pull request #2178 from wallyworld/juju-v2-option\n\nAdd option to set the CLI compatible version and use with juju status\n\nWe want users to be able to use the new health status output, but we need to retain compatibility with Juju 1.x scripts. So we use a new env var JUJU_CLI_VERSION which allows the user to define the minimum CLI version for which we want Juju to be compatible. The default is 1. If the user exports JUJU_CLI_VERSION=2 then they get the new 2.0 status by default. This can be extended to other commands.\n\n(Review request: http://reviews.vapour.ws/r/1540/)",
            "hash": "132e46170e3d451eb80449324a3253b649d88542",
            "merge": "10001de6de 4b7faaff2a",
            "author": "Juju bot",
            "date": "Mon May 4 03:22:06 2015"
        },
        {
            "title": "Merge feature flag for addressable containers branch",
            "flags": {
                "address-allocation": "False"
            },
            "message": "Merge feature flag for addressable containers branch\n",
            "hash": "98f1c454c94b0664494e9710334ae96b5fa1e289",
            "author": "Michael Foord",
            "date": "Fri May 1 07:06:42 2015"
        },
        {
            "title": "Add option to set the CLI compatible version and use with juju status",
            "flags": {
                "new-status": "removed"
            },
            "message": "Add option to set the CLI compatible version and use with juju status\n",
            "hash": "4b7faaff2ac7298158850e610294fbdf986d4280",
            "author": "Ian Booth",
            "date": "Thu Apr 30 18:12:53 2015"
        },
        {
            "title": "Merge pull request #2119 from wallyworld/remove-storage-ff",
            "flags": {
                "storage": "removed",
                "vsphere-provider": "False"
            },
            "message": "Merge pull request #2119 from wallyworld/remove-storage-ff\n\nRemove storage feature flag\n\nStorage is now enabled without needed a feature flag.\r\nOne point of note: the client facade version was incremented to v2 because older facades had methods without the necessary storage parameters.\r\n\r\nTesting included bootstrapping an older environment and checking that attempting to deploy a unit with storage refused.\n\n(Review request: http://reviews.vapour.ws/r/1481/)",
            "hash": "288de3bf1a7370081ef604c53f01c262e1d9a41b",
            "merge": "61795e6f44 b806b60f4c",
            "author": "Juju bot",
            "date": "Wed Apr 29 18:07:53 2015"
        },
        {
            "title": "Merge pull request #2138 from wallyworld/remove-storage-ff",
            "flags": {
                "storage": "removed",
                "vsphere-provider": "False"
            },
            "message": "Merge pull request #2138 from wallyworld/remove-storage-ff\n\nRemove storage ff\n\nFixes: https://bugs.launchpad.net/juju-core/+bug/1449367\r\n\r\nStorage is now enabled without needed a feature flag.\r\nTo ensure backwards compatibility, a new bulk ServicesDeploy is added to the Service facade. The existing APIs in the Client facade have had the storage bits removed so that these are again the same as older Jujus. If storage is requested, deploy will attempt to use the new API, and will fail if not implemented.\r\nA new AddMachinesV3 API has also been added. This follows the existing pattern already used for bumping the API to allow new add machine functionality. In this case, the V3 version of the API allows adding machines with disks.\r\nA whole lot of refactoring has been done in the apiservices packages to allow common functionality to be shared between the Client and Service facades. It looks like a lot of changes but is mostly moving code around. Some old 1.16 compatability code was removed as part of the refactoring.\r\n\r\nTesting included bootstrapping an older environment and checking that attempting to deploy a unit with storage refused.",
            "hash": "4fc6afcee4cc42c8a63de31557371614874bb5b1",
            "merge": "31762378d4 b806b60f4c",
            "author": "Juju bot",
            "date": "Wed Apr 29 16:34:28 2015"
        },
        {
            "title": "Forward port of feature flag for addressable containers",
            "flags": {
                "address-allocation": "False"
            },
            "message": "Forward port of feature flag for addressable containers\n",
            "hash": "e36858eb8ef0c0c9cd5166846084289644ac175b",
            "author": "Michael Foord",
            "date": "Tue Apr 28 04:58:53 2015"
        },
        {
            "title": "Rename the provider from \"vmware\" to \"vsphere\".",
            "flags": {
                "vmware-provider": "removed",
                "vsphere-provider": "False"
            },
            "message": "Rename the provider from \"vmware\" to \"vsphere\".\n",
            "hash": "a037e3af4dd7231be25f759e6b1e4dbf77af3fac",
            "author": "Eric Snow",
            "date": "Fri Apr 24 09:34:14 2015"
        },
        {
            "title": "Move the vmware provider behind a feature flag.",
            "flags": {
                "vmware-provider": "False"
            },
            "message": "Move the vmware provider behind a feature flag.\n",
            "hash": "2addeb5892c8ca0807795801ec4a1478486f7de2",
            "author": "Eric Snow",
            "date": "Fri Apr 24 09:28:27 2015"
        },
        {
            "title": "Remove storage feature flag",
            "flags": {
                "storage": "removed"
            },
            "message": "Remove storage feature flag\n",
            "hash": "b3d105c27cb2e0ab258559fe013d529c35d3a668",
            "author": "Ian Booth",
            "date": "Thu Apr 23 19:54:04 2015"
        },
        {
            "title": "Merge pull request #2106 from wwitzel3/cloudsigma_v1",
            "flags": {
                "leader-election": "removed",
                "cloudsigma": "False"
            },
            "message": "Merge pull request #2106 from wwitzel3/cloudsigma_v1\n\nCloudsigma Provider v1\n\nThe cloudsigma provider.\n\n(Review request: http://reviews.vapour.ws/r/1467/)",
            "hash": "5185edf3607af7073a4afc307fa0e75aa3c521c4",
            "merge": "170a231cf7 1898e20082",
            "author": "Juju bot",
            "date": "Wed Apr 22 08:38:46 2015"
        },
        {
            "title": "provider/cloudsigma: place behind featureflag",
            "flags": {
                "cloudsigma": "False"
            },
            "message": "provider/cloudsigma: place behind featureflag\n",
            "hash": "0a2cf42dcf051fe43bd803ebb144358723b4af82",
            "author": "Wayne Witzel III",
            "date": "Wed Apr 1 10:05:50 2015"
        },
        {
            "title": "collected leadership changes from 1.23",
            "flags": {
                "leader-election": "removed"
            },
            "message": "collected leadership changes from 1.23\n",
            "hash": "10efcb10c10b41266a4fb8f1706636d31e3cfe9f",
            "author": "William Reade",
            "date": "Tue Apr 21 07:00:10 2015"
        },
        {
            "title": "juju status defaults to tabular (with ff), displays updated time for status",
            "flags": {
                "new-status": "False"
            },
            "message": "juju status defaults to tabular (with ff), displays updated time for status\n",
            "hash": "5a4739c011c94585926c07ed1ce1c1833a50a6bb",
            "author": "Ian Booth",
            "date": "Wed Apr 1 22:46:47 2015"
        },
        {
            "title": "Merge branch 'master' into db-log",
            "flags": {
                "leader-election": "False",
                "env-cache": "False",
                "legacy-upstart": "False",
                "db-log": "False"
            },
            "message": "Merge branch 'master' into db-log\n",
            "hash": "7f5d0d8914767b0bd8374c25d995b8cf94b9395f",
            "merge": "45b7bc31e7 7ec4491b4b",
            "author": "Menno Smits",
            "date": "Mon Mar 16 14:50:17 2015"
        },
        {
            "title": "Support a cache file for the configstore.",
            "flags": {
                "env-cache": "False"
            },
            "message": "Support a cache file for the configstore.\n",
            "hash": "94cdf3effd2c575c6135b133e2d03f10c5e0ffcb",
            "author": "Tim Penhey",
            "date": "Tue Mar 10 19:24:30 2015"
        },
        {
            "title": "Add a feature flag for using upstart under vivid.",
            "flags": {
                "legacy-upstart": "False"
            },
            "message": "Add a feature flag for using upstart under vivid.\n",
            "hash": "fdf688e2a7eea6f221bc6aec02968999ee0cdbf4",
            "author": "Eric Snow",
            "date": "Tue Mar 10 12:51:02 2015"
        },
        {
            "title": "consolidated hook-tool-set calculations",
            "flags": {
                "leader-election": "False"
            },
            "message": "consolidated hook-tool-set calculations\n",
            "hash": "66aa1dcc75f82cca57b762360028dc3e308e3bc9",
            "author": "William Reade",
            "date": "Wed Mar 4 20:39:01 2015"
        },
        {
            "title": "Merge branch 'master' into db-log",
            "flags": {
                "db-log": "False"
            },
            "message": "Merge branch 'master' into db-log\n",
            "hash": "85960add3a79266ae5bf3b5796f92fc3c413ace4",
            "merge": "0b59c88cfb 48491ae668",
            "author": "Tim Penhey",
            "date": "Wed Mar 4 18:40:15 2015"
        },
        {
            "title": "define the db-log feature flag",
            "flags": {
                "db-log": "False"
            },
            "message": "define the db-log feature flag\n",
            "hash": "7b02dccd638c11c7c8bd1742fcb27ebae1181509",
            "author": "Menno Smits",
            "date": "Sun Mar 1 20:20:51 2015"
        },
        {
            "title": "Rework the CLI output of Actions and remove feature flag",
            "flags": {
                "action": "removed"
            },
            "message": "Rework the CLI output of Actions and remove feature flag\n",
            "hash": "8aa97e8dafd1f45866b017b5466170f243252adb",
            "author": "Bodie Solomon",
            "date": "Tue Feb 24 21:40:50 2015"
        },
        {
            "title": "Rename the MESS feature flag.",
            "flags": {
                "mess": "removed",
                "jes": "False"
            },
            "message": "Rename the MESS feature flag.\n",
            "hash": "d9a360c160dd7c561f821000146be65599de717b",
            "author": "Tim Penhey",
            "date": "Wed Feb 25 14:02:29 2015"
        },
        {
            "title": "all: revise storage model",
            "flags": {
                "action": "False",
                "storage": "False"
            },
            "message": "all: revise storage model\n\nThe storage model is revised to cater for shared\nstorage, including shared filesystems and volumes.\n\nWe now model \"attachments\", which store machine\nand unit-specific information relating to a volume\nor storage instance. For example, volumes may be\nmultiply attached (depending on provider support),\nso the block device name is stored on the volume\nattachment.\n\nMachine agents will watch for volume and filesystem\nentities and attachments, and will (de)provision\nthem as necessary. Units will watch for storage\nattachments, which will be updated when the\ncorresponding volume or filesystem is.\n",
            "hash": "5257741e63e376c9ff4797e3e88932f80a675c1b",
            "author": "Andrew Wilkins",
            "date": "Mon Jan 26 05:23:12 2015"
        },
        {
            "title": "Handy util function for unexpected errors.",
            "flags": {
                "log-error-stack": "False"
            },
            "message": "Handy util function for unexpected errors.\n",
            "hash": "25795a761bc6ca4c6615efe943e8e29ec54c98a3",
            "author": "Tim Penhey",
            "date": "Mon Feb 2 18:29:08 2015"
        },
        {
            "title": "Expose environment manager on the client api.",
            "flags": {
                "mess": "False"
            },
            "message": "Expose environment manager on the client api.\n",
            "hash": "d3313cec81b79499abff53770afab6b0cd676f3e",
            "author": "Tim Penhey",
            "date": "Wed Jan 21 19:37:41 2015"
        }
    ]
}