{
    "date": "2019-12-20T18:24:16.803899",
    "commits": [
        {
            "title": "Removes harvest config feature flag. Wasn't used prior to shipping so did a straight removal, no-trace.",
            "flags": {
                "reverse_naming_rules": "False",
                "event_harvest_config": "removed"
            },
            "message": "Removes harvest config feature flag. Wasn't used prior to shipping so did a straight removal, no-trace.\n",
            "hash": "c602dd21c0d2e7f01b834504d86718d0cb532edd",
            "author": "Michael Goin <mgoin@newrelic.com>",
            "date": "Tue Sep 24 16:12:17 2019"
        },
        {
            "title": "Adds event_harvest_config feature flag since generates some data that could be misleading until fully implemented.",
            "flags": {
                "reverse_naming_rules": "False",
                "event_harvest_config": "False"
            },
            "message": "Adds event_harvest_config feature flag since generates some data that could be misleading until fully implemented.\n",
            "hash": "54a2ffe96e4e6f2e77d4b8aa56697508e07ab00e",
            "author": "Michael Goin <mgoin@newrelic.com>",
            "date": "Tue Aug 20 14:28:50 2019"
        },
        {
            "title": "Enables the serverless_mode feature flag by default.",
            "flags": {
                "serverless_mode": "True"
            },
            "message": "Enables the serverless_mode feature flag by default.\n",
            "hash": "312668d5e4be8cea67279551cfda66937abd9586",
            "author": "Michael Goin <mgoin@newrelic.com>",
            "date": "Thu May 16 14:07:01 2019"
        },
        {
            "title": "Turned native_metrics feature flag into configuration option",
            "flags": {
                "native_metrics": "removed"
            },
            "message": "Turned native_metrics feature flag into configuration option\n",
            "hash": "4f2779ebe1e2f4d08422803a63d9fdcdc5033596",
            "author": "Natalie Wolfe <natalie@lifewanted.com>",
            "date": "Thu Dec 20 14:16:16 2018"
        },
        {
            "title": "Removed synthetics feature flag.",
            "flags": {
                "synthetics": "removed"
            },
            "message": "Removed synthetics feature flag.\n",
            "hash": "7a5abfa0fb4151c782514dd476ab14e92b91483c",
            "author": "Natalie Wolfe <natalie@lifewanted.com>",
            "date": "Thu Dec 20 13:54:11 2018"
        },
        {
            "title": "Removed custom_metrics feature flag",
            "flags": {
                "custom_metrics": "removed"
            },
            "message": "Removed custom_metrics feature flag\n",
            "hash": "b1db66c6f78849332dd70c56ad883cebc7c3909d",
            "author": "Natalie Wolfe <natalie@lifewanted.com>",
            "date": "Thu Dec 20 13:47:33 2018"
        },
        {
            "title": "Removed custom_instrumentation feature flag.",
            "flags": {
                "custom_instrumentation": "removed"
            },
            "message": "Removed custom_instrumentation feature flag.\n",
            "hash": "747926eb5f72006ec6af9bdc8f1d0f7112895d98",
            "author": "Natalie Wolfe <natalie@lifewanted.com>",
            "date": "Thu Dec 20 13:41:07 2018"
        },
        {
            "title": "remove protocol_17 feature flag",
            "flags": {
                "protocol_17": "removed"
            },
            "message": "remove protocol_17 feature flag\n",
            "hash": "23870931e0b67c6535b6b046f43449de1a45f724",
            "author": "Peter Svetlichny <psvetlichny@newrelic.com>",
            "date": "Mon Dec 10 11:22:59 2018"
        },
        {
            "title": "Merge branch 'integration' into psvet/update-protocol",
            "flags": {
                "serverless_mode": "False",
                "protocol_17": "False"
            },
            "message": "Merge branch 'integration' into psvet/update-protocol",
            "hash": "93ee7fac6ed0c675746aa07b018afb963bf6e8c5",
            "merge": "85ab7748 1e3ec090",
            "author": "Natalie Wolfe <nwolfe@newrelic.com>",
            "date": "Mon Nov 12 13:37:51 2018"
        },
        {
            "title": "p17: add protocol_17 feature flag",
            "flags": {
                "protocol_17": "False"
            },
            "message": "p17: add protocol_17 feature flag\n",
            "hash": "38f4d3842de4138616aad4d79e7cf2b9ce263fca",
            "author": "Peter Svetlichny <psvetlichny@newrelic.com>",
            "date": "Mon Nov 12 08:09:53 2018"
        },
        {
            "title": "added serverless_mode feature flag",
            "flags": {
                "serverless_mode": "False"
            },
            "message": "added serverless_mode feature flag\n",
            "hash": "a82077909e6803a21367dcb632bc3e155fc1f57d",
            "author": "Bryan Clement <bclement@newrelic.com>",
            "date": "Fri Oct 26 13:50:12 2018"
        },
        {
            "title": "added serverless_mode feature flag",
            "flags": {
                "serverless_mode": "False"
            },
            "message": "added serverless_mode feature flag\n",
            "hash": "77953b370326a0685eec692c9791b42abf35e9ae",
            "author": "Bryan Clement <bclement@newrelic.com>",
            "date": "Fri Oct 26 13:50:12 2018"
        },
        {
            "title": "converted the DT feature flag to a config value",
            "flags": {
                "distributed_tracing": "removed"
            },
            "message": "converted the DT feature flag to a config value\n",
            "hash": "40dfddd5c672bbab0c3ba51d039254ec062f1fe6",
            "author": "Bryan Clement <bclement@newrelic.com>",
            "date": "Fri Jul 20 11:29:58 2018"
        },
        {
            "title": "Added better CAT feature flag branches",
            "flags": {
                "distributed_tracing": "False"
            },
            "message": "Added better CAT feature flag branches\n",
            "hash": "68d28aa73531636175d80b98bbf2ebab6d8aedf8",
            "author": "Bryan Clement <bclement@newrelic.com>",
            "date": "Thu Apr 26 13:43:33 2018"
        },
        {
            "title": "feat(request.uri): mark send_request_uri_attribute flag as released",
            "flags": {
                "reverse_naming_rules": "False",
                "send_request_uri_attribute": "removed"
            },
            "message": "feat(request.uri): mark send_request_uri_attribute flag as released\n",
            "hash": "2c4c677dea684288250f8671af5ed50f7d3d0701",
            "author": "Peter Svetlichny <psvetlichny@newrelic.com>",
            "date": "Thu Jan 25 13:25:10 2018"
        },
        {
            "title": "set await_support to released",
            "flags": {
                "await_support": "True"
            },
            "message": "set await_support to released\n",
            "hash": "3eeccc5b491ec065f66ce78c47d54819fbd29606",
            "author": "Bryan Clement <bclement@newrelic.com>",
            "date": "Mon Oct 16 09:27:25 2017"
        },
        {
            "title": "added async/await support via async_hook",
            "flags": {
                "await_support": "False"
            },
            "message": "added async/await support via async_hook\n",
            "hash": "13bc8846754c83f8ea4519061cf204bf24cf3347",
            "author": "Bryan Clement <bclement@newrelic.com>",
            "date": "Fri May 26 15:37:34 2017"
        },
        {
            "title": "Added migration guide",
            "flags": {
                "express_segments": "removed"
            },
            "message": "Added migration guide\n",
            "hash": "05d0381287d1ffec31539a50d7c5297c5c1733a7",
            "author": "Natalie Wolfe <nwolfe@newrelic.com>",
            "date": "Mon Jun 19 15:50:31 2017"
        },
        {
            "title": "cat: changed feature flag to cross_application_tracer.enabled",
            "flags": {
                "cat": "removed"
            },
            "message": "cat: changed feature flag to cross_application_tracer.enabled\n",
            "hash": "e4d88b86a367237a02431b13970b3f8c4c688683",
            "author": "Natalie Wolfe <nwolfe@newrelic.com>",
            "date": "Wed Jun 14 11:11:14 2017"
        },
        {
            "title": "Merge branch 'integration' into nwolfe/v2.3.0",
            "flags": {
                "native_metrics": "True",
                "reverse_naming_rules": "False"
            },
            "message": "Merge branch 'integration' into nwolfe/v2.3.0\n",
            "hash": "4b144ae40f4d82df7e3d9bba9bbc2bf6e414d9b4",
            "merge": "c9a9689c 9876e59f",
            "author": "Natalie Wolfe <nwolfe@newrelic.com>",
            "date": "Fri Dec 30 18:12:30 2016"
        },
        {
            "title": "config: added a feature flag to turn off native metric collection",
            "flags": {
                "native_metrics": "True"
            },
            "message": "config: added a feature flag to turn off native metric collection\n",
            "hash": "2801fd5bf3a8d01b62806b633dabff24af3a11f5",
            "author": "Bryan Clement <bclement@newrelic.com>",
            "date": "Mon Dec 5 15:19:45 2016"
        },
        {
            "title": "rules: reversed default for reversed naming rules",
            "flags": {
                "reverse_naming_rules": "False"
            },
            "message": "rules: reversed default for reversed naming rules\n",
            "hash": "be2829cbfdbc201bc3291f764b8525e26de901f4",
            "author": "Natalie Wolfe <nwolfe@newrelic.com>",
            "date": "Mon Aug 29 15:11:25 2016"
        },
        {
            "title": "api: fixes and improvements around naming rules",
            "flags": {
                "reverse_naming_rules": "True"
            },
            "message": "api: fixes and improvements around naming rules\n",
            "hash": "05095b450027e87a366d984ca0c8276641985337",
            "author": "Natalie Wolfe <nwolfe@newrelic.com>",
            "date": "Wed Aug 24 20:07:15 2016"
        },
        {
            "title": "insights: added request_uri attribute to transaction and error events",
            "flags": {
                "promise_segments": "False",
                "send_request_uri_attribute": "False"
            },
            "message": "insights: added request_uri attribute to transaction and error events\n",
            "hash": "a4fdafe38534c65f0e6a63972eecfcf5739647bf",
            "author": "Martin Kuba <mkuba@newrelic.com>",
            "date": "Fri May 20 14:47:27 2016"
        },
        {
            "title": "instrumentation: enabled Express middleware metrics by default",
            "flags": {
                "express_segments": "True"
            },
            "message": "instrumentation: enabled Express middleware metrics by default\n",
            "hash": "55c57f35ff6d6493123bfb77af2488901c6329c9",
            "author": "Martin Kuba <mkuba@newrelic.com>",
            "date": "Fri Apr 29 11:29:06 2016"
        },
        {
            "title": "instrumentation: Added generic promise instrumentation, moved bluebird instrumentation to use the generic version",
            "flags": {
                "express_segments": "False",
                "promise_segments": "False"
            },
            "message": "instrumentation: Added generic promise instrumentation, moved bluebird instrumentation to use the generic version\n",
            "hash": "ce90a33ef30a9a30d536ef8d0c9afb826def60b4",
            "author": "Natalie Wolfe <natalie@lifewanted.com>",
            "date": "Thu Apr 7 18:21:08 2016"
        },
        {
            "title": "instrumentation: refactored express instrumentation",
            "flags": {
                "synthetics": "True",
                "express_segments": "False"
            },
            "message": "instrumentation: refactored express instrumentation\n",
            "hash": "0cebe99e0a335ebef165182e275339b445569527",
            "author": "Martin Kuba <mkuba@newrelic.com>",
            "date": "Thu Dec 17 20:27:34 2015"
        },
        {
            "title": "flag: removed custom_event feature flag",
            "flags": {
                "custom_events": "removed"
            },
            "message": "flag: removed custom_event feature flag\n",
            "hash": "dbab83b66eea439047e29d4210fe66412de7ded2",
            "author": "Jeff Olfert <jolfert@newrelic.com>",
            "date": "Thu Apr 16 14:39:06 2015"
        },
        {
            "title": "instrumentation: express 5 support",
            "flags": {
                "express5": "False"
            },
            "message": "instrumentation: express 5 support\n",
            "hash": "68ae74914ea2115398c51c5443667d80d920da60",
            "author": "Bryan Clement <bclement@newrelic.com>",
            "date": "Thu Mar 19 10:25:20 2015"
        },
        {
            "title": "transactions: enabled synthetics force transaction traces",
            "flags": {
                "custom_metrics": "True",
                "synthetics": "True"
            },
            "message": "transactions: enabled synthetics force transaction traces\n",
            "hash": "5d47d9a6aa3f68dace70d04a5a57fb8f09201965",
            "author": "Wraithan (Chris McDonald) <wmcdonald@newrelic.com>",
            "date": "Fri Feb 6 15:03:52 2015"
        },
        {
            "title": "api: custom events enabled by default",
            "flags": {
                "custom_events": "True"
            },
            "message": "api: custom events enabled by default\n",
            "hash": "a477e2eb4a0f92b3d31ec0ae21608736a8cb1f85",
            "author": "Wraithan (Chris McDonald) <wmcdonald@newrelic.com>",
            "date": "Fri Jan 23 12:04:07 2015"
        },
        {
            "title": "api: add custom events api behind feature flag (DO NOT USE)",
            "flags": {
                "cat": "True",
                "custom_events": "False",
                "custom_metrics": "True"
            },
            "message": "api: add custom events api behind feature flag (DO NOT USE)\n",
            "hash": "0e749104b61ffc164ce987a06af2d623f7356424",
            "author": "Wraithan (Chris McDonald) <wmcdonald@newrelic.com>",
            "date": "Tue Nov 4 11:31:37 2014"
        },
        {
            "title": "api: turn on custom metrics by default",
            "flags": {
                "custom_metrics": "True"
            },
            "message": "api: turn on custom metrics by default\n",
            "hash": "d382aeef18a9e754df8569f9fcb01c6e1a6feab3",
            "author": "Michael Hayes <mhayes@newrelic.com>",
            "date": "Thu Oct 30 16:25:18 2014"
        },
        {
            "title": "api: add support for custom metrics",
            "flags": {
                "custom_metrics": "False"
            },
            "message": "api: add support for custom metrics\n",
            "hash": "853beac71134bb87119af1055b8e51177ec04653",
            "author": "Michael Hayes <mhayes@newrelic.com>",
            "date": "Thu Oct 16 11:10:04 2014"
        },
        {
            "title": "flags: remove flags for proxy and mysql_pool",
            "flags": {
                "proxy": "removed",
                "mysql_pool": "removed"
            },
            "message": "flags: remove flags for proxy and mysql_pool\n",
            "hash": "97a9988449fd2a0f214e136de5d3f09317d64675",
            "author": "Michael Hayes <mhayes@newrelic.com>",
            "date": "Tue Oct 14 16:47:34 2014"
        },
        {
            "title": "cat: added nr.apdexPerfZone and cleaned up some other related code.",
            "flags": {
                "cat": "True"
            },
            "message": "cat: added nr.apdexPerfZone and cleaned up some other related code.\n",
            "hash": "65a4a74966ea3cd025572d67e3c7fe4fe3bcc526",
            "author": "Wraithan (Chris McDonald) <wmcdonald@newrelic.com>",
            "date": "Mon Oct 6 17:52:45 2014"
        },
        {
            "title": "cat: Added support for cross application tracing and CAT Map",
            "flags": {
                "cat": "False"
            },
            "message": "cat: Added support for cross application tracing and CAT Map\n",
            "hash": "c4019b2757affee6623374f5bf594c3a47f58058",
            "author": "Wraithan (Chris McDonald) <wmcdonald@newrelic.com>",
            "date": "Tue Sep 30 02:56:00 2014"
        },
        {
            "title": "pg: Remove feature flagging",
            "flags": {
                "postgres": "removed"
            },
            "message": "pg: Remove feature flagging\n",
            "hash": "070f3a3ddfa4f78e61319a859e04de3ed185e483",
            "author": "Chase Douglas <chase@newrelic.com>",
            "date": "Fri Sep 19 09:54:23 2014"
        },
        {
            "title": "flags: Turned on postgres feature flag, updated tests for consistency",
            "flags": {
                "postgres": "True"
            },
            "message": "flags: Turned on postgres feature flag, updated tests for consistency\n",
            "hash": "71f694271cc24f84fbd3d50982f8780031b5243f",
            "author": "Lynn Kitchner <lkitchner@newrelic.com>",
            "date": "Thu Sep 4 14:21:06 2014"
        },
        {
            "title": "mysql: general release of pooling support",
            "flags": {
                "mysql_pool": "True"
            },
            "message": "mysql: general release of pooling support\n",
            "hash": "22dfd6ab229d518ba471ee2df809b1ed898e685c",
            "author": "Jacob Groundwater <jacob@newrelic.com>",
            "date": "Thu Aug 21 09:05:00 2014"
        },
        {
            "title": "api: add the transaction commands and expose them",
            "flags": {
                "custom_instrumentation": "True"
            },
            "message": "api: add the transaction commands and expose them\n",
            "hash": "3f1b01e3e0e1286589fbb7fcc9b2d61c40c7a12e",
            "author": "Wraithan (Chris McDonald) <wmcdonald@newrelic.com>",
            "date": "Wed Aug 13 14:38:49 2014"
        },
        {
            "title": "mysql: instrument pooling",
            "flags": {
                "mysql_pool": "False"
            },
            "message": "mysql: instrument pooling\n",
            "hash": "5c5a691d753f02f1c937906d23312f4eafda5849",
            "author": "Jacob Groundwater <jacob@newrelic.com>",
            "date": "Mon Aug 4 15:25:58 2014"
        },
        {
            "title": "postgres instrumentation for pg and pg.js, feature flagged",
            "flags": {
                "custom_instrumentation": "False",
                "postgres": "False"
            },
            "message": "postgres instrumentation for pg and pg.js, feature flagged\n",
            "hash": "a96d8fe589da22cc911ac62e692bfbfbdaafb060",
            "author": "Lynn Kitchner <lkitchner@newrelic.com>",
            "date": "Thu Jul 24 17:44:25 2014"
        },
        {
            "title": "api: feature flagged stab at custom segments",
            "flags": {
                "proxy": "True",
                "custom_instrumentation": "False"
            },
            "message": "api: feature flagged stab at custom segments\n",
            "hash": "52abff49200f96ebccfa8fd480aad5f674b16181",
            "author": "Wraithan (Chris McDonald) <wmcdonald@newrelic.com>",
            "date": "Thu Jul 24 13:17:42 2014"
        },
        {
            "title": "proxy: general release of proxy support",
            "flags": {
                "proxy": "True"
            },
            "message": "proxy: general release of proxy support\n",
            "hash": "52c5dcaac5b3ecd0e89b793a02c721df35984c84",
            "author": "Jacob Groundwater <jacob@newrelic.com>",
            "date": "Fri Jul 11 13:28:43 2014"
        },
        {
            "title": "proxy: add proxy feature flag",
            "flags": {
                "proxy": "False"
            },
            "message": "proxy: add proxy feature flag\n",
            "hash": "bee9a11c14c7dd9b11a054d948fd11d24f204b60",
            "author": "Jacob Groundwater <jacob@newrelic.com>",
            "date": "Mon Jun 30 15:47:42 2014"
        },
        {
            "title": "insights: remove feature flags",
            "flags": {
                "insights": "removed"
            },
            "message": "insights: remove feature flags\n",
            "hash": "626e19122ad658da41181bed3f8a277bed0f5d02",
            "author": "Jacob Groundwater <jacob@newrelic.com>",
            "date": "Mon Jun 30 16:03:31 2014"
        },
        {
            "title": "instrumentation: remove express4 feature flag",
            "flags": {
                "express4": "removed"
            },
            "message": "instrumentation: remove express4 feature flag\n\nRefactors connect and express instrumentation to make all\nmiddleware go the through same code.\n",
            "hash": "77e2767b61c705d0eba061a9093f0e7beb855278",
            "author": "Wraithan (Chris McDonald) <wmcdonald@newrelic.com>",
            "date": "Tue Jun 3 15:16:22 2014"
        },
        {
            "title": "insights: enable insights for all",
            "flags": {
                "insights": "True"
            },
            "message": "insights: enable insights for all\n",
            "hash": "8ea34801785f2c43fac0223cabcc22c27d47f3ac",
            "author": "Wraithan (Chris McDonald) <wmcdonald@newrelic.com>",
            "date": "Thu May 22 09:55:11 2014"
        },
        {
            "title": "insights: enable insights for all",
            "flags": {
                "insights": "True"
            },
            "message": "insights: enable insights for all\n",
            "hash": "30537faf0bc25b1c7238a830036cee9ba92a1b25",
            "author": "Wraithan (Chris McDonald) <wmcdonald@newrelic.com>",
            "date": "Thu May 22 09:55:11 2014"
        },
        {
            "title": "instrumentation: general release of express 4",
            "flags": {
                "express4": "True"
            },
            "message": "instrumentation: general release of express 4\n",
            "hash": "af032d40b814293ce6f17645d7b064d404f83c55",
            "author": "Jacob Groundwater <jacob@newrelic.com>",
            "date": "Thu May 1 10:43:02 2014"
        },
        {
            "title": "analytics: add beta support for New Relic Insights",
            "flags": {
                "express4": "False",
                "insights": "False"
            },
            "message": "analytics: add beta support for New Relic Insights\n",
            "hash": "9446b58feef68730aeb8f43d22af130080df0cb0",
            "author": "Jacob Groundwater <jacob@newrelic.com>",
            "date": "Mon Apr 28 11:31:53 2014"
        },
        {
            "title": "test: turn on all feature flags during testing",
            "flags": {
                "express4": "False"
            },
            "message": "test: turn on all feature flags during testing\n",
            "hash": "d78430599ad1faedbed51a6660fad72381b32b4b",
            "author": "Wraithan (Chris McDonald) <wmcdonald@newrelic.com>",
            "date": "Fri Apr 18 12:01:54 2014"
        },
        {
            "title": "config: add feature flagging",
            "flags": {
                "express4": "True"
            },
            "message": "config: add feature flagging\n",
            "hash": "4ce3f7289e2b4c225a50941491de2419ed90538e",
            "author": "Jacob Groundwater <jacob@newrelic.com>",
            "date": "Mon Apr 14 14:17:41 2014"
        }
    ]
}