{
    "id": 7431305,
    "node_id": "MDEwOlJlcG9zaXRvcnk3NDMxMzA1",
    "name": "node-newrelic",
    "full_name": "newrelic/node-newrelic",
    "private": false,
    "description": "New Relic Node.js agent code base. Developers are welcome to create pull requests here, please see our contributing guidelines. For New Relic technical support, please go to http://support.newrelic.com.",
    "fork": false,
    "created_at": "2013-01-03T22:19:32Z",
    "updated_at": "2019-12-06T22:35:48Z",
    "pushed_at": "2019-12-18T22:53:17Z",
    "homepage": "",
    "size": 13999,
    "stargazers_count": 736,
    "watchers_count": 736,
    "language": "JavaScript",
    "has_issues": true,
    "has_projects": true,
    "has_downloads": true,
    "has_wiki": false,
    "has_pages": true,
    "forks_count": 277,
    "archived": false,
    "disabled": false,
    "open_issues_count": 9,
    "forks": 277,
    "open_issues": 9,
    "watchers": 736,
    "default_branch": "master",
    "temp_clone_token": "",
    "network_count": 277,
    "subscribers_count": 60,
    "languages": {
        "JavaScript": 3364174,
        "HTML": 12723,
        "Shell": 10290
    }
}