{
    "date": "2019-12-20T17:59:38.473271",
    "commits": [
        {
            "title": "REV-935 add api endpoint to decide if mobile should show upsell (#21612)",
            "flags": {
                "MOBILE_UPSELL_FLAG": "False"
            },
            "message": "REV-935 add api endpoint to decide if mobile should show upsell (#21612)\n\nAdd experimental api endpoint for mobile upsell experiment, more unit tests coming soon",
            "hash": "8bb52f177f5dceb52ca44298f0bdde3878bb68e3",
            "author": "Ben Holt",
            "date": "Tue Sep 10 11:08:54 2019"
        },
        {
            "title": "add video url transformer",
            "flags": {
                "HIDE_ACCESS_DENIALS_FLAG": "False",
                "ENABLE_VIDEO_URL_REWRITE": "False"
            },
            "message": "add video url transformer\n",
            "hash": "942c79e606a18cc6e1f1c05e03243d69a6a4e2ab",
            "author": "DawoudSheraz",
            "date": "Wed Sep 4 22:08:43 2019"
        },
        {
            "title": "remove discount banner display flag",
            "flags": {
                "FIRST_PURCHASE_OFFER_BANNER_DISPLAY": "removed"
            },
            "message": "remove discount banner display flag\n",
            "hash": "c4ae093e7523f3932e6df2ef0dfa20224533ba15",
            "author": "Emma Green",
            "date": "Thu Jun 27 11:01:14 2019"
        },
        {
            "title": "REVEM-374 Remove course prices from dashboard (#20856)",
            "flags": {
                "DASHBOARD_METADATA_FLAG": "removed"
            },
            "message": "REVEM-374 Remove course prices from dashboard (#20856)\n\n",
            "hash": "b8401beaae9577f78b24802e111f9590d5c32878",
            "author": "Christie Rice",
            "date": "Mon Jun 24 05:56:05 2019"
        },
        {
            "title": "REVEM-372 Remove add_audit_deadline and deprecated_metadata waffle flags (#20769)",
            "flags": {
                "AUDIT_DEADLINE_FLAG": "removed",
                "DEPRECATED_METADATA": "removed"
            },
            "message": "REVEM-372 Remove add_audit_deadline and deprecated_metadata waffle flags (#20769)\n\n",
            "hash": "4aba1b21a17d53f8eef868c0640d045a59ed1f42",
            "author": "Christie Rice",
            "date": "Tue Jun 11 06:05:06 2019"
        },
        {
            "title": "waffle flag - test_settings.show_review_rules",
            "flags": {
                "SHOW_REVIEW_RULES_FLAG": "False"
            },
            "message": "waffle flag - test_settings.show_review_rules\nTo toggle proctored exam advanced settings\n\nwaffle flag - test_settings.show_review_rules\nTo toggle proctored exam advanced settings\n\nwaffle flag - test_settings.show_review_rules\nTo toggle proctored exam advanced settings\nacceptance testing update.\n\nwaffle flag - test_settings.show_review_rules\nTo toggle proctored exam advanced settings\nacceptance testing update.\n\nwaffle flag - test_settings.show_review_rules\nTo toggle proctored exam advanced settings\nacceptance testing update.\n\nwaffle flag - studio.show_review_rules\nTo toggle proctored exam advanced settings\nacceptance testing update.\nAdded CR comments - moved UI vis toggle to template instead of js. Moved waffle flag to waffle.py\n\nwaffle flag - studio.show_review_rules\nTo toggle proctored exam advanced settings\nacceptance testing update.\nAdded CR comments - moved UI vis toggle to template instead of js. Moved waffle flag to waffle.py\n\nwaffle flag - studio.show_review_rules\nTo toggle proctored exam advanced settings\nacceptance testing update.\nAdded CR comments - moved UI vis toggle to template instead of js. Moved waffle flag to waffle.py\nUpdated JS UT and acceptance\n\nMove common/djangoapps/enrollment to openedx/core/djangoapps/enrollments\n\nFix Pylint for enrollments\n\nREADME for enrollments app\n\nMove command arguments to common settings\n\nMove command parameter arguments, resend-days and days-range, to\ncommon settings. This will help in creating a consistency when the\ndefault values are changed in the future.\n\nLEARNER-7313\n\nBumped edx-enterprise version and added cornerstone app\n\nUpdating Bokchoy testing database cache (#20713)\n\ncomplete waiting enrollments. fixed\n\nRemove microsites from user_authn\nDEPR-30\n\nRemove microsites from certificates\nDEPR-26\n\nRemove microsites from shoppingcart\nDEPR-27\n\nUpdating Bokchoy testing database cache (#20715)\n\nadd arch decision of computation of course-user discount\n\nMark missing string for internationalization\n\nRemove microsites from static_template_view\nDEPR-28\n\nREADME for commerce and shoppingcart\n\nREADME for certificates\n\nREADME for course_experience\n\ngeoip2: update maxmind geolite country database\n\nuser existence check updated to use email only\n\nBumped edx-when\n\nUse our fork of this repo instead of the mitocw one.\n\nMake platform bootstrap footer match other footer\n\nChanges:\n- Add logo back\n- Fix up spacing\n- Change font sizes and color\n\nMark alt text for translation\n\nwaffle flag - test_settings.show_review_rules\nTo toggle proctored exam advanced settings\n\nwaffle flag - test_settings.show_review_rules\nTo toggle proctored exam advanced settings\n\nwaffle flag - test_settings.show_review_rules\nTo toggle proctored exam advanced settings\nacceptance testing update.\n\nwaffle flag - test_settings.show_review_rules\nTo toggle proctored exam advanced settings\nacceptance testing update.\n\nwaffle flag - test_settings.show_review_rules\nTo toggle proctored exam advanced settings\nacceptance testing update.\n\nwaffle flag - studio.show_review_rules\nTo toggle proctored exam advanced settings\nacceptance testing update.\nAdded CR comments - moved UI vis toggle to template instead of js. Moved waffle flag to waffle.py\n\nwaffle flag - studio.show_review_rules\nTo toggle proctored exam advanced settings\nacceptance testing update.\nAdded CR comments - moved UI vis toggle to template instead of js. Moved waffle flag to waffle.py\n\nwaffle flag - studio.show_review_rules\nTo toggle proctored exam advanced settings\nacceptance testing update.\nAdded CR comments - moved UI vis toggle to template instead of js. Moved waffle flag to waffle.py\nUpdated JS UT and acceptance\n\nMove common/djangoapps/enrollment to openedx/core/djangoapps/enrollments\n\nFix Pylint for enrollments\n\nREADME for enrollments app\n\nMove command arguments to common settings\n\nMove command parameter arguments, resend-days and days-range, to\ncommon settings. This will help in creating a consistency when the\ndefault values are changed in the future.\n\nLEARNER-7313\n\nBumped edx-enterprise version and added cornerstone app\n\nUpdating Bokchoy testing database cache (#20713)\n\ncomplete waiting enrollments. fixed\n\nRemove microsites from user_authn\nDEPR-30\n\nRemove microsites from certificates\nDEPR-26\n\nRemove microsites from shoppingcart\nDEPR-27\n\nUpdating Bokchoy testing database cache (#20715)\n\nadd arch decision of computation of course-user discount\n\nMark missing string for internationalization\n\nRemove microsites from static_template_view\nDEPR-28\n\nREADME for commerce and shoppingcart\n\nREADME for certificates\n\nREADME for course_experience\n\ngeoip2: update maxmind geolite country database\n\nuser existence check updated to use email only\n\nBumped edx-when\n\nUse our fork of this repo instead of the mitocw one.\n\nMake platform bootstrap footer match other footer\n\nChanges:\n- Add logo back\n- Fix up spacing\n- Change font sizes and color\n\nMark alt text for translation\n",
            "hash": "5eeb423372f65bdb75d60852d04ec4bc59224cea",
            "author": "atesker",
            "date": "Tue May 28 11:46:27 2019"
        },
        {
            "title": "REVEM-350 Consolidate code for user-metadata and dashboard-metadata",
            "flags": {
                "DEPRECATED_METADATA": "False"
            },
            "message": "REVEM-350 Consolidate code for user-metadata and dashboard-metadata\n",
            "hash": "036375322aace2a7a8ec45c893bc7e2674d12f6d",
            "author": "Christie Rice",
            "date": "Wed May 8 10:45:18 2019"
        },
        {
            "title": "REVEM-239 Add audit access expiration deadline to user-metadata",
            "flags": {
                "AUDIT_DEADLINE_FLAG": "False"
            },
            "message": "REVEM-239 Add audit access expiration deadline to user-metadata\n",
            "hash": "6db32a36bc8244bfa8c24bb23f91b305d2ed5ebe",
            "author": "Christie Rice",
            "date": "Tue May 7 11:03:48 2019"
        },
        {
            "title": "Account: Toggle for Microfrontend Redirect",
            "flags": {
                "REDIRECT_TO_ACCOUNT_MICROFRONTEND": "False",
                "REDIRECT_TO_PROFILE_MICROFRONTEND": "False"
            },
            "message": "Account: Toggle for Microfrontend Redirect\nARCH-636\n",
            "hash": "2a168a4e1ba12da9b8782267211f9c30f0fbac47",
            "author": "Nimisha Asthagiri",
            "date": "Tue Apr 30 16:59:19 2019"
        },
        {
            "title": "add first purchase discount banner on course home",
            "flags": {
                "FIRST_PURCHASE_OFFER_BANNER_DISPLAY": "False"
            },
            "message": "add first purchase discount banner on course home\n",
            "hash": "75dc4459cde25e95204dcbcaf6d3793af0993ea3",
            "author": "Matthew Piatetsky",
            "date": "Mon Apr 29 13:57:41 2019"
        },
        {
            "title": "Remove Diff Paid experimental features.",
            "flags": {
                "INCLUDE_UPSELL_MODAL": "removed",
                "ENABLE_DASHBOARD_TAB": "removed",
                "INCLUDE_PORTFOLIO_UPSELL_MODAL": "removed"
            },
            "message": "Remove Diff Paid experimental features.\n",
            "hash": "c6a89b03b93f6297cff46b60158a63c134f8a265",
            "author": "Diana Huang",
            "date": "Wed Apr 17 12:49:35 2019"
        },
        {
            "title": "REVEM-306 Remove experiments.add_program_price flag (#20259)",
            "flags": {
                "PROGRAM_PRICE_FLAG": "removed"
            },
            "message": "REVEM-306 Remove experiments.add_program_price flag (#20259)\n\n",
            "hash": "32edefb425ae61f1ed2ae0c552bab9ee627ca7e6",
            "author": "Christie Rice",
            "date": "Wed Apr 17 12:26:08 2019"
        },
        {
            "title": "add applicability endpoint",
            "flags": {
                "DISCOUNT_APPLICABILITY_FLAG": "False"
            },
            "message": "add applicability endpoint\n",
            "hash": "7ae68aa383001daebc42f0cdcab64ed96e7a55e1",
            "author": "Emma Green",
            "date": "Wed Apr 17 08:58:48 2019"
        },
        {
            "title": "Order History: Toggled redirection to Microfrontend",
            "flags": {
                "REDIRECT_TO_ORDER_HISTORY_MICROFRONTEND": "False"
            },
            "message": "Order History: Toggled redirection to Microfrontend\nARCH-641\n",
            "hash": "dbde017a9be1682f7d4278cf49f49e3e29591116",
            "author": "Nimisha Asthagiri",
            "date": "Wed Apr 10 18:57:43 2019"
        },
        {
            "title": "Learner Profile Toggles: Annotate and Remove outdated ones",
            "flags": {
                "SHOW_PROFILE_MESSAGE": "removed",
                "SHOW_ACHIEVEMENTS_FLAG": "removed"
            },
            "message": "Learner Profile Toggles: Annotate and Remove outdated ones\nARCH-453\n",
            "hash": "47759427bab3c11bacacddb61c99ee3ab836afed",
            "author": "Nimisha Asthagiri",
            "date": "Sat Apr 6 14:01:50 2019"
        },
        {
            "title": "REVEM-203 Add course and program info to dashboard metadata",
            "flags": {
                "DASHBOARD_METADATA_FLAG": "False",
                "DASHBOARD_INFO_FLAG": "False"
            },
            "message": "REVEM-203 Add course and program info to dashboard metadata\n",
            "hash": "052683f92686f8da01be76e39df79f4efea4af0d",
            "author": "Christie Rice",
            "date": "Wed Mar 27 11:33:57 2019"
        },
        {
            "title": "REVEM-207 Add program price and purchase url to user metadata",
            "flags": {
                "PROGRAM_PRICE_FLAG": "False"
            },
            "message": "REVEM-207 Add program price and purchase url to user metadata\n",
            "hash": "b2432ac5aaca39d44f8b1e889ae5dbc5637d3575",
            "author": "Christie Rice",
            "date": "Tue Mar 12 06:05:05 2019"
        },
        {
            "title": "Remove FEATURE_BASED_ENROLLMENT_GLOBAL_KILL_FLAG",
            "flags": {
                "FEATURE_BASED_ENROLLMENT_GLOBAL_KILL_FLAG": "removed"
            },
            "message": "Remove FEATURE_BASED_ENROLLMENT_GLOBAL_KILL_FLAG\n",
            "hash": "74bcc2941769d48bbbc85292e741abea2757fd49",
            "author": "Matthew Piatetsky",
            "date": "Thu Mar 7 11:48:36 2019"
        },
        {
            "title": "Remove CONTENT_TYPE_GATING flag",
            "flags": {
                "CONTENT_TYPE_GATING_FLAG": "removed"
            },
            "message": "Remove CONTENT_TYPE_GATING flag\n",
            "hash": "49ae6b9d7376ab770c2dc585776bc468593b4281",
            "author": "Matthew Piatetsky",
            "date": "Thu Mar 7 08:50:36 2019"
        },
        {
            "title": "REVEM-198 Add waffle flag around get programs call",
            "flags": {
                "PROGRAM_INFO_FLAG": "False"
            },
            "message": "REVEM-198 Add waffle flag around get programs call\n",
            "hash": "67277e72d94c96d1223efa5172b95dbf18e9e585",
            "author": "Christie Rice",
            "date": "Mon Feb 25 08:30:15 2019"
        },
        {
            "title": "Add cookie size monitoring New Relic metrics.",
            "flags": {
                "CAPTURE_COOKIE_SIZES": "False"
            },
            "message": "Add cookie size monitoring New Relic metrics.\n\nThis adds middleware that will create custom parameter metrics in\nNew Relic to track the size of all the cookies being received for\nour domain. The custom fields are \"cookies_total_size\" and a\nseparate named parameter for every cookie size, e.g.\n\"cookies.csrftoken.size\".\n\nThis is intended to help us track cookie growth and better diagnose\nissues where users lose their sessions. It is toggled by the\n'request_utils.capture_cookie_sizes' Waffle Flag.\n",
            "hash": "76620e0bf2449fea05ffd9477f705284fe1adfc8",
            "author": "David Ormsbee",
            "date": "Fri Feb 22 11:29:31 2019"
        },
        {
            "title": "Redirect Profile view to Profile Microfrontend",
            "flags": {
                "REDIRECT_TO_PROFILE_MICROFRONTEND": "False"
            },
            "message": "Redirect Profile view to Profile Microfrontend\n",
            "hash": "7848dd737f964757fd1de2ceb508ddf77b7d5f31",
            "author": "Nimisha Asthagiri",
            "date": "Tue Feb 12 20:57:50 2019"
        },
        {
            "title": "Merge pull request #19253 from open-craft/agrendalath/xblock-handle-oauth",
            "flags": {
                "SEO_WAFFLE_FLAG": "removed"
            },
            "message": "Merge pull request #19253 from open-craft/agrendalath/xblock-handle-oauth\n\nAdd OAuth2 and JWT support to XBlock handlers",
            "hash": "8b477635431e8a0a75debb98173b1a9ae5689429",
            "merge": "48ac13e73e aa0e06a15e",
            "author": "David Ormsbee",
            "date": "Wed Jan 16 16:46:20 2019"
        },
        {
            "title": "Add basic pagination in video upload page",
            "flags": {
                "ENABLE_VIDEO_UPLOAD_PAGINATION": "False"
            },
            "message": "Add basic pagination in video upload page\n",
            "hash": "3b7918b07aabfc8a48677ac41a868af7fb0ea90b",
            "author": "noraiz-anwar",
            "date": "Thu Dec 27 06:24:31 2018"
        },
        {
            "title": "Merge pull request #19450 from edx/tuchfarber/fix_experiment_integrity_error",
            "flags": {
                "FEATURE_BASED_ENROLLMENT_GLOBAL_KILL_FLAG": "False"
            },
            "message": "Merge pull request #19450 from edx/tuchfarber/fix_experiment_integrity_error\n\nIgnore integrity error in revenue holdback experiment",
            "hash": "b034f4e0d42259af2e98758d792f436de9b8e1eb",
            "merge": "ebf4278c7b 885850eadb",
            "author": "Matt Tuchfarber",
            "date": "Fri Dec 14 13:52:29 2018"
        },
        {
            "title": "REVE-154 FBE Global Kill Switch",
            "flags": {
                "FEATURE_BASED_ENROLLMENT_GLOBAL_KILL_FLAG": "False"
            },
            "message": "REVE-154 FBE Global Kill Switch\n\nCreate a global kill switch for feature based enrollment.  To turn on\nthe kill switch (and turn off both course duration gating and content\ntype gating) enable a waffle flag named:\n'content_type_gating.global_kill_switch'\n",
            "hash": "6f2a2785e892075dc9cc3301618e9d3052ebf19b",
            "author": "Bessie Steinberg",
            "date": "Thu Dec 13 10:30:06 2018"
        },
        {
            "title": "Merge pull request #19284 from open-craft/symbolist/access-for-unenrolled-learners",
            "flags": {
                "SEO_WAFFLE_FLAG": "removed"
            },
            "message": "Merge pull request #19284 from open-craft/symbolist/access-for-unenrolled-learners\n\nAccess for unenrolled learners.",
            "hash": "192ed213f6410ef5db628163b6faabf2548ab2f1",
            "merge": "e571f81f39 c4fc4b5df6",
            "author": "David Ormsbee",
            "date": "Mon Dec 10 08:03:00 2018"
        },
        {
            "title": "Added enable quality waffle flag",
            "flags": {
                "DISABLE_COURSE_CHECKLIST_QUALITY": "removed",
                "ENABLE_CHECKLISTS_QUALITY": "False"
            },
            "message": "Added enable quality waffle flag\n",
            "hash": "e451324ed3aa18fef3912fba528e23cc805d94ef",
            "author": "asadazam93",
            "date": "Thu Nov 29 02:16:06 2018"
        },
        {
            "title": "Merge pull request #19258 from edx/revert/paulo/anonymous-views",
            "flags": {
                "SEO_WAFFLE_FLAG": "False"
            },
            "message": "Merge pull request #19258 from edx/revert/paulo/anonymous-views\n\nRevert \"Merge pull request #18720 from open-craft/paulo/anonymous-views\"",
            "hash": "4b9a8547d43c8683e503df9c6de2ae12dfa3ed23",
            "merge": "9175139f94 194c6bacb6",
            "author": "Awais Jibran",
            "date": "Mon Nov 12 00:03:44 2018"
        },
        {
            "title": "Revert \"Merge pull request #18720 from open-craft/paulo/anonymous-views\"",
            "flags": {
                "SEO_WAFFLE_FLAG": "False",
                "COURSE_ENABLE_UNENROLLED_ACCESS_FLAG": "removed"
            },
            "message": "Revert \"Merge pull request #18720 from open-craft/paulo/anonymous-views\"\n\nThis reverts commit f9ae594dfea5432493cc6849d0ddf43d93eb9bee, reversing\nchanges made to 7c08e50fded67f5a77d86ade28455256ad1ed21c.\n",
            "hash": "194c6bacb6a018ec8d821f7d7243bc729c899d5d",
            "author": "Awais Jibran",
            "date": "Fri Nov 9 06:50:37 2018"
        },
        {
            "title": "Add waffle flag to disable quality for course-v1:HarvardX+SW12.1x+2016",
            "flags": {
                "DISABLE_COURSE_CHECKLIST_QUALITY": "False"
            },
            "message": "Add waffle flag to disable quality for course-v1:HarvardX+SW12.1x+2016\n",
            "hash": "75f0211b0da1acf5d35cbcce4c1008f936213126",
            "author": "asadazam93",
            "date": "Mon Nov 5 04:14:47 2018"
        },
        {
            "title": "Add StackedConfigurationModels for managing content_type_gating and course_duration_limits",
            "flags": {
                "CONTENT_TYPE_GATING_STUDIO_UI_FLAG": "removed"
            },
            "message": "Add StackedConfigurationModels for managing content_type_gating and course_duration_limits\n",
            "hash": "0cb48dfe1c436df099e947af2118b43dacc6a1f1",
            "author": "Calen Pennington",
            "date": "Fri Nov 2 11:42:39 2018"
        },
        {
            "title": "Enable course run level overrides for proctoring configuration.",
            "flags": {
                "ENABLE_PROCTORING_PROVIDER_OVERRIDES": "False"
            },
            "message": "Enable course run level overrides for proctoring configuration.\n",
            "hash": "ecabcf90ddb6bb020411e3990f4145a32989ef76",
            "author": "Michael Roytman",
            "date": "Fri Nov 2 08:41:26 2018"
        },
        {
            "title": "Remove JWT_COOKIES_FLAG.",
            "flags": {
                "JWT_COOKIES_FLAG": "removed"
            },
            "message": "Remove JWT_COOKIES_FLAG.\n\nThe JWT_COOKIES_FLAG was a temporary flag used for rollout of the new\nJWT cookies. These are live in Production, so we are removing the flag.\n\nWithout this flag, we set JWT cookies during login. However, this\nrequires an oAuth Client that isn't always available during unit tests.\nWe introduced a feature flag that is only used for unit tests to\ndisable setting the JWT cookies. The code explains a bit more why this\nsolution was selected over adding the oauth client to the database.\n\nARCH-247\n",
            "hash": "53239bdf3791c87b4e16ac0a46c010379b88710f",
            "author": "Robert Raposa",
            "date": "Mon Oct 22 08:35:14 2018"
        },
        {
            "title": "add content gating waffle flag",
            "flags": {
                "CONTENT_TYPE_GATING_FLAG": "False"
            },
            "message": "add content gating waffle flag\n",
            "hash": "9037999bd2b6b3820391f9e9f874f0b4c04fc924",
            "author": "Matthew Piatetsky",
            "date": "Fri Oct 19 14:35:42 2018"
        },
        {
            "title": "Allow Studio override of Feature Based Enrollment status for individual xblocks",
            "flags": {
                "CONTENT_TYPE_GATING_STUDIO_UI_FLAG": "False"
            },
            "message": "Allow Studio override of Feature Based Enrollment status for individual xblocks\n",
            "hash": "f9dd7fe22341ad39d9605c4bee23f731c17d321e",
            "author": "Calen Pennington",
            "date": "Thu Oct 18 06:34:04 2018"
        },
        {
            "title": "Cleaning up unicode waffle flag",
            "flags": {
                "PASSWORD_UNICODE_NORMALIZE_FLAG": "removed"
            },
            "message": "Cleaning up unicode waffle flag\n",
            "hash": "0a0df72fc9842008ccaa737bf49c51c6113faa7a",
            "author": "Dillon Dumesnil",
            "date": "Mon Oct 15 06:55:33 2018"
        },
        {
            "title": "Add unicode normalization to passwords.",
            "flags": {
                "PASSWORD_UNICODE_NORMALIZE_FLAG": "False"
            },
            "message": "Add unicode normalization to passwords.\n\nLEARNER-4283\n",
            "hash": "9c57cd17700469f411b29b6f3851bc17b7a74a26",
            "author": "Cali Stenson",
            "date": "Wed Oct 3 06:37:49 2018"
        },
        {
            "title": "Remove waffles gating permanent checklist features",
            "flags": {
                "ENABLE_CHECKLISTS_QUALITY": "removed"
            },
            "message": "Remove waffles gating permanent checklist features\n",
            "hash": "8df171a8c2f08b64a4fe8f6b5f19af8d90574454",
            "author": "Matt Hughes",
            "date": "Thu Sep 27 12:10:40 2018"
        },
        {
            "title": "Add JWT_COOKIES_FLAG feature toggle.",
            "flags": {
                "JWT_COOKIES_FLAG": "False"
            },
            "message": "Add JWT_COOKIES_FLAG feature toggle.\n\nThis is intended to be a temporary flag for rollout of the JWT Cookies\nfeature.\n\nARCH-235\n",
            "hash": "c91f1fdfc5dcd6eddb6c0909b0ca230185465aa5",
            "author": "Robert Raposa",
            "date": "Fri Sep 14 11:23:53 2018"
        },
        {
            "title": "remove enable_edit_image_modal waffle flag",
            "flags": {
                "ENABLE_IN_CONTEXT_IMAGE_SELECTION": "removed"
            },
            "message": "remove enable_edit_image_modal waffle flag\n",
            "hash": "7653f102133c2d4a501ce75f8bce355d67e08358",
            "author": "Michael Roytman",
            "date": "Thu Aug 16 09:59:44 2018"
        },
        {
            "title": "Removing student records waffle flag from LMS",
            "flags": {
                "STUDENT_RECORDS_FLAG": "removed"
            },
            "message": "Removing student records waffle flag from LMS\n",
            "hash": "f59eafa1c0e298b41b8866ef5d296a6a211fd19d",
            "author": "Dillon Dumesnil",
            "date": "Wed Aug 8 10:48:01 2018"
        },
        {
            "title": "Improve CourseListView end point latency by removing CourseWaffleFlag.",
            "flags": {
                "COURSE_PRE_START_ACCESS_FLAG": "False"
            },
            "message": "Improve CourseListView end point latency by removing CourseWaffleFlag.\n\nThis patch would remove CourseListView slow transaction by changing\nCourseWaffleFlag to WaffleFlag. This removes extra hit on\nWaffleUtil's model (WaffleFlagCourseOverrideModel).\n\nLEARNER-5566\n",
            "hash": "5a730aa934b17f1910464b83c631f693014fabe9",
            "author": "Adeel Khan",
            "date": "Thu Jul 12 04:03:33 2018"
        },
        {
            "title": "Adds CouseModule.course_visibility and XBlock.public_view() for unenrolled users access to courses.",
            "flags": {
                "SEO_WAFFLE_FLAG": "removed",
                "COURSE_ENABLE_UNENROLLED_ACCESS_FLAG": "False"
            },
            "message": "Adds CouseModule.course_visibility and XBlock.public_view() for unenrolled users access to courses.\n\nThe course_visiblity field can have one of three values:\n1. private (default): This keeps the standard access rules.\n2. public_outline: Allows unenrolled and anonymous users access to the outline.\n3. public: Allows unenrolled and anonymous users access to both outline and\n   course content.\n\nWhen an unenrolled user accesses course content, instead of student_view(),\npublic_view() is used. A default implementation is provided for XBlocks\nwhich do not implement this view. The public_view() must not have any\nfunctionality which assumes the presence of a valid User and should show\na readonly only interface for the XBlock content.\n",
            "hash": "c4fc4b5df60c6eb6728e98f10c3dac57431cc3f6",
            "author": "Paulo Viadanna",
            "date": "Thu Jul 5 13:45:17 2018"
        },
        {
            "title": "Adds CouseModule.course_visibility and XBlock.public_view() for unenrolled users access to courses.",
            "flags": {
                "SEO_WAFFLE_FLAG": "removed",
                "COURSE_ENABLE_UNENROLLED_ACCESS_FLAG": "False"
            },
            "message": "Adds CouseModule.course_visibility and XBlock.public_view() for unenrolled users access to courses.\n\nThe course_visiblity field can have one of three values:\n1. private (default): This keeps the standard access rules.\n2. public_outline: Allows unenrolled and anonymous users access to the outline.\n3. public: Allows unenrolled and anonymous users access to both outline and\n   course content.\n\nWhen an unenrolled user accesses course content, instead of student_view(),\npublic_view() is used. A default implementation is provided for XBlocks\nwhich do not implement this view. The public_view() must not have any\nfunctionality which assumes the presence of a valid User and should show\na readonly only interface for the XBlock content.\n",
            "hash": "e6e0a02e0a84fa7afc2109c5cbaf71fe59f783b0",
            "author": "Paulo Viadanna",
            "date": "Thu Jul 5 13:45:17 2018"
        },
        {
            "title": "Adjust default of Course Landing Experience to use expected platform defaults",
            "flags": {
                "USE_BOOTSTRAP_FLAG": "True",
                "SHOW_ACHIEVEMENTS_FLAG": "True"
            },
            "message": "Adjust default of Course Landing Experience to use expected platform defaults\n\nSetting defaults for waffle flags to true.\ndefault=true for use_bootstrap in discussions app\ndefault=true for show_achievements in learner profile app\n\nLEARNER-5509\n",
            "hash": "46ea7834d587190516ce52b05e525254991ee976",
            "author": "Hamza Munir",
            "date": "Wed Jun 20 04:12:13 2018"
        },
        {
            "title": "Add Checklists to new page and to course outline view",
            "flags": {
                "ENABLE_CHECKLISTS_QUALITY": "False"
            },
            "message": "Add Checklists to new page and to course outline view\n",
            "hash": "9b228ada89cfb3356a25861ed442c3c326dba91d",
            "author": "Dennis Jen",
            "date": "Wed Jun 6 13:06:28 2018"
        },
        {
            "title": "Removed GDPR flag and its functionality",
            "flags": {
                "ENABLE_GDPR_COMPAT_FLAG": "removed"
            },
            "message": "Removed GDPR flag and its functionality\n",
            "hash": "623cb0d6aea6126060e54e77e8f6b1ad6b7a14b7",
            "author": "Cole Rogers",
            "date": "Thu May 31 08:12:33 2018"
        },
        {
            "title": "Clean up enrollment rate limit waffles",
            "flags": {
                "REDUCE_RATE_LIMIT_FOR_STAFF_FOR_ENROLLMENT_API": "removed",
                "USE_UNIVERSAL_RATE_LIMIT_FOR_ENROLLMENT_API": "removed"
            },
            "message": "Clean up enrollment rate limit waffles\n\nLEARNER-5038\n",
            "hash": "1310e2f132b2768bb41c9e9da8c0258d63ba815f",
            "author": "christopher lee",
            "date": "Wed May 16 09:57:30 2018"
        },
        {
            "title": "Update student records buttons",
            "flags": {
                "STUDENT_RECORDS_FLAG": "False"
            },
            "message": "Update student records buttons\n\nUpdates the look and feel of the two (experimental and disabled by\ndefault) links to student records.\n\nAlso converts the 'student_records' waffle switch to a waffle flag\nnamed 'credentials.student_records.\n\nLEARNER-5246\n",
            "hash": "6833823cccb1b07888edc9090b896cb23d864656",
            "author": "Michael Terry",
            "date": "Fri May 11 12:21:34 2018"
        },
        {
            "title": "Revert \"Clean up enrollment rate limit waffles\"",
            "flags": {
                "REDUCE_RATE_LIMIT_FOR_STAFF_FOR_ENROLLMENT_API": "False",
                "USE_UNIVERSAL_RATE_LIMIT_FOR_ENROLLMENT_API": "False"
            },
            "message": "Revert \"Clean up enrollment rate limit waffles\"\n\nThis reverts commit 813d59d0919da500c9be9d8e4661606da2e98342.\n",
            "hash": "3a15df4e77dd569e9d01659c26bf483741eb6190",
            "author": "christopher lee",
            "date": "Thu May 10 09:01:04 2018"
        },
        {
            "title": "Clean up enrollment rate limit waffles",
            "flags": {
                "REDUCE_RATE_LIMIT_FOR_STAFF_FOR_ENROLLMENT_API": "removed",
                "USE_UNIVERSAL_RATE_LIMIT_FOR_ENROLLMENT_API": "removed"
            },
            "message": "Clean up enrollment rate limit waffles\n\nLEARNER-5038\n",
            "hash": "813d59d0919da500c9be9d8e4661606da2e98342",
            "author": "christopher lee",
            "date": "Wed May 9 08:38:47 2018"
        },
        {
            "title": "Update rate limit for enrollment api",
            "flags": {
                "REDUCE_RATE_LIMIT_FOR_STAFF_FOR_ENROLLMENT_API": "False",
                "USE_UNIVERSAL_RATE_LIMIT_FOR_ENROLLMENT_API": "False"
            },
            "message": "Update rate limit for enrollment api\n\nLEARNER-5101: The current rate limit was adjusted to be\nvery high for staff users to account for excessive calls\nfrom the ecommerce service. The ecommerce service has\nbeen updated to not make these calls. This commit intends\nto adjust the rate limit to it's original state before the\nexcessive calls.\n",
            "hash": "ce47e1f5474c67c014381414ef27dc266c66cb95",
            "author": "christopher lee",
            "date": "Tue May 1 07:32:52 2018"
        },
        {
            "title": "Change in-context waffle switch to a flag",
            "flags": {
                "ENABLE_IN_CONTEXT_IMAGE_SELECTION": "False"
            },
            "message": "Change in-context waffle switch to a flag\n\nAlso update studio-frontend to version 1.7.1\n",
            "hash": "71e74949e945a1524fe04c9a089d54f84f5611dd",
            "author": "Tyler Hallada",
            "date": "Thu Apr 5 13:44:21 2018"
        },
        {
            "title": "Add new waffle flag for toggling GDPR work.",
            "flags": {
                "ENABLE_GDPR_COMPAT_FLAG": "False"
            },
            "message": "Add new waffle flag for toggling GDPR work.\n",
            "hash": "4dd164de91a7bd933003cdf69a3163ee8318a03d",
            "author": "Diana Huang",
            "date": "Thu Mar 8 11:20:06 2018"
        },
        {
            "title": "Discssions as a plugin",
            "flags": {
                "USE_BOOTSTRAP_FLAG": "False"
            },
            "message": "Discssions as a plugin\n",
            "hash": "4fba472139551fa95eb1dbf127ddc089e8955ef6",
            "author": "Bill DeRusha",
            "date": "Fri Feb 16 11:39:59 2018"
        },
        {
            "title": "make unified_course_tab on by default",
            "flags": {
                "UNIFIED_COURSE_TAB_FLAG": "True"
            },
            "message": "make unified_course_tab on by default\n",
            "hash": "4fdd15a2a2ae0f2922f4aa67728d5675ee9a1425",
            "author": "Matthew Piatetsky",
            "date": "Wed Feb 14 06:29:51 2018"
        },
        {
            "title": "implement portfolio project test upsell modal",
            "flags": {
                "INCLUDE_PORTFOLIO_UPSELL_MODAL": "False"
            },
            "message": "implement portfolio project test upsell modal\n\nupdate styles\n\nhtml updates\n\nadd waffle flags\n\nfix waffle flags\n",
            "hash": "47b36c6acd021bcb25082cfd9c79940514ea31a8",
            "author": "jaebradley",
            "date": "Mon Feb 5 14:21:21 2018"
        },
        {
            "title": "Add new waffle for modals.",
            "flags": {
                "INCLUDE_UPSELL_MODAL": "False"
            },
            "message": "Add new waffle for modals.\n",
            "hash": "d6c15ffdbfb50550d7a0fb0ba83aaf400bc0e9a8",
            "author": "Robert Raposa",
            "date": "Tue Jan 30 11:15:58 2018"
        },
        {
            "title": "Add Learner Analytics dashboard.",
            "flags": {
                "ENABLE_DASHBOARD_TAB": "False"
            },
            "message": "Add Learner Analytics dashboard.\n\nAdd the back-end and front-end React app for Learner Analytics.\nThis was mostly authored by @AlasdairSwan and @dianakhuang.\n\nLEARNER-3376\n",
            "hash": "7af52bf125a5cd1115ee551ee762bd0fb6ebbd11",
            "author": "Diana Huang",
            "date": "Tue Jan 16 07:22:03 2018"
        },
        {
            "title": "Fix course upsell styling when bootstrap is enabled",
            "flags": {
                "USE_BOOTSTRAP_FLAG": "True"
            },
            "message": "Fix course upsell styling when bootstrap is enabled\n",
            "hash": "222b356900b64a8e40095abd7d52c60eab111f8f",
            "author": "Matthew Piatetsky",
            "date": "Mon Jan 8 14:35:16 2018"
        },
        {
            "title": "Revert \"Merge pull request #16728 from edx/pacing/remove-create-schedules-from-course-waffle-flag\"",
            "flags": {
                "CREATE_SCHEDULE_WAFFLE_FLAG": "False"
            },
            "message": "Revert \"Merge pull request #16728 from edx/pacing/remove-create-schedules-from-course-waffle-flag\"\n\nThis reverts commit 8b652ad35263476e1198af3ffa46e07479134b45, reversing\nchanges made to b212af2488a154e7bd76e9e32779b31333984e4d.\n",
            "hash": "8acf3434c06a75bb03503f231e07ff9e37264c79",
            "author": "Nimisha Asthagiri",
            "date": "Wed Dec 6 08:58:39 2017"
        },
        {
            "title": "Removed discussions.forum_response_notifications and discussions.send_notifications_for_course",
            "flags": {
                "SEND_NOTIFICATIONS_FOR_COURSE": "removed"
            },
            "message": "Removed discussions.forum_response_notifications and discussions.send_notifications_for_course\n",
            "hash": "b3bbc159a0afa28382a8237606aa075c0ee21196",
            "author": "sandroroux",
            "date": "Wed Dec 6 06:29:15 2017"
        },
        {
            "title": "Removed references to CREATE_SCHEDULE_WAFFLE_FLAG.",
            "flags": {
                "CREATE_SCHEDULE_WAFFLE_FLAG": "removed"
            },
            "message": "Removed references to CREATE_SCHEDULE_WAFFLE_FLAG.\n",
            "hash": "4dbb935ca73564d615b81dfe471cd9c1ae4d6b92",
            "author": "sandroroux",
            "date": "Thu Nov 30 10:05:21 2017"
        },
        {
            "title": "EDUCATOR-1571 | Send discussion notification on first response; add a CourseWaffleFlag for discussion notifications.",
            "flags": {
                "SEND_NOTIFICATIONS_FOR_COURSE": "False"
            },
            "message": "EDUCATOR-1571 | Send discussion notification on first response; add a CourseWaffleFlag for discussion notifications.\n",
            "hash": "8eb1900299561e392b80bc9d160548f194f352b4",
            "author": "Alex Dusenbery",
            "date": "Tue Nov 7 10:59:31 2017"
        },
        {
            "title": "Removing waffle flag for responsive header.",
            "flags": {
                "RESPONSIVE_HEADER_ENABLED": "removed"
            },
            "message": "Removing waffle flag for responsive header.\n",
            "hash": "63eeca73ce5102f4de16c33198379978f3cb1bf0",
            "author": "Harry Rein",
            "date": "Mon Oct 30 10:44:24 2017"
        },
        {
            "title": "Adding unified, responsive header.",
            "flags": {
                "RESPONSIVE_HEADER_ENABLED": "False"
            },
            "message": "Adding unified, responsive header.\n",
            "hash": "3d79e3e05d6e7a8ff1f88c1f9f928c633247ce42",
            "author": "Harry Rein",
            "date": "Fri Oct 20 12:41:29 2017"
        },
        {
            "title": "Make the discussion board responsive",
            "flags": {
                "USE_BOOTSTRAP_FLAG": "False"
            },
            "message": "Make the discussion board responsive\n\nLEARNER-1923\n",
            "hash": "d18022bb5dba25cd9e3e7eecc59f41510cdc7071",
            "author": "Andy Armstrong",
            "date": "Mon Oct 16 12:39:32 2017"
        },
        {
            "title": "Course Update emails",
            "flags": {
                "COURSE_UPDATE_WAFFLE_FLAG": "False"
            },
            "message": "Course Update emails\n",
            "hash": "741917e92b03f34447c4a1570acd37d5cb5dbac4",
            "author": "Nimisha Asthagiri",
            "date": "Thu Oct 12 11:01:41 2017"
        },
        {
            "title": "Opening courseware to anonymous users",
            "flags": {
                "SEO_WAFFLE_FLAG": "False"
            },
            "message": "Opening courseware to anonymous users\n\nAnonymous users may now view units in the courseware. This access is limited to units that are not considered problems/graded (e.g. homework, exams).\n",
            "hash": "69eeca61d8002e3280f9c069d18d09bdf24453df",
            "author": "Clinton Blackburn",
            "date": "Fri Oct 6 12:31:10 2017"
        },
        {
            "title": "Convert course home page to Bootstrap",
            "flags": {
                "USE_BOOTSTRAP_FLAG": "False"
            },
            "message": "Convert course home page to Bootstrap\n\nLEARNER-1694\n\nFix a11y failure\n\nFix header styling\n\nFix layout issues\n\nFurther layout fixes\n",
            "hash": "374cdb0a3d63ab290fdba2c041ec31428b5107ec",
            "author": "Andy Armstrong",
            "date": "Wed Sep 27 17:33:27 2017"
        },
        {
            "title": "Show course home messages for important course dates",
            "flags": {
                "UPGRADE_DEADLINE_MESSAGE": "False"
            },
            "message": "Show course home messages for important course dates\n\nLEARNER-2073\n",
            "hash": "7dfe12a1f3fa590dc6f40baf3d9a97bd3d67ce8a",
            "author": "Andy Armstrong",
            "date": "Wed Sep 27 06:03:54 2017"
        },
        {
            "title": "Remove waffle flag for showing certs on profile.",
            "flags": {
                "SHOW_ACHIEVEMENTS_FLAG": "removed"
            },
            "message": "Remove waffle flag for showing certs on profile.\n\nCerts are displayed by default to everyone.\n",
            "hash": "b5a0d0ce0afc7e69a21e129a98db365a587e0eee",
            "author": "Diana Huang",
            "date": "Mon Sep 25 10:45:24 2017"
        },
        {
            "title": "Schedules/ACE - support debug logging via waffle",
            "flags": {
                "CREATE_SCHEDULE_WAFFLE_FLAG": "False",
                "DEBUG_MESSAGE_WAFFLE_FLAG": "False",
                "SCHEDULE_WAFFLE_FLAG": "removed"
            },
            "message": "Schedules/ACE - support debug logging via waffle\n",
            "hash": "813007bb4972a79a6e20f34b9b6b57ff4c500331",
            "author": "Nimisha Asthagiri",
            "date": "Fri Sep 15 11:08:55 2017"
        },
        {
            "title": "Add new info message to profile page.",
            "flags": {
                "SHOW_PROFILE_MESSAGE": "False"
            },
            "message": "Add new info message to profile page.\n",
            "hash": "cbfea6515d575710c2e366ee1c72fd63c116d8c4",
            "author": "Diana Huang",
            "date": "Tue Sep 12 08:15:35 2017"
        },
        {
            "title": "Add message for setting course goal.",
            "flags": {
                "ENABLE_COURSE_GOALS": "False"
            },
            "message": "Add message for setting course goal.\n\nLEARNER-2307\n",
            "hash": "bc76ffe5dce593d2d3f6d2391db34bb2b4119801",
            "author": "Harry Rein",
            "date": "Mon Sep 11 07:43:24 2017"
        },
        {
            "title": "Removed waffle flag on commerce api for default_enrollment_mode",
            "flags": {
                "STOP_BASKET_CREATION_FLAG": "removed"
            },
            "message": "Removed waffle flag on commerce api for default_enrollment_mode\nRemoved ecommerce calls for default_enrollment_mode order creation\nRemoved tests related to those\nLEARNER-2294\n",
            "hash": "32679b0423855fe1d19f98a36c35da377e6991fc",
            "author": "ayub-khan",
            "date": "Fri Aug 25 04:02:14 2017"
        },
        {
            "title": "Added verified upgrade hero to course run homepage",
            "flags": {
                "SHOW_UPGRADE_MSG_ON_COURSE_HOME": "False"
            },
            "message": "Added verified upgrade hero to course run homepage\n\nAudit learners are now shown a prompt to upgrade to the verified track\nof the course run. This message goes away after the learner upgrades.\n",
            "hash": "0a6029f7a7434a47c24d15ac6f5007f449f5e063",
            "author": "Clinton Blackburn",
            "date": "Thu Aug 24 14:32:19 2017"
        },
        {
            "title": "Add course certificates on the learner profile",
            "flags": {
                "SHOW_ACHIEVEMENTS_FLAG": "False"
            },
            "message": "Add course certificates on the learner profile\n\nLEARNER-1860\n",
            "hash": "6f888d699520080b4efafde7c6be33272c74293a",
            "author": "Andy Armstrong",
            "date": "Tue Aug 22 14:47:58 2017"
        },
        {
            "title": "Stop audit and honor mode creating basket and order",
            "flags": {
                "STOP_BASKET_CREATION_FLAG": "False"
            },
            "message": "Stop audit and honor mode creating basket and order\nLEARNER-2222\n",
            "hash": "893b7a00605478c50b2a4dc17262f9e03ec5d798",
            "author": "Simon Chen",
            "date": "Mon Aug 14 12:13:26 2017"
        },
        {
            "title": "Add new latest-update fragment and waffle flag.",
            "flags": {
                "LATEST_UPDATE_FLAG": "False"
            },
            "message": "Add new latest-update fragment and waffle flag.\n",
            "hash": "dcf528a597733702d96e7339a91d92cef8687227",
            "author": "Diana Huang",
            "date": "Wed Aug 9 08:04:29 2017"
        },
        {
            "title": "Use ACE to 'send' Recurring Nudge emails",
            "flags": {
                "SCHEDULE_WAFFLE_FLAG": "False"
            },
            "message": "Use ACE to 'send' Recurring Nudge emails\n",
            "hash": "6a36eb0183d6ad52fb55b5fc9f6c3a2916ee9dd9",
            "author": "Gabe Mulley",
            "date": "Sun Jul 30 15:04:33 2017"
        },
        {
            "title": "Enable conditional pre-start-date access to courses",
            "flags": {
                "COURSE_PRE_START_ACCESS_FLAG": "False"
            },
            "message": "Enable conditional pre-start-date access to courses\n\nLEARNER-1854\n",
            "hash": "aeecf34387153342f51d94ab0395cdfe06af8f43",
            "author": "Andy Armstrong",
            "date": "Wed Jul 12 13:33:50 2017"
        },
        {
            "title": "Refactor, enhance, and adjust unified_course_view flag.",
            "flags": {
                "HIDE_SEARCH_FLAG": "False",
                "COURSE_OUTLINE_PAGE_FLAG": "True"
            },
            "message": "Refactor, enhance, and adjust unified_course_view flag.\n\nThis includes several general enhancement in addition\nto the fixes for unified_course_view:\n1. Add support for default when no waffle flag defined.\n2. Add support for table_blacklist to assertNumQueries.\n3. Rename flag to 'course_experience.course_outline_page'.\n4. Change flag default to True when it is not defined.\n",
            "hash": "2e80c1e66b8f83c820ec1e805e728f34e1b14566",
            "author": "Robert Raposa",
            "date": "Mon Jun 26 14:30:00 2017"
        },
        {
            "title": "Adding a reviews page to the course and updating the reviews module on the course about page. Removed the existing coursetalk implementation and put it in a fragment, removed the tests as well. Added configuration settings to specify the reviews template as well as the reviews provider. This is all protected by a waffle flag.",
            "flags": {
                "DISPLAY_COURSE_SOCK": "removed",
                "DISPLAY_COURSE_SOCK_FLAG": "False",
                "SHOW_REVIEWS_TOOL_FLAG": "False"
            },
            "message": "Adding a reviews page to the course and updating the reviews module on the course about page. Removed the existing coursetalk implementation and put it in a fragment, removed the tests as well. Added configuration settings to specify the reviews template as well as the reviews provider. This is all protected by a waffle flag.\n",
            "hash": "82daaa5ad306ebff04f21fb8e1bdf0b272a3bce4",
            "author": "Harry Rein",
            "date": "Mon Jun 19 13:06:00 2017"
        },
        {
            "title": "Implemented an upgrade verification sock.",
            "flags": {
                "DISPLAY_COURSE_SOCK": "False"
            },
            "message": "Implemented an upgrade verification sock.\n\nThis sock sits at the bottom of both the home and the course content pages. It allows the user to click a 'Learn More' button to open a panel that allows the user to navigate to the upgrade checkout page. The sock is only shown for users that have not yet upgraded in a course that has a verification upgrade date that has not yet passed. Python tests cover the various course mode and upgrade dates.\n",
            "hash": "bdf38ae00e4eb8dc26bb8f76725c566ede7b561a",
            "author": "Harry Rein",
            "date": "Mon Jun 5 14:24:06 2017"
        },
        {
            "title": "Add course overrides of waffle flags.",
            "flags": {
                "HIDE_SEARCH_FLAG": "False",
                "UNIFIED_COURSE_TAB_FLAG": "False",
                "TEST_COURSE_FLAG": "False"
            },
            "message": "Add course overrides of waffle flags.\n",
            "hash": "eaab2cf444698148a1597cd3400ae114ce635bb1",
            "author": "Robert Raposa",
            "date": "Fri May 19 14:25:16 2017"
        }
    ]
}