{
    "id": 10391073,
    "node_id": "MDEwOlJlcG9zaXRvcnkxMDM5MTA3Mw==",
    "name": "edx-platform",
    "full_name": "edx/edx-platform",
    "private": false,
    "description": "The Open edX platform, the software that powers edX!",
    "fork": false,
    "created_at": "2013-05-30T20:20:38Z",
    "updated_at": "2019-12-20T19:31:15Z",
    "pushed_at": "2019-12-20T22:52:38Z",
    "homepage": "http://openedx.org/",
    "size": 1185378,
    "stargazers_count": 4699,
    "watchers_count": 4699,
    "language": "Python",
    "has_issues": false,
    "has_projects": false,
    "has_downloads": true,
    "has_wiki": true,
    "has_pages": false,
    "forks_count": 2570,
    "archived": false,
    "disabled": false,
    "open_issues_count": 234,
    "forks": 2570,
    "open_issues": 234,
    "watchers": 4699,
    "default_branch": "master",
    "temp_clone_token": "",
    "network_count": 2570,
    "subscribers_count": 405,
    "languages": {
        "Python": 24189078,
        "JavaScript": 11708316,
        "HTML": 6693951,
        "CSS": 1520509,
        "TSQL": 392725,
        "Shell": 43614,
        "Makefile": 4029,
        "ActionScript": 3539,
        "SRecode Template": 565
    }
}