{
    "date": "2019-12-20T18:24:04.846036",
    "commits": [
        {
            "title": "Remove edit sections feature flag",
            "flags": {
                "EDIT_SECTIONS": "removed"
            },
            "message": "Remove edit sections feature flag\n\nThis feature has been live since October 2017 so the flag is no longer\nrequired.\n",
            "hash": "86fd6556dce926a306a2203e15fc48c55fb54a55",
            "author": "brenetic",
            "date": "Mon Jun 18 07:56:37 2018"
        },
        {
            "title": "Remove contract variation feature flag",
            "flags": {
                "CONTRACT_VARIATION": "removed"
            },
            "message": "Remove contract variation feature flag\n\nThis feature is now live so the flag is no longer required.\n",
            "hash": "78afc487299bbd49c03f7ea5659811275e5cbb40",
            "author": "brenetic",
            "date": "Mon Jun 18 07:37:47 2018"
        },
        {
            "title": "Remove new supplier flow feature flag",
            "flags": {
                "NEW_SUPPLIER_FLOW": "removed"
            },
            "message": "Remove new supplier flow feature flag\n\nThe flag and associated helper were only used in the brief response\nflow. Now that brief responses are split out we can drop the feature\nflag from the supplier app.\n",
            "hash": "c5e056dd25ed94eecbf056237301caba75f583e5",
            "author": "Chris Wynne",
            "date": "Fri Aug 18 05:44:24 2017"
        },
        {
            "title": "Add feature flag for new supplier flow and protect start route",
            "flags": {
                "NEW_SUPPLIER_FLOW": "False"
            },
            "message": "Add feature flag for new supplier flow and protect start route\n\nFeature flag turned on for development, test, preview and staging\nbut not production for the new supplier flow.\n\nWe have protected the start page route to not be visible until\nthe feature flag is enabled.\n",
            "hash": "4ad47b064cbd1f8896ff8fcab20a065e2933bb48",
            "author": "David McDonald",
            "date": "Wed Nov 9 06:27:31 2016"
        },
        {
            "title": "Add feature flag to hide contract variation features until ready",
            "flags": {
                "CONTRACT_VARIATION": "False"
            },
            "message": "Add feature flag to hide contract variation features until ready\n\nThis adds a new feature flag `CONTRACT_VARIATION` to the app config, and sets it on for test and development modes.\n\nThis will allow conditional sections within a page template to be marked as:\n```\n{% if 'CONTRACT_VARIATION' is active_feature %}\n   ...\n{% endif %}\n```\n\nAnd entire page routes can be hidden behind the feature flag using the annotation:\n```\n@flask_featureflags.is_active_feature('CONTRACT_VARIATION')\n```\n",
            "hash": "573d19b568e925b2b89064ada00b3736b1f21e0b",
            "author": "Kev Keenoy",
            "date": "Thu Aug 11 05:31:56 2016"
        },
        {
            "title": "Enable suppliers removing their services",
            "flags": {
                "EDIT_SERVICE_PAGE": "removed"
            },
            "message": "Enable suppliers removing their services\n\n@cathrooney asked for this feature (suppliers' ability\nto remove their own services) to go live, so here it goes.\n",
            "hash": "03f05626295ce114624edd9c1ac86da46ddeebe6",
            "author": "Paul Craig",
            "date": "Tue Feb 2 06:39:00 2016"
        },
        {
            "title": "Introduce new feature flag for section editing",
            "flags": {
                "EDIT_SECTIONS": "False"
            },
            "message": "Introduce new feature flag for section editing\n\nThis allows us to distinguish between allowing suppliers to remove\ntheir services and allowing suppliers to edit the content of\ntheir services.\n",
            "hash": "690921b9d82fc1018eeb91431c3f72722b2a74a7",
            "author": "Paul Craig",
            "date": "Wed Jan 20 03:46:20 2016"
        },
        {
            "title": "Make clarification emails non-G7 specific",
            "flags": {
                "G7_CLARIFICATIONS_CLOSED": "removed"
            },
            "message": "Make clarification emails non-G7 specific\n\nRemoves the `G7_CLARIFICATIONS_CLOSED` feature flag in favour of the\nframework data `clarificationQuestionsOpen` flag returned by the API.\nThis requires a switch in `if ... else ...` order to make conditions\nmore readable.\n\nChanges to clarification emails sent to zendesk:\n* Email subject changed from \"Clarification question\" to \"<framework>\n  clarification question\"\n* Email from address changed from `suppliers@...` to\n  `suppliers+<framework-slug>@...`\n\nChanges to application emails:\n* Subject will use the current framework name in \"<framework>\n  application question\"\n* Tags changed from \"g7-application-question\" to \"application-question\"\n",
            "hash": "ebe4cc8d2c1324fa7dc080a510a92ffc0f8c36c9",
            "author": "Alexey Bezhan",
            "date": "Fri Nov 27 04:13:16 2015"
        },
        {
            "title": "Replace GCLOUD7_OPEN with framework status checks",
            "flags": {
                "GCLOUD7_OPEN": "removed"
            },
            "message": "Replace GCLOUD7_OPEN with framework status checks\n\nAdds `get_framework` helper to get framework data from the API and\ncheck that status is 'open' if called with `open_only=True` or\neither 'open' or 'pending' if `open_only=False`.\n\nAlso adds lot_slug checks by looking up the lot slug in framework\nlots.\n\nIf framework is in a different state or lot doesn't exist returns\n404.\n\nDocument redirect URLs are currently not covered by framework checks.\n",
            "hash": "2cf6e9126998b5a6f70cc7fbdeab0873959760c9",
            "author": "Alexey Bezhan",
            "date": "Fri Oct 30 09:07:07 2015"
        },
        {
            "title": "Add `clarifications closed` feature flag",
            "flags": {
                "G7_CLARIFICATIONS_CLOSED": "False"
            },
            "message": "Add `clarifications closed` feature flag\n",
            "hash": "fd727e48719beab90e6a398a4d891b96082d7b20",
            "author": "Kev Keenoy",
            "date": "Wed Sep 16 09:28:39 2015"
        },
        {
            "title": "Remove remaining feature flags",
            "flags": {
                "SUPPLIER_DASHBOARD": "removed",
                "EDIT_SUPPLIER_PAGE": "removed",
                "USER_DASHBOARD": "removed"
            },
            "message": "Remove remaining feature flags\n\nThis commit removes feature flags which are now enabled on all environments.\n\nWhich are:\n- `USER_DASHBOARD`\n- `SUPPLIER_DASHBOARD`\n- `EDIT_SUPPLIER_PAGE`\n\nNone of the other apps have feature flags which can be removed, therefore this\ncompletes [story 102080450](https://www.pivotaltracker.com/story/show/102080450)\n",
            "hash": "d13107cada687fbf67b012baf11a8cf2d13fee08",
            "author": "Chris Hill-Scott",
            "date": "Tue Sep 15 09:20:53 2015"
        },
        {
            "title": "Build user list",
            "flags": {
                "USER_DASHBOARD": "False"
            },
            "message": "Build user list\n\nListing users with their names, email addresses, last logged in dates,\nand whether they're locked or not.\nUsing markup similar to the services listing -- not using the toolkit.\n",
            "hash": "6a48af83ef8474ddf2ffb5b83649d882e1541046",
            "author": "Paul Craig",
            "date": "Thu Jul 9 08:02:48 2015"
        },
        {
            "title": "Merge pull request #89 from alphagov/create_scs_draft",
            "flags": {
                "CREATE_SERVICE_PAGE": "removed"
            },
            "message": "Merge pull request #89 from alphagov/create_scs_draft\n\n[#97275662] Create SCS draft services",
            "hash": "d22f3c04f82b671a5b50dbea07331a6f11fccdfa",
            "merge": "110249ca a5b5e10c",
            "author": "pcraig3",
            "date": "Wed Jul 8 06:18:37 2015"
        },
        {
            "title": "Merge pull request #91 from alphagov/new-preview-config",
            "flags": {
                "GCLOUD7_OPEN": "False",
                "CREATE_SERVICE_PAGE": "False"
            },
            "message": "Merge pull request #91 from alphagov/new-preview-config\n\nAdded config for preview to switch on feature flags",
            "hash": "a7009c6675bc0d16bb6e7e7f338790a1a01f3faa",
            "merge": "4b048a71 dbaa339a",
            "author": "minglis",
            "date": "Wed Jul 8 02:27:56 2015"
        },
        {
            "title": "Rationalise feature flags for G-Cloud 7 submissions",
            "flags": {
                "CREATE_SERVICE_PAGE": "removed"
            },
            "message": "Rationalise feature flags for G-Cloud 7 submissions\n\nThis puts the 'create draft' and 'edit draft' pages all under the single feature flag 'GCLOUD7_OPEN'\n",
            "hash": "d005ea1da3a0486a56a45bdea5c8c5542531dc49",
            "author": "Kev Keenoy",
            "date": "Fri Jul 3 04:09:44 2015"
        },
        {
            "title": "Create new draft services, start SSP questions",
            "flags": {
                "CREATE_SERVICE_PAGE": "False"
            },
            "message": "Create new draft services, start SSP questions\n\nNow that the (data) API accepts new draft services (which the DataAPIClient knows about),\nand the ContentBuilder can get the first set of questions for a given lot,\nwe can start the SSP process.\n\nThis commit polishes off quite a few things:\n* Changed `service` in view names to `draft_service` where applicable\n* fully integreated the new ContentLoader\n* finally using `create_new_draft_service`\n* changed `get_service` methods to `get_draft_service` where necessary\n* `create_service.html` renamed to `create_new_draft_service.html` to\nbe more in line with our view names\n* Feature Flag more consistent with how others are done\n* If there is an error creating a new draft service, we pass that back to the\nbrowser instead of a 404\n",
            "hash": "5a4ecbbc0559293bdd18b0ec49278dae39f9e067",
            "author": "Paul Craig",
            "date": "Tue Jun 23 09:11:34 2015"
        },
        {
            "title": "Add more G7 stub pages",
            "flags": {
                "FRAMEWORK_DASHBOARD": "removed",
                "GCLOUD7_OPEN": "False"
            },
            "message": "Add more G7 stub pages\n\n- pre-qualification questionnaire\n- ask a question\n- communications\n\nAlso removed the call to the data API to get the supplier information as\nit's not needed.\n\nAlso changed feature flag name to match what's happening in other pull\nrequests.\n",
            "hash": "d90f97d2176ca6bf67daa25e21a451f7b77e60a4",
            "author": "Rob Young",
            "date": "Thu Jun 18 08:21:56 2015"
        },
        {
            "title": "Add basic G-Cloud 7 dashboard",
            "flags": {
                "FRAMEWORK_DASHBOARD": "False"
            },
            "message": "Add basic G-Cloud 7 dashboard\n",
            "hash": "129940cdc3b8c2b98a9bf1e3343156349917ef96",
            "author": "Rob Young",
            "date": "Thu Jun 18 07:22:31 2015"
        },
        {
            "title": "Add a separate feature flag for editing supplier details",
            "flags": {
                "EDIT_SUPPLIER_PAGE": "False"
            },
            "message": "Add a separate feature flag for editing supplier details\n\nHides the \"Edit\" button next to the \"Supplier information\" and\ndisables the /suppliers/edit page.\n",
            "hash": "baf88f5330e3cd2dde934a92d819d5de981f9895",
            "author": "Alexey Bezhan",
            "date": "Thu Jun 18 04:16:11 2015"
        },
        {
            "title": "Set a feature flag for supplier dashboard",
            "flags": {
                "SUPPLIER_DASHBOARD": "False"
            },
            "message": "Set a feature flag for supplier dashboard\n\nSUPPLIER_DASHBOARD sets the /suppliers to redirect to /suppliers/services\nand disables /suppliers/edit in preview/staging/production for now\n",
            "hash": "861ded5ecc1a613df0f866e5d59b432a8efa73b8",
            "author": "Alexey Bezhan",
            "date": "Wed Jun 10 04:31:53 2015"
        },
        {
            "title": "Give a date to FEATURE_FLAGS_EDIT_SERVICE_PAGE",
            "flags": {
                "EDIT_SERVICE_PAGE": "removed"
            },
            "message": "Give a date to FEATURE_FLAGS_EDIT_SERVICE_PAGE\n",
            "hash": "3f678b3f401895b2f330627028dfef1f14d4902e",
            "author": "Paul Craig",
            "date": "Mon Jun 8 06:22:38 2015"
        },
        {
            "title": "Standardise config variables.",
            "flags": {
                "EDIT_SERVICE_PAGE": "False",
                "SOMETHING_ELSE": "removed"
            },
            "message": "Standardise config variables.\n\nAdded the feature flag we're using under the\n`RAISE_ERROR_ON_MISSING_FEATURES` configuration variable.\nAlso removed unused `datetime` import.\n",
            "hash": "4352c42a1dec46d1bad5a7b430422dfa160694ea",
            "author": "Paul Craig",
            "date": "Mon Jun 8 05:45:03 2015"
        },
        {
            "title": "Flags in /_status endpoint",
            "flags": {
                "NEW_SERVICE_PAGE": "removed",
                "SOMETHING_ELSE": "False",
                "EDIT_SERVICE_PAGE": "removed"
            },
            "message": "Flags in /_status endpoint\n",
            "hash": "7dc18b7707ee6d9b75b3c4b4583e055180157250",
            "author": "Paul Craig",
            "date": "Wed Jun 3 08:59:05 2015"
        },
        {
            "title": "Crowbar in some inline flags.",
            "flags": {
                "EDIT_SERVICE_PAGE": "True",
                "NEW_SERVICE_PAGE": "False"
            },
            "message": "Crowbar in some inline flags.\n",
            "hash": "d5174fb47cf37ccb017d04bf547f221f27f1739b",
            "author": "Paul Craig",
            "date": "Mon Jun 1 07:19:36 2015"
        }
    ]
}