{
    "id": 29099181,
    "node_id": "MDEwOlJlcG9zaXRvcnkyOTA5OTE4MQ==",
    "name": "client",
    "full_name": "keybase/client",
    "private": false,
    "description": "Keybase Go Library, Client, Service, OS X, iOS, Android, Electron",
    "fork": false,
    "created_at": "2015-01-11T17:17:12Z",
    "updated_at": "2019-12-20T22:44:23Z",
    "pushed_at": "2019-12-20T22:51:20Z",
    "homepage": "",
    "size": 550490,
    "stargazers_count": 6267,
    "watchers_count": 6267,
    "language": "Go",
    "has_issues": true,
    "has_projects": true,
    "has_downloads": true,
    "has_wiki": false,
    "has_pages": false,
    "forks_count": 794,
    "archived": false,
    "disabled": false,
    "open_issues_count": 3378,
    "forks": 794,
    "open_issues": 3378,
    "watchers": 6267,
    "default_branch": "master",
    "temp_clone_token": "",
    "network_count": 794,
    "subscribers_count": 240,
    "languages": {
        "Go": 24450998,
        "HTML": 6655473,
        "JavaScript": 6508276,
        "Objective-C": 1711255,
        "C": 185542,
        "Shell": 178294,
        "Roff": 108890,
        "Java": 105378,
        "CSS": 47556,
        "Ruby": 37881,
        "Python": 27103,
        "CoffeeScript": 24811,
        "Batchfile": 16144,
        "Dockerfile": 12604,
        "Makefile": 6873,
        "Perl": 2229,
        "XSLT": 914,
        "TypeScript": 547,
        "Swift": 217
    }
}