{
    "date": "2019-12-20T18:24:03.232188",
    "commits": [
        {
            "title": "feat(components,themes): add enable-css-custom-properties feature flag (#4100)",
            "flags": {
                "enable-css-custom-properties": "False"
            },
            "message": "feat(components,themes): add enable-css-custom-properties feature flag (#4100)\n\n* chore: remove legacy vanilla theme switcher\r\n\r\n* chore: remove legacy react theme switcher\r\n\r\n* feat: support CSS custom property theme maps behind feature flag\r\n\r\n* chore: sync generated files\r\n\r\n* fix(demo): import @carbon/themes mixins\r\n\r\n* fix(build): ensure custom properties feature flag value is checked\r\n\r\n* test(mixins): add tests for mixins with css custom properties enabled\r\n\r\n* chore: remove unneeded imports\r\n\r\n* chore: sync generated files\r\n",
            "hash": "d8d93e36642e7a69eff4f1ef04107225427fc11a",
            "author": "emyarod",
            "date": "Thu Sep 26 14:45:12 2019"
        },
        {
            "title": "Use controlled state with value (#3028)",
            "flags": {
                "useControlledStateWithValue": "False"
            },
            "message": "Use controlled state with value (#3028)\n\nThis change turns `<NumberInput>` to \"controlled mode\", if `value`\r\nprop exists. Such \"controlled mode\" switch is behind\r\n`useControlledStateWithValue ` feature flag for now to given\r\nit's a breaking change.\r\n\r\nAlso this change introduces `readOnly` prop to `<NumberInput>` with\r\ncorresponding style.\r\n\r\nRefs #2489.",
            "hash": "64c59539a36dd02a07a6ff228aeaed447a53eb03",
            "author": "Akira Sudoh",
            "date": "Tue Jun 18 17:29:25 2019"
        },
        {
            "title": "chore(release): v10.3.0 (#2932)",
            "flags": {
                "ui-shell": "True"
            },
            "message": "chore(release): v10.3.0 (#2932)\n\n* chore(release): v10.3.0\r\n\r\n* chore(react): update changelog\r\n\r\n* chore(release): update changelogs\r\n\r\n* feat(ui-shell): enable ui-shell styles by default\r\n\r\n* feat(react): add ui-shell to entrypoint\r\n\r\n* chore(components): update .prettierignore\r\n\r\n* chore(ui-shell): update story to remove experimental in name\r\n\r\n* fix: update ui shell index/snapshot\r\n\r\n* chore(react): update snapshots\r\n\r\n* fix: header link menu text\r\n\r\n* fix: header menu required prop\r\n\r\n* chore(react): update snapshots\r\n",
            "hash": "e1ff2abd982e22a1d53eeb4c95b1caa00d802595",
            "author": "Josh Black",
            "date": "Wed Jun 5 13:24:39 2019"
        },
        {
            "title": "chore(styles): remove v9 styles (#2309)",
            "flags": {
                "components-x": "removed",
                "breaking-changes-x": "removed"
            },
            "message": "chore(styles): remove v9 styles (#2309)\n\n* chore(styles): remove v9 styles\r\n\r\nRefs #2308.\r\n\r\n* chore(styles): some more cleanup\r\n\r\n* chore(data-table): cleanup remaining v2 stuffs\r\n",
            "hash": "4b55b793926921a16e26b9a4d622f52663c0f2d5",
            "author": "Akira Sudoh",
            "date": "Tue Apr 16 14:30:50 2019"
        },
        {
            "title": "feat(project): release v10 (#2208)",
            "flags": {
                "components-x": "True",
                "breaking-changes-x": "True",
                "grid": "True"
            },
            "message": "feat(project): release v10 (#2208)\n\n* feat(feature-flags): enable flags for v10\r\n\r\nBREAKING CHANGE: flags for v10 are now turned on by default\r\n\r\n* chore(package): update build step for HTML output\r\n\r\n* chore(components): remove carousel\r\n\r\nBREAKING CHANGES: the carousel component is now removed\r\n\r\n* chore(components): remove fab component\r\n\r\nBREAKING CHANGE: the fab component is now removed\r\n\r\n* chore(components): remove footer component\r\n\r\nBREAKING CHANGE: the footer component is now removed\r\n\r\n* chore(components): remove interior-left-nav\r\n\r\nBREAKING CHANGE: the interior-left-nav component has been removed\r\n\r\n* chore(components): remove lightbox component\r\n\r\nBREAKING CHANGE: the lightbox component has been removed\r\n\r\n* chore(components): remove unified header component\r\n\r\nBREAKING CHANGE: the unified header component has been removed\r\n\r\n* fix(js): remove components from globals\r\n\r\n* feat(ui-shell): enable ui-shell feature flag\r\n\r\n* refactor(tests): remove unused tests\r\n\r\n* refactor(test): update tests that are meant for classic mode\r\n\r\n* docs(migration): update docs to include removed sass features\r\n\r\n* chore(globals): update failing css--* tests\r\n\r\n* chore: revert fit to it in test\r\n\r\n* Update package.json\r\n\r\n* chore(data-table): remove v1 data-table files\r\n\r\n* chore(data-table): remove data-table reference in styles.scss\r\n\r\n* chore(data-table): remove data-table import in globals\r\n\r\n* chore(package): v10.0.0-rc.0\r\n\r\n* chore(flags): revert ui-shell flag\r\n\r\n* Revert \"chore: revert fit to it in test\"\r\n\r\nThis reverts commit 4addd181f3605db98c7ac79381aeea25402f947c.\r\n\r\n* Revert \"chore(globals): update failing css--* tests\"\r\n\r\nThis reverts commit 9edb5563c6748cb676a87ecc3ac63ed57da3d39f.\r\n\r\n* Revert \"refactor(test): update tests that are meant for classic mode\"\r\n\r\nThis reverts commit df29f850445ac9d8d47108534ccac3c51a1a672a.\r\n\r\n* chore(tests): remove data-table spec\r\n\r\n* chore(ci): remove semantic-release\r\n",
            "hash": "dbfb3802de3a198a9949b6c83e811ffb8732a021",
            "author": "Josh Black",
            "date": "Fri Mar 29 10:37:56 2019"
        },
        {
            "title": " feat(grid): add elements grid (#1823)",
            "flags": {
                "grid-columns-16": "False"
            },
            "message": " feat(grid): add elements grid (#1823)\n\n* chore(grid): remove experimental\r\n\r\n* feat(feature-flag): add grid-columns-16 flag\r\n\r\n* test(jest): add flags to inline data\r\n\r\n* feat(grid): add elements grid\r\n\r\n* feat(feature-flag): add grid-columns-16 flag\r\n\r\n* chore: update grid demo\r\n\r\n* docs(grid): add initial v10 docs\r\n",
            "hash": "3b0b17603272f929c70e2b04cabe2fdf8c9155c8",
            "author": "Josh Black",
            "date": "Thu Feb 14 15:05:58 2019"
        },
        {
            "title": "feat(grid): refactor experimental grid implementation (#1650)",
            "flags": {
                "grid": "False",
                "grid--fallback": "False"
            },
            "message": "feat(grid): refactor experimental grid implementation (#1650)\n\n* feat(grid): refactor experimental grid implementation\r\n\r\n* chore(grid): remove console statement\r\n\r\n* chore(grid): revert change to classic folder\r\n\r\n* chore(grid): revert change to classic folder\r\n",
            "hash": "76f8fb5c79a1d800ce4344653182f955b4e1bf56",
            "author": "Josh Black",
            "date": "Thu Jan 17 09:51:49 2019"
        },
        {
            "title": "chore(components): remove styles for deprecated components (#1502)",
            "flags": {
                "breaking-changes-x": "False"
            },
            "message": "chore(components): remove styles for deprecated components (#1502)\n\n* chore(components): remove styles for deprecated components\r\n\r\nThis change removes Sass code for deprecated components, for next release.\r\n\r\nRefs #1501.\r\n\r\n* chore: rename feature flag\r\n\r\n* chore(build): introduce breaking changes mode\r\n\r\n* chore(devenv): use ILN code from carbon-addons-cloud\r\n",
            "hash": "3be4a1beea962a0fb37a209bd23aacfb2ae0868a",
            "author": "Akira Sudoh",
            "date": "Wed Dec 5 13:58:05 2018"
        },
        {
            "title": "chore(feature-flags): warn usage of non-default feature flags (#1072)",
            "flags": {
                "components-x": "False",
                "ui-shell": "False"
            },
            "message": "chore(feature-flags): warn usage of non-default feature flags (#1072)\n\n",
            "hash": "07114f3a4696ce958b571f603f58907508d549ff",
            "author": "Akira Sudoh",
            "date": "Thu Sep 13 09:02:04 2018"
        },
        {
            "title": "feat(feature-flags): allow default feature flag value per feature (#1055)",
            "flags": {
                "components-x": "False",
                "ui-shell": "False"
            },
            "message": "feat(feature-flags): allow default feature flag value per feature (#1055)\n\nThis change introduces a mechanism to allow consumer application to define a subset of feature flags\r\nand use the default ones for the remainders, instead of using all default ones or defining all feature flags.",
            "hash": "38806b55d8b3d4c26cb99a26de40f8b640f4f67c",
            "author": "Akira Sudoh",
            "date": "Fri Sep 7 13:58:04 2018"
        },
        {
            "title": "feat: add experimental checkbox styles (#1045)",
            "flags": {
                "components-x": "False"
            },
            "message": "feat: add experimental checkbox styles (#1045)\n\n* feat: add experimental checkbox styles\r\n\r\n* chore: set false\r\n\r\n* chore: add import\r\n\r\n* chore: add theme import to all files\r\n\r\n* chore: remove duo name from comments in files, update mixins\r\n\r\n* refactor(feature-flags): update to function call\r\n\r\n* chore: typo\r\n\r\n* chore: colors updates\r\n\r\n* chore: color updates\r\n\r\n* chore: add line height for ex. checkbox\r\n\r\n* chore: set components-x to false as default\r\n\r\n* chore: format\r\n\r\n* chore: add carbon-colors\r\n\r\n* chore: remove carbon-colors dependency\r\n",
            "hash": "22c5d6aeeb2220b3087e4b07135321c69f79d7cc",
            "author": "Alison Joseph",
            "date": "Tue Sep 4 11:48:02 2018"
        },
        {
            "title": "feat(ui-shell): add experimental platform header (#1032)",
            "flags": {
                "ui-shell": "False"
            },
            "message": "feat(ui-shell): add experimental platform header (#1032)\n\n* feat(ui-shell): add experimental platform header\r\n\r\n* refactor: remove unnecessary styles\r\n\r\n* fix: remove shadow styles\r\n\r\n* fix: switch unit to rem for zoom behavior\r\n\r\n* fix(ui-shell): update platform header links to display active styles\r\n\r\n* refactor(ui-shell): update hbs template and add new preview\r\n\r\n* chore(ui-shell): add temporary shell tokens\r\n",
            "hash": "906266b80d66aebce697c01e8222fece5560b69b",
            "author": "Josh Black",
            "date": "Wed Aug 29 10:34:54 2018"
        },
        {
            "title": "feat: add support for feature flags and experimental features (#1030)",
            "flags": {
                "grid": "False",
                "grid--fallback": "False"
            },
            "message": "feat: add support for feature flags and experimental features (#1030)\n\n* feat: add support for feature flags and experimental features\r\n\r\n* fix: add adapter layer for removed scss variables\r\n\r\n* fix: add feature flag import for grid\r\n\r\n* fix: add graceful fallback for feature flags that had a variable already\r\n",
            "hash": "67df3c137c8cae17a4ba7002eb4e1828cab2ef80",
            "author": "Josh Black",
            "date": "Wed Aug 15 12:28:18 2018"
        }
    ]
}