{
    "id": 84835535,
    "node_id": "MDEwOlJlcG9zaXRvcnk4NDgzNTUzNQ==",
    "name": "carbon",
    "full_name": "carbon-design-system/carbon",
    "private": false,
    "description": "A design system built by IBM",
    "fork": false,
    "created_at": "2017-03-13T14:23:59Z",
    "updated_at": "2019-12-20T21:05:17Z",
    "pushed_at": "2019-12-20T20:22:47Z",
    "homepage": "https://www.carbondesignsystem.com",
    "size": 451512,
    "stargazers_count": 2409,
    "watchers_count": 2409,
    "language": "JavaScript",
    "has_issues": true,
    "has_projects": false,
    "has_downloads": true,
    "has_wiki": true,
    "has_pages": false,
    "forks_count": 517,
    "archived": false,
    "disabled": false,
    "open_issues_count": 452,
    "forks": 517,
    "open_issues": 452,
    "watchers": 2409,
    "default_branch": "master",
    "temp_clone_token": "",
    "network_count": 517,
    "subscribers_count": 61,
    "languages": {
        "JavaScript": 7804433,
        "CSS": 611715,
        "HTML": 257596,
        "Vue": 2591,
        "Shell": 2308
    }
}