{
    "date": "2019-12-20T17:59:12.211513",
    "commits": [
        {
            "title": "Mark community_groups feature flag as pending removal",
            "flags": {
                "community_groups": "False",
                "api_render_user_info": "False"
            },
            "message": "Mark community_groups feature flag as pending removal\n\nThe client-side checks were removed in https://github.com/hypothesis/client/pull/1195\n",
            "hash": "c46f2645c7b9cb740c8dd31138782b3aefa498b1",
            "author": "Robert Knight <robertknight@gmail.com>",
            "date": "Wed Jun 26 00:46:49 2019"
        },
        {
            "title": "Add community groups feature flag",
            "flags": {
                "community_groups": "False"
            },
            "message": "Add community groups feature flag\n",
            "hash": "dfff16ba81e628425f057a876e167f253b70e015",
            "author": "Hannah Stepanek <hmstepanek@hypothes.is>",
            "date": "Tue Jan 15 18:33:40 2019"
        },
        {
            "title": "Run `make format` for the first time",
            "flags": {
                "embed_cachebuster": "False",
                "filter_highlights": "False",
                "overlay_highlighter": "False",
                "client_display_names": "False",
                "api_render_user_info": "False"
            },
            "message": "Run `make format` for the first time\n",
            "hash": "d8ed9ad132ce80025b517ccaab724bebd353f24d",
            "author": "Sean Hammond <git@snhmnd.fastmail.com>",
            "date": "Tue Dec 11 03:50:17 2018"
        },
        {
            "title": "Remove usage of api_render_user_info feature flag",
            "flags": {
                "api_render_user_info": "False"
            },
            "message": "Remove usage of api_render_user_info feature flag\n\nThis flag has been turned on in production for many months. Remove usage\nof it in the code and mark it as pending removal.\n\nFixes #5447\n",
            "hash": "ed0ee8ef35a1f5770717d467c17d7c58d4489d97",
            "author": "Robert Knight <robertknight@gmail.com>",
            "date": "Thu Dec 6 01:53:23 2018"
        },
        {
            "title": "Remove wildcard_search_on_activity_pages feature flag",
            "flags": {
                "wildcard_search_on_activity_pages": "removed"
            },
            "message": "Remove wildcard_search_on_activity_pages feature flag\n",
            "hash": "8cf213e99e471daf3cb7e7f4e3809e1110d326c6",
            "author": "Hannah Stepanek <hmstepanek@hypothes.is>",
            "date": "Tue Oct 16 08:34:36 2018"
        },
        {
            "title": "Deprecate wildcard_search_on_activity_pages feature flag",
            "flags": {
                "wildcard_search_on_activity_pages": "False"
            },
            "message": "Deprecate wildcard_search_on_activity_pages feature flag\n",
            "hash": "a5026ced8c40bf5efef362d2c50e2473af10cb30",
            "author": "Hannah Stepanek <hmstepanek@hypothes.is>",
            "date": "Wed Oct 10 13:21:16 2018"
        },
        {
            "title": "Remove replace_nipsa_with_hidden_filter feature flag",
            "flags": {
                "replace_nipsa_with_hidden_filter": "removed"
            },
            "message": "Remove replace_nipsa_with_hidden_filter feature flag\n",
            "hash": "78178dcdcc55e2d6fe0c05f2682a581de4694f00",
            "author": "Hannah Stepanek <hmstepanek@hypothes.is>",
            "date": "Thu Oct 11 11:22:16 2018"
        },
        {
            "title": "Deprecate replace_nipsa_with_hidden_filter feature flag",
            "flags": {
                "replace_nipsa_with_hidden_filter": "False"
            },
            "message": "Deprecate replace_nipsa_with_hidden_filter feature flag\n",
            "hash": "4e525a8d03c364bc92b576d4a7901161acd5ec8a",
            "author": "Hannah Stepanek <hmstepanek@hypothes.is>",
            "date": "Wed Oct 10 10:29:51 2018"
        },
        {
            "title": "Add HiddenFilter to eventually replace the NipsaFilter. (#5350)",
            "flags": {
                "replace_nipsa_with_hidden_filter": "False"
            },
            "message": "Add HiddenFilter to eventually replace the NipsaFilter. (#5350)\n\n* Add HiddenFilter to eventually replace the NipsaFilter.\r\n\r\nThe hidden filter combines the logic for filtering annotations\r\nwhich are moderated or belong to a nipsaed user when the\r\n'replace_nipsa_with_hidden_filter' feature flag is turned on.\r\n\r\nSee hypothesis/product-backlog#583\r\n\r\n* fixup: lint issues\r\n",
            "hash": "f384852f2afa17b2ae38261d0d3d9bb79e6b9e8f",
            "author": "Sheetal Umesh Kumar <sheetaluk@gmail.com>",
            "date": "Fri Oct 5 16:22:52 2018"
        },
        {
            "title": "Enable searching for wildcard url's on activity pages (#5299)",
            "flags": {
                "wildcard_search_on_activity_pages": "False"
            },
            "message": "Enable searching for wildcard url's on activity pages (#5299)\n\n* Add UriCombinedWildcardFilter to activity pages\r\n\r\nReplace the UriFilter with the UriCombinedWildcardFilter on activity\r\npages so that the url facet now accepts and searches for wildcard urls.\r\n\r\nAdd a test.\r\n\r\n* Add wildcard desc to url facet on activity pages\r\n\r\n* Switch on wildcard activity page feature flag\r\n\r\n* fixup: change wording of url facet\r\n",
            "hash": "c96a9d2c86a9a447b64f5d4e0ca35351263c508c",
            "author": "Hannah Stepanek <hmstepanek@hypothes.is>",
            "date": "Fri Sep 21 22:10:22 2018"
        },
        {
            "title": "Remove final references to removed feature flags",
            "flags": {
                "activity_pages": "removed",
                "client_oauth": "removed",
                "defer_realtime_updates": "removed",
                "flag_action": "removed",
                "homepage_redirects": "removed",
                "orphans_tab": "removed",
                "search_for_doi": "removed",
                "search_page": "removed",
                "total_shared_annotations": "removed",
                "use_client_boot_script": "removed"
            },
            "message": "Remove final references to removed feature flags\n\nIIRC removal of these was blocked until\n3a8bf6ab5565280f553caee8a2c2c7abca3fbef8 made feature flag deletions\ncascade.\n",
            "hash": "e0f47e23ab01a70319bb9befed76b81ee31780e4",
            "author": "Robert Knight <robertknight@gmail.com>",
            "date": "Mon Mar 26 02:47:42 2018"
        },
        {
            "title": "Complete removal of groups feature flag",
            "flags": {
                "filter_groups_by_scope": "removed"
            },
            "message": "Complete removal of groups feature flag\n",
            "hash": "705b69e158cd519738b15bb827af94438d55dddb",
            "author": "Lyza Danger Gardner <lyza@lyza.com>",
            "date": "Thu Mar 22 12:46:03 2018"
        },
        {
            "title": "Remove Groups Filter Feature Flag: Part I (#4891)",
            "flags": {
                "filter_groups_by_scope": "False"
            },
            "message": "Remove Groups Filter Feature Flag: Part I (#4891)\n\n* Remove feature flag from groups API view\r\n\r\n* Remove groups feature flag from storage module\r\n\r\n* Remove groups feature flag from session module\r\n\r\n* Put groups filter flag in PENDING_REMOVAL\r\n\r\n* fixup! Remove groups feature flag from session module\r\n",
            "hash": "12ba02e095b4ac1aac370026a4ee138bdcbeed2f",
            "author": "Lyza Gardner <lyza@lyza.com>",
            "date": "Tue Mar 20 07:31:41 2018"
        },
        {
            "title": "Add scoped-group-filtering feature (#4815)",
            "flags": {
                "filter_groups_by_scope": "False"
            },
            "message": "Add scoped-group-filtering feature (#4815)\n\n* Add scoped filtering to service\r\n\r\n* add feature flag for scoped group filtering\r\n\r\n* Refactor tests\r\n\r\n* Refactor `ListGroupsService` tests\r\n* Combine some api_groups view tests\r\n",
            "hash": "1620594d3f78d22583523d338cd64ab442b5a87b",
            "author": "Lyza Gardner <lyza@lyza.com>",
            "date": "Tue Feb 20 06:59:55 2018"
        },
        {
            "title": "Merge pull request #4694 from hypothesis/remove-doi-moderation-flags",
            "flags": {
                "client_oauth": "False",
                "flag_action": "False",
                "search_for_doi": "False"
            },
            "message": "Merge pull request #4694 from hypothesis/remove-doi-moderation-flags\n\nRemove DOI and moderation feature flags",
            "hash": "c821f5ed27575a5549dd1a458a4d851a7a130621",
            "merge": "4ef8578d5 57345c767",
            "author": "Sean Hammond <git@seanh.cc>",
            "date": "Fri Nov 24 06:29:48 2017"
        },
        {
            "title": "Remove \"client_oauth\" feature flag",
            "flags": {
                "client_oauth": "False"
            },
            "message": "Remove \"client_oauth\" feature flag\n\nThis flag caused the `oauthEnabled` config setting to be set in the\nclient sidebar app configuration. This setting is no longer used since\nclient v1.49 [1]\n\n[1] https://github.com/hypothesis/client/commit/68e6524bacb94e41fae8ac04824193c4258b8475\n",
            "hash": "0f2af169bed4d8274b184924fdb72cfdf430be64",
            "author": "Robert Knight <robertknight@gmail.com>",
            "date": "Thu Nov 23 04:38:31 2017"
        },
        {
            "title": "Remove DOI and moderation feature flags",
            "flags": {
                "flag_action": "False",
                "search_for_doi": "False"
            },
            "message": "Remove DOI and moderation feature flags\n\nChecks for these were removed in Hypothesis client v1.55\n",
            "hash": "57345c767dc9db60c005a50dbd948c2203079288",
            "author": "Robert Knight <robertknight@gmail.com>",
            "date": "Thu Nov 23 04:28:59 2017"
        },
        {
            "title": "Merge pull request #4691 from hypothesis/remove-orphans-tab-flag",
            "flags": {
                "defer_realtime_updates": "False",
                "orphans_tab": "False",
                "total_shared_annotations": "False"
            },
            "message": "Merge pull request #4691 from hypothesis/remove-orphans-tab-flag\n\nMark orphans_tab flag as pending removal.",
            "hash": "1bed266d3ee88c4e3e7c6efe7b9f1919be2c9dd7",
            "merge": "ea7ee8400 964476a3c",
            "author": "Sean Hammond <git@seanh.cc>",
            "date": "Wed Nov 22 02:59:13 2017"
        },
        {
            "title": "Merge pull request #4693 from hypothesis/remove-total-shared-annotations-flag",
            "flags": {
                "defer_realtime_updates": "False",
                "total_shared_annotations": "False"
            },
            "message": "Merge pull request #4693 from hypothesis/remove-total-shared-annotations-flag\n\nRemove `total_shared_annotations` flag checks",
            "hash": "ea7ee8400daa8379ddc8a2fb013eb72b4541c8e8",
            "merge": "cbec5be79 8f4b55b6a",
            "author": "Sean Hammond <git@seanh.cc>",
            "date": "Wed Nov 22 02:53:15 2017"
        },
        {
            "title": "Remove `total_shared_annotations` flag checks",
            "flags": {
                "total_shared_annotations": "False"
            },
            "message": "Remove `total_shared_annotations` flag checks\n\nThis feature has been enabled for everyone in production for 11+ months.\n",
            "hash": "8f4b55b6ae2bede574704aa6e60af015511c4fc5",
            "author": "Robert Knight <robertknight@gmail.com>",
            "date": "Tue Nov 21 02:43:05 2017"
        },
        {
            "title": "Remove the `defer_realtime_updates` flag",
            "flags": {
                "defer_realtime_updates": "False"
            },
            "message": "Remove the `defer_realtime_updates` flag\n\nThe client-side checks for this flag were removed in v0.49 on\n2016-11-30.\n",
            "hash": "ee79c760ba641c78b7a8076584bcbe36bbc78226",
            "author": "Robert Knight <robertknight@gmail.com>",
            "date": "Tue Nov 21 02:02:20 2017"
        },
        {
            "title": "Mark orphans_tab flag as pending removal.",
            "flags": {
                "orphans_tab": "False"
            },
            "message": "Mark orphans_tab flag as pending removal.\n\nChecks for this flag were removed in the v1.52 Hypothesis client\nrelease.\n",
            "hash": "964476a3cf350cbf24f66f985781dbcd8bf6dd9b",
            "author": "Robert Knight <robertknight@gmail.com>",
            "date": "Tue Nov 21 01:53:46 2017"
        },
        {
            "title": "Add client_display_names feature flag",
            "flags": {
                "client_display_names": "False"
            },
            "message": "Add client_display_names feature flag\n\nA future client pull request will use this feature flag to render\ndisplay names instead of user names in the sidebar.\n",
            "hash": "ad8b94d9e7322ac6bf6be6129ff555b6e3ba98b6",
            "author": "Sean Hammond <git@snhmnd.fastmail.com>",
            "date": "Tue Nov 14 08:32:49 2017"
        },
        {
            "title": "Move homepage_redirects flag to pending removal list",
            "flags": {
                "homepage_redirects": "False"
            },
            "message": "Move homepage_redirects flag to pending removal list\n",
            "hash": "ee6a63abe94f155347c886d382f2d69a8d7dd227",
            "author": "Robert Knight <robertknight@gmail.com>",
            "date": "Mon Sep 18 02:52:46 2017"
        },
        {
            "title": "Put user_info rendering behing feature flag",
            "flags": {
                "api_render_user_info": "False"
            },
            "message": "Put user_info rendering behing feature flag\n",
            "hash": "0c1f3543102f4f618189ba9238269cb9e986645c",
            "author": "Christof Dorner <christof@chdorner.com>",
            "date": "Tue Sep 12 02:23:12 2017"
        },
        {
            "title": "Merge pull request #4582 from hypothesis/embed-cachebuster",
            "flags": {
                "client_oauth": "False",
                "embed_cachebuster": "False",
                "overlay_highlighter": "False"
            },
            "message": "Merge pull request #4582 from hypothesis/embed-cachebuster\n\nAdd feature flag to append cachebuster to client URL",
            "hash": "76a118229101753ee1f5097f68c53a5bb3601bfd",
            "merge": "48a0fe10b da8e0fae2",
            "author": "Sean Hammond <git@seanh.cc>",
            "date": "Thu Jun 29 09:24:23 2017"
        },
        {
            "title": "Expose OAuth client ID and feature flag to client.",
            "flags": {
                "client_oauth": "False"
            },
            "message": "Expose OAuth client ID and feature flag to client.\n\nExpose the embedded Hypothesis client's OAuth client ID to via\nconfiguration in \"app.html\". This config is read from the\nCLIENT_OAUTH_ID env var, not to be confused with the CLIENT_ID env var\nused for the \"iss\" field of the legacy JWT tokens fetched via `GET\n/api/token`.\n\nIn addition, add a separately toggle-able feature flag which is exposed\nto the client via the \"oauthEnabled\" config setting. Having a separate\nflag enables toggling it without changing the service config, as well as\nenabling the page embedding the client or bookmarklet to control use of\nthis feature.\n",
            "hash": "ff16965e844d1066a4b7b64f70f20692fee8ee76",
            "author": "Robert Knight <robertknight@gmail.com>",
            "date": "Mon Jun 26 04:23:39 2017"
        },
        {
            "title": "Re-sort feature flag list.",
            "flags": {
                "overlay_highlighter": "False"
            },
            "message": "Re-sort feature flag list.\n",
            "hash": "57a0d39de88fbf026f7856608e395d6c2820adf2",
            "author": "Robert Knight <robertknight@gmail.com>",
            "date": "Mon Jun 26 04:17:04 2017"
        },
        {
            "title": "Add feature flag to append cachebuster to client URL",
            "flags": {
                "embed_cachebuster": "False"
            },
            "message": "Add feature flag to append cachebuster to client URL\n\nAdd a feature flag which causes a cachebuster to be appended to the\nURL of the client's boot script when serving the embed.\n\nThis provides a way to bypass the CDN cache on a per-cohort basis (eg.\ntemporarily enable for a dev after a client release for testing), or on\na per-request basis (eg. create a bookmarklet which serves\n'.../embed.js?__feature__[embed_cachebuster]' and sets the sidebar app\nURL to '.../app.html?__feature__[embed_cachebuster]').\n",
            "hash": "da8e0fae234a82d1a9deefa385ae7a86c295d9de",
            "author": "Robert Knight <robertknight@gmail.com>",
            "date": "Tue Jun 27 04:16:41 2017"
        },
        {
            "title": "Add view-switcher feature flag",
            "flags": {
                "overlay_highlighter": "False"
            },
            "message": "Add view-switcher feature flag\n",
            "hash": "4b1ad5292f64e00242190cedb00c124988efb7e3",
            "author": "Sean Hammond <git@snhmnd.fastmail.com>",
            "date": "Mon Jun 26 06:59:04 2017"
        },
        {
            "title": "Adding overlay_highlighter feature flag",
            "flags": {
                "overlay_highlighter": "False"
            },
            "message": "Adding overlay_highlighter feature flag\n",
            "hash": "ac7c9d572951aa3a912a0935454537fb86b83595",
            "author": "Sean Roberts <sean.roberts90@gmail.com>",
            "date": "Fri Jun 23 16:39:27 2017"
        },
        {
            "title": "Add feature flag for fetching annotations based on DOI metadata",
            "flags": {
                "search_for_doi": "False"
            },
            "message": "Add feature flag for fetching annotations based on DOI metadata\n\nAdd a client feature flag for searching for annotations associated with\nDOIs matching the DOI metadata of the current page.\n\nSee https://github.com/hypothesis/client/pull/402\n",
            "hash": "eb081f6a3f8b0d34780844e2ffe5f58bd676d292",
            "author": "Robert Knight <robertknight@gmail.com>",
            "date": "Mon Jun 5 02:04:55 2017"
        },
        {
            "title": "Conditionally redirect users from homepage (#4519)",
            "flags": {
                "homepage_redirects": "False"
            },
            "message": "Conditionally redirect users from homepage (#4519)\n\nOnce our marketing website has moved fully off the main application\r\ndomain, we'll serve redirects from the root URL that depend on the\r\nuser's logged-in status.\r\n\r\nIf a user is logged in, they are redirected to their own profile page.\r\nIf they're not, they are redirected to the main activity stream, unless\r\nanother URL is configured using the `HOMEPAGE_REDIRECT_URL` environment\r\nvariable, in which case they are sent there.\r\n\r\nThis change is feature-flagged (`homepage_redirects`).",
            "hash": "1dd42dbf534cfa624ddc86321fd0a17487be6b90",
            "author": "Nick Stenning <nick@whiteink.com>",
            "date": "Tue Apr 11 06:52:02 2017"
        },
        {
            "title": "Add a feature flag to enable first-party users to flag annotations (#4498)",
            "flags": {
                "flag_action": "False"
            },
            "message": "Add a feature flag to enable first-party users to flag annotations (#4498)\n\nAdd a feature flag which will cause the client to show the 'Flag' action\r\nicon on an annotation card.\r\n\r\nNote that the client will _always_ show the 'Flag' action for\r\nthird-party users.",
            "hash": "d91ef4f2cd8161db28f3dad219868e160c11a13f",
            "author": "Robert Knight <robertknight@gmail.com>",
            "date": "Thu Apr 6 04:09:10 2017"
        },
        {
            "title": "Add a feature flag for filtering highlights based on visible annotations in sidebar (#4440)",
            "flags": {
                "filter_highlights": "False"
            },
            "message": "Add a feature flag for filtering highlights based on visible annotations in sidebar (#4440)\n\nWe are investigating changing the visible highlights in an annotated\r\ndocument based on the current filter settings in the sidebar. Add a flag\r\nso we can test out behavior and performance impact with a select group\r\nof users.\r\n\r\nSee https://github.com/hypothesis/client/issues/217",
            "hash": "75b2138e57fe32610e4ad19e8f0b06042b08fa9c",
            "author": "Robert Knight <robertknight@gmail.com>",
            "date": "Fri Mar 17 07:22:38 2017"
        },
        {
            "title": "Move `use_client_boot_script` to FEATURES_PENDING_REMOVAL",
            "flags": {
                "use_client_boot_script": "False"
            },
            "message": "Move `use_client_boot_script` to FEATURES_PENDING_REMOVAL\n",
            "hash": "c6a0c34b4053b8802a4e836b55ddebd94baea40e",
            "author": "Robert Knight <robertknight@gmail.com>",
            "date": "Tue Mar 7 02:41:00 2017"
        },
        {
            "title": "Add feature flag to use client boot script",
            "flags": {
                "use_client_boot_script": "False"
            },
            "message": "Add feature flag to use client boot script\n\nAdd a feature flag which causes the service to use the client's boot\nscript instead of using the boot logic and bundle list from the service.\n\nThis is an initial step towards serving the client from an external CDN\ninstead of from the Hypothesis service.\n",
            "hash": "16fc14e28ead33978c9350b06b58f741458e7eec",
            "author": "Robert Knight <robertknight@gmail.com>",
            "date": "Mon Feb 6 07:50:45 2017"
        },
        {
            "title": "Mark the activity_pages and search_page feature flags as pending removal",
            "flags": {
                "activity_pages": "False",
                "search_page": "False"
            },
            "message": "Mark the activity_pages and search_page feature flags as pending removal\n",
            "hash": "eb7905bd700fe6b17fa347acaf2771a8885c3fb5",
            "author": "Robert Knight <robertknight@gmail.com>",
            "date": "Thu Dec 22 08:29:08 2016"
        },
        {
            "title": "Show total shared annotations in the group and user side bar.",
            "flags": {
                "total_shared_annotations": "False"
            },
            "message": "Show total shared annotations in the group and user side bar.\n\nFixes: https://github.com/hypothesis/h/issues/4168\n",
            "hash": "4df69d88a36d4be3bcd03d082a6f13fbc3d6b4ff",
            "author": "Sheetal Umesh Kumar <sheetaluk@hypothes.is>",
            "date": "Tue Dec 13 06:53:19 2016"
        },
        {
            "title": "Remove deprecated `selection_tabs` feature flag",
            "flags": {
                "selection_tabs": "removed"
            },
            "message": "Remove deprecated `selection_tabs` feature flag\n\nThis has been removed from the client on August 5th\n(https://github.com/hypothesis/client/commit/b9b099b7d8f13d089d6616f20e87c47fc4a91b26)\n",
            "hash": "d359a4776dc607a1fa1b09cccde3c4188b7ada27",
            "author": "Christof Dorner <christof@chdorner.com>",
            "date": "Fri Sep 23 08:00:17 2016"
        },
        {
            "title": "Mark 'selection_tabs' as pending removal",
            "flags": {
                "selection_tabs": "False"
            },
            "message": "Mark 'selection_tabs' as pending removal\n\nThis feature flag has been gone from the client for quite a while now.\nWe could probably just remove it, but for the sake of safety we'll\nfollow the standard procedure.\n",
            "hash": "7448cecb945c906f8c3cb2da8db27f50b748aad7",
            "author": "Nick Stenning <nick@whiteink.com>",
            "date": "Fri Sep 16 03:11:33 2016"
        },
        {
            "title": "Add a feature flag for deferring application of real-time updates in the client (#3865)",
            "flags": {
                "defer_realtime_updates": "False"
            },
            "message": "Add a feature flag for deferring application of real-time updates in the client (#3865)\n\n",
            "hash": "46fdbd95f9f9f1325c2a2f6350862010cee84fd2",
            "author": "Robert Knight <robertknight@gmail.com>",
            "date": "Thu Sep 15 00:36:38 2016"
        },
        {
            "title": "Use new `search_page` feature flag for activity pages skeleton",
            "flags": {
                "search_page": "False"
            },
            "message": "Use new `search_page` feature flag for activity pages skeleton\n\nSo we can turn on access to the search page individually from the new\nstyles in login/account forms.\n",
            "hash": "2ebbc195b05b380c50f537d32c230eaa7c9231ac",
            "author": "Christof Dorner <christof@chdorner.com>",
            "date": "Wed Aug 3 02:53:58 2016"
        },
        {
            "title": "Add orphans flag.",
            "flags": {
                "orphans_tab": "False"
            },
            "message": "Add orphans flag.\n",
            "hash": "ff3417605e9be37283f4c2433c8d06ac4dbe089d",
            "author": "Sheetal Umesh Kumar <sheetaluk@hypothes.is>",
            "date": "Mon Jul 25 04:31:26 2016"
        },
        {
            "title": "Remove the new homepage feature (#3601)",
            "flags": {
                "new_homepage": "removed"
            },
            "message": "Remove the new homepage feature (#3601)\n\nRemove the new https://hypothes.is/ front page that was behind the\r\n'new_homepage' feature flag, and all of the code that was added to\r\nsupport it (and that isn't now also being used by something else).",
            "hash": "79d6aec79d73f0f171948e42debb34f6558741d4",
            "author": "Sean Hammond <git@seanh.cc>",
            "date": "Thu Jul 14 02:18:43 2016"
        },
        {
            "title": "Add new activity_pages feature flag",
            "flags": {
                "activity_pages": "False"
            },
            "message": "Add new activity_pages feature flag\n",
            "hash": "9af1c19885ed76f5ab10bdcfdf977bd861bc1a38",
            "author": "Christof Dorner <christof@chdorner.com>",
            "date": "Wed Jul 6 07:14:55 2016"
        },
        {
            "title": "Separate all top level annotations into 'notes' and 'annotations' tabs. (#3504)",
            "flags": {
                "selection_tabs": "False"
            },
            "message": "Separate all top level annotations into 'notes' and 'annotations' tabs. (#3504)\n\nCurrently annotations, page notes, and orphans are all jumbled up in one view.\r\nWe want to separate out these three objects from each other so that the user\r\ncan better understand what each is, as well as their relationship to the document.\r\n\r\nHide tabs for direct links and when search results are displayed.\r\n\r\nhttps://trello.com/c/OLdLTlLT/342-separate-annotations-and-notes\r\n\r\nHide tabs behind feature flag.",
            "hash": "d7d55f284811cbe2c92f6c224b66af0c253632b9",
            "author": "Sheetal Umesh Kumar <sheetaluk@gmail.com>",
            "date": "Wed Jun 29 00:48:41 2016"
        },
        {
            "title": "Remove old features from FEATURES_PENDING_REMOVAL",
            "flags": {
                "claim": "removed",
                "direct_linking": "removed",
                "ops_disable_streamer_uri_equivalence": "removed",
                "postgres": "removed"
            },
            "message": "Remove old features from FEATURES_PENDING_REMOVAL\n\nThese are all dead and gone \ud83c\udf89!\n",
            "hash": "f4ec1eff4e4cd7dada262ac533250fc0e303e1bb",
            "author": "Nick Stenning <nick@whiteink.com>",
            "date": "Tue Jun 7 06:00:33 2016"
        },
        {
            "title": "Prepare the direct_linking feature flag for removal",
            "flags": {
                "direct_linking": "False"
            },
            "message": "Prepare the direct_linking feature flag for removal\n\nThis is now deployed and enabled for everyone so we can remove the flag.\n",
            "hash": "525079709f4e66aa1752c876498536f6be5e3981",
            "author": "Nick Stenning <nick@whiteink.com>",
            "date": "Mon May 30 02:18:01 2016"
        },
        {
            "title": "Move postgres feature flag to pending removal",
            "flags": {
                "postgres": "False"
            },
            "message": "Move postgres feature flag to pending removal\n",
            "hash": "b056109cfd0c775763cced95e00ed30c73425ea9",
            "author": "Christof Dorner <christof@chdorner.com>",
            "date": "Tue May 24 07:26:34 2016"
        },
        {
            "title": "Move Feature model into h.features.models",
            "flags": {
                "direct_linking": "False",
                "new_homepage": "False",
                "postgres": "False",
                "claim": "False",
                "ops_disable_streamer_uri_equivalence": "False"
            },
            "message": "Move Feature model into h.features.models\n\nMove the Feature model into its own module. The set of current valid\nflags is part of the model, so moves into this module.\n\nI've made a couple of small changes that allow the details of the\nFEATURES and FEATURES_PENDING_REMOVAL dictionaries to be hidden behind\nthe interface exposed by the model class, including a substantial\nsimplification to the Client class that results from reusing the\nexisting Feature.all() method rather than reimplementing its\nfunctionality within the client.\n\nThe remove_old_flags function also moves into the model as a classmethod\nso that everything that needs to know about the\nFEATURES{,_PENDING_REMOVAL} dictionaries is in one place.\n\nAdded tests for `Feature.all()`, `Feature.description`\n",
            "hash": "45584d8bb390f5dadf6a2f94c4e7dd7a39654e51",
            "author": "Nick Stenning <nick@whiteink.com>",
            "date": "Tue Apr 12 12:58:57 2016"
        }
    ]
}