{
    "date": "2019-12-20T18:24:52.431414",
    "commits": [
        {
            "title": "feat(feature-flags): add userProfile.customProfile flags",
            "flags": {
                "userProfile.customProfile.isEnabled": "False"
            },
            "message": "feat(feature-flags): add userProfile.customProfile flags\n",
            "hash": "819baf75097b13c1e14a577fe4d446e969c7b3f4",
            "author": "Ivan Pavlov",
            "date": "Fri Dec 13 05:30:27 2019"
        },
        {
            "title": "docs(feature-flags): add chat.documentPhotoEnabled",
            "flags": {
                "chat.documentPhotoEnabled": "False"
            },
            "message": "docs(feature-flags): add chat.documentPhotoEnabled",
            "hash": "888dd15b593aa32d070f4a8e7301df187bc3b026",
            "author": "Nikita Gusakov",
            "date": "Sat Nov 30 15:20:30 2019"
        },
        {
            "title": "Merge pull request #126 from dialogs/refactor/calls_flags_rename",
            "flags": {
                "isDiscoverActive": "removed",
                "discover.isEnabled": "False",
                "tabs.isContactsActive": "removed",
                "contacts.isEnabled": "False",
                "calls.isEnabled": "removed",
                "calls.isAudioCallsEnabled": "False",
                "calls.video.isEnabled": "removed",
                "calls.isVideoCallsEnabled": "False",
                "calls.isExtPhoneCallEnabled": "removed",
                "calls.isExternalCallsEnabled": "False"
            },
            "message": "Merge pull request #126 from dialogs/refactor/calls_flags_rename\n\nrefactor: rename calls related feature flags",
            "hash": "1d50e4691351af806fe043bbd73b1eeed7fa2e41",
            "merge": "86dae4d aa9fb8d",
            "author": "Nikita Gusakov",
            "date": "Thu Nov 28 13:28:32 2019"
        },
        {
            "title": "Merge pull request #125 from dialogs/refactor/rename-some-flags",
            "flags": {
                "isDiscoverActive": "removed",
                "discover.isEnabled": "False",
                "tabs.isContactsActive": "removed",
                "contacts.isEnabled": "False"
            },
            "message": "Merge pull request #125 from dialogs/refactor/rename-some-flags\n\nrefactor: `isDiscoverActive` => `discover.isEnabled` and `tabs.isContactsActive` => `contacts.isEnabled`",
            "hash": "86dae4d6bdf6e5964557a2701e14e842439229ff",
            "merge": "86d9e22 2baf956",
            "author": "Nikita Gusakov",
            "date": "Thu Nov 28 13:28:15 2019"
        },
        {
            "title": "Merge pull request #104 from dialogs/feat/public_url_prefix",
            "flags": {
                "tabs.isContactsActive": "False",
                "isHidingContentInTaskManagerEnabled": "False",
                "calls.video.isEnabled": "False",
                "calls.isExtPhoneCallEnabled": "False"
            },
            "message": "Merge pull request #104 from dialogs/feat/public_url_prefix\n\nfeat(flag): add new \"groups.publicUrlPrefix\" feature flag",
            "hash": "86d9e22d1d53c5dd7453f1c475532c7ea050bf58",
            "merge": "9db9433 e487eb8",
            "author": "Nikita Gusakov",
            "date": "Thu Nov 28 13:27:04 2019"
        },
        {
            "title": "refactor: rename isDiscoverActive and tabs.isContactsActive flags",
            "flags": {
                "isDiscoverActive": "removed",
                "discover.isEnabled": "False",
                "tabs.isContactsActive": "removed",
                "contacts.isEnabled": "False"
            },
            "message": "refactor: rename isDiscoverActive and tabs.isContactsActive flags\n",
            "hash": "2baf9563158c3368a0b77334ae92684fc3d0cbf9",
            "author": "Oleg Shilov",
            "date": "Tue Nov 19 05:55:54 2019"
        },
        {
            "title": "refactor: rename calls related feature flags",
            "flags": {
                "calls.isEnabled": "removed",
                "calls.isAudioCallsEnabled": "False",
                "calls.video.isEnabled": "removed",
                "calls.isVideoCallsEnabled": "False",
                "calls.isExtPhoneCallEnabled": "removed",
                "calls.isExternalCallsEnabled": "False"
            },
            "message": "refactor: rename calls related feature flags\n",
            "hash": "aa9fb8d81880526c06d70e50cc1ba70259bcfb04",
            "author": "Oleg Shilov",
            "date": "Tue Nov 19 07:45:47 2019"
        },
        {
            "title": "feat(calls): Add video calls feature flag",
            "flags": {
                "calls.video.isEnabled": "False"
            },
            "message": "feat(calls): Add video calls feature flag\n",
            "hash": "08fbc062928eef6d90edfc91e9da79b2a4bed24b",
            "author": "Alexey Gordeev",
            "date": "Sun Nov 17 23:55:38 2019"
        },
        {
            "title": "docs(feature-flags): add external phone calls flag",
            "flags": {
                "calls.isExtPhoneCallEnabled": "False"
            },
            "message": "docs(feature-flags): add external phone calls flag",
            "hash": "a6bba05fa7fecd544eae328eff16922a8fab2888",
            "author": "Nikita Gusakov",
            "date": "Sat Nov 16 03:20:37 2019"
        },
        {
            "title": "feat: contacts and pass code feature flags (#113)",
            "flags": {
                "tabs.isContactsActive": "False",
                "isHidingContentInTaskManagerEnabled": "False"
            },
            "message": "feat: contacts and pass code feature flags (#113)\n\n* feat: contacts and pass code feature flags\r\n\r\n* feat: contacts and pass code feature flags fixed according to comments\r\n\r\n* feat: renamed ff of pass code and contacts tab\r\n",
            "hash": "5e05157ab71e4ee73b0181f76a0ae698dbacb4f6",
            "author": "Yuriy Sych",
            "date": "Wed Nov 13 09:07:16 2019"
        },
        {
            "title": "docs(feature-flags): add calls feature flag",
            "flags": {
                "calls.isEnabled": "False"
            },
            "message": "docs(feature-flags): add calls feature flag\n\n",
            "hash": "5ebfc42ee01c917a9ce3979713f4cbd313827879",
            "author": "nullsafety",
            "date": "Wed Oct 16 04:26:35 2019"
        },
        {
            "title": "Update feature-flags.schema.json (#88)",
            "flags": {
                "notifications.android.isEnable": "False"
            },
            "message": "Update feature-flags.schema.json (#88)\n\nadded feature flag for enable/disable push notifications on android platform",
            "hash": "887e9384743c744123bd365da9b3cc6ee7e88de8",
            "author": "Ivan Fedotov",
            "date": "Wed Oct 16 04:21:56 2019"
        },
        {
            "title": "chore(feature-flags): Add stickers flag.",
            "flags": {
                "chat.stickersEnabled": "False"
            },
            "message": "chore(feature-flags): Add stickers flag.",
            "hash": "e7cc29059e7f953d693c0ce764f1c9f715891114",
            "author": "Anatoliy Korovkin",
            "date": "Wed Sep 25 05:26:59 2019"
        },
        {
            "title": "Merge branch 'master' into feature-flags-swipeToReply",
            "flags": {
                "isSwipeBackEnabled": "False",
                "isCertAuthActive": "False",
                "markdown.inChatsEnabled": "False",
                "markdown.inLastMessagesEnabled": "False",
                "markdown.inProfileEnabled": "False"
            },
            "message": "Merge branch 'master' into feature-flags-swipeToReply",
            "hash": "2d5de2a0e2c45f66665201d096b5545d35ac081d",
            "merge": "b2b1599 6f4d88c",
            "author": "Nikita Gusakov",
            "date": "Wed Sep 25 00:44:13 2019"
        },
        {
            "title": "Merge pull request #87 from dialogs/feature-flags-swipeBack",
            "flags": {
                "isSwipeBackEnabled": "False",
                "isCertAuthActive": "False",
                "markdown.inChatsEnabled": "False",
                "markdown.inLastMessagesEnabled": "False",
                "markdown.inProfileEnabled": "False"
            },
            "message": "Merge pull request #87 from dialogs/feature-flags-swipeBack\n\nUpdate feature-flags: added swipeBack on fragments",
            "hash": "6f4d88ca37d2e223c7756ab7e18b3da40a422644",
            "merge": "efc6a0c 4dbc280",
            "author": "Nikita Gusakov",
            "date": "Wed Sep 25 00:41:51 2019"
        },
        {
            "title": "Update feature-flags: added swipeBack on fragments",
            "flags": {
                "isSwipeBackEnabled": "False"
            },
            "message": "Update feature-flags: added swipeBack on fragments\n",
            "hash": "4dbc280840c9d25973d5e7570843e6c25d1c5783",
            "author": "a.sokolov",
            "date": "Tue Sep 24 22:44:20 2019"
        },
        {
            "title": "feat(FeatureFlag): multiple",
            "flags": {
                "markdown.inChatEnabled": "removed",
                "markdown.inChatsEnabled": "False",
                "markdown.inLastMessageEnabled": "removed",
                "markdown.inLastMessagesEnabled": "False"
            },
            "message": "feat(FeatureFlag): multiple\n",
            "hash": "83999a21db441c556ade59b9e322c3fd15484ecf",
            "author": "o.tyaglov",
            "date": "Tue Sep 17 22:41:47 2019"
        },
        {
            "title": "feat(FeatureFlag): add feature flag for markdown",
            "flags": {
                "markdown.inChatEnabled": "False",
                "markdown.inLastMessageEnabled": "False",
                "markdown.inProfileEnabled": "False"
            },
            "message": "feat(FeatureFlag): add feature flag for markdown\n",
            "hash": "2f9bd8d7beb5720bd70041ba13ceecd21b24b5fe",
            "author": "o.tyaglov",
            "date": "Tue Sep 17 22:39:22 2019"
        },
        {
            "title": "Merge pull request #78 from nbogdanovskiydialog/patch-5",
            "flags": {
                "isCertAuthActive": "False"
            },
            "message": "Merge pull request #78 from nbogdanovskiydialog/patch-5\n\nadded \"isCertAuthActive\"",
            "hash": "48f258a3605bb7d5a2f9fc9d43ba0d6f66459dab",
            "merge": "a26510e e2b8373",
            "author": "Nikita Gusakov",
            "date": "Tue Sep 17 04:08:25 2019"
        },
        {
            "title": "added \"isCertAuthActive\"",
            "flags": {
                "isCertAuthActive": "False"
            },
            "message": "added \"isCertAuthActive\"",
            "hash": "e2b8373a3fc84d9ad5c9fdd41d3c3edd4172c33f",
            "author": "nbogdanovskiydialog",
            "date": "Mon Sep 16 05:03:43 2019"
        },
        {
            "title": "feature(android): added new feature flags",
            "flags": {
                "upload.uploadEnabled": "False",
                "search.profileSearchEnabled": "False"
            },
            "message": "feature(android): added new feature flags",
            "hash": "fbf2652924440ba8f5fdfdd52b834b94b77a4dc5",
            "author": "Nikita",
            "date": "Fri Sep 13 05:04:32 2019"
        },
        {
            "title": "Update feature flags schema (#67)",
            "flags": {
                "isMultifactorauthActive": "False",
                "spaces.isEnabled": "False"
            },
            "message": "Update feature flags schema (#67)\n\n",
            "hash": "0c68af7b6efafe1fd0fea938c2880704f5093104",
            "author": "nbogdanovskiydialog",
            "date": "Wed Aug 21 04:52:37 2019"
        },
        {
            "title": "docs: convert feature flags doc to json schema",
            "flags": {
                "isDiscoverActive": "False"
            },
            "message": "docs: convert feature flags doc to json schema",
            "hash": "e79839e2244f2c4d01575b960e6c8e072366c9ac",
            "author": "Nikita Gusakov",
            "date": "Fri Aug 16 04:29:29 2019"
        }
    ]
}