{
    "id": 143816161,
    "node_id": "MDEwOlJlcG9zaXRvcnkxNDM4MTYxNjE=",
    "name": "api-schema",
    "full_name": "dialogs/api-schema",
    "private": false,
    "description": "dialog gRPC API schema",
    "fork": false,
    "created_at": "2018-08-07T03:44:31Z",
    "updated_at": "2019-12-16T12:28:08Z",
    "pushed_at": "2019-12-19T11:16:08Z",
    "homepage": "https://dialogs.github.io/api-schema/",
    "size": 12980,
    "stargazers_count": 29,
    "watchers_count": 29,
    "language": "Go",
    "has_issues": true,
    "has_projects": false,
    "has_downloads": true,
    "has_wiki": false,
    "has_pages": true,
    "forks_count": 12,
    "archived": false,
    "disabled": false,
    "open_issues_count": 7,
    "forks": 12,
    "open_issues": 7,
    "watchers": 29,
    "default_branch": "master",
    "temp_clone_token": "",
    "network_count": 12,
    "subscribers_count": 35,
    "languages": {
        "Go": 29761,
        "Python": 4627,
        "Ruby": 2624,
        "Makefile": 2373,
        "JavaScript": 2002,
        "Scala": 1328,
        "Shell": 838
    }
}