{
    "id": 50386243,
    "node_id": "MDEwOlJlcG9zaXRvcnk1MDM4NjI0Mw==",
    "name": "identity-idp",
    "full_name": "18F/identity-idp",
    "private": false,
    "description": "Login.gov Core App: Identity Provider (IdP)",
    "fork": false,
    "created_at": "2016-01-25T22:40:59Z",
    "updated_at": "2019-12-20T16:04:21Z",
    "pushed_at": "2019-12-20T16:04:19Z",
    "homepage": "https://secure.login.gov/",
    "size": 30058,
    "stargazers_count": 257,
    "watchers_count": 257,
    "language": "Ruby",
    "has_issues": true,
    "has_projects": true,
    "has_downloads": true,
    "has_wiki": true,
    "has_pages": false,
    "forks_count": 61,
    "archived": false,
    "disabled": false,
    "open_issues_count": 8,
    "forks": 61,
    "open_issues": 8,
    "watchers": 257,
    "default_branch": "master",
    "temp_clone_token": "",
    "network_count": 61,
    "subscribers_count": 112,
    "languages": {
        "Ruby": 2443137,
        "HTML": 220864,
        "JavaScript": 73059,
        "CSS": 42649,
        "Python": 21802,
        "Shell": 4992,
        "Dockerfile": 1388,
        "Makefile": 1333
    }
}