{
    "date": "2019-12-20T17:58:10.655135",
    "commits": [
        {
            "title": "Remove obsolete feature flag",
            "flags": {
                "NEW_INTERNATIONAL_HEADER_ON": "removed"
            },
            "message": "Remove obsolete feature flag\n",
            "hash": "13fa4b6259c57c79fc2fc76b40d11262cc462aef",
            "author": "Edie Pearce <edie.pearce@digital.trade.gov.uk>",
            "date": "Mon Oct 28 06:31:33 2019"
        },
        {
            "title": "remove unused brexit news feature",
            "flags": {
                "NEWS_SECTION_ON": "removed"
            },
            "message": "remove unused brexit news feature\n",
            "hash": "e1d55c5619ef1c34bc7b99108fada4b6f15ec70d",
            "author": "Alessandro <alessandro.denoia@digital.trade.gov.uk>",
            "date": "Mon Oct 21 06:49:18 2019"
        },
        {
            "title": "Merge remote-tracking branch 'origin/develop' into CI-501-international-contact-triage-redirect",
            "flags": {
                "EXPORT_VOUCHERS_ON": "False",
                "INTERNATIONAL_CONTACT_TRIAGE_ON": "False"
            },
            "message": "Merge remote-tracking branch 'origin/develop' into CI-501-international-contact-triage-redirect\n\n",
            "hash": "46acd4205616222c9911f2a35af59540f072ca3a",
            "merge": "ad5b75ec 020c7328",
            "author": "JessGilbert <jessica.gilbert@digital.trade.gov.uk>",
            "date": "Thu Sep 26 04:07:53 2019"
        },
        {
            "title": "Merge remote-tracking branch 'origin/develop' into CI-501-international-contact-triage-redirect",
            "flags": {
                "EXPORT_VOUCHERS_ON": "False",
                "INTERNATIONAL_CONTACT_TRIAGE_ON": "False"
            },
            "message": "Merge remote-tracking branch 'origin/develop' into CI-501-international-contact-triage-redirect\n\n",
            "hash": "c73e9830d8225b28bfa891b3a22218df33a3a0ff",
            "merge": "05fb3688 54e40720",
            "author": "JessGilbert <jessica.gilbert@digital.trade.gov.uk>",
            "date": "Tue Sep 24 01:23:40 2019"
        },
        {
            "title": "Feature flag defaults to false",
            "flags": {
                "INTERNATIONAL_CONTACT_TRIAGE_ON": "False"
            },
            "message": "Feature flag defaults to false\n\n",
            "hash": "05fb368858bd74c33f81ab0c88ed42d2fa6a027c",
            "author": "JessGilbert <jessica.gilbert@digital.trade.gov.uk>",
            "date": "Mon Sep 23 07:54:26 2019"
        },
        {
            "title": "Tests",
            "flags": {
                "INTERNATIONAL_CONTACT_TRIAGE_ON": "True"
            },
            "message": "Tests\n\n",
            "hash": "a9e97714591282b37ea7dfddf8a0ce7f0580b1da",
            "author": "JessGilbert <jessica.gilbert@digital.trade.gov.uk>",
            "date": "Fri Sep 20 06:17:20 2019"
        },
        {
            "title": "Added redirect from international contact triage to new great-int url",
            "flags": {
                "EXPORT_VOUCHERS_ON": "False",
                "INTERNATIONAL_CONTACT_TRIAGE_ON": "False"
            },
            "message": "Added redirect from international contact triage to new great-int url\n\n",
            "hash": "d020bacf66585f920f68b0aec0cb7fba7119e9ff",
            "author": "JessGilbert <jessica.gilbert@digital.trade.gov.uk>",
            "date": "Fri Sep 20 04:17:31 2019"
        },
        {
            "title": "Remove old feature flags",
            "flags": {
                "CAMPAIGN_PAGES_ON": "removed",
                "LANDING_PAGE_EU_EXIT_BANNER_ON": "removed",
                "EXPORTING_TO_UK_ON": "False",
                "MAINTENANCE_MODE_ON": "False",
                "UKEF_PAGES_ON": "removed"
            },
            "message": "Remove old feature flags\n",
            "hash": "c1f5c45615e460750953a16c1303a0d9ac3e78eb",
            "author": "richtier <rikatee@gmail.com>",
            "date": "Tue Aug 27 02:24:04 2019"
        },
        {
            "title": "Add export vouchers form",
            "flags": {
                "NEW_INTERNATIONAL_HEADER_ON": "False",
                "LANDING_PAGE_EU_EXIT_BANNER_ON": "False",
                "MARKET_ACCESS_ON": "False",
                "MARKET_ACCESS_LINK_ON": "False",
                "NEW_REGISTRATION_JOURNEY_ON": "False",
                "MAINTENANCE_MODE_ON": "False",
                "TEST_SEARCH_API_PAGES_ON": "False",
                "CAPITAL_INVEST_CONTACT_IN_TRIAGE_ON": "False",
                "EXPORT_VOUCHERS_ON": "False"
            },
            "message": "Add export vouchers form\n",
            "hash": "95bcd9717b288a37f7ed48def0aa63fe944aaa05",
            "author": "richtier <rikatee@gmail.com>",
            "date": "Tue Aug 27 01:20:14 2019"
        },
        {
            "title": "remove unused feature flag",
            "flags": {
                "GREAT_INTERNATIONAL_REDIRECTS_ON": "removed"
            },
            "message": "remove unused feature flag\n",
            "hash": "47541b11b0c84281edd934b1c7d28a4e22e63058",
            "author": "Alessandro De Noia <alessandro.denoia@gmail.com>",
            "date": "Thu Aug 15 08:14:20 2019"
        },
        {
            "title": "add trade international redirect",
            "flags": {
                "GREAT_INTERNATIONAL_REDIRECTS_ON": "False"
            },
            "message": "add trade international redirect\n",
            "hash": "a862fdd801daf46e32ab04a40b6277190d178fc9",
            "author": "Alessandro De Noia <alessandro.denoia@gmail.com>",
            "date": "Thu Aug 15 06:30:00 2019"
        },
        {
            "title": "Put capital invest option in triage behind feature flag",
            "flags": {
                "CAPITAL_INVEST_CONTACT_IN_TRIAGE_ON": "False"
            },
            "message": "Put capital invest option in triage behind feature flag\n\n",
            "hash": "82253c2a386a00289b40f45a9588f7b38380d49f",
            "author": "JessGilbert <jessica.gilbert@digital.trade.gov.uk>",
            "date": "Tue Aug 13 08:44:24 2019"
        },
        {
            "title": "ensure tests pass",
            "flags": {
                "TEST_SEARCH_API_PAGES_ON": "False"
            },
            "message": "ensure tests pass\n",
            "hash": "961fc5079c4cc0f1174e039e0c60074c122c66b2",
            "merge": "283a3783 177cbc65",
            "author": "Will Taylor <wrftaylor@gmail.com>",
            "date": "Thu Jun 27 05:10:41 2019"
        },
        {
            "title": "rename activitystream module as",
            "flags": {
                "TEST_SEARCH_API_PAGES_ON": "False"
            },
            "message": "rename activitystream module as\n",
            "hash": "b4439d58d75830c68fe3ae187f5770cdb98244d4",
            "author": "Will Taylor <wrftaylor@gmail.com>",
            "date": "Mon Jun 24 02:50:07 2019"
        },
        {
            "title": "Skip GA360 on appropriate views, update tests",
            "flags": {
                "PERFORMANCE_DASHBOARD_ON": "removed"
            },
            "message": "Skip GA360 on appropriate views, update tests\n",
            "hash": "0fe69d8ec6ab056d40b308959e5ae0f1b4e350ad",
            "author": "eadpearce <e.pearce@tutanota.com>",
            "date": "Mon Jun 17 06:46:11 2019"
        },
        {
            "title": "implemented UKEFPages Feature Flag",
            "flags": {
                "UKEF_PAGES_ON": "False"
            },
            "message": "implemented UKEFPages Feature Flag\n",
            "hash": "a918abd1a3f699fc298bd7fba54e1db560f6e86c",
            "author": "erdem <github@erdemozkol.com>",
            "date": "Wed Apr 24 08:58:55 2019"
        },
        {
            "title": "Merge pull request #113 from uktrade/feature/XOT-763-GA360-tagging",
            "flags": {
                "HEADER_SEARCH_ON": "removed",
                "NEW_HEADER_FOOTER_ON": "removed",
                "MARKETS_PAGES_ON": "removed",
                "SEARCH_ON": "removed"
            },
            "message": "Merge pull request #113 from uktrade/feature/XOT-763-GA360-tagging\n\nFeature/XOT-763 ga360 tagging",
            "hash": "1989be24407542ca5e7647bdb44fe0ff6ef0bc42",
            "merge": "8242c535 2cfff224",
            "author": "Edie Pearce <e.pearce@tutanota.com>",
            "date": "Tue Apr 23 03:49:01 2019"
        },
        {
            "title": "Remove feature flags - features have been released",
            "flags": {
                "HEADER_SEARCH_ON": "removed",
                "NEW_HEADER_FOOTER_ON": "removed",
                "SEARCH_ON": "removed"
            },
            "message": "Remove feature flags - features have been released\n",
            "hash": "704af607b63b412965884f2793b5fa4280e68f2f",
            "author": "eadpearce <e.pearce@tutanota.com>",
            "date": "Thu Apr 18 08:50:08 2019"
        },
        {
            "title": "Remove markets/country guides feature flag - this feature was released",
            "flags": {
                "MARKETS_PAGES_ON": "removed"
            },
            "message": "Remove markets/country guides feature flag - this feature was released\n",
            "hash": "0270324627c2ffd386d7ab3c3240df28b1612fbe",
            "author": "eadpearce <e.pearce@tutanota.com>",
            "date": "Thu Apr 18 06:47:48 2019"
        },
        {
            "title": "Merge remote-tracking branch 'origin' into TT-1324-routing-improvement",
            "flags": {
                "NEW_INTERNATIONAL_HEADER_ON": "False"
            },
            "message": "Merge remote-tracking branch 'origin' into TT-1324-routing-improvement\n",
            "hash": "746bd2f731ca7431e357e8d4630ee12685218ae6",
            "merge": "1dc79f42 f5d438f5",
            "author": "richtier <rikatee@gmail.com>",
            "date": "Thu Apr 11 05:09:58 2019"
        },
        {
            "title": "Update naming",
            "flags": {
                "INTERNATIONAL_HEADER_ON": "removed",
                "NEW_INTERNATIONAL_HEADER_ON": "False"
            },
            "message": "Update naming\n",
            "hash": "7846d8be049540405216a9171fe6ea1a96ad5eab",
            "author": "eadpearce <e.pearce@tutanota.com>",
            "date": "Wed Apr 10 09:15:35 2019"
        },
        {
            "title": "Feature flag international header",
            "flags": {
                "INTERNATIONAL_HEADER_ON": "False"
            },
            "message": "Feature flag international header\n",
            "hash": "8c60018c6244c63ef59656d7d8969a0c2f790a3f",
            "author": "eadpearce <e.pearce@tutanota.com>",
            "date": "Wed Apr 10 09:11:11 2019"
        },
        {
            "title": "Merge pull request #84 from uktrade/TT-1308-trade-helpdesk-options",
            "flags": {
                "UKEF_LEAD_GENERATION_ON": "removed",
                "EU_EXIT_FORMS_ON": "removed",
                "OFFICE_FINDER_ON": "removed",
                "SOO_CONTACT_FORM_ON": "removed",
                "EXPORTING_TO_UK_ON": "False",
                "SEARCH_ENGINE_INDEXING_OFF": "removed"
            },
            "message": "Merge pull request #84 from uktrade/TT-1308-trade-helpdesk-options\n\nAdd exporting to UK contact form (and docs...and IP restrictor refactor...and remove obsolete feature flags)",
            "hash": "08e31030affff81ace5488a9ccf84fec1ccb4312",
            "merge": "bbeae4cc b2feea3e",
            "author": "Richard Tier <rikatee@gmail.com>",
            "date": "Mon Apr 8 05:48:17 2019"
        },
        {
            "title": "Flake8 fixes",
            "flags": {
                "EXPORTING_TO_UK_ON": "False"
            },
            "message": "Flake8 fixes\n",
            "hash": "d1a78b832b495227e42105731d1065c2d2620f1c",
            "author": "richtier <rikatee@gmail.com>",
            "date": "Mon Apr 8 02:08:47 2019"
        },
        {
            "title": "Remove obsolete code and change IP restrictor to admin restrictor",
            "flags": {
                "UKEF_LEAD_GENERATION_ON": "removed",
                "EU_EXIT_FORMS_ON": "removed",
                "OFFICE_FINDER_ON": "removed",
                "SOO_CONTACT_FORM_ON": "removed",
                "EXPORTING_TO_UK_ON": "False",
                "SEARCH_ENGINE_INDEXING_OFF": "removed"
            },
            "message": "Remove obsolete code and change IP restrictor to admin restrictor\n",
            "hash": "6e2193b0cad9074e307b130988ba14eaba6e68d2",
            "author": "richtier <rikatee@gmail.com>",
            "date": "Mon Apr 8 01:47:46 2019"
        },
        {
            "title": "Fix line length",
            "flags": {
                "NEW_HEADER_FOOTER_ON": "False"
            },
            "message": "Fix line length\n",
            "hash": "84f12b9919ef923c8dea425f47afd65409353f63",
            "author": "eadpearce <e.pearce@tutanota.com>",
            "date": "Tue Mar 26 05:48:54 2019"
        },
        {
            "title": "Add search feature flag to settings",
            "flags": {
                "HEADER_SEARCH_ON": "False"
            },
            "message": "Add search feature flag to settings\n",
            "hash": "179b5f1bdcd08fa50171aa06e45c5abea9930463",
            "author": "eadpearce <e.pearce@tutanota.com>",
            "date": "Tue Mar 26 05:45:48 2019"
        },
        {
            "title": "Update env var name",
            "flags": {
                "NEW_HEADER_FOOTER_ON": "False"
            },
            "message": "Update env var name\n",
            "hash": "c2cbdf16dcdea382e845ea39c45fdad3d9915e1e",
            "author": "eadpearce <e.pearce@tutanota.com>",
            "date": "Tue Mar 26 05:24:25 2019"
        },
        {
            "title": "Fix tests",
            "flags": {
                "EXPORT_JOURNEY_ON": "removed"
            },
            "message": "Fix tests\n",
            "hash": "fcbbf04336b966982ba9260618289cb32796bc96",
            "author": "eadpearce <e.pearce@tutanota.com>",
            "date": "Thu Mar 21 05:50:49 2019"
        },
        {
            "title": "Update to new header and footer",
            "flags": {
                "NEW_HEADER_FOOTER_ON": "False"
            },
            "message": "Update to new header and footer\n",
            "hash": "1ae29e40444a9affeaa29b2f1f790d4f8909884c",
            "author": "eadpearce <e.pearce@tutanota.com>",
            "date": "Wed Mar 20 11:02:18 2019"
        },
        {
            "title": "Add feature flag for search view",
            "flags": {
                "SEARCH_ON": "False"
            },
            "message": "Add feature flag for search view\n",
            "hash": "08221d14ab17debc63e467c4c3b491ed067ed741",
            "author": "richtier <rikatee@gmail.com>",
            "date": "Mon Mar 25 10:05:53 2019"
        },
        {
            "title": "added feature flag, changed urls and content",
            "flags": {
                "MARKET_ACCESS_LINK_ON": "False"
            },
            "message": "added feature flag, changed urls and content\n",
            "hash": "036938c223b12ad2fecf2e3724e2de328923d466",
            "author": "CWaszczuk-DIT <chris.waszczuk@digital.trade.gov.uk>",
            "date": "Wed Feb 20 06:41:11 2019"
        },
        {
            "title": "fixed incorrect feature flag name and urls",
            "flags": {
                "MARKET_ACCESS_FORM_ON": "removed"
            },
            "message": "fixed incorrect feature flag name and urls\n",
            "hash": "c769c3118233771e78310cd76b562a0b7b6c79c2",
            "author": "CWaszczuk-DIT <chris.waszczuk@digital.trade.gov.uk>",
            "date": "Wed Feb 13 07:59:28 2019"
        },
        {
            "title": "added market access header environment variable",
            "flags": {
                "MARKET_ACCESS_ON": "False"
            },
            "message": "added market access header environment variable\n",
            "hash": "a72af06258dc7fd9413caefbcda655d6769a701c",
            "author": "CWaszczuk-DIT <chris.waszczuk@digital.trade.gov.uk>",
            "date": "Wed Feb 13 07:35:50 2019"
        },
        {
            "title": "Add EU exit banner to home page",
            "flags": {
                "EXPORT_JOURNEY_ON": "True",
                "MARKETS_PAGES_ON": "False",
                "PROTOTYPE_PAGES_ON": "False",
                "CAMPAIGN_PAGES_ON": "False",
                "NEWS_SECTION_ON": "False",
                "LANDING_PAGE_EU_EXIT_BANNER_ON": "False"
            },
            "message": "Add EU exit banner to home page\n",
            "hash": "7c92e4db743f5622afff8dd7e9ca75f30ab3497c",
            "author": "richtier <rikatee@gmail.com>",
            "date": "Thu Feb 7 02:24:40 2019"
        },
        {
            "title": "Feature flag markets/country pages separately, add tests",
            "flags": {
                "MARKETS_PAGES_ON": "False"
            },
            "message": "Feature flag markets/country pages separately, add tests\n",
            "hash": "6fc8fcb5be2d46677603e79e38415b50d5f71ccd",
            "author": "eadpearce <e.pearce@tutanota.com>",
            "date": "Thu Jan 24 03:53:10 2019"
        },
        {
            "title": "Merge branch 'master' into market_access_backend",
            "flags": {
                "MARKET_ACCESS_FORM_ON": "False"
            },
            "message": "Merge branch 'master' into market_access_backend",
            "hash": "69572ab4da0e08d88a2fbc3d5a2788d4cb376ce0",
            "merge": "fac9583c 2c31e98a",
            "author": "Sekhar Panja <sekharpanja@users.noreply.github.com>",
            "date": "Mon Jan 21 10:01:08 2019"
        },
        {
            "title": "fixing multi line f string",
            "flags": {
                "MARKET_ACCESS_FORM_ON": "False"
            },
            "message": "fixing multi line f string\n",
            "hash": "ecf42fa31f0a952519e33e9e5c4e3a4bbe92197a",
            "author": "sekharpanja <sekharpanja@gmail.com>",
            "date": "Mon Jan 21 09:51:34 2019"
        },
        {
            "title": "merging master back into the branch",
            "flags": {
                "PROTOTYPE_HEADER_FOOTER_ON": "removed",
                "OFFICE_FINDER_ON": "False",
                "MARKET_ACCESS_FORM_ON": "False",
                "NEW_REGISTRATION_JOURNEY_ON": "False"
            },
            "message": "merging master back into the branch\n",
            "hash": "57fcb416a449ce6c7718cf180b68c515aec6ee21",
            "merge": "9c2e426d d4f9e380",
            "author": "sekharpanja <sekharpanja@gmail.com>",
            "date": "Mon Jan 21 09:17:41 2019"
        },
        {
            "title": "Merge branch 'master' into CMS-684-remove-unused-code",
            "flags": {
                "NEW_REGISTRATION_JOURNEY_ON": "False"
            },
            "message": "Merge branch 'master' into CMS-684-remove-unused-code\n",
            "hash": "65a94181ee88a518a866f533551df789502c64f7",
            "merge": "cef80b2d d4f9e380",
            "author": "Alessandro De Noia <alessandro.denoia@digital.trade.gov.uk>",
            "date": "Mon Jan 21 04:12:20 2019"
        },
        {
            "title": "fixed syntax",
            "flags": {
                "NEW_REGISTRATION_JOURNEY_ON": "False"
            },
            "message": "fixed syntax\n",
            "hash": "8f4f426a2679568ec6893b7d0a386178552b439b",
            "author": "gatwal <gurdeep.atwal@digital.trade.gov.uk>",
            "date": "Tue Jan 15 06:05:52 2019"
        },
        {
            "title": "fixed syntax",
            "flags": {
                "NEW_REG_JOURNEY_ON": "removed",
                "NEW_REGISTRATION_JOURNEY_ON": "False"
            },
            "message": "fixed syntax\n",
            "hash": "1b85522488c43cce4dca4975dbc5a6cc735df54e",
            "author": "gatwal <gurdeep.atwal@digital.trade.gov.uk>",
            "date": "Tue Jan 15 05:57:14 2019"
        },
        {
            "title": "Merge branch 'master' into TT-932-update-contactus-flow",
            "flags": {
                "NEW_REG_JOURNEY_ON": "False"
            },
            "message": "Merge branch 'master' into TT-932-update-contactus-flow",
            "hash": "b1a3a51d1d29a48a7574982a3b091844d27e9656",
            "merge": "a8d7d251 055b682d",
            "author": "Gurdeep Atwal <44236490+depsiatwal@users.noreply.github.com>",
            "date": "Tue Jan 15 05:04:06 2019"
        },
        {
            "title": "added feature flag for new reg journey",
            "flags": {
                "NEW_REG_JOURNEY_ON": "False"
            },
            "message": "added feature flag for new reg journey\n",
            "hash": "535663ce188a29ff11d66a9664f342c19237bba8",
            "author": "gatwal <gurdeep.atwal@digital.trade.gov.uk>",
            "date": "Tue Jan 15 04:40:53 2019"
        },
        {
            "title": "Merge remote-tracking branch 'origin' into TT-783-aggregate-healthchecks",
            "flags": {
                "PROTOTYPE_HEADER_FOOTER_ON": "removed"
            },
            "message": "Merge remote-tracking branch 'origin' into TT-783-aggregate-healthchecks\n",
            "hash": "9a3e0129187aa95c6a578da13eb8a26d640218e2",
            "merge": "2fb5d2c1 3d11fe5f",
            "author": "richtier <rikatee@gmail.com>",
            "date": "Wed Jan 9 07:12:08 2019"
        },
        {
            "title": "Upgrade components for new header, consolidate feature flags",
            "flags": {
                "PROTOTYPE_HEADER_FOOTER_ON": "removed"
            },
            "message": "Upgrade components for new header, consolidate feature flags\n",
            "hash": "4f8018f65fde1f79847f10a03ad0aad30e9af8ed",
            "author": "eadpearce <e.pearce@tutanota.com>",
            "date": "Tue Jan 8 02:50:27 2019"
        },
        {
            "title": "adding new settings for MA",
            "flags": {
                "MARKET_ACCESS_FORM_ON": "False"
            },
            "message": "adding new settings for MA\nMerge branch 'market_access_backend' of https://github.com/uktrade/directory-ui-export-readiness into market_access_backend\n",
            "hash": "5e90938b54066de30667ce8efaa056157143f3bc",
            "merge": "429e2263 119cfe7f",
            "author": "sekharpanja <sekharpanja@gmail.com>",
            "date": "Wed Dec 19 08:22:33 2018"
        },
        {
            "title": "WIP using settings",
            "flags": {
                "MARKET_ACCESS_FORM_ON": "False"
            },
            "message": "WIP using settings\nadding forms\nand setting\n",
            "hash": "429e2263b0c4bba4e1ec8b1e49f999ee1cceba7a",
            "author": "sekharpanja <sekharpanja@gmail.com>",
            "date": "Wed Dec 19 03:06:10 2018"
        },
        {
            "title": "Add office finder",
            "flags": {
                "OFFICE_FINDER_ON": "False"
            },
            "message": "Add office finder\n",
            "hash": "69b9b6112f11afddd59ee12a9eca02ba49d2acb3",
            "author": "richtier <rikatee@gmail.com>",
            "date": "Tue Dec 18 06:14:49 2018"
        },
        {
            "title": "Add selling online overseas routing",
            "flags": {
                "EU_EXIT_FORMS_ON": "False",
                "SOO_CONTACT_FORM_ON": "False"
            },
            "message": "Add selling online overseas routing\n",
            "hash": "92eb3030e04e07e81507dafeaed8aa6bde9c805a",
            "author": "richtier <rikatee@gmail.com>",
            "date": "Thu Dec 13 04:46:45 2018"
        },
        {
            "title": "Feature flag export journey",
            "flags": {
                "EXPORT_JOURNEY_ON": "False"
            },
            "message": "Feature flag export journey\n",
            "hash": "3640558a26461d4b123d7392c3f43f94486e6637",
            "author": "eadpearce <e.pearce@tutanota.com>",
            "date": "Wed Dec 12 06:39:24 2018"
        },
        {
            "title": "Clean up settings",
            "flags": {
                "CONTACT_US_ON": "removed"
            },
            "message": "Clean up settings\n",
            "hash": "39dcb46a10900620918d586bd645ee49c25080fc",
            "author": "richtier <rikatee@gmail.com>",
            "date": "Fri Nov 30 04:10:19 2018"
        },
        {
            "title": "Merge with master",
            "flags": {
                "CAMPAIGN_PAGES_ON": "False"
            },
            "message": "Merge with master\n",
            "hash": "35243186b96132333872d3ac7a0d7821aa5aae78",
            "merge": "6cbf4925 d6bc430a",
            "author": "eadpearce <e.pearce@tutanota.com>",
            "date": "Mon Nov 26 07:59:50 2018"
        },
        {
            "title": "Add marketing campaign page",
            "flags": {
                "CAMPAIGN_PAGES_ON": "False"
            },
            "message": "Add marketing campaign page\n",
            "hash": "192a4e671faa7eb0d513f38a77348578be531fe8",
            "author": "eadpearce <e.pearce@tutanota.com>",
            "date": "Mon Nov 26 07:43:36 2018"
        },
        {
            "title": "Merge remote-tracking branch 'origin' into TT-603-contact",
            "flags": {
                "CONTACT_US_ON": "False"
            },
            "message": "Merge remote-tracking branch 'origin' into TT-603-contact\n",
            "hash": "6fa655e5baaa75b35e1562820490523763795be0",
            "merge": "ce457bb6 13b4d343",
            "author": "richtier <rikatee@gmail.com>",
            "date": "Thu Nov 1 03:59:40 2018"
        },
        {
            "title": "Merge remote-tracking branch 'origin' into TT-603-contact",
            "flags": {
                "CONTACT_US_ON": "False"
            },
            "message": "Merge remote-tracking branch 'origin' into TT-603-contact\n",
            "hash": "2089465f59a92c70e1e667b43c545892d01ceb29",
            "merge": "5f0e092f be77fff4",
            "author": "richtier <rikatee@gmail.com>",
            "date": "Mon Oct 29 08:02:58 2018"
        },
        {
            "title": "Add contact app",
            "flags": {
                "CONTACT_US_ON": "False"
            },
            "message": "Add contact app\n",
            "hash": "7dfbe2cf68e8a02399f4ed0098cbd370a425001e",
            "author": "richtier <rikatee@gmail.com>",
            "date": "Fri Oct 26 04:08:06 2018"
        },
        {
            "title": "Merge branch 'master' into TT-627-seperate-zendesk-instance",
            "flags": {
                "CONTACT_US_ON": "removed"
            },
            "message": "Merge branch 'master' into TT-627-seperate-zendesk-instance",
            "hash": "aa9b7d55f43cb369d581840a69f34268eae578aa",
            "merge": "30a8967d 05c6c7d6",
            "author": "Edie Pearce <e.pearce@tutanota.com>",
            "date": "Thu Oct 25 05:43:24 2018"
        },
        {
            "title": "Delete obsolete contact app",
            "flags": {
                "CONTACT_US_ON": "removed"
            },
            "message": "Delete obsolete contact app\n",
            "hash": "47e09ebf72b435d004a2c0a1cd1369e3773b6d02",
            "author": "richtier <rikatee@gmail.com>",
            "date": "Wed Oct 24 02:30:31 2018"
        },
        {
            "title": "Merge branch 'master' into TT-627-seperate-zendesk-instance",
            "flags": {
                "PROTOTYPE_HEADER_FOOTER_ON": "False"
            },
            "message": "Merge branch 'master' into TT-627-seperate-zendesk-instance",
            "hash": "30a8967da4a1ab00091896e20bdfbb4584a3662b",
            "merge": "4a68a6e7 b1959854",
            "author": "Richard Tier <rikatee@gmail.com>",
            "date": "Wed Oct 24 01:08:59 2018"
        },
        {
            "title": "Add feature flagged prototype header and footer",
            "flags": {
                "PROTOTYPE_HEADER_FOOTER_ON": "False"
            },
            "message": "Add feature flagged prototype header and footer\n",
            "hash": "5b1d7427984a25786c5ca290932ea4380a2c8859",
            "author": "eadpearce <e.pearce@tutanota.com>",
            "date": "Mon Oct 22 07:51:35 2018"
        },
        {
            "title": "Merge branch 'master' into CMS-324-prototype-pages",
            "flags": {
                "PROTOTYPE_PAGES_ON": "False",
                "NEWS_SECTION_ON": "False",
                "EU_EXIT_FORMS_ON": "False"
            },
            "message": "Merge branch 'master' into CMS-324-prototype-pages",
            "hash": "2715e88a3dbe570c5802a5d40ea4166586206fbc",
            "merge": "ddea497a d4806345",
            "author": "Edie Pearce <e.pearce@tutanota.com>",
            "date": "Fri Oct 5 07:14:56 2018"
        },
        {
            "title": "Add feature flagged prototype and news pages",
            "flags": {
                "PROTOTYPE_PAGES_ON": "False",
                "NEWS_SECTION_ON": "False"
            },
            "message": "Add feature flagged prototype and news pages\n",
            "hash": "ddea497a170b651d4a3ac494aead4ea7bcd257db",
            "author": "eadpearce <e.pearce@tutanota.com>",
            "date": "Fri Oct 5 07:06:58 2018"
        },
        {
            "title": "Add euexit international page",
            "flags": {
                "EU_EXIT_FORMS_ON": "False"
            },
            "message": "Add euexit international page\n",
            "hash": "214812c2f1e02da51db293546456ab6182ee0650",
            "author": "richtier <rikatee@gmail.com>",
            "date": "Tue Oct 2 06:36:14 2018"
        },
        {
            "title": "Remove obsolete HPO code",
            "flags": {
                "HIGH_POTENTIAL_OPPORTUNITIES_ON": "removed"
            },
            "message": "Remove obsolete HPO code\n",
            "hash": "34527a21339373e9660d4f6f48a1fad5b3704753",
            "author": "richtier <rikatee@gmail.com>",
            "date": "Wed Sep 26 02:30:37 2018"
        },
        {
            "title": "Merge remote-tracking branch 'origin' into TT-356-lead-gen-form",
            "flags": {
                "HIGH_POTENTIAL_OPPORTUNITIES_ON": "False"
            },
            "message": "Merge remote-tracking branch 'origin' into TT-356-lead-gen-form\n",
            "hash": "c105fcfd6dd20c498de609377ed327b17e01021e",
            "merge": "3c810f0e ec18d4f3",
            "author": "richtier <rikatee@gmail.com>",
            "date": "Wed Sep 12 07:24:27 2018"
        },
        {
            "title": "Add high potential opportunity views",
            "flags": {
                "HIGH_POTENTIAL_OPPORTUNITIES_ON": "False"
            },
            "message": "Add high potential opportunity views\n",
            "hash": "3c810f0e3d2374d7534b46473ed178ad3ad9880e",
            "author": "richtier <rikatee@gmail.com>",
            "date": "Tue Sep 11 06:16:22 2018"
        },
        {
            "title": "Add new get finance page",
            "flags": {
                "UKEF_LEAD_GENEATION_ON": "removed",
                "UKEF_LEAD_GENERATION_ON": "False"
            },
            "message": "Add new get finance page\n",
            "hash": "476e71b5f21ad71f0357259c55953770c98efb6e",
            "author": "richtier <rikatee@gmail.com>",
            "date": "Wed Sep 5 09:01:31 2018"
        },
        {
            "title": "Add ukef lead generation pardot test form",
            "flags": {
                "UKEF_LEAD_GENEATION_ON": "False"
            },
            "message": "Add ukef lead generation pardot test form\n",
            "hash": "ea921619433005203b3ca16f71833958595451bd",
            "author": "richtier <rikatee@gmail.com>",
            "date": "Wed Aug 29 10:31:53 2018"
        },
        {
            "title": "Refactor feature flags",
            "flags": {
                "INTERNAL_CH_ON": "False",
                "CONTACT_US_ON": "False",
                "PERFORMANCE_DASHBOARD_ON": "False",
                "SEARCH_ENGINE_INDEXING_OFF": "False",
                "MAINTENANCE_MODE_ON": "False"
            },
            "message": "Refactor feature flags\n",
            "hash": "36d370a8711636a4aeb3912b628c42636dad1a39",
            "author": "richtier <rikatee@gmail.com>",
            "date": "Tue Jul 10 01:14:46 2018"
        }
    ]
}