{
    "date": "2019-12-20T18:24:29.051975",
    "commits": [
        {
            "title": "[RW-4149][RW-4145][risk=no] Add new tabs and tile behind feature flag in concept search (#2932)",
            "flags": {
                "NewConceptTabs": "False"
            },
            "message": "[RW-4149][RW-4145][risk=no] Add new tabs and tile behind feature flag in concept search (#2932)\n\n* RW-4149 add placeholder physical measurements card to concepts homepage\r\n\r\n* RW-4149 drop EHR from Domains header\r\n\r\n* RW-4149 add placeholder tabs for surveys and physical measurements\r\n\r\n* RW-4149 add physical measurements to Domain enum\r\n\r\n* RW-4149 add feature flag for new concept tabs\r\n\r\n* RW-4149 put new concept tabs behind feature flag\r\n\r\n* RW-4149 fix for failing common api test\r\n",
            "hash": "90ee96dbff714f0387996e7d20fe017d0c010fef",
            "author": "dolbeew",
            "date": "Thu Dec 19 10:04:38 2019"
        },
        {
            "title": "Revert \"Revert \"enable feature flag enableHomepageRestyle (#2728)\" (#2734)\" (#2758)",
            "flags": {
                "HomepageRestyle": "True"
            },
            "message": "Revert \"Revert \"enable feature flag enableHomepageRestyle (#2728)\" (#2734)\" (#2758)\n\nThis reverts commit 157c2f27869c643ef2e6f45311f622f44a5b8362.",
            "hash": "b30044f07f678fc3228b6ace36ae14153ef5685e",
            "author": "Andrew",
            "date": "Fri Oct 25 13:21:51 2019"
        },
        {
            "title": "Revert \"enable feature flag enableHomepageRestyle (#2728)\" (#2734)",
            "flags": {
                "HomepageRestyle": "False"
            },
            "message": "Revert \"enable feature flag enableHomepageRestyle (#2728)\" (#2734)\n\nThis reverts commit 073afb0b2f9d2b618dff764c61f2437c2409ae31.",
            "hash": "157c2f27869c643ef2e6f45311f622f44a5b8362",
            "author": "Andrew",
            "date": "Wed Oct 23 12:17:40 2019"
        },
        {
            "title": "enable feature flag enableHomepageRestyle (#2728)",
            "flags": {
                "HomepageRestyle": "True"
            },
            "message": "enable feature flag enableHomepageRestyle (#2728)\n\n",
            "hash": "073afb0b2f9d2b618dff764c61f2437c2409ae31",
            "author": "Andrew",
            "date": "Wed Oct 23 10:51:59 2019"
        },
        {
            "title": "[RW-3285][risk=low]Profile - Add completed dates and checkmark behind feature flag (#2584)",
            "flags": {
                "ProfileCapsFeatures": "False"
            },
            "message": "[RW-3285][risk=low]Profile - Add completed dates and checkmark behind feature flag (#2584)\n\n* Profile - Add completed dates and checkmark behind feature flag\r\n\r\n* boolean, not false\r\n\r\n* fixing multiline change\r\n\r\n* display extra information below the completed dates\r\n\r\n* PR feedback\r\n\r\n* PR feedback, remove isComplete and specify signature\r\n",
            "hash": "9303b3933fd18630a59ebea3030cf8a69827eac4",
            "author": "Andrew",
            "date": "Wed Sep 18 07:27:23 2019"
        },
        {
            "title": "[RW-2517][RISK=NO]Create Account page (#2551)",
            "flags": {
                "AccountPages": "False"
            },
            "message": "[RW-2517][RISK=NO]Create Account page (#2551)\n\n",
            "hash": "085e99380bc3675adefa2a2d77c152e06b23217c",
            "author": "NehaBroad",
            "date": "Mon Sep 16 18:55:05 2019"
        },
        {
            "title": "RW-3417 [risk=no] workspace library changes (#2559)",
            "flags": {
                "HomepageRestyle": "False",
                "PublishedWorkspaces": "False"
            },
            "message": "RW-3417 [risk=no] workspace library changes (#2559)\n\n*  workspace library changes\r\n\r\n* parameterize the workspaces test stub\r\n\r\n* const of old name\r\n\r\n* there's the bug\r\n\r\n* oops\r\n\r\n* revert one more redundant thing\r\n\r\n* make the linter mostly happy\r\n\r\n* some review comments\r\n\r\n* comments\r\n\r\n* explanatory comment\r\n\r\n* it turns out await is magic\r\n",
            "hash": "423e0cb9faf08abcaf34beb143763bb044abc6f9",
            "author": "Ariel Schwartz",
            "date": "Tue Sep 10 13:04:57 2019"
        },
        {
            "title": "[RW-3289][risk=no] homepage changeup (#2511)",
            "flags": {
                "HomepageRestyle": "False"
            },
            "message": "[RW-3289][risk=no] homepage changeup (#2511)\n\n* remove background image and update text colors\r\n\r\n* added fadebox for workspaces, updated quick tour, and bottom elements\r\n\r\n* change bottom logo to white\r\n\r\n* welcome message and icons\r\n\r\n* create feature flag\r\n\r\n* putting new changes behind feature flag\r\n\r\n* make test happy, add comments to help removing once feature is done\r\n\r\n* extract flex and flexDirection\r\n\r\n* start abstracting out flex Column and Row\r\n\r\n* sorted styles\r\n",
            "hash": "2a309d1512071b0f93999a96aa84fa9c78d2eb73",
            "author": "Andrew",
            "date": "Tue Sep 10 07:12:31 2019"
        },
        {
            "title": "[no risk, no ticket]Remove enableJupyterLab feature flag (always false) and jupyterLabMode (#2558)",
            "flags": {
                "JupyterLab": "removed"
            },
            "message": "[no risk, no ticket]Remove enableJupyterLab feature flag (always false) and jupyterLabMode (#2558)\n\n\r\n",
            "hash": "19a01220de0abda2e858bcf9f8c62649f647b65a",
            "author": "jmthibault79",
            "date": "Mon Sep 9 10:22:37 2019"
        },
        {
            "title": "[RW-3169][risk=no] Remove old CB components, redux and immutable (#2430)",
            "flags": {
                "CBListSearch": "removed"
            },
            "message": "[RW-3169][risk=no] Remove old CB components, redux and immutable (#2430)\n\n* RW-3169 remove list search feature flag\r\n\r\n* RW-3169 remove old cb search components\r\n\r\n* RW-3169 remove redux files\r\n\r\n* RW-3169 remove references to deleted files\r\n\r\n* RW-3169 fix broken tests\r\n\r\n* RW-3169 remove list- prefix from cb components\r\n\r\n* RW-3169 remove redux dependancies\r\n\r\n* RW-3169 update gender chart to use vanilla js instead of immutable\r\n\r\n* RW-3169 remove immutable dependancy\r\n\r\n* RW-3169 remove immutable references, unused code\r\n\r\n* RW-3169 fix react tests\r\n\r\n* RW-3169 fix lint errors\r\n",
            "hash": "6936cc8a9f116ba87cef955aee682eb0733d4c09",
            "author": "dolbeew",
            "date": "Mon Aug 5 11:53:20 2019"
        },
        {
            "title": "[RW-4108] move cohorts/concept set routes behind /data route (#2409)",
            "flags": {
                "DatasetBuilder": "removed"
            },
            "message": "[RW-4108] move cohorts/concept set routes behind /data route (#2409)\n\n\r\n",
            "hash": "2d89be1059846df2028ab9f276ba3536b6724591",
            "author": "Jackie Roberti",
            "date": "Fri Aug 2 07:55:18 2019"
        },
        {
            "title": "[risk=no] turn on universal search in staging, stable and prod. (#2347)",
            "flags": {
                "CBListSearch": "True"
            },
            "message": "[risk=no] turn on universal search in staging, stable and prod. (#2347)\n\n* turn on universal search in staging, stable and prod.\r\n\r\n* remove outdated ui test\r\n\r\n* lint errors\r\n",
            "hash": "137f579363393c804b7108012c67d16052a814c1",
            "author": "Brian Freeman",
            "date": "Thu Jul 11 09:28:43 2019"
        },
        {
            "title": "[RW-2169][Risk=moderate] Enable data set builder (#2335)",
            "flags": {
                "DatasetBuilder": "True"
            },
            "message": "[RW-2169][Risk=moderate] Enable data set builder (#2335)\n\n",
            "hash": "ba3e80b16ad13a290ec62085f6e785ddc2b7eb69",
            "author": "blrubenstein",
            "date": "Wed Jul 10 13:45:14 2019"
        },
        {
            "title": "[RW-2395][risk=no] Add env variable for new cohort search UI (#1965)",
            "flags": {
                "CBListSearch": "False"
            },
            "message": "[RW-2395][risk=no] Add env variable for new cohort search UI (#1965)\n\n* RW-2395 add env variable for new search ui\r\n\r\n* RW-2395 rename env variable\r\n\r\n* [RW-2146][Risk=moderate] Srubenst/values (#1957)\r\n\r\n* Working values load!\r\n\r\n* Working values fetch\r\n\r\n* Attempt to do values selection\r\n\r\n* Added selection working, cleaned up api calls, handled removing domain\r\n\r\n* Fix test\r\n\r\n* PR feedback and test fixes\r\n\r\n* PR feedback\r\n\r\n* PR Feedback\r\n\r\n* PR feedback and API test\r\n\r\n* [risk=low] Removing Databrowser specific data generation queries (#1966)\r\n\r\n* removing not-needed queries\r\n\r\n* removing not-needed queries\r\n\r\n* RW-2395 add env variable for new search ui\r\n\r\n* RW-2395 rename env variable\r\n\r\n* RW-2395 set local env to false\r\n\r\n* [RW-2205][Risk=moderate] Enable Zendesk, eRA commons, and Moodle in prod (#1963)\r\n\r\n* [RW-2205][Risk=moderate] Enable eRA commons and Moodle in prod\r\n\r\n* Enable Zendesk\r\n\r\n* RW-2395 rerun github checks\r\n\r\n* RW-2395 add env variable for new search ui\r\n\r\n* RW-2395 rename env variable\r\n\r\n* RW-2395 set local env to false\r\n\r\n* RW-2395 rerun github checks\r\n",
            "hash": "1c674dd2d76ead3b9ffa3d43c92e9302adf1997a",
            "author": "dolbeew",
            "date": "Mon Apr 1 13:04:15 2019"
        },
        {
            "title": "[RW-2240] [risk=moderate] Simplify frontend access guard and add backfill for betaAccessBypass (#1947)",
            "flags": {
                "ComplianceLockout": "removed"
            },
            "message": "[RW-2240] [risk=moderate] Simplify frontend access guard and add backfill for betaAccessBypass (#1947)\n\nAccess tasks: add betaAccess bypass backfill and simplify frontend logic.",
            "hash": "c7e5eefc8626a648e6e115638c21a8c4e490b4c5",
            "author": "Greg Jordan",
            "date": "Tue Mar 26 04:32:46 2019"
        },
        {
            "title": "[RW-2170][Risk=no] Add data page (#1819)",
            "flags": {
                "ComplianceLockout": "False",
                "DatasetBuilder": "False"
            },
            "message": "[RW-2170][Risk=no] Add data page (#1819)\n\n* Working, fixing breadcrumbs\r\n\r\n* Fix breadcrumbs\r\n\r\n* Lint fixes\r\n\r\n* Fix lint\r\n\r\n* Fix undefined vs. null error\r\n\r\n* Tests WIP\r\n\r\n* Finish tests\r\n\r\n* PR feedback\r\n\r\n* Add map and filter utility function\r\n\r\n* Rename test\r\n",
            "hash": "98a88173dd77fcdec2b1340ff38ffa725905e58e",
            "author": "blrubenstein",
            "date": "Mon Feb 25 09:55:00 2019"
        },
        {
            "title": "[RW-1491][risk=no]Temporal Relationship UI with Undo (#1797)",
            "flags": {
                "Temporal": "removed"
            },
            "message": "[RW-1491][risk=no]Temporal Relationship UI with Undo (#1797)\n\n* temporal dropdown and flag set\r\n\r\n* added dropdown values from generated file\r\n\r\n* update state for temporal group and temporal flag\r\n\r\n* added which mention action\r\n\r\n* lint error fixes\r\n\r\n* lint error fixes\r\n\r\n* lint error fixes\r\n\r\n* lint error fixes\r\n\r\n* lint error fixes\r\n\r\n* added actions to update temporal time and time value\r\n\r\n* added actions to update temporal time and time value\r\n\r\n* added selector for distinguish between temporal and nontemporal group\r\n\r\n* changes for temporal groups on open wizard\r\n\r\n* lint error fixes\r\n\r\n* changes for tamporal and nontemporal groups\r\n\r\n* changes for tamporal and nontemporal groups\r\n\r\n* changes for tamporal and nontemporal groups\r\n\r\n* temporal view fixes\r\n\r\n* adding css changes\r\n\r\n* fixed css for line items and added flag to check domains\r\n\r\n* fixed css for line items and added flag to check domains\r\n\r\n* backend changes for temporal and group count\r\n\r\n* RW-1491 code cleanup and test fixes.\r\n\r\n* changes for dropdown selction to get conts\r\n\r\n* changes for group count and reduces\r\n\r\n* settimeout for input\r\n\r\n* fixed lint errors\r\n\r\n* change th einput to form control\r\n\r\n* css changes\r\n\r\n* test cases changes\r\n\r\n* changes for temporal error messages\r\n\r\n* removed env flag for temporal and added conditionally error messages\r\n\r\n* added total count condition\r\n\r\n* merged all temporal changes with undo changes with functionality\r\n\r\n* lint issue changes\r\n\r\n* lint issue changes\r\n\r\n* changes while doing clone of a cohort\r\n\r\n* added temporal parameters in service\r\n\r\n* added temporal parameters in service\r\n\r\n* warning error and service changes\r\n\r\n* added warning message for total count\r\n\r\n* cleanup code\r\n\r\n* lint fixes\r\n\r\n* fixed totalcount and service for enable items\r\n\r\n* removed commented code\r\n\r\n* clear some consoles\r\n\r\n* changes for flag and templength\r\n\r\n* changes per review comment\r\n\r\n* lint fixes\r\n\r\n* changes for group hide and enable group\r\n\r\n* to make call on temporal changes\r\n\r\n* changes for reload group and total count\r\n\r\n* lint fixes\r\n\r\n* RW-1941 fixing temporal queries.\r\n\r\n* RW-1491 prevent unneeded count calls, update warning messages\r\n\r\n* added null and -1 check for save cohort button\r\n",
            "hash": "6d4f09a1ddd59712299603eb7fc5b83190ab2f5a",
            "author": "smazumd",
            "date": "Fri Feb 22 13:11:53 2019"
        },
        {
            "title": "[RW-1697][risk=no] ERA Commons acct linking UI (#1736)",
            "flags": {
                "JupyterLab": "False",
                "ComplianceLockout": "False"
            },
            "message": "[RW-1697][risk=no] ERA Commons acct linking UI (#1736)\n\n\r\n",
            "hash": "c8a23800804dc4aeffc29c6585c44fc9644734cb",
            "author": "Jackie Roberti",
            "date": "Wed Feb 6 07:57:10 2019"
        },
        {
            "title": "[RW-1966][Risk=low] JupyterLab functional and opens (#1705)",
            "flags": {
                "JupyterLab": "False"
            },
            "message": "[RW-1966][Risk=low] JupyterLab functional and opens (#1705)\n\n* JupyterLab functional and opens\r\n\r\n* Add feature flag\r\n\r\n* Fix linting\r\n\r\n* add link to jira ticket on flag\r\n",
            "hash": "36701835fb4eff19c111f3e85cdf3071c437417b",
            "author": "blrubenstein",
            "date": "Fri Jan 25 12:01:39 2019"
        },
        {
            "title": "[RW-1885][risk=low] Add Zendesk web widget and help forum redirect (#1688)",
            "flags": {
                "Temporal": "False"
            },
            "message": "[RW-1885][risk=low] Add Zendesk web widget and help forum redirect (#1688)\n\n* Add an Environment interface and Zendesk-specific env flags.\r\n\r\nWhile adding feature flags and env variables for our Zendesk integration, I took the chance to clean up the env settings a bit:\r\n\r\n1) Created an Environment type, clearly documenting each environmen variable and its use.\r\n2) Created a slight separation between long-standing environment flags (which track different service endpoints and client configs for local/test/staging/etc), and transient feature flags (which help control the gradual rollout of a feature over time).\r\n\r\n* Integrate the Zendesk web widget and add left-hand nav entries.\r\n\r\n* Fix lint and typos.\r\n\r\n* Add a clr-alert shown when the Zendesk widget is unavailable.\r\n\r\n* Add console.error statement when Zendesk fails to load.\r\n\r\n* Tiny Zendesk cleanup: return early and reduce nesting.\r\n\r\n* Remove trailing slash on Zendesk HC URLs.\r\n\r\n* Remove empty comments (and add a real one) to the Zendesk web widget Javascript.\r\n",
            "hash": "4825bad5451c26ba3c3424ee6e879dc413b02b84",
            "author": "Greg Jordan",
            "date": "Tue Jan 22 13:33:07 2019"
        },
        {
            "title": "[RE-1443][risk = no] Temporal Relationship HTML/CSS (#1433)",
            "flags": {
                "Temporal": "False"
            },
            "message": "[RE-1443][risk = no] Temporal Relationship HTML/CSS (#1433)\n\n* created temporal icon with css\r\n\r\n* Temporal HTML and CSS changes\r\n\r\n* Temporal HTML and CSS changes\r\n\r\n* dropdown text fixes\r\n\r\n* commented HTML for temporal\r\n\r\n* fixed lint error for comments\r\n\r\n* fixed lint error for comments\r\n\r\n* upgrade jasmine (#1432)\r\n\r\n* Upgrade Jasmine\r\n\r\n* [risk=no] public database version change (#1426)\r\n\r\n* Database version change\r\n\r\n* Database version change\r\n\r\n* Leaving prod version as it is for now\r\n\r\n* [RW-1560][risk=no] refactor denormalized tables and cohort chart queries (#1434)\r\n\r\n* RW-1560 adding concept_ids to denormalized tables.\r\n\r\n* RW-1560 adding concept_ids to denormalized tables.\r\n\r\n* RW-1560 fix.\r\n\r\n* RW-1560 fixing cohort charts.\r\n\r\n* RW-1560 adding concept_ids to denormalized tables.\r\n\r\n* RW-1560 adding concept_ids to denormalized tables.\r\n\r\n* RW-1560 fix.\r\n\r\n* RW-1560 fixing cohort charts.\r\n\r\n* RW-1560 fixing test case.\r\n\r\n* edited according to environment flag setting\r\n\r\n* edited according to environment flag setting\r\n\r\n* changed spec file for temporal\r\n\r\n* created temporal icon with css\r\n\r\n* Temporal HTML and CSS changes\r\n\r\n* Temporal HTML and CSS changes\r\n\r\n* dropdown text fixes\r\n\r\n* commented HTML for temporal\r\n\r\n* fixed lint error for comments\r\n\r\n* fixed lint error for comments\r\n\r\n* edited according to environment flag setting\r\n\r\n* edited according to environment flag setting\r\n\r\n* changed spec file for temporal\r\n\r\n* [RW-1556][risk = no]P2] When creating a list of enum values -> list is empty (#1429)\r\n\r\n* annotation enumuration changes\r\n\r\n* added condition to check if no value there just take enum value\r\n\r\n* upgrade jasmine (#1432)\r\n\r\n* Upgrade Jasmine\r\n\r\n* [risk=no] public database version change (#1426)\r\n\r\n* Database version change\r\n\r\n* Database version change\r\n\r\n* Leaving prod version as it is for now\r\n\r\n* [RW-1560][risk=no] refactor denormalized tables and cohort chart queries (#1434)\r\n\r\n* RW-1560 adding concept_ids to denormalized tables.\r\n\r\n* RW-1560 adding concept_ids to denormalized tables.\r\n\r\n* RW-1560 fix.\r\n\r\n* RW-1560 fixing cohort charts.\r\n\r\n* RW-1560 adding concept_ids to denormalized tables.\r\n\r\n* RW-1560 adding concept_ids to denormalized tables.\r\n\r\n* RW-1560 fix.\r\n\r\n* RW-1560 fixing cohort charts.\r\n\r\n* RW-1560 fixing test case.\r\n\r\n* annotation enumuration changes\r\n\r\n* added condition to check if no value there just take enum value\r\n\r\n* [risk=no] fix parent searh (#1436)\r\n\r\n* tweek.\r\n\r\n* tweek.\r\n\r\n* [RW-1545][Risk=no] Fix for quickTour Modal not opening on first visit (#1431)\r\n\r\n* fix for quickTour Modal not opening on first visit\r\n\r\n* add and fix tests\r\n\r\n* [RW-1475][risk=no] Skip root level for certain trees (#1435)\r\n\r\n* RW-1475 add api call to get second level nodes\r\n\r\n* RW-1475 test moving second level function into node component\r\n\r\n* RW-1475 fix condition for second level nodes\r\n\r\n* RW-1475 fix loadChildren condition for full trees\r\n\r\n* [RW-1556][risk = no]P2] When creating a list of enum values -> list is empty (#1429)\r\n\r\n* annotation enumuration changes\r\n\r\n* added condition to check if no value there just take enum value\r\n\r\n* upgrade jasmine (#1432)\r\n\r\n* Upgrade Jasmine\r\n\r\n* [risk=no] public database version change (#1426)\r\n\r\n* Database version change\r\n\r\n* Database version change\r\n\r\n* Leaving prod version as it is for now\r\n\r\n* [RW-1560][risk=no] refactor denormalized tables and cohort chart queries (#1434)\r\n\r\n* RW-1560 adding concept_ids to denormalized tables.\r\n\r\n* RW-1560 adding concept_ids to denormalized tables.\r\n\r\n* RW-1560 fix.\r\n\r\n* RW-1560 fixing cohort charts.\r\n\r\n* RW-1560 adding concept_ids to denormalized tables.\r\n\r\n* RW-1560 adding concept_ids to denormalized tables.\r\n\r\n* RW-1560 fix.\r\n\r\n* RW-1560 fixing cohort charts.\r\n\r\n* RW-1560 fixing test case.\r\n\r\n* annotation enumuration changes\r\n\r\n* added condition to check if no value there just take enum value\r\n\r\n* [risk=no] fix parent searh (#1436)\r\n\r\n* tweek.\r\n\r\n* tweek.\r\n\r\n* [RW-1545][Risk=no] Fix for quickTour Modal not opening on first visit (#1431)\r\n\r\n* fix for quickTour Modal not opening on first visit\r\n\r\n* add and fix tests\r\n\r\n* RW-1475 add api call to get second level nodes\r\n\r\n* RW-1475 test moving second level function into node component\r\n\r\n* RW-1475 fix condition for second level nodes\r\n\r\n* RW-1475 fix loadChildren condition for full trees\r\n\r\n* created temporal icon with css\r\n\r\n* Temporal HTML and CSS changes\r\n\r\n* Temporal HTML and CSS changes\r\n\r\n* dropdown text fixes\r\n\r\n* commented HTML for temporal\r\n\r\n* fixed lint error for comments\r\n\r\n* fixed lint error for comments\r\n\r\n* edited according to environment flag setting\r\n\r\n* edited according to environment flag setting\r\n\r\n* changed spec file for temporal\r\n\r\n* created temporal icon with css\r\n",
            "hash": "6e77e60f33e480c860cd958aaebdb08bd9e19140",
            "author": "smazumd",
            "date": "Thu Nov 1 07:41:46 2018"
        }
    ]
}