{
    "id": 95247186,
    "node_id": "MDEwOlJlcG9zaXRvcnk5NTI0NzE4Ng==",
    "name": "workbench",
    "full_name": "all-of-us/workbench",
    "private": false,
    "description": "All of Us Researcher Workbench",
    "fork": false,
    "created_at": "2017-06-23T18:44:24Z",
    "updated_at": "2019-12-20T21:39:56Z",
    "pushed_at": "2019-12-20T22:25:36Z",
    "homepage": "",
    "size": 316265,
    "stargazers_count": 15,
    "watchers_count": 15,
    "language": "Java",
    "has_issues": true,
    "has_projects": true,
    "has_downloads": true,
    "has_wiki": true,
    "has_pages": false,
    "forks_count": 5,
    "archived": false,
    "disabled": false,
    "open_issues_count": 20,
    "forks": 5,
    "open_issues": 20,
    "watchers": 15,
    "default_branch": "master",
    "temp_clone_token": "",
    "network_count": 5,
    "subscribers_count": 13,
    "languages": {
        "Java": 2218748,
        "TypeScript": 1382125,
        "Shell": 341295,
        "Ruby": 108670,
        "HTML": 64958,
        "Kotlin": 53721,
        "CSS": 30163,
        "Python": 14456,
        "JavaScript": 4815,
        "Dockerfile": 3921,
        "Groovy": 3770,
        "PLSQL": 2143,
        "TSQL": 600
    }
}