{
    "date": "2019-12-20T18:25:01.547527",
    "commits": [
        {
            "title": "DPRO-2658 - Remove searchAjax feature flag",
            "flags": {
                "searchAjax": "removed"
            },
            "message": "DPRO-2658 - Remove searchAjax feature flag\n",
            "hash": "0787c5e26882641099971e6cb353fb56fae8f0e8",
            "author": "Ian Vieira",
            "date": "Wed Jul 13 11:02:19 2016"
        },
        {
            "title": "DPRO-1941 adding new endpoint behind feature flag",
            "flags": {
                "searchAjax": "False"
            },
            "message": "DPRO-1941 adding new endpoint behind feature flag\n\nenableDevFeatures:\n  - searchAjax\n",
            "hash": "70fbcc153103f5ad48d81f4aad8f5efb0672672b",
            "author": "anilop",
            "date": "Tue Jun 14 14:49:11 2016"
        },
        {
            "title": "Merge branch 'master' into dev-doubleclick",
            "flags": {
                "metricsRenovated": "removed"
            },
            "message": "Merge branch 'master' into dev-doubleclick\n\n# Conflicts:\n#\nsrc/main/webapp/WEB-INF/themes/desktop/ftl/browse/subjectArea/browseSubj\nectArea.ftl\n",
            "hash": "4911fd496e61f530c72eb492d82957a68ae8a363",
            "author": "anilop",
            "date": "Tue Apr 12 10:54:06 2016"
        },
        {
            "title": "Merge branch 'dev-DPRO-postLaunch-NED'",
            "flags": {
                "metricsRenovated": "removed"
            },
            "message": "Merge branch 'dev-DPRO-postLaunch-NED'\n",
            "hash": "b7a815d4812457b070020f53d680751d7386b1c3",
            "merge": "e7f57e3c7 9128e8197",
            "author": "stower",
            "date": "Wed Apr 6 16:11:06 2016"
        },
        {
            "title": "Merge pull request #918 from PLOS/dev-DPRO-2272",
            "flags": {
                "metricsRenovated": "removed"
            },
            "message": "Merge pull request #918 from PLOS/dev-DPRO-2272\n\nDPRO-2272 - [Metrics Refactoring] - Disable metricsRenovated and transfer the new metrics to production",
            "hash": "4e84b550a2fa5bbcc853c3e4004c7b6158de477e",
            "merge": "e769bcf34 4d093545a",
            "author": "anilop",
            "date": "Wed Apr 6 11:04:29 2016"
        },
        {
            "title": "DPRO-2272 - [Metrics Refactoring] - Disable metricsRenovated and transfer the new metrics to production",
            "flags": {
                "metricsRenovated": "removed"
            },
            "message": "DPRO-2272 - [Metrics Refactoring] - Disable metricsRenovated and transfer the new metrics to production\n",
            "hash": "76bcbefe1a515fc06a319d49d39dd9cfc1a62b34",
            "author": "Ian Vieira",
            "date": "Tue Apr 5 16:30:50 2016"
        },
        {
            "title": "DPRO-2326 - [Metrics Refactoring] - Disable metricsRenovated and transfer the new metrics to production",
            "flags": {
                "metricsRenovated": "removed"
            },
            "message": "DPRO-2326 - [Metrics Refactoring] - Disable metricsRenovated and transfer the new metrics to production\n",
            "hash": "2a2f0ef664adcd32a81b55389c1d10a9dd3d1e08",
            "author": "Ian Vieira",
            "date": "Tue Apr 5 16:30:50 2016"
        },
        {
            "title": "Merge tag 'v2.1.2'",
            "flags": {
                "metricsRenovated": "False"
            },
            "message": "Merge tag 'v2.1.2'\n",
            "hash": "9ed138a2c99e019042a2263b39e8821b0b645e87",
            "merge": "f3951a8cb 87575e84e",
            "author": "Ryan Skonnord",
            "date": "Tue Apr 5 16:22:46 2016"
        },
        {
            "title": "Merge pull request #876 from PLOS/dev-DPRO-1873",
            "flags": {
                "metricsRenovated": "False"
            },
            "message": "Merge pull request #876 from PLOS/dev-DPRO-1873\n\nDPRO-1873 - [Metrics Refactoring] - Discussed box in metrics tab using new pattern (POC)",
            "hash": "07adbd4ca761aee83c84ddbb730265fad5c1334c",
            "merge": "d7fd1e464 6eabb2e9c",
            "author": "anilop",
            "date": "Tue Mar 22 17:19:03 2016"
        },
        {
            "title": "Merge branches 'dev-DPRO-1873' and 'master' of https://github.com/PLOS/wombat into dev-DPRO-2266",
            "flags": {
                "metricsRenovated": "False"
            },
            "message": "Merge branches 'dev-DPRO-1873' and 'master' of https://github.com/PLOS/wombat into dev-DPRO-2266\n",
            "hash": "1583be30cea5ea65b7dc6362a005c43e36e26f7d",
            "merge": "3af427b4e 24eab1ade",
            "author": "Ian Vieira",
            "date": "Thu Mar 17 13:36:15 2016"
        },
        {
            "title": "DPRO-1873 create working metricsTab for development",
            "flags": {
                "metricsRenovated": "False"
            },
            "message": "DPRO-1873 create working metricsTab for development\n",
            "hash": "f378d5b57862a7f93a5729399d8d02e76adce8bb",
            "author": "anilop",
            "date": "Thu Mar 10 13:25:03 2016"
        },
        {
            "title": "Merge pull request #776 from PLOS/dev-DPRO-2027",
            "flags": {
                "metricsTab": "removed",
                "citationDownload": "removed",
                "relatedTab": "removed",
                "emailThisArticle": "removed"
            },
            "message": "Merge pull request #776 from PLOS/dev-DPRO-2027\n\nDPRO-2027: Generalize SoaService for NED; use for comments",
            "hash": "4eb5bf760998eaa7f7d2ea21c854cdefddc72c4b",
            "merge": "4a09e3547 f0d8ea777",
            "author": "Mamta Singh",
            "date": "Thu Feb 4 10:31:22 2016"
        },
        {
            "title": "DPRO-1821: remove static controller feature flag",
            "flags": {
                "staticContent": "removed"
            },
            "message": "DPRO-1821: remove static controller feature flag\n",
            "hash": "757a1980a222aa6663b95c5a04070718098f0994",
            "author": "stower",
            "date": "Wed Feb 3 15:14:51 2016"
        },
        {
            "title": "Merge pull request #764 from PLOS/dev-DPRO-1925",
            "flags": {
                "relatedTab": "removed",
                "emailThisArticle": "removed"
            },
            "message": "Merge pull request #764 from PLOS/dev-DPRO-1925\n\nDPRO-1925: Corresponding authors",
            "hash": "df83d24b891809223b3a2ffaed680dbe841b0c86",
            "merge": "54c96b8af f991f1516",
            "author": "sjtower",
            "date": "Wed Feb 3 09:45:26 2016"
        },
        {
            "title": "DPRO-1833: remove relatedTab feature flag",
            "flags": {
                "relatedTab": "removed"
            },
            "message": "DPRO-1833: remove relatedTab feature flag\n",
            "hash": "fdf9df14179698016dc1f866761d327e18ea5b9f",
            "author": "stower",
            "date": "Tue Feb 2 16:10:27 2016"
        },
        {
            "title": "DPRO-1828: remove 'emailThisArticle' feature flag",
            "flags": {
                "emailThisArticle": "removed"
            },
            "message": "DPRO-1828: remove 'emailThisArticle' feature flag\n",
            "hash": "492b0935b0cc4095bed8d56a71db5088e027f9a9",
            "author": "stower",
            "date": "Tue Feb 2 15:37:32 2016"
        },
        {
            "title": "Merge pull request #760 from PLOS/dev-DPRO-1893",
            "flags": {
                "browse": "removed"
            },
            "message": "Merge pull request #760 from PLOS/dev-DPRO-1893\n\nDPRO-1893: Remove \"browse\" dev feature flag",
            "hash": "febf96f8b353078276e7e7e2bc6d1f73445a9c1e",
            "merge": "956f1116b 740fdee17",
            "author": "Sahar Aghajani",
            "date": "Tue Feb 2 13:51:22 2016"
        },
        {
            "title": "DPRO-1867, DPRO-1869: remove Ambra citation download references and feature flags",
            "flags": {
                "citationDownload": "removed"
            },
            "message": "DPRO-1867, DPRO-1869: remove Ambra citation download references and feature flags\n",
            "hash": "9d2cf24b52d3af6551c0233a5ca7343a14d7794d",
            "author": "stower",
            "date": "Tue Feb 2 11:01:44 2016"
        },
        {
            "title": "DPRO-1843 - remove dev feature flag",
            "flags": {
                "metricsTab": "removed"
            },
            "message": "DPRO-1843 - remove dev feature flag\n",
            "hash": "58e82edf3f7368ef0901764d5d683a7545aaa2bf",
            "author": "anilop",
            "date": "Mon Feb 1 16:59:44 2016"
        },
        {
            "title": "Merge pull request #734 from PLOS/dev-DPRO-2001",
            "flags": {
                "commentsTab": "removed"
            },
            "message": "Merge pull request #734 from PLOS/dev-DPRO-2001\n\nDPRO-2001: Add XML Service to handle XML editing",
            "hash": "f0ca1de2d2496a1547b38559d44d95cede977823",
            "merge": "95c4963b8 01cb9723e",
            "author": "Sahar Aghajani",
            "date": "Wed Jan 27 11:22:05 2016"
        },
        {
            "title": "DPRO-1893: Remove \"browse\" dev feature flag",
            "flags": {
                "browse": "removed"
            },
            "message": "DPRO-1893: Remove \"browse\" dev feature flag\n",
            "hash": "740fdee17d8471261ad47a2919cd97352dbba885",
            "author": "Ryan Skonnord",
            "date": "Wed Jan 27 10:31:46 2016"
        },
        {
            "title": "Merge branch 'master' into dev-DPRO-2002",
            "flags": {
                "feedback": "removed"
            },
            "message": "Merge branch 'master' into dev-DPRO-2002\n\nConflicts:\n\tsrc/main/java/org/ambraproject/wombat/controller/FeedbackController.java\n",
            "hash": "98bff07828aa6ae4b20c7bcea3a471fdc32e1eaf",
            "merge": "4a84ebd10 76ce0f863",
            "author": "Ryan Skonnord",
            "date": "Thu Jan 21 17:32:26 2016"
        },
        {
            "title": "DPRO-2002: serve feedback success FTL directly instead of through a redirect",
            "flags": {
                "feedback": "removed"
            },
            "message": "DPRO-2002: serve feedback success FTL directly instead of through a redirect\n",
            "hash": "4a84ebd1065c2a487a49d03918cc246269fe2547",
            "author": "stower",
            "date": "Thu Jan 21 17:00:10 2016"
        },
        {
            "title": "DPRO-1880: Remove \"feedback\" feature flag",
            "flags": {
                "feedback": "removed"
            },
            "message": "DPRO-1880: Remove \"feedback\" feature flag\n",
            "hash": "fc9ab51f71316ce24ac8d0df4c44c78ba2985dc9",
            "author": "Ryan Skonnord",
            "date": "Thu Jan 21 15:38:35 2016"
        },
        {
            "title": "DPRO-1872: Remove uses of \"commentsTab\" feature flag",
            "flags": {
                "commentsTab": "removed"
            },
            "message": "DPRO-1872: Remove uses of \"commentsTab\" feature flag\n",
            "hash": "2c3fcc4aac0936a5a78ae4990beb3d35161049be",
            "author": "Ryan Skonnord",
            "date": "Wed Jan 20 17:14:38 2016"
        },
        {
            "title": "Merge pull request #719 from PLOS/dev-DPRO-1885",
            "flags": {
                "browse": "removed"
            },
            "message": "Merge pull request #719 from PLOS/dev-DPRO-1885\n\nDPRO-1885: removed dev feature check for browse volume",
            "hash": "62b97673cd9cc601d31e1aad1dfbeabf2917d07d",
            "merge": "e02d85102 c437afeb9",
            "author": "sjtower",
            "date": "Wed Jan 20 16:57:48 2016"
        },
        {
            "title": "DPRO-1886: removed dev feature check for browse issue",
            "flags": {
                "browse": "removed"
            },
            "message": "DPRO-1886: removed dev feature check for browse issue\n",
            "hash": "9f1f24d6ecf1848cfac32c7e947757f7b3f3395b",
            "author": "John Fesenko",
            "date": "Wed Jan 20 16:36:46 2016"
        },
        {
            "title": "DPRO-1885: removed dev feature check for browse volume",
            "flags": {
                "browse": "removed"
            },
            "message": "DPRO-1885: removed dev feature check for browse volume\n",
            "hash": "c437afeb97490d7a854e0b08bc638455f107a9fe",
            "author": "John Fesenko",
            "date": "Wed Jan 20 16:34:39 2016"
        },
        {
            "title": "DPRO-1883: remove userInfo feature flag",
            "flags": {
                "userInfo": "removed"
            },
            "message": "DPRO-1883: remove userInfo feature flag\n",
            "hash": "e14e0c005a6d7db8858707f35848415fbcf7f530",
            "author": "stower",
            "date": "Wed Jan 20 10:08:53 2016"
        },
        {
            "title": "Merge pull request #691 from PLOS/dev-DPRO-1994",
            "flags": {
                "commentsTab": "removed"
            },
            "message": "Merge pull request #691 from PLOS/dev-DPRO-1994\n\nDPRO-1994: updated user profile links to use displayName",
            "hash": "2222eb03f342dfb99d586c7371981c7011d83e95",
            "merge": "030129f4d 73fb271a5",
            "author": "sjtower",
            "date": "Tue Jan 12 09:39:39 2016"
        },
        {
            "title": "DPRO-1994: use displayName based endpoint for user data",
            "flags": {
                "commentsTab": "removed"
            },
            "message": "DPRO-1994: use displayName based endpoint for user data\n",
            "hash": "f716a0760475d06941abf6806def7319078c5cf1",
            "author": "John Fesenko",
            "date": "Mon Jan 11 17:42:39 2016"
        },
        {
            "title": "DPRO-1761: Enforce dev feature flag on comment-write endpoints",
            "flags": {
                "commentsTab": "False"
            },
            "message": "DPRO-1761: Enforce dev feature flag on comment-write endpoints\n",
            "hash": "230547ef26da1e5435aeeed5be16868a45953741",
            "author": "Ryan Skonnord",
            "date": "Wed Dec 23 09:56:40 2015"
        },
        {
            "title": "Merge branch 'master' into dev-DPRO-1761",
            "flags": {
                "relatedContentTab": "removed",
                "relatedTab": "False"
            },
            "message": "Merge branch 'master' into dev-DPRO-1761\n\nConflicts:\n\tsrc/main/webapp/WEB-INF/themes/desktop/ftl/article/comment/comments.ftl\n",
            "hash": "89bf179cfad39c75b589e7dad3f07edae522a72b",
            "merge": "4b16f4a8d 4a804a08c",
            "author": "Ryan Skonnord",
            "date": "Wed Dec 23 09:50:15 2015"
        },
        {
            "title": "Merge pull request #654 from PLOS/dev-DPRO-1683",
            "flags": {
                "commentsTab": "False",
                "relatedContentTab": "removed",
                "relatedTab": "False"
            },
            "message": "Merge pull request #654 from PLOS/dev-DPRO-1683\n\nDPRO-1683, DPRO-1761: Comments read",
            "hash": "526101df485d38c403148b6a58e535b5563c28ea",
            "merge": "5c5cbe060 eb8f48fa9",
            "author": "John Fesenko",
            "date": "Tue Dec 22 10:30:52 2015"
        },
        {
            "title": "DPRO-1928: Fix relatedTab feature flag",
            "flags": {
                "relatedContentTab": "removed",
                "relatedTab": "False"
            },
            "message": "DPRO-1928: Fix relatedTab feature flag\n",
            "hash": "4ec23ac28b6e530b7f5556a0eacd85f6aac8c90f",
            "author": "Ryan Skonnord",
            "date": "Mon Dec 21 16:21:38 2015"
        },
        {
            "title": "Merge branch 'master' into dev-DPRO-1683",
            "flags": {
                "commentsTab": "False",
                "relatedContentTab": "removed",
                "relatedTab": "False"
            },
            "message": "Merge branch 'master' into dev-DPRO-1683\n",
            "hash": "eab7e3800526e45f71a4459d440e0219371af0cd",
            "merge": "7d813cb36 1f629b197",
            "author": "Ryan Skonnord",
            "date": "Thu Dec 17 13:37:52 2015"
        },
        {
            "title": "Update ArticleController.java",
            "flags": {
                "relatedContentTab": "removed",
                "relatedTab": "False"
            },
            "message": "Update ArticleController.java",
            "hash": "770ccc223254d84612de0bfe282e5fd3e5b344ad",
            "author": "anilop",
            "date": "Wed Dec 16 15:28:11 2015"
        },
        {
            "title": "DPRO-1678: Add feature flag \"feedback\"",
            "flags": {
                "feedback": "False"
            },
            "message": "DPRO-1678: Add feature flag \"feedback\"\n",
            "hash": "a79386e60bbed5eaebc3201ffe1165b2e4efab11",
            "author": "Ryan Skonnord",
            "date": "Wed Dec 16 11:06:06 2015"
        },
        {
            "title": "Merge branch 'master' of github.com:PLOS/wombat into dev-DPRO-1677",
            "flags": {
                "browse": "False"
            },
            "message": "Merge branch 'master' of github.com:PLOS/wombat into dev-DPRO-1677\n",
            "hash": "1e81323ad32d955ae506f602276dfa16bb237f81",
            "merge": "409a816a1 dc25757a7",
            "author": "Alex Otero",
            "date": "Fri Dec 11 06:56:11 2015"
        },
        {
            "title": "DPRO-1761: Set up minimal page for new comments",
            "flags": {
                "commentsTab": "False"
            },
            "message": "DPRO-1761: Set up minimal page for new comments\n",
            "hash": "37f16c13ed83b2c415afcc40fc1944d2d5e22580",
            "author": "Ryan Skonnord",
            "date": "Thu Dec 10 14:22:51 2015"
        },
        {
            "title": "DPRO-1681: add feature flag",
            "flags": {
                "staticContent": "False"
            },
            "message": "DPRO-1681: add feature flag\n",
            "hash": "20017147615f79cc00ca5f4564ac1c5047502a29",
            "author": "stower",
            "date": "Thu Dec 10 11:52:00 2015"
        },
        {
            "title": "Merge branch 'master' into dev-DPRO-1756",
            "flags": {
                "browse": "False"
            },
            "message": "Merge branch 'master' into dev-DPRO-1756\n",
            "hash": "e14e0d68a71653f39f11f6e114ecebaf23832a34",
            "merge": "32150e6cc c8bee9572",
            "author": "saharaghajani",
            "date": "Mon Dec 7 17:22:33 2015"
        },
        {
            "title": "DPRO-1687: email this article initial commit",
            "flags": {
                "emailThisArticle": "False"
            },
            "message": "DPRO-1687: email this article initial commit\n",
            "hash": "1e6b51b1eb00a029e970fda4a899c300607caf5a",
            "author": "stower",
            "date": "Thu Dec 3 14:49:13 2015"
        },
        {
            "title": "DPRO-1688: Create user profile page",
            "flags": {
                "userInfo": "False"
            },
            "message": "DPRO-1688: Create user profile page\n",
            "hash": "0ed0836413530beae2786a9bfa74d0a8865a6049",
            "author": "John Fesenko",
            "date": "Thu Dec 3 14:12:14 2015"
        },
        {
            "title": "Merge pull request #622 from PLOS/dev-DPRO-1682",
            "flags": {
                "relatedContentTab": "False"
            },
            "message": "Merge pull request #622 from PLOS/dev-DPRO-1682\n\nDPRO-1682 consolidate common model attributes",
            "hash": "775e486ae0f3e36286e68997c6aec6c9c698ba10",
            "merge": "129dd10f9 dba69d075",
            "author": "sjtower",
            "date": "Wed Dec 2 15:50:57 2015"
        },
        {
            "title": "Merge branch 'master' into dev-DPRO-1685",
            "flags": {
                "relatedContentTab": "False"
            },
            "message": "Merge branch 'master' into dev-DPRO-1685\n\nConflicts:\n\tsrc/main/java/org/ambraproject/wombat/controller/ArticleController.java\n",
            "hash": "9bfcaf0f599eb91776e37a4b9b88b7eb0edc99d9",
            "merge": "5460e5b1e bc948ccaf",
            "author": "stower",
            "date": "Wed Dec 2 13:53:29 2015"
        },
        {
            "title": "Merge branch 'master' of github.com:PLOS/wombat into dev-DPRO-1677",
            "flags": {
                "browse": "False"
            },
            "message": "Merge branch 'master' of github.com:PLOS/wombat into dev-DPRO-1677\n",
            "hash": "b86faaca3372ae105f2b0fbbb3c1ef29708f85da",
            "merge": "e73a946e2 acfa5d86b",
            "author": "Alex Otero",
            "date": "Wed Dec 2 12:09:29 2015"
        },
        {
            "title": "DPRO-1756 Move the browse subject area endpoint to SearchController",
            "flags": {
                "browse": "False"
            },
            "message": "DPRO-1756 Move the browse subject area endpoint to SearchController\n\nUnfortunately all of the logic for parsing search params and adding them to the model\nare in the SearchController, so I moved the end point to be able to utilize them. Although\nfor browse we use \"search\" logic and maybe it really belongs in the SearchController,\nI am not sure about using \"browse\" namespace.\n",
            "hash": "9f5b5027cc86c90072ea9bea7ab79e9e7a46341e",
            "author": "saharaghajani",
            "date": "Tue Dec 1 09:52:56 2015"
        },
        {
            "title": "DPRO-1756 initial commit for subject area landing page controller",
            "flags": {
                "browse": "False"
            },
            "message": "DPRO-1756 initial commit for subject area landing page controller\n\nAdd a controller to perform a search on a subject area\nAdd a placeholder ftl to display the result\n",
            "hash": "7a74736c48af21f6f55d3af21a029a469ba4dd46",
            "author": "saharaghajani",
            "date": "Wed Nov 25 14:25:06 2015"
        },
        {
            "title": "DPRO-1737 merging from master",
            "flags": {
                "citationDownload": "False"
            },
            "message": "DPRO-1737 merging from master\n",
            "hash": "43f48172a62d43238ab93be01cbe896709da359b",
            "merge": "3bf1afa37 0c6337ecc",
            "author": "Polina Grinbaum <anilop>",
            "date": "Tue Nov 24 14:24:53 2015"
        },
        {
            "title": "Merge branch 'master' into dev-DPRO-1685",
            "flags": {
                "citationDownload": "False",
                "relatedContentTab": "False"
            },
            "message": "Merge branch 'master' into dev-DPRO-1685\n\nConflicts:\n\tsrc/main/java/org/ambraproject/wombat/controller/ArticleController.java\n",
            "hash": "f06b1a10c52e90a8d92b8693deed56d0e668c707",
            "merge": "77775ea24 cfe35e0ad",
            "author": "stower",
            "date": "Wed Nov 18 10:57:57 2015"
        },
        {
            "title": "DPRO-1685: add yaml config and forklifed media curation POST endpoint",
            "flags": {
                "relatedContentTab": "False"
            },
            "message": "DPRO-1685: add yaml config and forklifed media curation POST endpoint\n",
            "hash": "77775ea2457f3358236ac82a21d7eebf87e6aebf",
            "author": "stower",
            "date": "Wed Nov 18 10:09:33 2015"
        },
        {
            "title": "DPRO:1679 added dev feature flag check",
            "flags": {
                "browse": "False"
            },
            "message": "DPRO:1679 added dev feature flag check\n",
            "hash": "2658a424a1edc5b9b9b3eaaf4491573f14802d34",
            "author": "John Fesenko",
            "date": "Wed Nov 18 09:48:51 2015"
        },
        {
            "title": "DPRO-1685: initial commit for related content tab",
            "flags": {
                "relatedContentTab": "False"
            },
            "message": "DPRO-1685: initial commit for related content tab\n",
            "hash": "8a87681733c653fed50f05be7700341cab8a9f85",
            "author": "stower",
            "date": "Tue Nov 17 13:28:17 2015"
        },
        {
            "title": "DPRO-1686: Initial implementation of citation download page",
            "flags": {
                "citationDownload": "False"
            },
            "message": "DPRO-1686: Initial implementation of citation download page\n\nSkeletal download page; Java-backed services that generate the downloadable\nfiles. Some TODO comments left in the services. Some CSS attention needed.\n",
            "hash": "dcba511d075965d62590262136cb6135ae915e2c",
            "author": "Ryan Skonnord",
            "date": "Mon Nov 16 16:26:29 2015"
        },
        {
            "title": "DPRO-1692: renamed method as per suggestion in code review",
            "flags": {
                "metricsTab": "False"
            },
            "message": "DPRO-1692: renamed method as per suggestion in code review\n",
            "hash": "99486621fa4da42c24a2f90e98c0a60d1cba0daa",
            "author": "John Fesenko",
            "date": "Tue Nov 10 16:55:04 2015"
        },
        {
            "title": "DPRO-1692: Hide metrics controller under feature flag",
            "flags": {
                "metricsTab": "False"
            },
            "message": "DPRO-1692: Hide metrics controller under feature flag\n",
            "hash": "42b677a2c296d17acc37f1da8e2bfb3feefd5ac8",
            "author": "John Fesenko",
            "date": "Tue Nov 10 16:41:32 2015"
        }
    ]
}