{
    "date": "2019-12-20T17:57:03.417692",
    "commits": [
        {
            "title": "Removing toggle for pipeline run comment",
            "flags": {
                "pipeline_comment_feature_toggle_key": "removed"
            },
            "message": "Removing toggle for pipeline run comment\n\n- Set to release in 19.12.0\n",
            "hash": "b44646d68895c63a2c06fc538981ee54441ee588",
            "author": "Bhupendrakumar Piprava <bdpiparva@gmail.com>",
            "date": "Mon Dec 9 02:12:58 2019"
        },
        {
            "title": "Add feature toggle to enable pipeline group config listing API",
            "flags": {
                "enable_pipeline_group_config_listing_api": "False"
            },
            "message": "Add feature toggle to enable pipeline group config listing API\n* Deprecate and hide pipeline group config listing API\n* Users are encouraged to use versioned pipeline group config API\n",
            "hash": "3c501ee7e90c47300c44f33a353b78281cc23c18",
            "author": "GaneshSPatil <ganeshpl@thoughtworks.com>",
            "date": "Thu Dec 12 03:09:10 2019"
        },
        {
            "title": "Remove SparkOrRailsEnvironmentsPageToggle",
            "flags": {
                "show_new_environments_spa": "removed"
            },
            "message": "Remove SparkOrRailsEnvironmentsPageToggle\n",
            "hash": "372a32311529dd41a2cb337a0960aeb1128c6244",
            "author": "GaneshSPatil <ganeshpl@thoughtworks.com>",
            "date": "Mon Nov 18 01:02:47 2019"
        },
        {
            "title": "Remove show_rails_based_agents_job_run_history_page toggle",
            "flags": {
                "show_rails_based_agents_job_run_history_page": "removed"
            },
            "message": "Remove show_rails_based_agents_job_run_history_page toggle\n",
            "hash": "188e5873486b8e17c949628229aa7d86b5069a57",
            "author": "GaneshSPatil <ganeshpl@thoughtworks.com>",
            "date": "Sun Dec 1 22:34:52 2019"
        },
        {
            "title": "Add a toggle to switch between old and new Agent job run history page.",
            "flags": {
                "show_rails_based_agents_job_run_history_page": "False"
            },
            "message": "Add a toggle to switch between old and new Agent job run history page.\n",
            "hash": "de303d5484a890db62403285ce3f6a8e9bf6d8ba",
            "author": "GaneshSPatil <ganeshpl@thoughtworks.com>",
            "date": "Mon Nov 25 01:30:50 2019"
        },
        {
            "title": "Use UpdatePipelineConfigCommand on Pipeline config pages (#7203)",
            "flags": {
                "fast_pipeline_save": "False"
            },
            "message": "Use UpdatePipelineConfigCommand on Pipeline config pages (#7203)\n\n",
            "hash": "999727667d1896b1f0d8d62f803ff4f0c557b3c0",
            "author": "akshaydewan <akshayde@thoughtworks.com>",
            "date": "Tue Nov 19 02:45:18 2019"
        },
        {
            "title": "Removed old agents page",
            "flags": {
                "show_new_agents_spa": "removed"
            },
            "message": "Removed old agents page\n\n - deleted the old agents page related code\n - renamed the `new-agent/s` folders to `agents`\n - Removed the toggle for old page\n",
            "hash": "95acbd11e1f9e821be96f2048b6c5d1ef696df17",
            "author": "Kritika Singh <kritika.singh1994@gmail.com>",
            "date": "Sun Nov 17 20:49:45 2019"
        },
        {
            "title": "Added toggle for Agents SPA (#6983)",
            "flags": {
                "show_new_agents_spa": "False"
            },
            "message": "Added toggle for Agents SPA (#6983)\n\n* Added toggle for Agents SPA\r\n - By default the toggle is set to false which will render the old page\r\n - Updated the new agents SPA to utilise `ApiVersion.latest`\r\n",
            "hash": "bb614e98f2276eb11eed422a6891cc751c6d9927",
            "author": "Kritika <kritika.singh@thoughtworks.com>",
            "date": "Mon Sep 23 01:56:13 2019"
        },
        {
            "title": "Introduce environments page feature toggle",
            "flags": {
                "show_new_environments_spa": "False"
            },
            "message": "Introduce environments page feature toggle\n\n\t- Add a toggle to switch between old and new environments pages.\n\t- Defaults to old rails based environments page.\n",
            "hash": "f80ac203206d4ead2659ea45ab624693472d4f91",
            "author": "GaneshSPatil <ganeshpl@thoughtworks.com>",
            "date": "Thu Sep 19 02:56:02 2019"
        },
        {
            "title": "Add toggle for new pipeline button dropdown on dashboard",
            "flags": {
                "new_pipeline_dropdown": "False"
            },
            "message": "Add toggle for new pipeline button dropdown on dashboard\n",
            "hash": "a57145fae7832f6d59bfe3aadafa83d3b65e37c9",
            "author": "kierarad <kieraradman@gmail.com>",
            "date": "Thu Jul 25 13:45:43 2019"
        },
        {
            "title": "Revert \"Revert all commits post 19.6.0 release\"",
            "flags": {
                "new_add_pipeline_flow": "removed",
                "add_pipeline_button_styling": "removed",
                "use_old_pluggable_scms_api": "removed",
                "show_secret_config_spa": "removed",
                "plugin_settings_api_using_rails": "removed",
                "security_auth_config_use_rails_api": "removed"
            },
            "message": "Revert \"Revert all commits post 19.6.0 release\"\n\nThis reverts commit 12671f21fab1623f645cca03bd905309c84192a6.\n",
            "hash": "5c63477f0ab450a67c17a13b2b6feeab0b60a065",
            "author": "Mahesh Panchaksharaiah <maheshp@thoughtworks.com>",
            "date": "Wed Jul 31 23:30:42 2019"
        },
        {
            "title": "Revert all commits post 19.6.0 release",
            "flags": {
                "new_add_pipeline_flow": "False",
                "add_pipeline_button_styling": "False",
                "use_old_pluggable_scms_api": "False",
                "show_secret_config_spa": "False",
                "plugin_settings_api_using_rails": "False",
                "security_auth_config_use_rails_api": "False"
            },
            "message": "Revert all commits post 19.6.0 release\n\n* We are planning a quick 19.7.0 release to fix the installer\n  issue - https://github.com/gocd/gocd/issues/6666. To reduce the\n  testing effort these changes have been reverted.\n",
            "hash": "22f862b817c1e22347189bd4161810508af2a8a6",
            "author": "Mahesh Panchaksharaiah <maheshp@thoughtworks.com>",
            "date": "Wed Jul 24 21:03:10 2019"
        },
        {
            "title": "Remove feature toggle for add pipeline button styling",
            "flags": {
                "add_pipeline_button_styling": "removed"
            },
            "message": "Remove feature toggle for add pipeline button styling\n",
            "hash": "08c8ed783b64e3aa15b9a9a76756e3b5ae4489ba",
            "author": "Varsha Varadarajan <varshasvaradarajan@gmail.com>",
            "date": "Tue Jul 23 17:04:05 2019"
        },
        {
            "title": "Merge pull request #6652 from marques-work/remove-new-add-pipeline-flow-toggle",
            "flags": {
                "new_add_pipeline_flow": "removed",
                "show_secret_config_spa": "removed"
            },
            "message": "Merge pull request #6652 from marques-work/remove-new-add-pipeline-flow-toggle\n\nRemove `new_add_pipeline_flow` toggle and code associated with the old flow",
            "hash": "99e90542625bb808f8195c6f2f3cb1ca5014a733",
            "merge": "e536c19ae1 e95d51b0a5",
            "author": "marques-work <marques.lee@thoughtworks.com>",
            "date": "Tue Jul 23 09:42:09 2019"
        },
        {
            "title": "Remove show_secret_config_spa toggle as the secret management feature is released (#6662)",
            "flags": {
                "show_secret_config_spa": "removed"
            },
            "message": "Remove show_secret_config_spa toggle as the secret management feature is released (#6662)\n\n* Remove show_secret_config_spa toggle as the secret management feature is released\r\n\r\n* Fix lint\r\n",
            "hash": "ef7a1c02a54f5f2096a2db12cea902280a71e70d",
            "author": "Ganesh S Patil <ganeshpl@thoughtworks.com>",
            "date": "Tue Jul 23 04:04:56 2019"
        },
        {
            "title": "Remove `new_add_pipeline_flow` toggle and old rails controller actions, views, partials, routes, and js associated with the legacy flow.",
            "flags": {
                "new_add_pipeline_flow": "removed"
            },
            "message": "Remove `new_add_pipeline_flow` toggle and old rails controller actions, views, partials, routes, and js associated with the legacy flow.\n\nCrossing fingers.\n",
            "hash": "e95d51b0a5162ca0110f0fce6d4cbcff0a59e7a9",
            "author": "Marques Lee <marques.lee@thoughtworks.com>",
            "date": "Mon Jul 22 16:40:16 2019"
        },
        {
            "title": "Remove rails based pluggable scms API",
            "flags": {
                "use_old_pluggable_scms_api": "removed"
            },
            "message": "Remove rails based pluggable scms API\n",
            "hash": "308de7316bc615af081021a423b8e50743cd60bb",
            "author": "GaneshSPatil <ganeshpl@thoughtworks.com>",
            "date": "Mon Jul 22 03:53:20 2019"
        },
        {
            "title": "Remove rails based auth config API",
            "flags": {
                "security_auth_config_use_rails_api": "removed"
            },
            "message": "Remove rails based auth config API\n",
            "hash": "8d55d64b5ea78e2f053a0a0ca69fce325a599820",
            "author": "GaneshSPatil <ganeshpl@thoughtworks.com>",
            "date": "Thu Jun 20 23:12:40 2019"
        },
        {
            "title": "Remove rails based plugin settings API",
            "flags": {
                "plugin_settings_api_using_rails": "removed"
            },
            "message": "Remove rails based plugin settings API\n",
            "hash": "88b011a485024ccd645f3846eb88eda897b68ab0",
            "author": "GaneshSPatil <ganeshpl@thoughtworks.com>",
            "date": "Thu Jun 20 23:05:40 2019"
        },
        {
            "title": "UsageData metrics for test drive instances",
            "flags": {
                "test_drive": "False"
            },
            "message": "UsageData metrics for test drive instances\n\nsee #6423 for details\n",
            "hash": "076c794b721afb0b445e91649931cf24dab38fd5",
            "author": "Isabelle Carter <isabellenataliecarter@gmail.com>",
            "date": "Mon Jul 1 11:51:20 2019"
        },
        {
            "title": "Migrate Pluggable SCM API to spark",
            "flags": {
                "use_old_pluggable_scms_api": "False"
            },
            "message": "Migrate Pluggable SCM API to spark\n",
            "hash": "c328fe0d75757226bb23deb19d4d399d1375fd7d",
            "author": "vishaldevgire <vishaldevgire@gmail.com>",
            "date": "Mon Apr 22 03:42:00 2019"
        },
        {
            "title": "Remove old based backup page",
            "flags": {
                "backup_page_using_rails": "removed"
            },
            "message": "Remove old based backup page\n\n* Rails based controller and specs\n* Remove routes\n* Remove backupPageUsingRails toggle\n* Remove unnecessary url rewrite assertion\n",
            "hash": "0efdf4ece4bc6fbe420053851db5470f5298d5a4",
            "author": "GaneshSPatil <ganeshpl@thoughtworks.com>",
            "date": "Fri May 10 03:51:33 2019"
        },
        {
            "title": "Add ability to display empty pipeline groups",
            "flags": {
                "allow_empty_pipeline_groups_dashboard": "False"
            },
            "message": "Add ability to display empty pipeline groups\n\n  - Add feature toggle for this\n  - Introduce Dashboard API v4 endpoint, which takes a query param `allowEmpty=true` to include empty groups\n      - We only display pipeline groups that are \"truly\" empty; that is, they hold no configured pipelines,\n        as opposed to pipeline groups that have pipelines, but none are viewable to the current user\n      - Takes an optional allowEmpty query parameter to toggle the display of empty pipeline groups\n      - The dashboard group object structure has changed; now includes `has_defined_pipelines` to indicate\n        whether or not a group has configured pipelines, irrespective of filters and view permissions\n          - This is used to determine if a pipeline group is truly empty or if its pipelines are simply\n            not viewable\n",
            "hash": "72cfd53956ea763202617443284c5fd9fe2ece46",
            "author": "Marques Lee <marques.lee@thoughtworks.com>",
            "date": "Tue May 28 18:24:05 2019"
        },
        {
            "title": "Migrated auth config apis to spark",
            "flags": {
                "security_auth_config_use_rails_api": "False"
            },
            "message": "Migrated auth config apis to spark\n",
            "hash": "9b11fa03c15a0d90b27282c051616bc8fcee13f9",
            "author": "Bhupendrakumar Piprava <bdpiparva@gmail.com>",
            "date": "Sat May 11 04:50:13 2019"
        },
        {
            "title": "Remove rails based users page (#6268)",
            "flags": {
                "users_page_using_rails": "removed"
            },
            "message": "Remove rails based users page (#6268)\n\n* Remove rails based users page\r\n* Remove users_page_using_rails toggle\r\n",
            "hash": "f6ba7442cf5a550776985d517447298109d74164",
            "author": "Ganesh S Patil <ganeshpl@thoughtworks.com>",
            "date": "Mon May 27 22:06:03 2019"
        },
        {
            "title": "Migrate Plugin settings API to spark (#6335)",
            "flags": {
                "plugin_settings_api_using_rails": "False"
            },
            "message": "Migrate Plugin settings API to spark (#6335)\n\n* Migrate Plugin Settings API to spark\r\n* Add plugin_settings_api_using_rails toggle to switch between rails and spark api\r\n",
            "hash": "1ffc9fbe7d8cdcff2212148b36bd4dbe7a0d9e1f",
            "author": "Ganesh S Patil <ganeshpl@thoughtworks.com>",
            "date": "Mon May 27 22:01:15 2019"
        },
        {
            "title": "now with better whitespacing",
            "flags": {
                "pipeline_comment_feature_toggle_key": "False",
                "browser_console_log_ws_key": "False",
                "users_page_using_rails": "False",
                "new_add_pipeline_flow": "False",
                "add_pipeline_button_styling": "False",
                "backup_page_using_rails": "False",
                "show_secret_config_spa": "False"
            },
            "message": "now with better whitespacing\n",
            "hash": "b5359d598db49fec9f1e10564b58ba6167c001a5",
            "author": "Marques Lee <marques.lee@thoughtworks.com>",
            "date": "Wed May 22 15:22:52 2019"
        },
        {
            "title": "Fix formatting/indentation of available.toggles to be 2-space indent",
            "flags": {
                "pipeline_comment_feature_toggle_key": "False",
                "browser_console_log_ws_key": "False",
                "users_page_using_rails": "False",
                "new_add_pipeline_flow": "False",
                "add_pipeline_button_styling": "False",
                "backup_page_using_rails": "False",
                "show_secret_config_spa": "False"
            },
            "message": "Fix formatting/indentation of available.toggles to be 2-space indent\n",
            "hash": "af25d4894353b127b6ca8852d705e60a59d883d7",
            "author": "Marques Lee <marques.lee@thoughtworks.com>",
            "date": "Wed May 22 15:20:18 2019"
        },
        {
            "title": "Restyled the new pipeline buttons to be primary buttons and match the rest the app (behind toggle)",
            "flags": {
                "add_pipeline_button_styling": "False"
            },
            "message": "Restyled the new pipeline buttons to be primary buttons and match the rest the app (behind toggle)\n",
            "hash": "24b818da7bd370902c53b4dcae1aaed049f74322",
            "author": "kierarad <kieraradman@gmail.com>",
            "date": "Mon May 20 19:45:30 2019"
        },
        {
            "title": "Remove rails based environments api (#6264)",
            "flags": {
                "use_old_environments_api": "removed"
            },
            "message": "Remove rails based environments api (#6264)\n\n* Remove use_old_environments_api toggle\r\n* Remove rails based environments API v2\r\n* Remove representer specs\r\n",
            "hash": "62313d3fb13d12d30a163916adb4e7b52ba90308",
            "author": "Ganesh S Patil <ganeshp8996@gmail.com>",
            "date": "Wed May 8 00:57:36 2019"
        },
        {
            "title": "Remove enable_admin_access_tokens_spa toggle (#6266)",
            "flags": {
                "enable_admin_access_tokens_spa": "removed"
            },
            "message": "Remove enable_admin_access_tokens_spa toggle (#6266)\n\n* Remove enable_admin_access_tokens_spa toggle\r\n* Fix lint\r\n",
            "hash": "7402236354a544e619ff5994da4230afb5e790f4",
            "author": "Ganesh S Patil <ganeshpl@thoughtworks.com>",
            "date": "Wed May 8 00:56:07 2019"
        },
        {
            "title": "Added toggle for secret config SPA. Default toggle value is false.",
            "flags": {
                "show_secret_config_spa": "False"
            },
            "message": "Added toggle for secret config SPA. Default toggle value is false.\n",
            "hash": "247bf65c145aa8b74d05d58b44f9a751b973bcbd",
            "author": "Kritika Singh <kritika.singh1994@gmail.com>",
            "date": "Thu May 2 23:21:58 2019"
        },
        {
            "title": "Toggle for new add pipeline flow",
            "flags": {
                "new_add_pipeline_flow": "False"
            },
            "message": "Toggle for new add pipeline flow\n\n* Using toggle for dashboard add pipeline button\n* Using test drive toggle on pipeline groups admin page\n",
            "hash": "a96c66602275aca3cf6c1f974d336d4570c257c7",
            "author": "Isabelle Carter <isabellenataliecarter@gmail.com>",
            "date": "Thu Apr 18 13:21:56 2019"
        },
        {
            "title": "Remove cctray from rails",
            "flags": {
                "cctray_using_rails": "removed"
            },
            "message": "Remove cctray from rails\n",
            "hash": "e3658993ed2bfcc9434f8ff18d7ed2546873c04b",
            "author": "Ketan Padegaonkar <KetanPadegaonkar@gmail.com>",
            "date": "Wed Mar 6 21:33:58 2019"
        },
        {
            "title": "Remove old login page (and toggle)",
            "flags": {
                "auth_page_using_spring": "removed"
            },
            "message": "Remove old login page (and toggle)\n",
            "hash": "a3f98c194e093f79112fc3119ddd8f69e358f1b9",
            "author": "Ketan Padegaonkar <KetanPadegaonkar@gmail.com>",
            "date": "Fri Mar 8 03:00:31 2019"
        },
        {
            "title": "Adding backup spa using backups v2 api",
            "flags": {
                "backup_page_using_rails": "False"
            },
            "message": "Adding backup spa using backups v2 api\n",
            "hash": "c93a7efeb743080ebdf01628a63f2633e4cbc560",
            "author": "Prateek Baheti <prateekb@thoughtworks.com>",
            "date": "Mon Feb 25 06:52:34 2019"
        },
        {
            "title": "Add a login page/logout page SPA",
            "flags": {
                "auth_page_using_spring": "False"
            },
            "message": "Add a login page/logout page SPA\n\nThe new page can be toggled using a feature toggle. The page contains a\n`data-meta` attribute to indicate if password/web plugins are installed,\nand what web authentication plugins are installed to be able to\ndetermine whether the login form should be shown and what the web auth\nplugin images and links should be.\n",
            "hash": "ab2ae8a7f1b658da88870c147db103d4d955df52",
            "author": "Ketan Padegaonkar <KetanPadegaonkar@gmail.com>",
            "date": "Wed Feb 27 00:48:13 2019"
        },
        {
            "title": "Move CCTray controller to spark.",
            "flags": {
                "cctray_using_rails": "False"
            },
            "message": "Move CCTray controller to spark.\n\nAlso use streaming to write to the http output stream instead of\nbuffering to a `StringBuilder`\n",
            "hash": "ed1f06bbfe88bc1fefceb105baf4b1d5b7a0f5ea",
            "author": "Ketan Padegaonkar <KetanPadegaonkar@gmail.com>",
            "date": "Mon Mar 4 08:32:40 2019"
        },
        {
            "title": "Admin access token spa (#5931)",
            "flags": {
                "enable_admin_access_tokens_spa": "False"
            },
            "message": "Admin access token spa (#5931)\n\n* Access tokens SPA for Admin\r\n- Created new SPA for access token management for admin\r\n- Refactored current user access tokens SPA and re-used code for access tokens SPA for admin\r\n- Refractored access token widget for current user and admin. Added specs\r\n\r\n* Added search on username and description functionality on access token SPA.\r\nRefactored access token widget and related specs\r\n\r\n* Removed href from tab as it updated `window.location.hash` and we dont maintain state on page refresh. Tab toggle still works because of `selectedTabIndex`.\r\n\r\n* Fixed specs for admin access token widget\r\n\r\n* Added toggle for admin access token spa.\r\n\r\n* Update access tokens crud with filter.\r\n\r\n* Show message when search query results in empty array.\r\n\r\n* Show revoked by information in revoked tokens tab.\r\n\r\n* Added styles for table column width\r\n\r\n* Fixed tslint issue\r\n\r\n* Enable manage access tokens spa by default.\r\n\r\n* Render 404 when ENABLE_ADMIN_ACCESS_TOKENS_SPA toggle is disabled.\r\n",
            "hash": "3b679bc498e0af3d84204bca0c81a156930b5431",
            "author": "Kritika <41165891+kritika-singh3@users.noreply.github.com>",
            "date": "Mon Mar 4 04:31:36 2019"
        },
        {
            "title": "Revert \"Added toggle for personal access token SPA.\"",
            "flags": {
                "enable_access_tokens_spa": "removed"
            },
            "message": "Revert \"Added toggle for personal access token SPA.\"\n\nThis reverts commit 7eeda73f0f1ddb8166ff973a3646511d9f465de1.\n",
            "hash": "230979cdbd33af235d121122ca067b2b7756f310",
            "author": "Bhupendrakumar Piprava <bdpiparva@gmail.com>",
            "date": "Sun Feb 24 23:16:11 2019"
        },
        {
            "title": "Removed artifact store SPA toggle.",
            "flags": {
                "use_old_artifact_stores_spa": "removed"
            },
            "message": "Removed artifact store SPA toggle.\n",
            "hash": "52f4ab14b535f578bf39a90258d1954a6c83c8f3",
            "author": "Bhupendrakumar Piprava <bdpiparva@gmail.com>",
            "date": "Sun Feb 24 23:03:53 2019"
        },
        {
            "title": "Removed auth config spa toggle.",
            "flags": {
                "use_old_auth_config_spa": "removed"
            },
            "message": "Removed auth config spa toggle.\n",
            "hash": "f64a69dcd179686c4b50ae54e627253111992f11",
            "author": "Bhupendrakumar Piprava <bdpiparva@gmail.com>",
            "date": "Sun Feb 24 22:53:53 2019"
        },
        {
            "title": "Removed Roles SPA toggle.",
            "flags": {
                "use_old_roles_spa": "removed"
            },
            "message": "Removed Roles SPA toggle.\n",
            "hash": "688b3581d5d91775ad353527ac2d0128eb560f62",
            "author": "Bhupendrakumar Piprava <bdpiparva@gmail.com>",
            "date": "Sun Feb 24 22:33:09 2019"
        },
        {
            "title": "Added toggle for personal access token SPA. (#5875)",
            "flags": {
                "enable_access_tokens_spa": "False"
            },
            "message": "Added toggle for personal access token SPA. (#5875)\n\n",
            "hash": "bd06b8f8aa02c9a096350d455f825a6a32966f99",
            "author": "Kritika <41165891+kritika-singh3@users.noreply.github.com>",
            "date": "Tue Feb 19 02:32:48 2019"
        },
        {
            "title": "Migrate `environments` api from rails to spark (#5718)",
            "flags": {
                "use_old_environments_api": "False"
            },
            "message": "Migrate `environments` api from rails to spark (#5718)\n\n",
            "hash": "aeed40c25b798951ba393e26ec27ee9deee6594f",
            "author": "vishaldevgire <vishaldevgire@gmail.com>",
            "date": "Tue Jan 22 02:14:19 2019"
        },
        {
            "title": "Remove the pipeline config spa.",
            "flags": {
                "pipeline_config_single_page_app_key": "removed",
                "quick_edit_page_toggle_key": "removed"
            },
            "message": "Remove the pipeline config spa.\n\nThe page was throwing a 500 server because a rails route was broken.\n\nSince we are considering re-building the page, it seems better to\nthrow this code away.\n",
            "hash": "f12cbf3f9e9f53c2fdd921cb3dfcce87a4217c3c",
            "author": "Vrushali Waykole <vrushaliwaykole@gmail.com>",
            "date": "Mon Jan 14 02:45:06 2019"
        },
        {
            "title": "Remove rails-based agents API (#5644)",
            "flags": {
                "agent_apis_over_rails": "removed"
            },
            "message": "Remove rails-based agents API (#5644)\n\n* Remove rails-based agents API\r\n* Remove old rails based agents API\r\n* Remove 'agent_apis_over_rails' toggle as the agents APIv4 now will\r\n  always be routes to spark\r\n* Fix urls referring to rails-agents-v4 api to use spark url\r\n",
            "hash": "d3e8eed2a25e5171c152f8d14c0ac679c0827912",
            "author": "Ganesh S Patil <ganeshp8996@gmail.com>",
            "date": "Wed Jan 2 03:20:51 2019"
        },
        {
            "title": "Moving roles SPA to typescript (#5630)",
            "flags": {
                "use_old_roles_spa": "False"
            },
            "message": "Moving roles SPA to typescript (#5630)\n\n* -  #5602 intial commit for roles spa\r\n- added #5602 completed the view for role spa\r\n- Mirnor refacoring in roles page and widget\r\n- Refoctored modal for rendering roles based on role type.\r\n- Show spinner when entity is updating on load of modal\r\n- Updated default height for modal to 200px.\r\n  * This is done to show spinner without vertical scroll on the modal\r\n\r\nReplaced min-height with spinner- wrapper\r\n\r\n*  #5602 fixed minor bugs\r\n\r\n*  made some  ui fixes\r\n\r\n*  #5602 added roles widget spec\r\n\r\n*  #5602 refractoring and ui fixes on gocd code user tag\r\n\r\n* Minor refactoring\r\n\r\n* Fixed lint issue\r\n",
            "hash": "8003c3a7d92ffaa951c211ef942957a43410ba73",
            "author": "Kritika <41165891+kritika-singh3@users.noreply.github.com>",
            "date": "Thu Dec 27 07:05:37 2018"
        },
        {
            "title": "Use new auth config SPA as a default.",
            "flags": {
                "use_new_auth_config_spa": "removed",
                "use_old_auth_config_spa": "False"
            },
            "message": "Use new auth config SPA as a default.\n",
            "hash": "c2de9932df6082e58f84ba679fe1748c300aa6ff",
            "author": "Bhupendrakumar Piprava <bdpiparva@gmail.com>",
            "date": "Wed Dec 26 01:41:37 2018"
        },
        {
            "title": "Moving artifact store spa to typescript - #5605 (#5623)",
            "flags": {
                "use_old_artifact_stores_spa": "False"
            },
            "message": "Moving artifact store spa to typescript - #5605 (#5623)\n\n*  #5605 - Initial commit to move artifact store SPA to typescript.\r\n\r\nAdded toggle to switch to old spa\r\n\r\n* Refactored Modal and implemented following operations:\r\n- Add\r\n- Edit\r\n- Clone\r\n\r\n* Added specs for artifact stores widget\r\n\r\n* Implemented delete call.\r\n\r\n* Removed unused code.\r\n\r\n* Minor fixes.\r\n\r\n* Fixed Page title in controller.\r\n\r\n* Fixed ts lint error\r\n\r\n* Added elastic profile operation to git ignore\r\n\r\n* Fixed bug wit config value.\r\n\r\n- Update config value only if value is changed\r\n\r\n* Ordered ts imports for input_fields\r\n",
            "hash": "2369b281bb389b722fa9cacb937dfbd9976e23be",
            "author": "Bhupendra <bdpiparva@gmail.com>",
            "date": "Tue Dec 25 23:33:13 2018"
        },
        {
            "title": "Add the boilerplate for the users SPA (behind a feature toggle)",
            "flags": {
                "users_page_using_rails": "False"
            },
            "message": "Add the boilerplate for the users SPA (behind a feature toggle)\n",
            "hash": "22d05d05046e7b87a3693cc907e15a7aa7c12441",
            "author": "Vrushali Waykole <vrushaliwaykole@gmail.com>",
            "date": "Tue Dec 11 03:13:53 2018"
        },
        {
            "title": "Remove drain mode feature toggle (#5612)",
            "flags": {
                "server_drain_mode_api_toggle_key": "removed"
            },
            "message": "Remove drain mode feature toggle (#5612)\n\n",
            "hash": "f2c21f7fc65c4c652f69d357d76cabc3b0c2c860",
            "author": "Ganesh S Patil <ganeshp8996@gmail.com>",
            "date": "Fri Dec 21 00:02:45 2018"
        },
        {
            "title": "Delete old elastic profiles page (#5601)",
            "flags": {
                "use_old_elastic_profile_spa": "removed"
            },
            "message": "Delete old elastic profiles page (#5601)\n\n",
            "hash": "898f8f0490b0b50ec89ca76e28907ca5ba36a23c",
            "author": "Ganesh S Patil <ganeshp8996@gmail.com>",
            "date": "Thu Dec 20 01:39:24 2018"
        },
        {
            "title": "Delete old plugins page (#5599)",
            "flags": {
                "components": "removed"
            },
            "message": "Delete old plugins page (#5599)\n\n* Delete components toggle\r\n* Remove old plugins page code\r\n",
            "hash": "b7208034f406e81dac5c8c2dfeef14f5ff608e95",
            "author": "Ganesh S Patil <ganeshp8996@gmail.com>",
            "date": "Thu Dec 20 01:25:53 2018"
        },
        {
            "title": "Moved authorisation config spa to component based spa (#5571)",
            "flags": {
                "use_new_auth_config_spa": "False"
            },
            "message": "Moved authorisation config spa to component based spa (#5571)\n\n*  #5552 - Initial commit to move auth config spa to component based spa\r\n\r\n*  #5552 - Listing auth configs using collapsable panel\r\n\r\n*  #5552 Added toggle to switch between old and new auth config spa\r\n\r\n*  #5552 added check connection functionality\r\n\r\n* stubbed ajax for auth config spa\r\n\r\n* Removing page test will write functional test for it.\r\n\r\n* Added CRUD spec.\r\n",
            "hash": "f07be850b4dc5660ec5146eaaa57dbb9ad1bde45",
            "author": "Kritika <41165891+kritika-singh3@users.noreply.github.com>",
            "date": "Wed Dec 19 06:09:41 2018"
        },
        {
            "title": "Remove config_repos_ui toggle (#5520)",
            "flags": {
                "config_repos_ui": "removed"
            },
            "message": "Remove config_repos_ui toggle (#5520)\n\n",
            "hash": "048a28e840df8d255c1552c430312925963a581c",
            "author": "Ganesh S Patil <ganeshp8996@gmail.com>",
            "date": "Thu Dec 6 20:47:21 2018"
        },
        {
            "title": "Migrating elastic profiles SPA to typescript",
            "flags": {
                "use_old_elastic_profile_spa": "False"
            },
            "message": "Migrating elastic profiles SPA to typescript\n",
            "hash": "8db8e8b1a123947f4f79d400dd3f2a62f5ca8dca",
            "author": "vishaldevgire <vishaldevgire@gmail.com>",
            "date": "Tue Nov 13 20:53:13 2018"
        },
        {
            "title": "Introduce Server Drain mode API (#5446) (#5449)",
            "flags": {
                "server_drain_mode_api_toggle_key": "False"
            },
            "message": "Introduce Server Drain mode API (#5446) (#5449)\n\n",
            "hash": "856759c755566a4bcd78bf4f1385141853e81701",
            "author": "Ganesh S Patil <ganeshp8996@gmail.com>",
            "date": "Mon Nov 26 02:06:53 2018"
        },
        {
            "title": "Added toggle to switch agents APIs over rails",
            "flags": {
                "agent_apis_over_rails": "False"
            },
            "message": "Added toggle to switch agents APIs over rails\n",
            "hash": "85b5ffa75d7bce1269d226e126b50648c2b4e1de",
            "author": "Bhupendrakumar Piprava <bdpiparva@gmail.com>",
            "date": "Tue Nov 20 01:48:28 2018"
        },
        {
            "title": "add feature toggle for the config repos UI",
            "flags": {
                "config_repos_ui": "False"
            },
            "message": "add feature toggle for the config repos UI\n",
            "hash": "1543e783ebea94fa709960ccf0741994ae062431",
            "author": "Marques Lee <marques.lee@thoughtworks.com>",
            "date": "Wed Sep 26 18:59:45 2018"
        },
        {
            "title": "Remove feature toggle for old dashboard",
            "flags": {
                "new_dashboard_page_default": "removed"
            },
            "message": "Remove feature toggle for old dashboard\n",
            "hash": "e6b78d1354a8c762d05a4880eb506935e9bd326e",
            "author": "Ketan Padegaonkar <KetanPadegaonkar@gmail.com>",
            "date": "Thu Jun 14 07:23:45 2018"
        },
        {
            "title": "Add a toggle for enabling component-pages",
            "flags": {
                "components": "False"
            },
            "message": "Add a toggle for enabling component-pages\n",
            "hash": "4766c2a9c2a656f51ac4388bc02b359511af763f",
            "author": "Akshay Dewan <akshayde@thoughtworks.com>",
            "date": "Thu Sep 20 23:09:48 2018"
        },
        {
            "title": "Remove artifact extension feature toggle. (#4893)",
            "flags": {
                "artifact_extension_key": "removed"
            },
            "message": "Remove artifact extension feature toggle. (#4893)\n\n",
            "hash": "0e78d5f06635e7a1eede24ba7acacf0ab354dd46",
            "author": "Varsha Varadarajan <varshavaradarajan@users.noreply.github.com>",
            "date": "Mon Jul 9 04:53:32 2018"
        },
        {
            "title": "Remove templates API v4 from rails.",
            "flags": {
                "templates_apiv4_key": "removed"
            },
            "message": "Remove templates API v4 from rails.\n* The template API v4 was moved to spark when adding support for external artifacts.\n",
            "hash": "00df58058d497b8952010d35c45082d3f982d02d",
            "author": "Varsha Varadarajan <varshasvaradarajan@gmail.com>",
            "date": "Fri Jun 29 02:18:16 2018"
        },
        {
            "title": "Move the template controller and related repesenters to the admin package.",
            "flags": {
                "templates_apiv4_key": "False"
            },
            "message": "Move the template controller and related repesenters to the admin package.\n* Add a feature toggle to toggle between rails and spark api.\n",
            "hash": "daaba7a7805f3310ad688c093ecccc811e6c8315",
            "author": "Varsha Varadarajan <varshasvaradarajan@gmail.com>",
            "date": "Sun Jun 10 21:36:26 2018"
        },
        {
            "title": "Remove 'QUICKER_DASHBOARD_KEY' toggle",
            "flags": {
                "quicker_dashboard_key": "removed"
            },
            "message": "Remove 'QUICKER_DASHBOARD_KEY' toggle\n* quicker_dashboard_key toggle was introduced for not caching the dashboard information until the the new dashboard becomes the default. The new dashboard was released out of beta and being the default as part of GoCD release 18.3.0. Hence there is no need of quicker_dashboard_key toggle now.\n* Leave behind the feature toggle listener code\n* Always show the 'New Dashboard' button which takes to new dashboard, on the old pipelines page.\n",
            "hash": "3f7ce55f1d07c42d6e8cd087d026985507e27a29",
            "author": "GaneshSPatil <ganeshpl@thoughtworks.com>",
            "date": "Mon May 28 23:20:46 2018"
        },
        {
            "title": "Move roles api to spark, by removing the feature toggle",
            "flags": {
                "spark_role_config_enabled_key": "removed"
            },
            "message": "Move roles api to spark, by removing the feature toggle\n",
            "hash": "c0c27818af81ced901941cbb9263381c8c000dad",
            "author": "Ketan Padegaonkar <KetanPadegaonkar@gmail.com>",
            "date": "Sat Mar 10 05:03:10 2018"
        },
        {
            "title": "Move current user api to spark, by removing the feature toggle",
            "flags": {
                "spark_current_user_enabled_key": "removed"
            },
            "message": "Move current user api to spark, by removing the feature toggle\n",
            "hash": "b26876d0d253c826a9fc6f1dbe8e5e02245d7218",
            "author": "Ketan Padegaonkar <KetanPadegaonkar@gmail.com>",
            "date": "Sat Mar 10 04:40:00 2018"
        },
        {
            "title": "Move plugin backup api to spark, by removing the feature toggle",
            "flags": {
                "spark_backup_enabled_key": "removed"
            },
            "message": "Move plugin backup api to spark, by removing the feature toggle\n",
            "hash": "c3e23da8b0f9ed44318c8b20c0ed42d2147e1f29",
            "author": "Ketan Padegaonkar <KetanPadegaonkar@gmail.com>",
            "date": "Fri Mar 9 23:36:43 2018"
        },
        {
            "title": "Move plugin images api to spark, by removing the feature toggle",
            "flags": {
                "spark_plugin_images_enabled_key": "removed"
            },
            "message": "Move plugin images api to spark, by removing the feature toggle\n",
            "hash": "880583b56e606f885eaff5d06b1b616be7cca9d5",
            "author": "Ketan Padegaonkar <KetanPadegaonkar@gmail.com>",
            "date": "Thu Mar 8 22:05:46 2018"
        },
        {
            "title": "Move encryption api to spark, by removing the feature toggle",
            "flags": {
                "spark_encryption_enabled_key": "removed"
            },
            "message": "Move encryption api to spark, by removing the feature toggle\n",
            "hash": "da023e71f6af8c0d592338374bc3fa4dbd6280db",
            "author": "Ketan Padegaonkar <KetanPadegaonkar@gmail.com>",
            "date": "Thu Mar 8 21:56:29 2018"
        },
        {
            "title": "Add new_dashboard_page_default toggle to make dashboard SPA the default page",
            "flags": {
                "new_dashboard_page_default": "False"
            },
            "message": "Add new_dashboard_page_default toggle to make dashboard SPA the default page\n\nIntroduce a couple of additional URLs:\n\n- /go/pipelines (current URL) will render the old, or new dashboard\n  based on the feature toggle\n- /go/old_dashboard - will always show the old dashboard\n- /go/dashboard - will always show the new dashboard\n",
            "hash": "83bdf73663599fd43661ec2fe71fe0ace1123e40",
            "author": "GaneshSPatil <ganeshpl@thoughtworks.com>",
            "date": "Thu Mar 8 23:58:59 2018"
        },
        {
            "title": "Remove old plugins page",
            "flags": {
                "plugin_spa_toggle_key": "removed"
            },
            "message": "Remove old plugins page\n\n* Remove plugins toggle\n* Remove (beta) upload plugin feature, along with feature toggle\n",
            "hash": "5b2a9740104d40f5ed2feffc928b75c2ad076a70",
            "author": "Ketan Padegaonkar <KetanPadegaonkar@gmail.com>",
            "date": "Wed Jan 24 19:12:08 2018"
        },
        {
            "title": "Add individual feature toggles for APIs moved over to spark",
            "flags": {
                "spark_router_enabled_key": "removed",
                "spark_backup_enabled_key": "False",
                "spark_encryption_enabled_key": "False",
                "spark_role_config_enabled_key": "False",
                "spark_plugin_images_enabled_key": "False",
                "spark_current_user_enabled_key": "False"
            },
            "message": "Add individual feature toggles for APIs moved over to spark\n",
            "hash": "9a3a08a6c2a613112f7af54884027480ed7d30ff",
            "author": "Ketan Padegaonkar <KetanPadegaonkar@gmail.com>",
            "date": "Mon Feb 5 03:28:04 2018"
        },
        {
            "title": "Add a feature toggle for spark routing",
            "flags": {
                "spark_router_enabled_key": "False"
            },
            "message": "Add a feature toggle for spark routing\n\nThis adds a feature toggle that will help mitigate the risk of migrating\nthe roles controller from rails to spark. If the toggle is turned on,\nthe request will be sent to spark, else it'll be sent to rails.\n",
            "hash": "1cec6b9c30a17a885501cd7ca0afdf7853cece06",
            "author": "Ketan Padegaonkar <KetanPadegaonkar@gmail.com>",
            "date": "Sat Jan 13 04:31:18 2018"
        },
        {
            "title": "Add a toggle around showing the fetch pluggable artifact task view as its not yet built. (#4144)",
            "flags": {
                "artifact_extension_key": "False"
            },
            "message": "Add a toggle around showing the fetch pluggable artifact task view as its not yet built. (#4144)\n\n",
            "hash": "898aeaaebbf3457d349a6131179f18224bd78049",
            "author": "Varsha Varadarajan <varshavaradarajan@users.noreply.github.com>",
            "date": "Tue Jan 2 02:59:49 2018"
        },
        {
            "title": "Added a feature toggle to not cache the dashboard information until the API is ready to go live",
            "flags": {
                "quicker_dashboard_key": "False"
            },
            "message": "Added a feature toggle to not cache the dashboard information until the API is ready to go live\n",
            "hash": "32e2576951598858f67375cdd4b7bc8f79521783",
            "author": "Jyoti Singh <jyotisingh7@gmail.com>",
            "date": "Mon Dec 11 04:27:15 2017"
        },
        {
            "title": "Plugin SPA toggle.",
            "flags": {
                "plugin_spa_toggle_key": "False"
            },
            "message": "Plugin SPA toggle.\n",
            "hash": "82ea938e862863fd4ad6a7df381977e869201bab",
            "author": "Varsha Varadarajan <varshasvaradarajan@gmail.com>",
            "date": "Tue Sep 19 03:31:45 2017"
        },
        {
            "title": "Add a toggle to make pipeline quick edit page as a default page (#3722)",
            "flags": {
                "quick_edit_page_toggle_key": "False"
            },
            "message": "Add a toggle to make pipeline quick edit page as a default page (#3722)\n\n* Add a toggle to make pipeline quick edit page as a default page\r\n* Admin has the ability to turn on and off the pipeline_config_spa page\r\n* By default, quick edit page is disabled. Admin can enable the page and make it default edit page as well\r\n* To turn on the quick edit page, use 'pipeline_config_single_page_app_key' toggle key\r\n* To make quick edit page as a default pipeline edit page, use 'quick_edit_page_toggle_key' toggle key\r\n* When both, pipeline_config_single_page_app_key and quick_edit_page_toggle_key are turned on, quick edit page will be the default page for pipeline editing.\r\n",
            "hash": "3c9a8f1f26e9ff297f506cad572277a6ecb89d65",
            "author": "Varsha Varadarajan <varshavaradarajan@users.noreply.github.com>",
            "date": "Tue Aug 8 23:27:51 2017"
        },
        {
            "title": "Add a toggle to disable websockets for console log streaming to the browser",
            "flags": {
                "browser_console_log_ws_key": "False"
            },
            "message": "Add a toggle to disable websockets for console log streaming to the browser\n",
            "hash": "ce579b435447937e9e41b125d8b13efd73c1c6e7",
            "author": "Ketan Padegaonkar <KetanPadegaonkar@gmail.com>",
            "date": "Wed Jul 26 00:13:23 2017"
        },
        {
            "title": "Remove all requirejs+mithril-0.2.5 based code used by the pipeline config SPA",
            "flags": {
                "pipeline_config_spa_on_new_mithril_toggle_key": "removed"
            },
            "message": "Remove all requirejs+mithril-0.2.5 based code used by the pipeline config SPA\n",
            "hash": "74dfd79a3b51b33b84da6bbe94c67a96599ef651",
            "author": "Ketan Padegaonkar <KetanPadegaonkar@gmail.com>",
            "date": "Mon Jun 5 04:19:08 2017"
        },
        {
            "title": "Removing feature toggle for auth and role config SPA",
            "flags": {
                "auth_and_role_config_spa_toggle_key": "removed"
            },
            "message": "Removing feature toggle for auth and role config SPA\n",
            "hash": "a2c669c225e0bca1aa70b5d9c37125922b71e74d",
            "author": "Jyoti Singh <jyotisingh7@gmail.com>",
            "date": "Tue May 23 06:40:13 2017"
        },
        {
            "title": "SPA for Authorization Configuration and Role Configuration (#3313)",
            "flags": {
                "auth_and_role_config_spa_toggle_key": "False"
            },
            "message": "SPA for Authorization Configuration and Role Configuration (#3313)\n\n* AuthConfig and RoleConfig SPA under admin menu\r\n* Verify connection check added for auth config\r\n* Added clone support\r\n* Roles and AuthConfig SPA behind feature toggle `auth_and_role_config_spa_toggle_key`, turned off by default\r\n\r\n\r\n",
            "hash": "fc93c1cb9bbdd863564504e5a9c231f9e204714d",
            "author": "Bhupendra <bdpiparva@gmail.com>",
            "date": "Tue May 2 09:41:24 2017"
        },
        {
            "title": "Defaulting quick edit page to old view (#3410)",
            "flags": {
                "pipeline_config_spa_on_new_mithril_toggle_key": "False"
            },
            "message": "Defaulting quick edit page to old view (#3410)\n\n* Defaulting to quick_edit page on older mithril as the new page needs\r\n  more fixes\r\n* The new quick_edit page can be defaulted using the feature toggle\r\n`pipeline_config_spa_on_new_mithril_toggle_key`",
            "hash": "bfefd6fc133b6146f3e2bbbdcf506412e5f9f963",
            "author": "Mahesh Panchaksharaiah <mahesh_panchaks@hotmail.com>",
            "date": "Tue Apr 18 23:04:59 2017"
        },
        {
            "title": "Making Agents SPA the default page. (#2879)",
            "flags": {
                "agents_single_page_app_key": "removed"
            },
            "message": "Making Agents SPA the default page. (#2879)\n\n* Non admins can only view the Agents SPA, but cannot perform any operations.\r\n* Route for agents SPA is go/agents and route for the old agents page is go/old_agents\r\n* Remove toggle on Agents SPA.\r\n* Fix auth specs for pipeline_configs_controller and agents_controller\r\n* Redirecting from /go/admin/agents to /go/agents.\r\n* Added the old and new agents routes to acegi.",
            "hash": "85156fe55d552416ce38708fa63832222650f0b0",
            "author": "Varsha Varadarajan <varshavaradarajan@users.noreply.github.com>",
            "date": "Tue Nov 29 22:18:33 2016"
        },
        {
            "title": "Agents Single Page Application (#2406)",
            "flags": {
                "agents_single_page_app_key": "False"
            },
            "message": "Agents Single Page Application (#2406)\n\nA re-write of the agents page using the mithril js framework.\r\n\r\nFunctionally, this page is similar to the old agents page.\r\nThis commit does not support viewing of job run history.\r\n\r\nThis feature is toggled off by default.",
            "hash": "db104da526b8211de6e3805b03e5127bc0f8f5b7",
            "author": "Ganesh S Patil <ganeshpl@thoughtworks.com>",
            "date": "Wed Aug 24 09:30:34 2016"
        },
        {
            "title": "Improve page load performance across the board.",
            "flags": {
                "better_dashboard_errors_key": "removed"
            },
            "message": "Improve page load performance across the board.\n\nThis PR solves 2 problems \u2014\n\nProblem 1\n---------\n\nThe `ApplicationController#populate_health_messages` filter was called\non every page load, and was re-computing all health state messages.\nThis computation had n^2 complexity for every health state message that\nhad to be rendered, this health state was rendered at the bottom of\nevery page inside go.\n\nWe now don't render the errors on page load, but rely on the ajax poll\nto eventually render the errors in a few seconds after the page loads\n\nProblem 2\n---------\n\nTo further reduce the cost of computation, we now pre-compute the health\nstate messages, and the pipelines that each server health state message\nbelongs to, via a background thread.\n",
            "hash": "ae12856cc676642a1815108b09898965f781e357",
            "author": "Ketan Padegaonkar <KetanPadegaonkar@gmail.com>",
            "date": "Wed Jun 1 05:42:23 2016"
        },
        {
            "title": "#1842 - Toggle for feature: dashboard errors",
            "flags": {
                "better_dashboard_errors_key": "False"
            },
            "message": "#1842 - Toggle for feature: dashboard errors\n",
            "hash": "a7a5717cbd60c30006314fb8dd529796c93adaf0",
            "author": "Aravind SV <arvind.sv@gmail.com>",
            "date": "Tue May 31 15:29:09 2016"
        },
        {
            "title": "Convert the plugin upload to a system environment toggle.",
            "flags": {
                "plugin_upload_feature_toggle_key": "removed"
            },
            "message": "Convert the plugin upload to a system environment toggle.\n",
            "hash": "32bc28ab448c084b9a64c6bb3cdd3b8ade750ac9",
            "author": "Zabil Cheriya Maliackal <zabilcm@gmail.com>",
            "date": "Mon Mar 28 22:56:29 2016"
        },
        {
            "title": "Turn off the single page app by default.",
            "flags": {
                "pipeline_config_single_page_app_key": "False"
            },
            "message": "Turn off the single page app by default.\n\nAllow the feature toggle `pipeline_config_single_page_app_key` to turn it on if needed.\n",
            "hash": "b255cd9a9a665bb9e8200b7ce88223c6b2506e6d",
            "author": "Ketan Padegaonkar <KetanPadegaonkar@gmail.com>",
            "date": "Tue Dec 15 01:06:34 2015"
        },
        {
            "title": "removing feature flag api_requests_short_session_feature_toggle_key - #1649",
            "flags": {
                "api_requests_short_session_feature_toggle_key": "removed"
            },
            "message": "removing feature flag api_requests_short_session_feature_toggle_key - #1649\n",
            "hash": "70550c80f774c3fe632435e08276f239fa02fbf1",
            "author": "Alex Schwartz <dev@schwartzonline.de>",
            "date": "Sun Dec 6 03:29:14 2015"
        },
        {
            "title": "removed feature toggle color_logs_feature_toggle_key - #1649",
            "flags": {
                "color_logs_feature_toggle_key": "removed"
            },
            "message": "removed feature toggle color_logs_feature_toggle_key - #1649\n",
            "hash": "3201b3ce9b4b2d1240665000b45d7918805f3907",
            "author": "Alex Schwartz <dev@schwartzonline.de>",
            "date": "Fri Dec 4 14:32:57 2015"
        },
        {
            "title": "#795 - Remove old CCTray and its toggle",
            "flags": {
                "new_cctray_feature_toggle_key": "removed"
            },
            "message": "#795 - Remove old CCTray and its toggle\n",
            "hash": "479bc00d3098acc828b5b22bc0336e4d821dec42",
            "author": "Aravind SV <arvind.sv@gmail.com>",
            "date": "Mon Aug 31 14:28:13 2015"
        },
        {
            "title": "#496 - Ability to have short-lived sessions for API requests.",
            "flags": {
                "api_requests_short_session_feature_toggle_key": "False"
            },
            "message": "#496 - Ability to have short-lived sessions for API requests.\n\nWhen an API request starts a session, the idle time of that session is set to (a configurable value,\nwith default of) 300 seconds. This makes sure that sessions created due to API requests (usually\nfrom scripts) time out, even if they do not send back the JSESSIONID cookie that the Go Server\nsets, during every login.\n\nSince this timeout affects only sessions started from API requests, it does not affect normal\nfunctioning of the Go Server. Moreover, if a script does use the cookie and return it to the Go\nServer, it continues to work, since the session will not be considered idle.\n",
            "hash": "d0d51a94ee2834e17b1ca42efc0f02bd05340b18",
            "author": "Aravind SV <arvind.sv@gmail.com>",
            "date": "Wed Mar 18 14:27:41 2015"
        },
        {
            "title": "#795 - Make cctray toggle-able.",
            "flags": {
                "new_cctray_feature_toggle_key": "False"
            },
            "message": "#795 - Make cctray toggle-able.\n\nTill now, the new CCTray implementation was at /new_cctray.xml. This makes\nit be toggleable at /cctray.xml itself. More importantly, the new cctray\nimplementation is on by default, now.\n\nToggle key is: new_cctray_feature_toggle_key\n",
            "hash": "eae2d5f79573ce7a85ae4d7cf6eab4b11feb8e10",
            "author": "Aravind SV <arvind.sv@gmail.com>",
            "date": "Fri Mar 6 10:01:25 2015"
        },
        {
            "title": "#795 - Make cctray toggle-able.",
            "flags": {
                "new_cctray_feature_toggle_key": "False"
            },
            "message": "#795 - Make cctray toggle-able.\n\nTill now, the new CCTray implementation was at /new_cctray.xml. This makes\nit be toggleable at /cctray.xml itself. More importantly, the new cctray\nimplementation is on by default, now.\n\nToggle key is: new_cctray_feature_toggle_key\n",
            "hash": "8b4ec1ef90d1df6d8bd350ae29b8b9044ac69be7",
            "author": "Aravind SV <arvind.sv@gmail.com>",
            "date": "Fri Mar 6 10:01:25 2015"
        },
        {
            "title": "#142 - Setup toggle of colored logs.",
            "flags": {
                "color_logs_feature_toggle_key": "False"
            },
            "message": "#142 - Setup toggle of colored logs.\n",
            "hash": "2fd67f2d395e186a421408ecf8dbfcb9ea8b2920",
            "author": "Aravind SV <arvind.sv@gmail.com>",
            "date": "Mon Mar 2 08:05:07 2015"
        },
        {
            "title": "#768 - Add feature toggle for plugin upload form.",
            "flags": {
                "plugin_upload_feature_toggle_key": "False"
            },
            "message": "#768 - Add feature toggle for plugin upload form.\n",
            "hash": "26f8bf04af3455f2a726314438b5bf014b57ff23",
            "author": "Aravind SV <arvind.sv@gmail.com>",
            "date": "Fri Dec 19 09:19:24 2014"
        },
        {
            "title": "#707 - feature toggle for pipeline comment feature",
            "flags": {
                "key1": "removed",
                "pipeline_comment_feature_toggle_key": "False"
            },
            "message": "#707 - feature toggle for pipeline comment feature\n",
            "hash": "495848d4c89ba790f7d742ddb872404f3db035a0",
            "author": "Srini <srinivas.upadhya@gmail.com>",
            "date": "Thu Dec 11 00:10:47 2014"
        },
        {
            "title": "#739 - Read available toggles as a stream.",
            "flags": {
                "key1": "False"
            },
            "message": "#739 - Read available toggles as a stream.\n\nThis is because it will be packaged inside the WAR file and it cannot be\neasily read as a file, directly.\n",
            "hash": "9896740fa00cfacfe7000d99199519072e0f7323",
            "author": "Aravind SV <arvind.sv@gmail.com>",
            "date": "Mon Dec 8 15:46:11 2014"
        }
    ]
}