{
    "id": 15155534,
    "node_id": "MDEwOlJlcG9zaXRvcnkxNTE1NTUzNA==",
    "name": "gocd",
    "full_name": "gocd/gocd",
    "private": false,
    "description": "Main repository for GoCD - Continuous Delivery server",
    "fork": false,
    "created_at": "2013-12-13T05:26:16Z",
    "updated_at": "2019-12-20T15:16:51Z",
    "pushed_at": "2019-12-20T14:19:43Z",
    "homepage": "https://www.gocd.org",
    "size": 296333,
    "stargazers_count": 5344,
    "watchers_count": 5344,
    "language": "Java",
    "has_issues": true,
    "has_projects": true,
    "has_downloads": true,
    "has_wiki": true,
    "has_pages": false,
    "forks_count": 826,
    "archived": false,
    "disabled": false,
    "open_issues_count": 700,
    "forks": 826,
    "open_issues": 700,
    "watchers": 5344,
    "default_branch": "master",
    "temp_clone_token": "",
    "network_count": 826,
    "subscribers_count": 238,
    "languages": {
        "Java": 20554635,
        "TypeScript": 3070651,
        "JavaScript": 2677561,
        "Groovy": 2070643,
        "Ruby": 1952130,
        "CSS": 840942,
        "HTML": 644360,
        "XSLT": 200357,
        "TSQL": 200114,
        "Shell": 169149,
        "NSIS": 23526,
        "FreeMarker": 9764,
        "PowerShell": 691,
        "Batchfile": 466
    }
}