{
    "date": "2019-12-20T17:59:46.442498",
    "commits": [
        {
            "title": "NEXT-733 - Import / Export module.",
            "flags": {
                "next733": "False"
            },
            "message": "NEXT-733 - Import / Export module.\n",
            "hash": "649516087e2e536ab43d52280d80d79a952116ee",
            "author": "Sebastian Haase",
            "date": "Wed May 8 03:02:40 2019"
        },
        {
            "title": "NEXT-3303 - Remove Flag 681",
            "flags": {
                "next681": "removed"
            },
            "message": "NEXT-3303 - Remove Flag 681\n",
            "hash": "a875535bcd3a4d9a6ba77773483010a4777c4c80",
            "author": "Sebastian Franze",
            "date": "Fri May 10 01:50:45 2019"
        },
        {
            "title": "NEXT-3049 - Remove CMS feature flag",
            "flags": {
                "next134": "removed"
            },
            "message": "NEXT-3049 - Remove CMS feature flag\n",
            "hash": "da9fd9e7f44fb18d03cd6c2ab19561439480a036",
            "author": "Philipp Schuch",
            "date": "Tue May 7 02:15:21 2019"
        },
        {
            "title": "NEXT-2908 - remove the feature flag NEXT2021 and comment out the menu entry for editing a single variant",
            "flags": {
                "next2021": "removed"
            },
            "message": "NEXT-2908 - remove the feature flag NEXT2021 and comment out the menu entry for editing a single variant\n",
            "hash": "2a955a2da67748debfc9dd5a570f1161630bca5f",
            "author": "Jannis Leifeld",
            "date": "Wed May 1 22:52:03 2019"
        },
        {
            "title": "NEXT-2971 - Remove feature flag",
            "flags": {
                "next712": "removed"
            },
            "message": "NEXT-2971 - Remove feature flag\n",
            "hash": "3d79f5a549e1cfa76150b2d0da7c1b14230c7230",
            "author": "Jens K\u00fcper",
            "date": "Mon May 6 00:01:08 2019"
        },
        {
            "title": "NEXT-2914 - Remove attribute feature flag",
            "flags": {
                "next754": "removed"
            },
            "message": "NEXT-2914 - Remove attribute feature flag\n",
            "hash": "abae5307bc5c4755e1c0b232d046dd77ed1979ad",
            "author": "Timo Altholtmann",
            "date": "Thu May 2 06:05:43 2019"
        },
        {
            "title": "NTR - Remove navigation builder flags",
            "flags": {
                "next1594": "removed"
            },
            "message": "NTR - Remove navigation builder flags\n",
            "hash": "85115450dfb3336a48c72543dec340b458f73999",
            "author": "Thorben pantring",
            "date": "Thu May 2 05:37:03 2019"
        },
        {
            "title": "NEXT-2904 - remove shipping method feature flag",
            "flags": {
                "next688": "removed"
            },
            "message": "NEXT-2904 - remove shipping method feature flag\n",
            "hash": "e91f56e1471bbaa02c6fa7ab39557c5cfd7294be",
            "author": "Raphael Emmerich",
            "date": "Fri May 3 04:42:03 2019"
        },
        {
            "title": "NTR - Remove category feature flag",
            "flags": {
                "next716": "removed"
            },
            "message": "NTR - Remove category feature flag\n",
            "hash": "822f86b4f2afcb2d6c4b8c628c4a37c67139e6a3",
            "author": "Arnold Stoba",
            "date": "Fri May 3 08:01:23 2019"
        },
        {
            "title": "NTR - remove feature flag next 719 (property)",
            "flags": {
                "next719": "removed"
            },
            "message": "NTR - remove feature flag next 719 (property)\n",
            "hash": "2291ed49ecf10e9ae5289f07825223f5c6d4672f",
            "author": "Jannis Leifeld",
            "date": "Fri May 3 05:13:48 2019"
        },
        {
            "title": "NEXT-2905 - remove payment method feature flag",
            "flags": {
                "next687": "removed"
            },
            "message": "NEXT-2905 - remove payment method feature flag\n",
            "hash": "8116e47ab9763a1f739473e12fe9f6501450971e",
            "author": "Raphael Emmerich",
            "date": "Fri May 3 04:45:32 2019"
        },
        {
            "title": "NEXT-2475 - remove product stream feature flag",
            "flags": {
                "next739": "removed"
            },
            "message": "NEXT-2475 - remove product stream feature flag\n",
            "hash": "245bff9f3915f4303254bac898c581be97d2e394",
            "author": "Raphael Emmerich",
            "date": "Fri May 3 04:36:04 2019"
        },
        {
            "title": "NTR - Remove state machine feature flag",
            "flags": {
                "next1567": "removed"
            },
            "message": "NTR - Remove state machine feature flag\n",
            "hash": "ae9abc64c9ef1c50a8ac189313a44e9846fa6418",
            "author": "Sebastian Staffa",
            "date": "Fri May 3 00:08:09 2019"
        },
        {
            "title": "NEXT-2612 - Use system config for privacy settings",
            "flags": {
                "next2539": "removed",
                "next685": "removed"
            },
            "message": "NEXT-2612 - Use system config for privacy settings\n\n- remove feature flag next2539\n- remove feature flag next685\n",
            "hash": "669c149ebfd41b1926e1be5feb041c0dbba03d91",
            "author": "Patrick Weyck",
            "date": "Thu May 2 04:21:08 2019"
        },
        {
            "title": "NEXT-2978 - Promotions: removed feature flag",
            "flags": {
                "next700": "removed"
            },
            "message": "NEXT-2978 - Promotions: removed feature flag\n",
            "hash": "29e6d66ef7afecd616e27ea8e29824e4ccc5729e",
            "author": "Carsten Schmitz",
            "date": "Thu May 2 01:35:31 2019"
        },
        {
            "title": "NEXT-2939 - Remove plugin manager feature flag",
            "flags": {
                "next1223": "removed"
            },
            "message": "NEXT-2939 - Remove plugin manager feature flag\n",
            "hash": "6c37d0dfab6dcd8a95d6924cb83eeca942beea33",
            "author": "Sebastian Seggewi\u00df",
            "date": "Tue Apr 30 05:59:11 2019"
        },
        {
            "title": "NEXT-1560 - Remove sales channel domains feature",
            "flags": {
                "next1387": "removed"
            },
            "message": "NEXT-1560 - Remove sales channel domains feature\n",
            "hash": "344cd7ee187f5ca2be03bd7fba71e76ea0ae9d16",
            "author": "Patrick Weyck",
            "date": "Thu Apr 25 02:43:34 2019"
        },
        {
            "title": "NEXT-1046 - Misc fixes",
            "flags": {
                "next1046": "removed"
            },
            "message": "NEXT-1046 - Misc fixes\n",
            "hash": "26b66903c0fc54fca83618db8cfea58728cccdeb",
            "author": "s.sluiter",
            "date": "Wed Apr 17 02:17:39 2019"
        },
        {
            "title": "NEXT-1046 - Implement pdf service, documents in order overview, document type entity, document modal",
            "flags": {
                "next1046": "False"
            },
            "message": "NEXT-1046 - Implement pdf service, documents in order overview, document type entity, document modal\n",
            "hash": "020199fbb2ebdc099e21d721e5bfcefc210cfac1",
            "author": "Jens K\u00fcper",
            "date": "Mon Feb 25 06:55:50 2019"
        },
        {
            "title": "NEXT-1848 - Removed queue feature flag 1309",
            "flags": {
                "next1309": "removed"
            },
            "message": "NEXT-1848 - Removed queue feature flag 1309\n",
            "hash": "3a0a97bfe8f8f45a167e88c6fb16d0b91b8bf6db",
            "author": "Christian Rades",
            "date": "Thu Apr 18 07:37:29 2019"
        },
        {
            "title": "NTR - Fix feature flag command and add settings feature flag",
            "flags": {
                "next685": "False"
            },
            "message": "NTR - Fix feature flag command and add settings feature flag\n",
            "hash": "9b9159e980bac70d2be296fabc97182b0b1996b2",
            "author": "Timo Altholtmann",
            "date": "Thu Apr 18 06:36:10 2019"
        },
        {
            "title": "NEXT-1718 - Create user management",
            "flags": {
                "next681": "False"
            },
            "message": "NEXT-1718 - Create user management\n",
            "hash": "5c76dab696835d42471ab0fa5133d43d6caeb48f",
            "author": "Luke Wenkers",
            "date": "Mon Mar 11 00:00:05 2019"
        },
        {
            "title": "NEXT-2539 - Add privacy module (functional prototype)",
            "flags": {
                "next2539": "False"
            },
            "message": "NEXT-2539 - Add privacy module (functional prototype)\n",
            "hash": "460bbc1673295d4cbd9c725175521f72151b8a43",
            "author": "Marcel Brode",
            "date": "Tue Mar 26 06:20:18 2019"
        },
        {
            "title": "NEXT-700 - feature flag",
            "flags": {
                "next700": "False"
            },
            "message": "NEXT-700 - feature flag\n",
            "hash": "50101fab1c4791d4cf5483ebd74e3a4564b5ce8c",
            "author": "Sebastian Wieland",
            "date": "Thu Mar 28 07:39:31 2019"
        },
        {
            "title": "NTR - remove theme manager",
            "flags": {
                "next1271": "removed"
            },
            "message": "NTR - remove theme manager\n",
            "hash": "a564958834ab534c55c1446ea8dd06ee51f950e5",
            "author": "Thorben pantring",
            "date": "Mon Mar 25 05:28:46 2019"
        },
        {
            "title": "NEXT-1514 - First cms prototype",
            "flags": {
                "next134": "False"
            },
            "message": "NEXT-1514 - First cms prototype\n",
            "hash": "8d9c8ff1b376e4456574fe0b4ef2a922821a26a7",
            "author": "Philipp Schuch",
            "date": "Wed Feb 13 23:41:00 2019"
        },
        {
            "title": "NEXT-2318 - First Theme Manager implementation",
            "flags": {
                "next1271": "False"
            },
            "message": "NEXT-2318 - First Theme Manager implementation\n",
            "hash": "5fb294b8a42f71e6a7b61b33cbf86462c4304f3b",
            "author": "Thorben pantring",
            "date": "Tue Mar 12 07:38:17 2019"
        },
        {
            "title": "NEXT-2021 - Add feature flag for variant generator",
            "flags": {
                "next2021": "False"
            },
            "message": "NEXT-2021 - Add feature flag for variant generator\n",
            "hash": "b9fa174f018891313b7bb9c550a6bfd1bc5bc669",
            "author": "Jannis Leifeld",
            "date": "Fri Mar 15 03:35:10 2019"
        },
        {
            "title": "NEXT-1666 - Add list of installed plugins",
            "flags": {
                "next1223": "False"
            },
            "message": "NEXT-1666 - Add list of installed plugins\n",
            "hash": "52cde2b7c56622b80777a823ce7f5c1729e00877",
            "author": "Florian Klockenkemper",
            "date": "Wed Jan 30 00:13:57 2019"
        },
        {
            "title": "NEXT-1787 - add rules to payment methods",
            "flags": {
                "next687": "False"
            },
            "message": "NEXT-1787 - add rules to payment methods\n\nNEXT-1787 - set icon to disable if flag is not set\n",
            "hash": "fc7d0c77e9ab0c0de8dc416614a17d45a68c2e59",
            "author": "Raphael Emmerich",
            "date": "Tue Mar 12 07:13:08 2019"
        },
        {
            "title": "NEXT-1639 - Remove feature flag 1207",
            "flags": {
                "next1207": "removed"
            },
            "message": "NEXT-1639 - Remove feature flag 1207\n",
            "hash": "ff0a6ae81d25cc81315f995449d99c4afa789da0",
            "author": "Sebastian Franze",
            "date": "Tue Mar 12 05:24:42 2019"
        },
        {
            "title": "NEXT-741 - Use correct feature flag",
            "flags": {
                "next741": "False",
                "next742": "removed"
            },
            "message": "NEXT-741 - Use correct feature flag\n",
            "hash": "7f5abb3c9b3f37868fc78506773df27dc86359c6",
            "author": "Patrick Weyck",
            "date": "Thu Mar 7 06:15:00 2019"
        },
        {
            "title": "NEXT-1740 - Refactor shippingMethods",
            "flags": {
                "next688": "False"
            },
            "message": "NEXT-1740 - Refactor shippingMethods\n",
            "hash": "b7acfc3056271d79234b69d825d78d74d0d7af40",
            "author": "Steffen Beisenherz",
            "date": "Wed Feb 6 03:42:54 2019"
        },
        {
            "title": "NTR - remove rule builder feature flag",
            "flags": {
                "next516": "removed"
            },
            "message": "NTR - remove rule builder feature flag\n",
            "hash": "11f8e6553658db0989de8deae7d076ef7f784a89",
            "author": "Lukas Rump",
            "date": "Thu Mar 7 01:58:18 2019"
        },
        {
            "title": "NTR - Remove snippet feature flag",
            "flags": {
                "next717": "removed"
            },
            "message": "NTR - Remove snippet feature flag\n",
            "hash": "d98a4eac7782a0a213a18219f369f21da71c3934",
            "author": "Marcel Brode",
            "date": "Thu Mar 7 01:34:21 2019"
        },
        {
            "title": "NEXT-742 - Add feature flag for seo module",
            "flags": {
                "next742": "False"
            },
            "message": "NEXT-742 - Add feature flag for seo module\n",
            "hash": "6164a23855724ccc1b1f48467cb2504aae04c757",
            "author": "Timo Altholtmann",
            "date": "Thu Mar 7 00:45:08 2019"
        },
        {
            "title": "NEXT-1687 - Implemented async thumbnail generation",
            "flags": {
                "next1309": "False"
            },
            "message": "NEXT-1687 - Implemented async thumbnail generation\n",
            "hash": "640cfa0ae3c4f55e460bf5ace4640c46f267ae70",
            "author": "Christian Rades",
            "date": "Wed Feb 13 00:50:18 2019"
        },
        {
            "title": "NEXT-1594 - Add missing interface usages",
            "flags": {
                "next1594": "False"
            },
            "message": "NEXT-1594 - Add missing interface usages\n",
            "hash": "d9ab454627aeba1ccb80f9c6f054ff5ce1b677b8",
            "author": "Oliver Skroblin",
            "date": "Mon Feb 4 00:48:17 2019"
        },
        {
            "title": "Next-1520 - Load plugins from vendor directory",
            "flags": {
                "next1797": "False"
            },
            "message": "Next-1520 - Load plugins from vendor directory\n",
            "hash": "d666f1ad6e0c75172ddc8ed458a8f500831a5301",
            "author": "Michael Telgmann",
            "date": "Fri Feb 8 07:02:52 2019"
        },
        {
            "title": "NEXT-712 - Add feature flag",
            "flags": {
                "next712": "False"
            },
            "message": "NEXT-712 - Add feature flag\n",
            "hash": "27c873f32fd77ef46bcc7c219bd5d8dc90558e32",
            "author": "Oliver Skroblin",
            "date": "Mon Feb 11 01:40:30 2019"
        },
        {
            "title": "NEXT-1567 - Add order state frontend",
            "flags": {
                "next1567": "False"
            },
            "message": "NEXT-1567 - Add order state frontend\n",
            "hash": "9146f4329416a861031141b18e3c063fefb467ac",
            "author": "Sebastian Staffa",
            "date": "Tue Feb 5 07:22:38 2019"
        },
        {
            "title": "NEXT-1462 - Create product streams",
            "flags": {
                "next739": "False"
            },
            "message": "NEXT-1462 - Create product streams\n",
            "hash": "44b18b44de564faf4396e87420f265d3eaca6253",
            "author": "Raphael Emmerich",
            "date": "Tue Jan 15 01:12:29 2019"
        },
        {
            "title": "NEXT-1624 - Add category feature flag",
            "flags": {
                "next716": "False"
            },
            "message": "NEXT-1624 - Add category feature flag\n",
            "hash": "c2fc2d2b6338ed4cd0bb5df93c1d040db0851a26",
            "author": "Arnold Stoba",
            "date": "Tue Jan 29 00:31:53 2019"
        },
        {
            "title": "NEXT-1610 - Add feature flag for attributes",
            "flags": {
                "next754": "False"
            },
            "message": "NEXT-1610 - Add feature flag for attributes\n",
            "hash": "07843d505ec1ae68d774d2618b851b6fbc315075",
            "author": "Timo Altholtmann",
            "date": "Mon Jan 28 02:25:34 2019"
        },
        {
            "title": "NEXT-1387 - Add frontend for sales channel domains",
            "flags": {
                "next1387": "False"
            },
            "message": "NEXT-1387 - Add frontend for sales channel domains\n",
            "hash": "9fa7e61c7abe725b1ee9af7d3624141983c2104b",
            "author": "Patrick Weyck",
            "date": "Fri Jan 18 06:30:13 2019"
        },
        {
            "title": "NEXT-719 - Add feature flag for property module",
            "flags": {
                "next719": "False"
            },
            "message": "NEXT-719 - Add feature flag for property module\n",
            "hash": "213cec40daec832458e8ae1c02a820bff4e07ec9",
            "author": "Oliver Skroblin",
            "date": "Tue Dec 18 23:44:26 2018"
        },
        {
            "title": "NEXT-1207 - Create Folders in administration",
            "flags": {
                "next1207": "False"
            },
            "message": "NEXT-1207 - Create Folders in administration\n",
            "hash": "14eb7f83303365d201484f83ac476cf97e6c0e26",
            "author": "Sebastian Franze",
            "date": "Fri Nov 30 01:26:57 2018"
        },
        {
            "title": "NEXT-1202 - Base implementation",
            "flags": {
                "next717": "False"
            },
            "message": "NEXT-1202 - Base implementation\n",
            "hash": "fc11d1b13f5079665cf8806850435f00d9965559",
            "author": "Dennis Garding",
            "date": "Mon Nov 26 23:16:26 2018"
        },
        {
            "title": "NEXT-516 - add feature flag",
            "flags": {
                "next516": "False"
            },
            "message": "NEXT-516 - add feature flag\n",
            "hash": "8d07e87ce184ecd54163875bc53edd1d3b31ea8b",
            "author": "Raphael Emmerich",
            "date": "Mon Nov 26 04:23:16 2018"
        }
    ]
}