{
    "date": "2019-12-20T17:57:57.856109",
    "commits": [
        {
            "title": "features: remove deprecated feature flags (#4607)",
            "flags": {
                "AllowRenewalFirstRL": "removed",
                "TLSSNIRevalidation": "removed",
                "ACME13KeyRollover": "removed",
                "ProbeCTLogs": "removed",
                "SimplifiedVAHTTP": "removed",
                "PerformValidationRPC": "removed",
                "NewAuthorizationSchema": "removed",
                "RevokeAtRA": "removed",
                "SetIssuedNamesRenewalBit": "removed",
                "EarlyOrderRateLimit": "removed",
                "FasterRateLimit": "removed",
                "DisableAuthz2Orders": "removed",
                "FasterGetOrderForNames": "removed",
                "PrecertificateOCSP": "removed",
                "GetAuthorizationsPerf": "removed"
            },
            "message": "features: remove deprecated feature flags (#4607)\n\nConfirmed none of these features are currently present in any staging or \r\nproduction configs.\r\n",
            "hash": "ea231adc36746cce97f860e818c2cdf92f060543",
            "author": "Roland Bracewell Shoemaker",
            "date": "Mon Dec 9 12:59:27 2019"
        },
        {
            "title": "SA: conditionally track issued names in AddPrecertificate. (#4573)",
            "flags": {
                "WriteIssuedNamesPrecert": "False"
            },
            "message": "SA: conditionally track issued names in AddPrecertificate. (#4573)\n\nPrev. we inserted data for tracking issued names into the `issuedNames` table\r\nduring `sa.AddCertificate`. A more robust solution is to do this during\r\n`sa.AddPrecertificate` since this is when we've truly committed to having\r\nissued for the names.\r\n\r\nThe new SA `WriteIssuedNamesPrecert` feature flag enables writing this table\r\nduring `AddPrecertificate`. The legacy behaviour continues with the flag\r\nenabled or disabled but is updated to tolerate duplicate INSERT errors so that\r\nit is possible to deploy this change across multiple SA instances safely.\r\n\r\nAlong the way I also updated `SA.AddPrecertificate` to perform its two\r\n`INSERT`s in a transaction using the `db.WithTransaction` wrapper.\r\n\r\nResolves https://github.com/letsencrypt/boulder/issues/4565",
            "hash": "608c38144436e29f6fe6a1e7d788e8c1bf49fd8c",
            "author": "Daniel McCarney",
            "date": "Tue Nov 26 10:43:32 2019"
        },
        {
            "title": "CA/SA: Store issuer info in certificateStatus, use for OCSP generation (#4546)",
            "flags": {
                "StoreIssuerInfo": "False"
            },
            "message": "CA/SA: Store issuer info in certificateStatus, use for OCSP generation (#4546)\n\nThis avoids needing to send the entire certificate in OCSP generation\r\nRPCs.\r\n\r\nEnded up including a few cleanups that made the implementation easier.\r\n\r\nInitially I was struggling with how to derive the issuer identification info.\r\nWe could just stick the full SPKI hash in certificateStatus, but that takes a\r\nsignificant amount of space, we could configure unique issuer IDs in the CA\r\nconfig, but that would require being very careful about keeping the IDs\r\nconstant, and never reusing an ID, or we could store issuers in a table in the\r\ndatabase and use that as a lookup table, but that requires figuring out how to\r\nget that info into the table etc. Instead I've just gone with what I found to\r\nbe the easiest solution, deriving a stable ID from the cert hash. This means we\r\ndon't need to remember to configure anything special and the CA config stays\r\nthe same as it is now.\r\n\r\nFixes #4469.\r\n",
            "hash": "b557d870c7cc81f22b28a396fc5e16c58ba494f6",
            "author": "Roland Bracewell Shoemaker",
            "date": "Mon Nov 18 06:15:29 2019"
        },
        {
            "title": "SA: remove JOIN from GetAuthorizations2 and filter in code (#4512)",
            "flags": {
                "GetAuthorizationsPerf": "False"
            },
            "message": "SA: remove JOIN from GetAuthorizations2 and filter in code (#4512)\n\nPreviously we used a JOIN on the orderToAuthz2 table in order to make sure\r\nwe only returned authorizations created using the ACME v2 API. Each time an\r\norder is created a pivot row (order ID + authz ID) is added to the\r\norderToAuthz2 table. If a large number of orders are created that all contain\r\nthe same authorization, due to reuse, then the JOINd query would return a full\r\nauthorization row for each entry in the orderToAuthz2 table with the authorization\r\nID.\r\n\r\nInstead we now filter out these authorizations by doing a second query against\r\nthe orderToAuthz2 table. Using this query still requires examining a large number\r\nof rows, but because we don't need to construct a temporary table for the JOIN\r\nand fill it with all the full authorization rows we should save resources.\r\n\r\nFixes #4500.",
            "hash": "e49b6d7c61d3a4bdc04d108d235566a14cf9ba1a",
            "author": "Roland Bracewell Shoemaker",
            "date": "Thu Oct 31 10:25:32 2019"
        },
        {
            "title": "Strip default scheme ports from Host headers (#4448)",
            "flags": {
                "StripDefaultSchemePort": "False"
            },
            "message": "Strip default scheme ports from Host headers (#4448)\n\nFixes #4447.",
            "hash": "31ed590edda122713d60097c98604f96abab3d02",
            "author": "Roland Bracewell Shoemaker",
            "date": "Fri Sep 27 16:14:40 2019"
        },
        {
            "title": "WFE2: allow revocation of precertificates. (#4433)",
            "flags": {
                "PrecertificateRevocation": "False"
            },
            "message": "WFE2: allow revocation of precertificates. (#4433)\n\nWhen the `features.PrecertificateRevocation` feature flag is enabled the WFE2\r\nwill allow revoking certificates for a submitted precertificate. The legacy WFE1\r\nbehaviour remains unchanged (as before (pre)certificates issued through the V1\r\nAPI will be revocable with the V2 API).\r\n\r\nPreviously the WFE2 vetted the certificate from the revocation request by\r\nlooking up a final certificate by the serial number in the requested\r\ncertificate, and then doing a byte for byte comparison between the stored and\r\nrequested certificate.\r\n\r\nRather than adjust this logic to handle looking up and comparing stored\r\nprecertificates against requested precertificates (requiring new RPCs and an\r\nadditional round-trip) we choose to instead check the signature on the requested\r\ncertificate or precertificate and consider it valid for revocation if the\r\nsignature validates with one of the WFE2's known issuers. We trust the integrity\r\nof our own signatures.\r\n\r\nAn integration test that performs a revocation of a precertificate (in this case\r\none that never had a final certificate issued due to SCT embedded errors) with\r\nall of the available authentication mechanisms is included.\r\n\r\nResolves https://github.com/letsencrypt/boulder/issues/4414\r\n",
            "hash": "1cd9733c244514a76572e9014e0e7fbb41a8827a",
            "author": "Daniel McCarney",
            "date": "Mon Sep 16 13:40:07 2019"
        },
        {
            "title": "Generate and store OCSP at precertificate signing time (#4420)",
            "flags": {
                "PrecertificateOCSP": "False"
            },
            "message": "Generate and store OCSP at precertificate signing time (#4420)\n\nThis change adds two tables and two methods in the SA, to store precertificates\r\nand serial numbers.\r\n\r\nIn the CA, when the feature flag is turned on, we generate a serial number, store it,\r\nsign a precertificate and OCSP, store them, and then return the precertificate. Storing\r\nthe serial as an additional step before signing the certificate adds an extra layer of\r\ninsurance against duplicate serials, and also serves as a check on database availability.\r\nSince an error storing the serial prevents going on to sign the precertificate, this decreases\r\nthe chance of signing something while the database is down.\r\n\r\nRight now, neither table has read operations available in the SA.\r\n\r\nTo make this work, I needed to remove the check for duplicate certificateStatus entry\r\nwhen inserting a final certificate and its OCSP response. I also needed to remove\r\nan error that can occur when expiration-mailer processes a precertificate that lacks\r\na final certificate. That error would otherwise have prevented further processing of\r\nexpiration warnings.\r\n\r\nFixes #4412\r\n\r\nThis change builds on #4417, please review that first for ease of review.",
            "hash": "9906c9321776bf37c206fc47707cd3acc6919378",
            "author": "Jacob Hoffman-Andrews",
            "date": "Mon Sep 9 12:21:20 2019"
        },
        {
            "title": "Add feature flag for disabling new domain validations in the V1\u2026 (#4385)",
            "flags": {
                "V1DisableNewValidations": "False"
            },
            "message": "Add feature flag for disabling new domain validations in the V1\u2026 (#4385)\n\nFixes #4307.",
            "hash": "a585f233657084f2f81a08abd95115ecad0274a5",
            "author": "Roland Bracewell Shoemaker",
            "date": "Mon Aug 5 11:34:51 2019"
        },
        {
            "title": "SA: Delete unused challenges (#4353)",
            "flags": {
                "DeleteUnusedChallenges": "False"
            },
            "message": "SA: Delete unused challenges (#4353)\n\nFor authzv1, this actually executes a SQL DELETE for the unused challenges\r\nwhen an authorization is updated upon validation.\r\n\r\nFor authzv2, this doesn't perform a delete, but changes the authorizations that\r\nare returned so they don't include unused challenges.\r\n\r\nIn order to test the flag for both authz storage models, I set the feature flag in\r\nboth config/ and config-next/.\r\n\r\nFixes #4352\r\n",
            "hash": "a68c39ad9b693e7b30d78a05cb69f371304e40aa",
            "author": "Jacob Hoffman-Andrews",
            "date": "Fri Jul 26 11:04:46 2019"
        },
        {
            "title": "Check invalid authorization limit in parallel. (#4348)",
            "flags": {
                "unused": "False",
                "AllowRenewalFirstRL": "False",
                "TLSSNIRevalidation": "False",
                "CAAValidationMethods": "False",
                "CAAAccountURI": "False",
                "ACME13KeyRollover": "False",
                "ProbeCTLogs": "False",
                "SimplifiedVAHTTP": "False",
                "PerformValidationRPC": "False",
                "HeadNonceStatusOK": "False",
                "NewAuthorizationSchema": "False",
                "RevokeAtRA": "False",
                "SetIssuedNamesRenewalBit": "False",
                "EarlyOrderRateLimit": "False",
                "EnforceMultiVA": "False",
                "MultiVAFullResults": "False",
                "RemoveWFE2AccountID": "False",
                "FasterRateLimit": "False",
                "CheckRenewalFirst": "False",
                "MandatoryPOSTAsGET": "False",
                "DisableAuthz2Orders": "False",
                "FasterGetOrderForNames": "False",
                "AllowV1Registration": "True",
                "ParallelCheckFailedValidation": "False"
            },
            "message": "Check invalid authorization limit in parallel. (#4348)\n\nFixes #3069.",
            "hash": "4628c79239592a6cac80e2e1072e5f28550fe1b5",
            "author": "Jacob Hoffman-Andrews",
            "date": "Fri Jul 19 13:37:12 2019"
        },
        {
            "title": "wfe: add feature flag to control new acme v1 registrations. (#4346)",
            "flags": {
                "AllowV1Registration": "True"
            },
            "message": "wfe: add feature flag to control new acme v1 registrations. (#4346)\n\nAdds `AllowV1Registration` feature flag to the WFE to control new acme v1 registrations.\r\n\r\nFixes #4306.",
            "hash": "5952d89346ae9e3236f182816661af706591e2ab",
            "author": "Jacob Hoffman-Andrews",
            "date": "Thu Jul 18 12:18:05 2019"
        },
        {
            "title": "Fix FasterGetOrderForNames and add tests. (#4331)",
            "flags": {
                "FasterGetOrderForNames": "False"
            },
            "message": "Fix FasterGetOrderForNames and add tests. (#4331)\n\nThis rolls forward #4326 after it was reverted in #4328.\r\n\r\nResolves https://github.com/letsencrypt/boulder/issues/4329\r\n\r\nThe older query didn't have a `LIMIT 1` so it was returning multiple results,\r\nbut gorp's `SelectOne` was okay with multiple results when the selection was\r\ngoing into an `int64`. When I changed this to a `struct` in #4326, gorp started\r\nproducing errors.\r\n\r\nFor this bug to manifest, an account needs to create an order, then fail\r\nvalidation, twice in a row for a given domain name, then create an order once\r\nmore for the same domain name - that third request will fail because there are\r\nmultiple orders in the orderFqdnSets table for that domain.\r\n\r\nNote that the bug condition doesn't happen when an account does three successful\r\nissuances in a row, because finalizing an order (that is, issuing a certificate\r\nfor it) deletes the row in orderFqdnSets. Failing an authorization does not\r\ndelete the row in orderFqdnSets. I believe this was an intentional design\r\ndecision because an authorization can participate in many orders, and those\r\norders can have many other authorizations, so computing the updated state of\r\nall those orders would be expensive (remember, order state is not persisted in\r\nthe DB but is calculated dynamically based on the authorizations it contains).\r\n\r\nThis wasn't detected in integration tests because we don't have any tests that\r\nfail validation for the same domain multiple times. I filed an issue for an\r\nintegration test that would have incidentally caught this:\r\nhttps://github.com/letsencrypt/boulder/issues/4332. There's also a more specific\r\ntest case in #4331.\r\n",
            "hash": "74699486ec3338c99a633459fa553c586366f6ca",
            "author": "Jacob Hoffman-Andrews",
            "date": "Thu Jul 11 10:43:42 2019"
        },
        {
            "title": "Revert \"SA: improve performance of GetOrderForNames. (#4326)\" (#4328)",
            "flags": {
                "FasterGetOrderForNames": "removed"
            },
            "message": "Revert \"SA: improve performance of GetOrderForNames. (#4326)\" (#4328)\n\nThis reverts commit 9fa360769ec0d24aad78d77ae774b3a7996a4947.\r\n\r\nThis commit can cause \"gorp: multiple rows returned for: ...\" under certain situations.\r\n\r\nSee #4329 for details of followup.",
            "hash": "2131065b2d0393fdbd21a5060c021873f2cb5121",
            "author": "Jacob Hoffman-Andrews",
            "date": "Tue Jul 9 14:33:28 2019"
        },
        {
            "title": "SA: improve performance of GetOrderForNames. (#4326)",
            "flags": {
                "FasterGetOrderForNames": "False"
            },
            "message": "SA: improve performance of GetOrderForNames. (#4326)\n\nWhen there are a lot of potential orders to reuse, the query could scan\r\nunnecessary rows, sometimes leading to timeouts. The new query used \r\nwhen the FasterGetOrderForNames feature flag is enabled uses the\r\navailable index more effectively and adds a LIMIT clause.\r\n",
            "hash": "9fa360769ec0d24aad78d77ae774b3a7996a4947",
            "author": "Jacob Hoffman-Andrews",
            "date": "Tue Jul 9 06:46:06 2019"
        },
        {
            "title": "Explicitly disable authz2 orders (#4289)",
            "flags": {
                "DisableAuthz2Orders": "False"
            },
            "message": "Explicitly disable authz2 orders (#4289)\n\nAdd flag to explicitly disable orders containing authz2 authorizations. After looking at a handful of much more complex solutions this feels like the best option. With NewAuthorizationSchema disabled and DisableAuthz2Orders enabled any requests for orders that include authz2 authorizations will return a 404 (where previously they would return a 500).\r\n\r\nFixes #4263.",
            "hash": "c561386fd7dea8d87b6d5ee0ccd163e9d53bd47e",
            "author": "Roland Bracewell Shoemaker",
            "date": "Tue Jun 25 17:16:00 2019"
        },
        {
            "title": "WFE2: Add feature flag for Mandatory POST-As-GET. (#4251)",
            "flags": {
                "MandatoryPOSTAsGET": "False"
            },
            "message": "WFE2: Add feature flag for Mandatory POST-As-GET. (#4251)\n\nIn November 2019 we will be removing support for legacy pre RFC-8555\r\nunauthenticated GET requests for accessing ACME resources. A new\r\n`MandatoryPOSTAsGET` feature flag is added to the WFE2 to allow\r\nenforcing this change. Once this feature flag has been activated in Nov\r\nwe can remove both it and the WFE2 code supporting GET requests.",
            "hash": "fea710692739a8770b57cac4a8d7af4625d864eb",
            "author": "Daniel McCarney",
            "date": "Fri Jun 7 05:36:13 2019"
        },
        {
            "title": "sa: use a faster query for certificates per name rate limit (#4179)",
            "flags": {
                "FasterRateLimit": "False"
            },
            "message": "sa: use a faster query for certificates per name rate limit (#4179)\n\nRight now we run a `SELECT COUNT` query on issuedNames to calculate this rate limit.\r\nUnfortunately, counting large numbers of rows is very slow. This change introduces a\r\ndedicated table for keeping track of that rate limit.\r\n\r\nInstead of being keyed by FQDN, this new `certificatesPerName` table is keyed by\r\nthe same field as rate limits are calculated on: the base domain. Each row has a base\r\ndomain, a time (chunked by hour), and a count. This means calculating the rate limit\r\nstatus for each domain reads at most 7 * 24 rows.\r\n\r\nThis should particularly speed up cases when a single domain has lots of subdomains.\r\n\r\nFixes #4152",
            "hash": "e49ffaf94c87c0bbac0357d2d5ebab1729a1da91",
            "author": "Jacob Hoffman-Andrews",
            "date": "Fri Apr 26 10:53:47 2019"
        },
        {
            "title": "Check renewal status before checking rate limit status (#4174)",
            "flags": {
                "CheckRenewalFirst": "False"
            },
            "message": "Check renewal status before checking rate limit status (#4174)\n\nChecking the \"certificates per name\" rate limit is moderately expensive, particularly\r\nfor domains that have lots of certificates on their subdomains. By checking the renewal\r\nexemption first, we can save some database queries in a lot of cases.\r\n\r\nPart of #4152",
            "hash": "5dee991130acf2afe5821d84d647557a713b173c",
            "author": "Jacob Hoffman-Andrews",
            "date": "Tue Apr 23 09:32:23 2019"
        },
        {
            "title": "Remove account ID in WFE2 if feature enabled (#4160)",
            "flags": {
                "RemoveWFE2AccountID": "False"
            },
            "message": "Remove account ID in WFE2 if feature enabled (#4160)\n\nThis helps encourage ACME client developers to use the RFC 8555\r\nspecified `Location` header instead.\r\n\r\nFixes #4136.",
            "hash": "7ff30cf85703041aeb596682ba081187a3228d8f",
            "author": "Roland Bracewell Shoemaker",
            "date": "Wed Apr 17 10:38:25 2019"
        },
        {
            "title": "VA: additional feature flag control for multiVA. (#4122)",
            "flags": {
                "EnforceMultiVA": "False",
                "MultiVAFullResults": "False"
            },
            "message": "VA: additional feature flag control for multiVA. (#4122)\n\n* `EnforceMultiVA` to allow configuring multiple VAs but not changing the primary VA's result based on what the remote VAs return.\r\n* `MultiVAFullResults` to allow collecting all of the remote VA results. When all results are collected a JSON log line with the differential between the primary/remote VAs is logged.\r\n\r\nResolves https://github.com/letsencrypt/boulder/issues/4066",
            "hash": "063a98f02a59590b6c7943d3812dcf5e09dbb9c7",
            "author": "Daniel McCarney",
            "date": "Mon Mar 25 09:23:53 2019"
        },
        {
            "title": "RA: apply certificate rate limits at NewOrder time. (#4074)",
            "flags": {
                "EarlyOrderRateLimit": "False"
            },
            "message": "RA: apply certificate rate limits at NewOrder time. (#4074)\n\nIf an order for a given set of names will fail finalization because of certificate rate limits (certs per domain, certs per fqdn set) there isn't any point in allowing an order for those names to be created. We can stop a lot of requests earlier by enforcing the cert rate limits at new order time as well as finalization time. A new RA `EarlyOrderRateLimit` feature flag controls whether this is done or not.\r\n\r\nResolves #3975",
            "hash": "16e464a37d699536187cdd8ce7ed2ff467ce5576",
            "author": "Daniel McCarney",
            "date": "Thu Feb 21 11:02:40 2019"
        },
        {
            "title": "SA: Set issuedNames renewal bit in AddCertificate. (#4059)",
            "flags": {
                "unused": "False",
                "AllowRenewalFirstRL": "False",
                "TLSSNIRevalidation": "False",
                "CAAValidationMethods": "False",
                "CAAAccountURI": "False",
                "ACME13KeyRollover": "False",
                "ProbeCTLogs": "False",
                "SimplifiedVAHTTP": "False",
                "PerformValidationRPC": "False",
                "HeadNonceStatusOK": "False",
                "NewAuthorizationSchema": "False",
                "RevokeAtRA": "False",
                "SetIssuedNamesRenewalBit": "False"
            },
            "message": "SA: Set issuedNames renewal bit in AddCertificate. (#4059)\n\nThe `renewal` field of the `issuedNames` table is indexed\r\nto allow more efficient processing of rate limit decisions\r\nw.r.t. renewals for the certificates per domain rate limit (see\r\nhttps://github.com/letsencrypt/boulder/pull/3178). Before we can start\r\nusing this field in rate limit calculations we need to populate it\r\nappropriately. A new `SetIssuedNamesRenewalBit` feature flag for the SA\r\ncontrols whether we do so or not.\r\n\r\nResolves https://github.com/letsencrypt/boulder/issues/4008",
            "hash": "d0b6524fa238fb9b763d3f9fa8ce40bb4bf99dc1",
            "author": "Daniel McCarney",
            "date": "Mon Feb 18 22:27:56 2019"
        },
        {
            "title": "Implement direct revocation at RA (#4043)",
            "flags": {
                "RevokeAtRA": "False"
            },
            "message": "Implement direct revocation at RA (#4043)\n\nImplements a feature that enables immediate revocation instead of marking a certificate revoked and waiting for the OCSP-Updater to generate the OCSP response. This means that as soon as the request returns from the WFE the revoked OCSP response should be available to the user. This feature requires that the RA be configured to use the standalone Akamai purger service.\r\n\r\nFixes #4031.",
            "hash": "3e54cea2959042f2be0ab40e211c3ea493b8c5cc",
            "author": "Roland Bracewell Shoemaker",
            "date": "Thu Feb 14 11:47:42 2019"
        },
        {
            "title": "Modify authorization creation to allow for new style storage schema (#3998)",
            "flags": {
                "unused": "False",
                "AllowRenewalFirstRL": "False",
                "TLSSNIRevalidation": "False",
                "CAAValidationMethods": "False",
                "CAAAccountURI": "False",
                "ACME13KeyRollover": "False",
                "ProbeCTLogs": "False",
                "SimplifiedVAHTTP": "False",
                "PerformValidationRPC": "False",
                "HeadNonceStatusOK": "False",
                "NewAuthorizationSchema": "False"
            },
            "message": "Modify authorization creation to allow for new style storage schema (#3998)\n\nAdds a feature which gates creation of authorizations following the style required for the new schema (and which can be used for gating the reset of our new schema code later down the road).\r\n\r\nThere was an internal discussion about an issue this creates regarding a predictable ordering of challenges within a challenge due to sequential challenge IDs which will always be static for each challenge type. It was suggested we could add some kind of obfuscation to the challenge ID when presented to the user to prevent this. This hasn't been done in this PR as it would only be focused in the WFE and would be better suited as its own changeset.\r\n\r\nFixes #3981.",
            "hash": "93ac7fbe9e77b190c5c6496b4e9d765775588963",
            "author": "Roland Bracewell Shoemaker",
            "date": "Thu Jan 17 17:09:38 2019"
        },
        {
            "title": "Remove deprecated features that have been purged from prod and staging configs (#4001)",
            "flags": {
                "unused": "False",
                "ReusePendingAuthz": "removed",
                "CountCertificatesExact": "removed",
                "IPv6First": "removed",
                "AllowRenewalFirstRL": "False",
                "WildcardDomains": "removed",
                "EnforceChallengeDisable": "removed",
                "RPCHeadroom": "removed",
                "TLSSNIRevalidation": "False",
                "EmbedSCTs": "removed",
                "CancelCTSubmissions": "removed",
                "VAChecksGSB": "removed",
                "EnforceV2ContentType": "removed",
                "ForceConsistentStatus": "removed",
                "EnforceOverlappingWildcards": "removed",
                "OrderReadyStatus": "removed",
                "CAAValidationMethods": "False",
                "CAAAccountURI": "False",
                "ACME13KeyRollover": "False",
                "ProbeCTLogs": "False",
                "SimplifiedVAHTTP": "False",
                "PerformValidationRPC": "False",
                "HeadNonceStatusOK": "False"
            },
            "message": "Remove deprecated features that have been purged from prod and staging configs (#4001)\n\n",
            "hash": "842739bccd49f304867f42e60c777e79e1618014",
            "author": "Roland Bracewell Shoemaker",
            "date": "Tue Jan 15 16:16:35 2019"
        },
        {
            "title": "wfe2: Return Status 200 for HEAD to new-nonce endpoint. (#3992)",
            "flags": {
                "HeadNonceStatusOK": "False"
            },
            "message": "wfe2: Return Status 200 for HEAD to new-nonce endpoint. (#3992)\n\nPreviously we mistakenly returned status 204 (no content) for all\r\nrequests to new-nonce, including HEAD. This status should only be used\r\nfor GET requests.\r\n\r\nWhen the `HeadNonceStatusOK` feature flag is enabled we will now return\r\nthe correct status for HEAD requests. When the flag is disabled we return\r\nstatus 204 to preserve backwards compatibility.",
            "hash": "e5b8d530b7ce07e020ee6c747e70f7dfa19586db",
            "author": "Daniel McCarney",
            "date": "Mon Jan 7 09:58:30 2019"
        },
        {
            "title": "RA: Add PerformValidation RPC to replace UpdateAuthorization. (#3942)",
            "flags": {
                "PerformValidationRPC": "False"
            },
            "message": "RA: Add PerformValidation RPC to replace UpdateAuthorization. (#3942)\n\nThe existing RA `UpdateAuthorization` RPC needs replacing for\r\ntwo reasons:\r\n\r\n1. The name isn't accurate - `PerformValidation` better captures\r\nthe purpose of the RPC.\r\n2. The `core.Challenge` argument is superfluous since Key \r\nAuthorizations are not sent in the initiation POST from the client \r\nanymore. The corresponding unmarshal and verification is now \r\nremoved. Notably this means broken clients that were POSTing\r\nthe wrong thing and failing pre-validation will now likely fail \r\npost-validation.\r\n\r\nTo remove `UpdateAuthorization` the new `PerformValidation` \r\nRPC is added alongside the old one. WFE and WFE2 are \r\nupdated to use the new RPC when the perform validation\r\nfeature flag is enabled. We can remove \r\n`UpdateAuthorization` and its associated wrappers once all \r\nWFE instances have been updated.\r\n\r\nResolves https://github.com/letsencrypt/boulder/issues/3930",
            "hash": "8f5de538c17832fede713a131c099cedf550cb8c",
            "author": "Daniel McCarney",
            "date": "Wed Nov 28 07:12:47 2018"
        },
        {
            "title": "VA: Simplified HTTP-01 w/ IP address URLs (#3939)",
            "flags": {
                "SimplifiedVAHTTP": "False"
            },
            "message": "VA: Simplified HTTP-01 w/ IP address URLs (#3939)\n\nContinued bugs from the custom dialer approach used by the VA for HTTP-01 (most recently https://github.com/letsencrypt/boulder/issues/3889) motivated a rewrite.\r\n\r\nInstead of using a custom dialer to be able to control DNS resolution for HTTP validation requests we can construct URLs for the IP addresses we resolve and overload the Host header. This avoids having to do address resolution within the dialer and eliminates the complexity of the dialer `addrInfoChan`. The only thing left for our custom dialer now is to shave some time off of the provided context to help us discern timeouts before/after connect.\r\n\r\nThe existing IP preference & fallback behaviour is preserved: e.g. if a host has both IPv6 and IPv4 addresses we connect to the first IPv6 address. If there is a network error connecting to that address (e.g. an error during \"dial\"), we try once more with the first IPv4 address. No other retries are done. Matching existing behaviour no fallback is done for HTTP level failures on an IPv6 address (e.g. mismatched webroots, redirect loops, etc). A new Prometheus counter \"http01_fallbacks\" is used to keep track of the number of fallbacks performed.\r\n\r\nAs a result of moving the layer at which the retry happens a fallback like described above will now produce two validation records: one for the initial IPv6 connection, and one for the IPv4 connection. Neither will have the \"addressesTried\" field populated, just \"addressesResolved\" and \"addressUsed\". Previously with the dialer doing the retry we would have created just one validation record with an IPv4 \"addressUsed\" field and both an IPv6 and IPv4 address in the \"addressesTried\" field.\r\n\r\nBecause this is a big diff for a key part of the VA the new code is gated by the `SimplifiedVAHTTP` feature flag.\r\n\r\nResolves #3889",
            "hash": "d9d2f4e9b01ce40ee1deb5c95a41423103385665",
            "author": "Daniel McCarney",
            "date": "Mon Nov 19 11:15:39 2018"
        },
        {
            "title": "Remove checks for deployed features (#3881)",
            "flags": {
                "IPv6First": "False",
                "EnforceChallengeDisable": "False",
                "EmbedSCTs": "False",
                "CancelCTSubmissions": "True"
            },
            "message": "Remove checks for deployed features (#3881)\n\nRemoves the checks for a handful of deployed feature flags in preparation for removing the flags entirely. Also moves all of the currently deprecated flags to a separate section of the flags list so they can be more easily removed once purged from production configs.\r\n\r\nFixes #3880.",
            "hash": "a9a0846ee92efa01ef6c6e107d2e69f4ddbea7c0",
            "author": "Roland Bracewell Shoemaker",
            "date": "Wed Oct 17 20:29:18 2018"
        },
        {
            "title": "Probe logs from inside the publisher (#3873)",
            "flags": {
                "ProbeCTLogs": "False"
            },
            "message": "Probe logs from inside the publisher (#3873)\n\nDoes a simpler probe than compared to using a `blackbox_exporter`, but directly collects the info we think will aid debugging publisher outages.\r\n\r\nUpdates #3821.",
            "hash": "484fd31460a2e0d8cd68a1e314156e0018dbe87c",
            "author": "Roland Bracewell Shoemaker",
            "date": "Thu Sep 27 11:42:26 2018"
        },
        {
            "title": "WFE2: Implement draft-13 keyrollover with feature flag. (#3813)",
            "flags": {
                "ACME13KeyRollover": "False"
            },
            "message": "WFE2: Implement draft-13 keyrollover with feature flag. (#3813)\n\nACME draft-13 changed the inner JWS' body to contain the old key\r\nthat signed the outer JWS. Because this is a backwards incompatible\r\nchange with the draft-12 ACME v2 key rollover we introduce a new feature\r\nflag `features.ACME13KeyRollover` and conditionally use the old or new\r\nkey rollover semantics based on its value.",
            "hash": "0cb28c9e0281fdae47431b68d073c7336b7759b2",
            "author": "Daniel McCarney",
            "date": "Tue Aug 7 12:27:25 2018"
        },
        {
            "title": "Remove UseAIAIssuerURL feature flag and code. (#3790)",
            "flags": {
                "UseAIAIssuerURL": "removed"
            },
            "message": "Remove UseAIAIssuerURL feature flag and code. (#3790)\n\nWe aren't going to deploy this as-is and its causing integration test\r\nproblems for downstream clients.",
            "hash": "bbf0102cdcc72ffc12d605422786685cf64dea2b",
            "author": "Daniel McCarney",
            "date": "Tue Jul 3 13:29:44 2018"
        },
        {
            "title": "Excise code relating to pre-SCT embedding issuance flow (#3769)",
            "flags": {
                "EmbedSCTs": "False",
                "CancelCTSubmissions": "True"
            },
            "message": "Excise code relating to pre-SCT embedding issuance flow (#3769)\n\nThings removed:\r\n\r\n* features.EmbedSCTs (and all the associated RA/CA/ocsp-updater code etc)\r\n* ca.enablePrecertificateFlow (and all the associated RA/CA code)\r\n* sa.AddSCTReceipt and sa.GetSCTReceipt RPCs\r\n* publisher.SubmitToCT and publisher.SubmitToSingleCT RPCs\r\n\r\nFixes #3755.",
            "hash": "e27f370fd385c8ff0dcef452d3ac822385dc7283",
            "author": "Roland Bracewell Shoemaker",
            "date": "Thu Jun 28 05:33:05 2018"
        },
        {
            "title": "Add support for CAA account-uri validation. (#3736)",
            "flags": {
                "CAAAccountURI": "False"
            },
            "message": "Add support for CAA account-uri validation. (#3736)\n\nThis adds support for the account-uri CAA parameter as specified by\r\nsection 3 of https://tools.ietf.org/html/draft-ietf-acme-caa-04, allowing\r\nissuance to be restricted to one or more ACME accounts as specified by CAA\r\nrecords.",
            "hash": "9c2859c87b70059a2082fc1f28e3f8a033c66d43",
            "author": "Joel Sing",
            "date": "Fri Jun 8 12:08:03 2018"
        },
        {
            "title": "Implement CAA validation-methods checking. (#3716)",
            "flags": {
                "CAAValidationMethods": "False"
            },
            "message": "Implement CAA validation-methods checking. (#3716)\n\nWhen performing CAA checking respect the validation-methods parameter (if\r\npresent) and restrict the allowed authorization methods to those specified.\r\nThis allows a domain to restrict authorization methods that can be used with\r\nLet's Encrypt.\r\n\r\nThis is largely based on PR #3003 (by @lukaslihotzki), which was landed and\r\nthen later reverted due to issue #3143. The bug the resulted in the previous\r\ncode being reverted has been addressed (likely inadvertently) by 76973d0f.\r\n\r\nThis implementation also includes integration tests for CAA validation-methods.\r\n\r\nFixes issue #3143.",
            "hash": "2540d59296032f9059c420f1365a00c8a63c80cf",
            "author": "Joel Sing",
            "date": "Wed May 23 14:32:31 2018"
        },
        {
            "title": "Deprecate IPv6First feature flag (#3684)",
            "flags": {
                "IPv6First": "False"
            },
            "message": "Deprecate IPv6First feature flag (#3684)\n\n",
            "hash": "a5ac5fa0789e2478773e8822d7e4f9a0b64e44b8",
            "author": "Roland Bracewell Shoemaker",
            "date": "Wed May 2 10:22:25 2018"
        },
        {
            "title": "Fix CT submission cancelations (#3658)",
            "flags": {
                "CancelCTSubmissions": "True"
            },
            "message": "Fix CT submission cancelations (#3658)\n\nWhen the WFE calls the RA the RA creates a sub context which is cancelled when\r\nthe RPC returns. Because we were spawning the publisher RPC calls in a\r\ngoroutine with the context from ra.IssueCertificate as soon as\r\nra.IssueCertificate returned that context was being canceled which in turn\r\ncanceled the publisher RPC calls.\r\n\r\nInstead of using the RA RPC context simply use a `context.Background()` so\r\nthat the RPC context doesn't break these submissions. Also return to\r\npre-features.CancelCTSubmissions behavior where precert submissions would\r\nbe canceled once we retrieved SCTs from the winning logs instead of relying\r\non the magic behavior of the RA RPC canceling them itself.",
            "hash": "ebc86fd7780973c9c5b4cc569ffc06b0d488de1e",
            "author": "Roland Bracewell Shoemaker",
            "date": "Fri Apr 20 08:26:02 2018"
        },
        {
            "title": "Revert \"Revert \"V2: implement \"ready\" status for Order objects (#3614)\" (#3643)\"",
            "flags": {
                "OrderReadyStatus": "False"
            },
            "message": "Revert \"Revert \"V2: implement \"ready\" status for Order objects (#3614)\" (#3643)\"\n\nThis reverts commit 3ecf841a3a48b7c504f26e5b040fbfb36c1664b7.\n",
            "hash": "ac6672bc71e77cfd96cf19c69a076c564f937537",
            "author": "Daniel",
            "date": "Thu Apr 12 10:20:47 2018"
        },
        {
            "title": "Revert \"V2: implement \"ready\" status for Order objects (#3614)\" (#3643)",
            "flags": {
                "OrderReadyStatus": "removed"
            },
            "message": "Revert \"V2: implement \"ready\" status for Order objects (#3614)\" (#3643)\n\nThis reverts commit 1d22f47fa26a04f0c9bc091de127b6cc735f9a47.\r\n\r\nAccording to\r\nhttps://github.com/letsencrypt/boulder/pull/3614#issuecomment-380615172,\r\nthis broke Certbot's tests. We'll investigate, and then roll forward\r\nonce we understand what broke.",
            "hash": "3ecf841a3a48b7c504f26e5b040fbfb36c1664b7",
            "author": "Jacob Hoffman-Andrews",
            "date": "Thu Apr 12 07:46:57 2018"
        },
        {
            "title": "V2: implement \"ready\" status for Order objects (#3614)",
            "flags": {
                "OrderReadyStatus": "False"
            },
            "message": "V2: implement \"ready\" status for Order objects (#3614)\n\n* SA: Add Order \"Ready\" status, feature flag.\r\n\r\nThis commit adds the new \"Ready\" status to `core/objects.go` and updates\r\n`sa.statusForOrder` to use it conditionally for orders with all valid\r\nauthorizations that haven't been finalized yet. This state is used\r\nconditionally based on the `features.OrderReadyStatus` feature flag\r\nsince it will likely break some existing clients that expect status\r\n\"Processing\" for this state. The SA unit test for `statusForOrder` is\r\nupdated with a \"ready\" status test case.\r\n\r\n* RA: Enforce order ready status conditionally.\r\n\r\nThis commit updates the RA to conditionally expect orders that are being\r\nfinalized to be in the \"ready\" status instead of \"pending\". This is\r\nconditionally enforced based on the `OrderReadyStatus` feature flag.\r\nAlong the way the SA was changed to calculate the order status for the\r\norder returned in `sa.NewOrder` dynamically now that it could be\r\nsomething other than \"pending\".\r\n\r\n* WFE2: Conditionally enforce order ready status for finalization.\r\n\r\nSimilar to the RA the WFE2 should conditionally enforce that an order's\r\nstatus is either \"ready\" or \"pending\" based on the \"OrderReadyStatus\"\r\nfeature flag.\r\n\r\n* Integration: Fix `test_order_finalize_early`.\r\n\r\nThis commit updates the V2 `test_order_finalize_early` test for the\r\n\"ready\" status. A nice side-effect of the ready state change is that we\r\nno longer invalidate an order when it is finalized too soon because we\r\ncan reject the finalization in the WFE. Subsequently the\r\n`test_order_finalize_early` testcase is also smaller.\r\n\r\n* Integration: Test classic behaviour w/o feature flag.\r\n\r\nIn the previous commit I fixed the integration test for the\r\n`config/test-next` run that has the `OrderReadyStatus` feature flag set\r\nbut broke it for the `config/test` run without the feature flag.\r\n\r\nThis commit updates the `test_order_finalize_early` test to work\r\ncorrectly based on the feature flag status in both cases.\r\n",
            "hash": "1d22f47fa26a04f0c9bc091de127b6cc735f9a47",
            "author": "Daniel McCarney",
            "date": "Wed Apr 11 10:31:25 2018"
        },
        {
            "title": "Improve nesting of RPC deadlines (#3619)",
            "flags": {
                "RPCHeadroom": "False"
            },
            "message": "Improve nesting of RPC deadlines (#3619)\n\ngRPC passes deadline information through the RPC boundary, but client and server have the same deadline. Ideally we'd like the server to have a slightly tighter deadline than the client, so if one of the server's onward RPCs or other network calls times out, the server can pass back more detailed information to the client, rather than the client timing out the server and losing the opportunity to log more detailed information about which component caused the timeout.\r\n\r\nIn this change, I subtract 100ms from the deadline on the server side of our interceptors, using our existing serverInterceptor. I also check that there is at least 100ms remaining in which to do useful work, so the server doesn't begin a potentially expensive task only to abort it.\r\n\r\nFixes #3608.",
            "hash": "a4f9de9e35ada09cf864e312444df2bca6c9c41d",
            "author": "Jacob Hoffman-Andrews",
            "date": "Fri Apr 6 07:40:18 2018"
        },
        {
            "title": "Overlapping wildcard errors are 400, not 500. (#3561)",
            "flags": {
                "unused": "False",
                "UseAIAIssuerURL": "False",
                "ReusePendingAuthz": "False",
                "CountCertificatesExact": "False",
                "IPv6First": "False",
                "AllowRenewalFirstRL": "False",
                "WildcardDomains": "False",
                "EnforceChallengeDisable": "False",
                "TLSSNIRevalidation": "False",
                "EmbedSCTs": "False",
                "CancelCTSubmissions": "True",
                "VAChecksGSB": "False",
                "EnforceV2ContentType": "False",
                "ForceConsistentStatus": "False",
                "EnforceOverlappingWildcards": "False"
            },
            "message": "Overlapping wildcard errors are 400, not 500. (#3561)\n\nReturn a malformed error for these requests. Also add an integration test.\r\n\r\nFixes #3558",
            "hash": "700604dda1a0665ff30c8ec13bcc384712574aa4",
            "author": "Jacob Hoffman-Andrews",
            "date": "Wed Mar 14 13:18:25 2018"
        },
        {
            "title": "Add SCT embedding (#3521)",
            "flags": {
                "EmbedSCTs": "False"
            },
            "message": "Add SCT embedding (#3521)\n\nAdds SCT embedding to the certificate issuance flow. When a issuance is requested a precertificate (the requested certificate but poisoned with the critical CT extension) is issued and submitted to the required CT logs. Once the SCTs for the precertificate have been collected a new certificate is issued with the poison extension replace with a SCT list extension containing the retrieved SCTs.\r\n\r\nFixes #2244, fixes #3492 and fixes #3429.",
            "hash": "9c9e94475986846eb90d12d83b7aa45d701a82a7",
            "author": "Roland Bracewell Shoemaker",
            "date": "Mon Mar 12 11:58:30 2018"
        },
        {
            "title": "Force challenge status to be equal to authz status (#3541)",
            "flags": {
                "ForceConsistentStatus": "False"
            },
            "message": "Force challenge status to be equal to authz status (#3541)\n\nThis is in general the case, but occasionally when there are two inflight validations for\r\na challenge at once, the authz can get marked invalid while leaving the challenge\r\n\"pending\". For clients that poll the challenge instead of the authz this can lead to infinite\r\npolling. To stop those clients, we just ensure the challenge status is consistent with its\r\nauthorization object.\r\n\r\nFixes #3493.",
            "hash": "78379bfced76df0a26d72cc74d0ae1335fb060f6",
            "author": "Jacob Hoffman-Andrews",
            "date": "Fri Mar 9 23:06:27 2018"
        },
        {
            "title": "Check safe browsing at validation time (#3539)",
            "flags": {
                "VAChecksGSB": "False"
            },
            "message": "Check safe browsing at validation time (#3539)\n\nRight now we check safe browsing at new-authz time, which introduces a possible\r\nexternal dependency when calling new-authz. This is usually fine, since most safe\r\nbrowsing checks can be satisfied locally, but when requests have to go external,\r\nit can create variance in new-authz timing.\r\n\r\nFixes #3491.\r\n",
            "hash": "11434650b71e6b01d3070d7d79c9abdeb8747c61",
            "author": "Jacob Hoffman-Andrews",
            "date": "Fri Mar 9 03:15:05 2018"
        },
        {
            "title": "ACMEv2: Enforce POST Content-Type (when feature on) (#3532)",
            "flags": {
                "EnforceV2ContentType": "False"
            },
            "message": "ACMEv2: Enforce POST Content-Type (when feature on) (#3532)\n\nThis commit adds a new WFE2 feature flag \"EnforceV2ContentType\". When\r\nenabled, the WFE2's validPostRequest function will enforce that the\r\nrequest carries a Content-Type header equal to\r\napplication/jose+json. This is required by ACME draft-10 per section\r\n6.2 \"Request Authentication\".\r\n\r\nThis is behind a feature flag because it is likely to break\r\nsome number of existing ACMEv2 clients that may not be sending the\r\ncorrect Content-Type.\r\n\r\nWe are defaulting to not setting the new feature flag in test/config-next\r\nbecause it currently break's Certbot's acme module's revocation support\r\nand we rely on this in our V2 integration tests.\r\n\r\nResolves #3529",
            "hash": "3062662aad48db676ac0fc3fb6b49849082bce4d",
            "author": "Daniel McCarney",
            "date": "Thu Mar 8 10:19:53 2018"
        },
        {
            "title": "Remove TLS-SNI-02 implementation. (#3516)",
            "flags": {
                "AllowTLS02Challenges": "removed"
            },
            "message": "Remove TLS-SNI-02 implementation. (#3516)\n\nThis code was never enabled in production. Our original intent was to\r\nship this as part of the ACMEv2 API. Before that could happen flaws were\r\nidentified in TLS-SNI-01|02 that resulted in TLS-SNI-02 being removed\r\nfrom the ACME protocol. We won't ever be enabling this code and so we\r\nmight as well remove it.",
            "hash": "28cc969814edee754452d2c0e881016717140921",
            "author": "Daniel McCarney",
            "date": "Fri Mar 2 10:56:13 2018"
        },
        {
            "title": "ctpolicy: Add informational logs and don't cancel remaining submissions (#3472)",
            "flags": {
                "CancelCTSubmissions": "True"
            },
            "message": "ctpolicy: Add informational logs and don't cancel remaining submissions (#3472)\n\nAdd a set of logs which will be submitted to but not relied on for their SCTs,\r\nthis allows us to test submissions to a particular log or submit to a log which\r\nis not yet approved by a browser/root program.\r\n\r\nAlso add a feature which stops cancellations of remaining submissions when racing\r\nto get a SCT from a group of logs.\r\n\r\nAdditionally add an informational log that always times out in config-next.\r\n\r\nFixes #3464 and fixes #3465.",
            "hash": "0b53063a72a1b4064597f0c48cf911dc1c6c8f38",
            "author": "Roland Bracewell Shoemaker",
            "date": "Fri Feb 23 18:51:50 2018"
        },
        {
            "title": "Deprecate CountCertificatesExact. (#3462)",
            "flags": {
                "EnforceChallengeDisable": "False"
            },
            "message": "Deprecate CountCertificatesExact. (#3462)\n\nThis is now enabled in prod and we can make it the default.",
            "hash": "92c9340fe85d2dfb22a5692f1ebbe02c2069c83d",
            "author": "Jacob Hoffman-Andrews",
            "date": "Tue Feb 20 14:34:03 2018"
        },
        {
            "title": "Remove unused features (#3393)",
            "flags": {
                "unused": "False",
                "AllowAccountDeactivation": "removed",
                "AllowKeyRollover": "removed",
                "ResubmitMissingSCTsOnly": "removed",
                "UseAIAIssuerURL": "False",
                "AllowTLS02Challenges": "False",
                "GenerateOCSPEarly": "removed",
                "ReusePendingAuthz": "False",
                "CountCertificatesExact": "False",
                "RandomDirectoryEntry": "removed",
                "IPv6First": "False",
                "DirectoryMeta": "removed",
                "AllowRenewalFirstRL": "False",
                "RecheckCAA": "removed",
                "UDPDNS": "removed",
                "ROCACheck": "removed",
                "WildcardDomains": "False",
                "EnforceChallengeDisable": "False",
                "TLSSNIRevalidation": "False"
            },
            "message": "Remove unused features (#3393)\n\nThis removes a number of unused features (i.e. they are never checked anywhere).",
            "hash": "fc5c8f76b63bf1ad0e73c26f2c7db23ca6b438f2",
            "author": "Roland Bracewell Shoemaker",
            "date": "Thu Jan 25 05:55:05 2018"
        },
        {
            "title": "Implement TLSSNIRevalidation (#3361)",
            "flags": {
                "TLSSNIRevalidation": "False"
            },
            "message": "Implement TLSSNIRevalidation (#3361)\n\nThis change adds a feature flag, TLSSNIRevalidation. When it is enabled, Boulder\r\nwill create new authorization objects with TLS-SNI challenges if the requesting\r\naccount has issued a certificate with the relevant domain name, and was the most\r\nrecent account to do so*. This setting overrides the configured list of\r\nchallenges in the PolicyAuthority, so even if TLS-SNI is disabled in general, it\r\nwill be enabled for revalidation.\r\n\r\nNote that this interacts with EnforceChallengeDisable. Because\r\nEnforceChallengeDisable causes additional checked at validation time and at\r\nissuance time, we need to update those two places as well. We'll send a\r\nfollow-up PR with that.\r\n\r\n*We chose to make this work only for the most recent account to issue, even if\r\nthere were overlapping certificates, because it significantly simplifies the\r\ndatabase access patterns and should work for 95+% of cases.\r\n\r\nNote that this change will let an account revalidate and reissue for a domain\r\neven if the previous issuance on that account used http-01 or dns-01. This also\r\nsimplifies implementation, and fits within the intent of the mitigation plan: If\r\nsomeone previously issued for a domain using http-01, we have high confidence\r\nthat they are actually the owner, and they are not going to \"steal\" the domain\r\nfrom themselves using tls-sni-01.\r\n\r\nAlso note: This change also doesn't work properly with ReusePendingAuthz: true.\r\nSpecifically, if you attempted issuance in the last couple days and failed\r\nbecause there was no tls-sni challenge, you'll still have an http-01 challenge\r\nlying around, and we'll reuse that; then your client will fail due to lack of\r\ntls-sni challenge again.\r\n\r\nThis change was joint work between @rolandshoemaker and @jsha.",
            "hash": "8153b919befa3a5925ae5910d6d46fff88b59e6b",
            "author": "Jacob Hoffman-Andrews",
            "date": "Fri Jan 12 11:00:06 2018"
        },
        {
            "title": "Fix tests and GetOrderAuthorizations",
            "flags": {
                "EnforceChallengeDisable": "False"
            },
            "message": "Fix tests and GetOrderAuthorizations\n",
            "hash": "1a3a76438ccfc943a411104c7dbbf2550f37c619",
            "author": "Roland Shoemaker",
            "date": "Tue Jan 9 20:38:52 2018"
        },
        {
            "title": "Policy based issuance for wildcard identifiers (Round two) (#3252)",
            "flags": {
                "WildcardDomains": "False"
            },
            "message": "Policy based issuance for wildcard identifiers (Round two) (#3252)\n\nThis PR implements issuance for wildcard names in the V2 order flow. By policy, pending authorizations for wildcard names only receive a DNS-01 challenge for the base domain. We do not re-use authorizations for the base domain that do not come from a previous wildcard issuance (e.g. a normal authorization for example.com turned valid by way of a DNS-01 challenge will not be reused for a *.example.com order).\r\n\r\nThe wildcard prefix is stripped off of the authorization identifier value in two places:\r\n\r\nWhen presenting the authorization to the user - ACME forbids having a wildcard character in an authorization identifier.\r\nWhen performing validation - We validate the base domain name without the *. prefix.\r\nThis PR is largely a rewrite/extension of #3231. Instead of using a pseudo-challenge-type (DNS-01-Wildcard) to indicate an authorization & identifier correspond to the base name of a wildcard order name we instead allow the identifier to take the wildcard order name with the *. prefix.",
            "hash": "1c99f91733ec136f205e6a192f1abe0ae1c3f342",
            "author": "Daniel McCarney",
            "date": "Mon Dec 4 12:18:10 2017"
        },
        {
            "title": "Remove LegacyCAA implementation. (#3240)",
            "flags": {
                "LegacyCAA": "removed"
            },
            "message": "Remove LegacyCAA implementation. (#3240)\n\nFixes #3236",
            "hash": "2fd2f9e230a51f545bf4a2c24c288a265ff45315",
            "author": "Jacob Hoffman-Andrews",
            "date": "Mon Nov 20 13:09:00 2017"
        },
        {
            "title": "Add ROCA weak key checking (#3189)",
            "flags": {
                "ROCACheck": "False"
            },
            "message": "Add ROCA weak key checking (#3189)\n\nThanks to @titanous for the library!",
            "hash": "5df083a57ef41c4cc877e534f0c47a17aed4d487",
            "author": "Jacob Hoffman-Andrews",
            "date": "Thu Nov 2 05:42:59 2017"
        },
        {
            "title": "Switch to udp for internal DNS. (#3135)",
            "flags": {
                "UDPDNS": "False"
            },
            "message": "Switch to udp for internal DNS. (#3135)\n\nWe used to use TCP because we would request DNSSEC records from Unbound, and\r\nthey would always cause truncated records when present. Now that we no longer\r\nrequest those (#2718), we can use UDP. This is better because the TCP serving\r\npaths in Unbound are likely less thoroughly tested, and not optimized for high\r\nload. In particular this may resolve some availability problems we've seen\r\nrecently when trying to upgrade to a more recent Unbound.\r\n\r\nNote that this only affects the Boulder->Unbound path. The Unbound->upstream\r\npath is already UDP by default (with TCP fallback for truncated ANSWERs).\r\n\r\n",
            "hash": "4e68fb2ff69ad048609822ab1d535c0e22257b81",
            "author": "Jacob Hoffman-Andrews",
            "date": "Tue Oct 10 07:06:33 2017"
        },
        {
            "title": "Revert \"Add CAA parameter to restrict challenge type (#3003)\" (#3145)",
            "flags": {
                "CAAValidationMethods": "removed"
            },
            "message": "Revert \"Add CAA parameter to restrict challenge type (#3003)\" (#3145)\n\nThis reverts commit 23e2c4a836e520675e7a0366bc5ca1cc6bf2d57f.",
            "hash": "1794c56eb825aca267d2c63e8813b90ab195657b",
            "author": "Daniel McCarney",
            "date": "Wed Oct 4 12:00:44 2017"
        },
        {
            "title": "Add CAA parameter to restrict challenge type (#3003)",
            "flags": {
                "CAAValidationMethods": "False"
            },
            "message": "Add CAA parameter to restrict challenge type (#3003)\n\nThis commit adds CAA `issue` paramter parsing and the `challenge` parameter to permit a single challenge type only. By setting `challenge=dns-01`, the nameserver keeps control over every issued certificate.",
            "hash": "23e2c4a836e520675e7a0366bc5ca1cc6bf2d57f",
            "author": "lukaslihotzki",
            "date": "Mon Oct 2 11:59:47 2017"
        },
        {
            "title": "Implement legacy form of CAA (#3075)",
            "flags": {
                "LegacyCAA": "False"
            },
            "message": "Implement legacy form of CAA (#3075)\n\nThis implements the pre-erratum 5065 version of CAA, behind a feature flag.\r\n\r\nThis involved refactoring DNSClient.LookupCAA to return a list of CNAMEs in addition to the CAA records, and adding an alternate lookuper that does tree-climbing on single-depth aliases.",
            "hash": "4266853092f8e9f2b6c9b288ba1309650174fe79",
            "author": "Jacob Hoffman-Andrews",
            "date": "Wed Sep 13 07:16:12 2017"
        },
        {
            "title": "Recheck CAA for authorizations older than 8 hours (#3014)",
            "flags": {
                "RecheckCAA": "False"
            },
            "message": "Recheck CAA for authorizations older than 8 hours (#3014)\n\nFixes #2889.\r\n\r\nVA now implements two gRPC services: VA and CAA. These both run on the same port, but this allows implementation of the IsCAAValid RPC to skip using the gRPC wrappers, and makes it easier to potentially separate the service into its own package in the future.\r\n\r\nRA.NewCertificate now checks the expiration times of authorizations, and will call out to VA to recheck CAA for those authorizations that were not validated recently enough.",
            "hash": "b0c7bc1bee009f83bae9ff327052e316cdd19706",
            "author": "Jacob Hoffman-Andrews",
            "date": "Mon Aug 28 16:40:57 2017"
        },
        {
            "title": "Remove IDNASupport flag (#2926)",
            "flags": {
                "unused": "False",
                "IDNASupport": "removed"
            },
            "message": "Remove IDNASupport flag (#2926)\n\nSplitting #2712 into multiple per-flag PRs",
            "hash": "338c61171b0bc4d0d95749a9d2b5821d231b2299",
            "author": "Kleber Correia",
            "date": "Tue Aug 1 16:51:19 2017"
        },
        {
            "title": "Remove letsencrypt/go-safe-browsing-api dependency. (#2905)",
            "flags": {
                "GoogleSafeBrowsingV4": "removed"
            },
            "message": "Remove letsencrypt/go-safe-browsing-api dependency. (#2905)\n\nWe have migrated from our fork of `go-safe-browsing-api` to Google's\r\nsafebrowsing v4 library. This commit removes the legacy safe browsing\r\ncode.",
            "hash": "57252c3b07ef6a608a9742f028cfffa47911ed1a",
            "author": "Daniel McCarney",
            "date": "Wed Jul 26 13:57:57 2017"
        },
        {
            "title": "Improve renewal rate limiting (#2832)",
            "flags": {
                "AllowRenewalFirstRL": "False"
            },
            "message": "Improve renewal rate limiting (#2832)\n\nAs described in Boulder issue #2800 the implementation of the SA's\r\n`countCertificates` function meant that the renewal exemption for the\r\nCertificates Per Domain rate limit was difficult to work with. To\r\nmaximize allotted certificates clients were required to perform all new\r\nissuances first, followed by the \"free\" renewals. This arrangement was\r\ndifficult to coordinate.\r\n\r\nIn this PR `countCertificates` is updated such that renewals are\r\nexcluded from the count reliably. To do so the SA takes the serials it\r\nfinds for a given domain from the issuedNames table and cross references\r\nthem with the FQDN sets it can find for the associated serials. With the\r\nFQDN sets a second query is done to find all the non-renewal FQDN sets\r\nfor the serials, giving a count of the total non-renewal issuances to\r\nuse for rate limiting.\r\n\r\nResolves #2800",
            "hash": "71f8ae0e8756a5645a9f8cbac5f6726feb264f1b",
            "author": "Daniel McCarney",
            "date": "Tue Jun 27 12:39:59 2017"
        },
        {
            "title": "Recycle pending authorizations (#2797)",
            "flags": {
                "ReusePendingAuthz": "False"
            },
            "message": "Recycle pending authorizations (#2797)\n\nIf the feature flag \"ReusePendingAuthz\" is enabled, a request to create a new authorization object from an account that already has a pending authorization object for the same identifier will return the already-existing authorization object. This should make it less common for people to get stuck in the \"too many pending authorizations\" state, and reduce DB storage growth.\r\n\r\nFixes #2768 ",
            "hash": "d47d3c5066155d4c6eb59c12ce09c786e79c62ab",
            "author": "Jacob Hoffman-Andrews",
            "date": "Mon Jun 19 10:35:36 2017"
        },
        {
            "title": "Adds \"meta\" entry w/ ToS to /directory.",
            "flags": {
                "DirectoryMeta": "False"
            },
            "message": "Adds \"meta\" entry w/ ToS to /directory.\n\nThis commit adds the acme draft-02+ optional \"meta\" element for the\n/directory response. Presently we only include the optional\n\"terms-of-service\" URL. Whether the meta entry is included is controlled\nby two factors:\n\n  1. The state of the \"DirectoryMeta\" feature flag, which defaults to\n     off\n  2. Whether the client advertises the UA we know to be intolerant of\n     new directory entries.\n\nThe TestDirectory unit test is updated to test both states of the flag\nand the UA detection.\n",
            "hash": "8c547473b89c7d86f32a1c6529b3025d753608bb",
            "author": "Daniel",
            "date": "Tue May 9 12:43:16 2017"
        },
        {
            "title": "Add GREASE to directory (#2731)",
            "flags": {
                "RandomDirectoryEntry": "False"
            },
            "message": "Add GREASE to directory (#2731)\n\nRandomly generates and adds a key to the directory object with the value grease.\r\n\r\nFixes #2415.",
            "hash": "730318a7558c9f2323fd528d1ce5521289fc009d",
            "author": "Roland Bracewell Shoemaker",
            "date": "Mon May 8 14:13:35 2017"
        },
        {
            "title": "Prefer IPv6 addresses, fall back to IPv4. (#2715)",
            "flags": {
                "IPv6First": "False"
            },
            "message": "Prefer IPv6 addresses, fall back to IPv4. (#2715)\n\nThis PR introduces a new feature flag \"IPv6First\". \r\n\r\nWhen the \"IPv6First\" feature is enabled the VA's HTTP dialer and TLS SNI\r\n(01 and 02) certificate fetch requests will attempt to automatically\r\nretry when the initial connection was to IPv6 and there is an IPv4\r\naddress available to retry with.\r\n\r\nThis resolves https://github.com/letsencrypt/boulder/issues/2623",
            "hash": "47452d6c6cf8e75786bf98366a7fc27abc50cf46",
            "author": "Daniel McCarney",
            "date": "Mon May 8 13:00:16 2017"
        },
        {
            "title": "Fixes cert count rate limit for exact PSL matches. (#2703)",
            "flags": {
                "CountCertificatesExact": "False"
            },
            "message": "Fixes cert count rate limit for exact PSL matches. (#2703)\n\nPrior to this PR if a domain was an exact match to a public suffix\r\nlist entry the certificates per name rate limit was applied based on the\r\ncount of certificates issued for that exact name and all of its\r\nsubdomains.\r\n\r\nThis PR introduces an exception such that exact public suffix\r\nmatches correctly have the certificate per name rate limit applied based\r\non only exact name matches.\r\n\r\nIn order to accomplish this a new RPC is added to the SA\r\n`CountCertificatesByExactNames`. This operates similar to the existing\r\n`CountCertificatesByNames` but does *not* include subdomains in the\r\ncount, only exact matches to the names provided. The usage of this new\r\nRPC is feature flag gated behind the \"CountCertificatesExact\" feature flag.\r\n\r\nThe RA unit tests are updated to test the new code paths both with and\r\nwithout the feature flag enabled.\r\n\r\nResolves #2681 ",
            "hash": "1ed34a4a5df58a1be4cb1738b5b51a05a0a12e7a",
            "author": "Daniel McCarney",
            "date": "Tue May 2 13:43:35 2017"
        },
        {
            "title": "Block issuance on first OCSP response generation (#2633)",
            "flags": {
                "GenerateOCSPEarly": "False"
            },
            "message": "Block issuance on first OCSP response generation (#2633)\n\nGenerate first OCSP response in ca.IssueCertificate instead of ocsp-updater.newCertificateTick\r\nif features.GenerateOCSPEarly is enabled. Adds a new field to the sa.AddCertiifcate RPC for\r\nthe OCSP response and only adds it to the certificate status + sets ocspLastUpdated if it is a\r\nnon-empty slice. ocsp-updater.newCertificateTick stays the same so we can catch certificates\r\nthat were successfully signed + stored but a OCSP response couldn't be generated (for whatever\r\nreason).\r\n\r\nFixes #2477.",
            "hash": "fd561ef8421aca405cacec61fdb0f7608228fecf",
            "author": "Roland Bracewell Shoemaker",
            "date": "Tue Apr 4 11:28:09 2017"
        },
        {
            "title": "Implement TLS-SNI-02 challenge validations. (#2585)",
            "flags": {
                "AllowTLS02Challenges": "False"
            },
            "message": "Implement TLS-SNI-02 challenge validations. (#2585)\n\nI think these are all the necessary changes to implement TLS-SNI-02 validations, according to the section 7.3 of draft 05:\r\n\r\nhttps://tools.ietf.org/html/draft-ietf-acme-acme-05#section-7.3\r\n\r\nI don't have much experience with this code, I'll really appreciate your feedback.\r\n\r\nSigned-off-by: David Calavera",
            "hash": "c71c3cff80b38deda78c7db33dfc56e3855d511f",
            "author": "David Calavera",
            "date": "Wed Mar 22 10:17:59 2017"
        },
        {
            "title": "Remove CertStatusOptimizationsMigrated Feature Flag & Assoc. Cruft (#2561)",
            "flags": {
                "unused": "False",
                "IDNASupport": "False",
                "AllowAccountDeactivation": "False",
                "CertStatusOptimizationsMigrated": "removed",
                "AllowKeyRollover": "False",
                "ResubmitMissingSCTsOnly": "False",
                "GoogleSafeBrowsingV4": "False",
                "UseAIAIssuerURL": "False"
            },
            "message": "Remove CertStatusOptimizationsMigrated Feature Flag & Assoc. Cruft (#2561)\n\nThe NotAfter and IsExpired fields on the certificateStatus table\r\nhave been migrated in staging & production. Similarly the\r\nCertStatusOptimizationsMigrated feature flag has been turned on after\r\na successful backfill operation. We have confirmed the optimization is\r\nworking as expected and can now clean out the duplicated v1 and v2\r\nmodels, and the feature flag branching. The notafter-backfill command\r\nis no longer useful and so this commit also cleans it out of the repo.\r\n\r\nNote: Some unit tests were sidestepping the SA and inserting\r\ncertificateStatus rows explicitly. These tests had to be updated to\r\nset the NotAfter field in order for the queries used by the\r\nocsp-updater and the expiration-mailer to perform the way the tests\r\noriginally expected.\r\n\r\nResolves #2530",
            "hash": "fcf361c32767db7779f345b0d6f483bb506652a2",
            "author": "Daniel McCarney",
            "date": "Thu Feb 16 11:35:00 2017"
        },
        {
            "title": "Use X.509 AIA Issuer URL in rel=\"up\" link header (#2545)",
            "flags": {
                "UseAIAIssuerURL": "False"
            },
            "message": "Use X.509 AIA Issuer URL in rel=\"up\" link header (#2545)\n\nIn order to provide the correct issuer certificate for older certificates after an issuer certificate rollover or when using multiple issuer certificates (e.g. RSA and ECDSA), use the AIA CA Issuer URL embedded in the certificate for the rel=\"up\" link served by WFE. This behaviour is gated behind the UseAIAIssuerURL feature, which defaults to false.\r\n\r\nTo prevent MitM vulnerabilities in cases where the AIA URL is HTTP-only, it is upgraded to HTTPS.\r\n\r\nThis also adds a test for the issuer URL returned by the /acme/cert endpoint. wfe/test/178.{crt,key} were regenerated to add the AIA extension required to pass the test.\r\n\r\n/acme/cert was changed to return an absolute URL to the issuer endpoint (making it consistent with /acme/new-cert).\r\n\r\nFixes #1663\r\nBased on #1780",
            "hash": "6ba8aadfd7599a1fff049e5cc937cef999ae63ee",
            "author": "Patrick Figel",
            "date": "Tue Feb 7 11:19:22 2017"
        },
        {
            "title": "Switch to Google's v4 safebrowsing library. (#2446)",
            "flags": {
                "GoogleSafeBrowsingV4": "False"
            },
            "message": "Switch to Google's v4 safebrowsing library. (#2446)\n\nRight now we are using a third-party client for the Google Safe Browsing API, but Google has recently released their own [Golang library](https://github.com/google/safebrowsing) which also supports the newer v4 API. Using this library will let us avoid fixing some lingering race conditions & unpleasantness in our fork of `go-safebrowsing-api`.\r\n\r\nThis PR adds support for using the Google library & the v4 API in place of our existing fork when the `GoogleSafeBrowsingV4` feature flag is enabled in the VA \"features\" configuration.\r\n\r\nResolves https://github.com/letsencrypt/boulder/issues/1863\r\n\r\nPer `CONTRIBUTING.md` I also ran the unit tests for the new dependency:\r\n```\r\ndaniel@XXXXXXXXXX:~/go/src/github.com/google/safebrowsing$ go test ./...\r\nok  \tgithub.com/google/safebrowsing\t3.274s\r\n?   \tgithub.com/google/safebrowsing/cmd/sblookup\t[no test files]\r\n?   \tgithub.com/google/safebrowsing/cmd/sbserver\t[no test files]\r\n?   \tgithub.com/google/safebrowsing/cmd/sbserver/statik\t[no test files]\r\n?   \tgithub.com/google/safebrowsing/internal/safebrowsing_proto\t[no test files]\r\nok  \tgithub.com/google/safebrowsing/vendor/github.com/golang/protobuf/jsonpb\t0.012s\r\n?   \tgithub.com/google/safebrowsing/vendor/github.com/golang/protobuf/jsonpb/jsonpb_test_proto\t[no test files]\r\nok  \tgithub.com/google/safebrowsing/vendor/github.com/golang/protobuf/proto\t0.062s\r\n?   \tgithub.com/google/safebrowsing/vendor/github.com/golang/protobuf/proto/proto3_proto\t[no test files]\r\n?   \tgithub.com/google/safebrowsing/vendor/github.com/golang/protobuf/protoc-gen-go\t[no test files]\r\n?   \tgithub.com/google/safebrowsing/vendor/github.com/golang/protobuf/protoc-gen-go/descriptor\t[no test files]\r\nok  \tgithub.com/google/safebrowsing/vendor/github.com/golang/protobuf/protoc-gen-go/generator\t0.017s\r\n?   \tgithub.com/google/safebrowsing/vendor/github.com/golang/protobuf/protoc-gen-go/grpc\t[no test files]\r\n?   \tgithub.com/google/safebrowsing/vendor/github.com/golang/protobuf/protoc-gen-go/plugin\t[no test files]\r\nok  \tgithub.com/google/safebrowsing/vendor/github.com/golang/protobuf/ptypes\t0.009s\r\n?   \tgithub.com/google/safebrowsing/vendor/github.com/golang/protobuf/ptypes/any\t[no test files]\r\n?   \tgithub.com/google/safebrowsing/vendor/github.com/golang/protobuf/ptypes/duration\t[no test files]\r\n?   \tgithub.com/google/safebrowsing/vendor/github.com/golang/protobuf/ptypes/empty\t[no test files]\r\n?   \tgithub.com/google/safebrowsing/vendor/github.com/golang/protobuf/ptypes/struct\t[no test files]\r\n?   \tgithub.com/google/safebrowsing/vendor/github.com/golang/protobuf/ptypes/timestamp\t[no test files]\r\n?   \tgithub.com/google/safebrowsing/vendor/github.com/golang/protobuf/ptypes/wrappers\t[no test files]\r\n?   \tgithub.com/google/safebrowsing/vendor/github.com/rakyll/statik\t[no test files]\r\n?   \tgithub.com/google/safebrowsing/vendor/github.com/rakyll/statik/fs\t[no test files]\r\nok  \tgithub.com/google/safebrowsing/vendor/golang.org/x/net/idna\t0.003s\r\n```",
            "hash": "74e281c1ce7db9edbce846d85773f0577896b907",
            "author": "Daniel McCarney",
            "date": "Tue Dec 27 08:18:11 2016"
        },
        {
            "title": "Only resubmit missing SCTs. (#2342)",
            "flags": {
                "ResubmitMissingSCTsOnly": "False"
            },
            "message": "Only resubmit missing SCTs. (#2342)\n\nThis PR introduces the ability for the ocsp-updater to only resubmit certificates to logs that we are missing SCTs from. Prior to this commit when a certificate was missing one or more SCTs we would submit it to every log, causing unnecessary overhead for us and the log operator.\r\n\r\nTo accomplish this a new RPC endpoint is added to the Publisher service \"SubmitToSingleCT\". Unlike the existing \"SubmitToCT\" this RPC endpoint accepts a log URI and public key in addition to the certificate DER bytes. The certificate is submitted directly to that log, and a cache of constructed resources is maintained so that subsequent submissions to the same log can reuse the stat name, verifier, and submission client.\r\n\r\nResolves #1679",
            "hash": "a2b8faea1e2aa1a83223a444a455185c887b38fc",
            "author": "Daniel McCarney",
            "date": "Mon Dec 5 13:54:02 2016"
        },
        {
            "title": "Implement key rollover (#2231)",
            "flags": {
                "AllowKeyRollover": "False"
            },
            "message": "Implement key rollover (#2231)\n\nFixes #503.\r\n\r\nFunctionality is gated by the feature flag `AllowKeyRollover`. Since this functionality is only specified in ACME draft-03 and we mostly implement the draft-02 style this takes some liberties in the implementation, which are described in the updated divergences doc. The `key-change` resource is used to side-step draft-03 `url` requirement. ",
            "hash": "ce679bad41dc291bd8989ba7ce285d9c9c1c707b",
            "author": "Roland Bracewell Shoemaker",
            "date": "Thu Oct 27 07:22:09 2016"
        },
        {
            "title": "Add IDN support (#2215)",
            "flags": {
                "unused": "False",
                "IDNASupport": "False"
            },
            "message": "Add IDN support (#2215)\n\nAdd feature flagged support for issuing for IDNs, fixes #597.\r\n\r\nThis patch expects that clients have performed valid IDN2008 encoding on any label that includes unicode characters. Invalid encodings (including non-compatible IDN2003 encoding) will be rejected. No script-mixing or script exclusion checks are performed as we assume that if a name is resolvable that it conforms to the registrar's policies on these matters and if it uses non-standard scripts in sub-domains etc that browsers should be the ones choosing how to display those names.\r\n\r\nRequired a full update of the golang.org/x/net tree to pull in golang.org/x/net/idna, all test suites pass.\r\n",
            "hash": "5fabc90a163388ff5725e87731d18fec82580480",
            "author": "Roland Bracewell Shoemaker",
            "date": "Thu Oct 6 10:05:37 2016"
        },
        {
            "title": "`certificateStatus` table optimizations (Part One) (#2177)",
            "flags": {
                "AllowAccountDeactivation": "False",
                "CertStatusOptimizationsMigrated": "False"
            },
            "message": "`certificateStatus` table optimizations (Part One) (#2177)\n\nThis PR adds a migration to create two new fields on the `certificateStatus` table: `notAfter` and `isExpired`. The rationale for these fields is explained in #1864. Usage of these fields is gated behind `features.CertStatusOptimizationsMigrated` per [CONTRIBUTING.md](https://github.com/letsencrypt/boulder/blob/master/CONTRIBUTING.md#gating-migrations). This flag should be set to true **only** when the `20160817143417_CertStatusOptimizations.sql` migration has been applied.\r\n\r\nPoints of difference from #2132 (the initial preparatory \"all-in-one go\" PR):\r\n**Note 1**: Updating the `isExpired` field in the OCSP updater can not be done yet, the `notAfter` field needs to be fully populated first - otherwise a separate query or a messy `JOIN` would have to be used to determine if a certStatus `isExpired` by using the `certificates` table's `expires` field. \r\n**Note 2**: Similarly we can't remove the `JOIN` on `certificates` from the `findStaleOCSPResponse` query yet until all DB rows have `notAfter` populated. This will happen in a separate **Part Two** PR.",
            "hash": "4c9cf065a844d7f9d349b78ccbce6d4670f7099f",
            "author": "Daniel McCarney",
            "date": "Fri Sep 30 11:52:19 2016"
        },
        {
            "title": "Re-apply 2138 with proper gating (#2199)",
            "flags": {
                "AllowAccountDeactivation": "False"
            },
            "message": "Re-apply 2138 with proper gating (#2199)\n\nRe-applies #2138 using the new style of feature-flag gated migrations. Account deactivation is gated behind `features.AllowAccountDeactivation`.",
            "hash": "c6e3ef660cbdfb737da531b874757b61ce4d65c1",
            "author": "Roland Bracewell Shoemaker",
            "date": "Thu Sep 29 14:16:03 2016"
        },
        {
            "title": "Very basic feature flag impl (#1705)",
            "flags": {
                "unused": "False"
            },
            "message": "Very basic feature flag impl (#1705)\n\nUpdates #1699.\r\n\r\nAdds a new package, `features`, which exposes methods to set and check if various internal features are enabled. The implementation uses global state to store the features so that services embedded in another service do not each require their own features map in order to check if something is enabled.\r\n\r\nRequires a `boulder-tools` image update to include `golang.org/x/tools/cmd/stringer`.",
            "hash": "239bf9ae0a9ebc6fc93fbf75e76d76b3621767d1",
            "author": "Roland Bracewell Shoemaker",
            "date": "Tue Sep 20 16:29:01 2016"
        }
    ]
}