{
    "date": "2019-12-20T17:58:07.060099",
    "commits": [
        {
            "title": "Test feature toggles in IndexSamplingController",
            "flags": {
                "log_recover_index_samples": "removed",
                "async_recover_index_samples": "removed",
                "async_recover_index_samples_wait": "removed"
            },
            "message": "Test feature toggles in IndexSamplingController\n\nNeed to read feature toggles in constructor to have them updated\ncorrectly in between tests.\n",
            "hash": "f9e7c27a8954c50d5ee73508ced9fd28aa300727",
            "author": "Anton Persson",
            "date": "Wed Oct 16 03:20:24 2019"
        },
        {
            "title": "Feature toggle in IndexSamplingController to wait for async index samples during recovery",
            "flags": {
                "async_recover_index_samples_wait": "True"
            },
            "message": "Feature toggle in IndexSamplingController to wait for async index samples during recovery\n\nDefault behaviour is to wait.\n",
            "hash": "ddd38ecffe4a6d44b49a031c97719d7a4bddf153",
            "author": "Anton Persson",
            "date": "Wed Oct 16 02:39:18 2019"
        },
        {
            "title": "IndexSamplingController checkstyle and cleanup",
            "flags": {
                "logging": "removed",
                "async": "removed",
                "log_recover_index_samples": "False",
                "async_recover_index_samples": "False"
            },
            "message": "IndexSamplingController checkstyle and cleanup\n",
            "hash": "17d47c615c434907c56aafcf70885abfb5bd89f7",
            "author": "Anton Persson",
            "date": "Wed Oct 16 01:10:26 2019"
        },
        {
            "title": "add optional logging and async processing for recoverIndexSample",
            "flags": {
                "logging": "False",
                "async": "False"
            },
            "message": "add optional logging and async processing for recoverIndexSample\n",
            "hash": "f53f7f93c3235d99d37b0fca5ad42dab005a89f1",
            "author": "Stefan Armbruster",
            "date": "Thu Oct 10 02:16:33 2019"
        },
        {
            "title": "Integration test for block-based index population memory consumption",
            "flags": {
                "blockBasedPopulation": "removed"
            },
            "message": "Integration test for block-based index population memory consumption\n",
            "hash": "ee9f91bfe676a87c61bb234896c8221c2447df4e",
            "author": "Mattias Finn\u00e9",
            "date": "Thu May 23 00:24:59 2019"
        },
        {
            "title": "Adds debug printing in IndexStatisticsTest",
            "flags": {
                "print_debug": "False"
            },
            "message": "Adds debug printing in IndexStatisticsTest\n\nBecause it's simply too hard to reproduce locally\n",
            "hash": "d934e309b46b2e89509e73c8a0b0df1076fd2c9d",
            "author": "Mattias Finn\u00e9",
            "date": "Thu May 2 23:42:49 2019"
        },
        {
            "title": "Turn BlockBasedIndexPopulator OFF by default in 3.5",
            "flags": {
                "blockBasedPopulation": "False"
            },
            "message": "Turn BlockBasedIndexPopulator OFF by default in 3.5\n",
            "hash": "95d749b691dd38035b33126bd81efe793b13eaa7",
            "author": "Anton Persson",
            "date": "Fri Mar 29 02:40:40 2019"
        },
        {
            "title": "Remove ParallelNativeIndexPopulator",
            "flags": {
                "parallelPopulation": "removed"
            },
            "message": "Remove ParallelNativeIndexPopulator\n\nThe problem it was trying to address was slow index population. This\nis now solved by BlockBasedIndexPopulator instead.\n",
            "hash": "7cc461ef2ec54b7a1d08cc9020ca517a9fd96abe",
            "author": "Anton Persson",
            "date": "Fri Feb 22 04:59:55 2019"
        },
        {
            "title": "FeatureToggle for BlockBasedIndexPopulator",
            "flags": {
                "blockBasedPopulation": "True"
            },
            "message": "FeatureToggle for BlockBasedIndexPopulator\n\nFor now left as ON by default. Before next patch goes out, this should be\nflipped OFF.\n",
            "hash": "556d2c58dd396ccfc7231fdaa09003906e3dcd20",
            "author": "Anton Persson",
            "date": "Mon Feb 11 02:57:08 2019"
        },
        {
            "title": "Add a feature toggle that will enable INFO level log output of the counts store update lock.",
            "flags": {
                "debugLocking": "False"
            },
            "message": "Add a feature toggle that will enable INFO level log output of the counts store update lock.\n\nIn very rare cases we see threads getting stuck on this lock, and this will help with debugging those cases.\n",
            "hash": "ed885b846b32746eaf5a240edd7fd897ac4b5917",
            "author": "Chris Vest",
            "date": "Tue Jan 15 06:35:26 2019"
        },
        {
            "title": "Merge remote-tracking branch 'upstream/3.4' into 3.5",
            "flags": {
                "enabled": "False"
            },
            "message": "Merge remote-tracking branch 'upstream/3.4' into 3.5\n",
            "hash": "ffd006af1787ef52687e7cf8e46e34019731ba42",
            "merge": "3637aaa3352 c92f891671e",
            "author": "Mattias Finn\u00e9",
            "date": "Tue Jan 8 07:14:15 2019"
        },
        {
            "title": "Merge remote-tracking branch 'origin/3.2' into 3.3",
            "flags": {
                "useEpoll": "True",
                "idReuse": "removed"
            },
            "message": "Merge remote-tracking branch 'origin/3.2' into 3.3\n",
            "hash": "1067b5bea4718c877d4c103f20f266a296b76bfe",
            "merge": "06ac22400d0 667997ea542",
            "author": "Martin Furmanski",
            "date": "Tue Jan 8 05:04:35 2019"
        },
        {
            "title": "Merge remote-tracking branch 'origin/3.1' into 3.2",
            "flags": {
                "enableInconsistencyTracing": "False",
                "useStrongHashing": "False",
                "idReuse": "False"
            },
            "message": "Merge remote-tracking branch 'origin/3.1' into 3.2\n",
            "hash": "667997ea54274ea3cac41d647ace56bb39eddb34",
            "merge": "5b59d1af71c 25a688c86a0",
            "author": "Martin Furmanski",
            "date": "Tue Jan 8 05:00:23 2019"
        },
        {
            "title": "Disables parallel native index populator by default",
            "flags": {
                "parallelPopulation": "False"
            },
            "message": "Disables parallel native index populator by default\n\nBecause it will only be an overhead in most scenarios\nuntil a bunch of other things with index population are\nmade more parallel.\n",
            "hash": "e11b65f23b11d91a790eaa42beef129b1ea7d2d9",
            "author": "Mattias Finn\u00e9",
            "date": "Tue Dec 4 03:39:12 2018"
        },
        {
            "title": "A simple label scan store write log",
            "flags": {
                "enabled": "False"
            },
            "message": "A simple label scan store write log\n\nMainly for forensics purposes, off by default. It will log all changes\nmade to the NativeLabelScanStore into neostore.labelscanstore.db.writelog,\nwhich by default rotates every 200MiB and prunes after two days.\n",
            "hash": "93d179d354a3cbbc67d616b4c0c804a09651306f",
            "author": "Mattias Finn\u00e9",
            "date": "Mon Dec 3 11:37:48 2018"
        },
        {
            "title": "Parallel native index population enabled by default",
            "flags": {
                "parallelPopulation": "True"
            },
            "message": "Parallel native index population enabled by default\n",
            "hash": "48a3830d8902ca44b4e86d495dc147ca3b9b5a98",
            "author": "Mattias Finn\u00e9",
            "date": "Wed Nov 28 01:11:48 2018"
        },
        {
            "title": "Move neo4j-enterprise-kernel from public to private enterprise.",
            "flags": {
                "strategy": "removed"
            },
            "message": "Move neo4j-enterprise-kernel from public to private enterprise.\n",
            "hash": "25f0213bbc8924a502c0316ada396628cef0dba8",
            "author": "MishaDemianenko",
            "date": "Fri Nov 2 03:32:59 2018"
        },
        {
            "title": "Use parallel index population feature toggle in population stress test",
            "flags": {
                "parallelPopulation": "False"
            },
            "message": "Use parallel index population feature toggle in population stress test\n\nTo determine if generic index population can handle concurrent updates or not.\n",
            "hash": "388ad71b84aa69a3f912be8e7ebe4de07658121f",
            "author": "Anton Persson",
            "date": "Fri Oct 19 04:57:21 2018"
        },
        {
            "title": "Turn parallel index population off by default",
            "flags": {
                "parallelPopulation": "False"
            },
            "message": "Turn parallel index population off by default\n\nBecause of race condition between populator drop and creation of part populators.\nWill be turned on by default again at a later point.\n",
            "hash": "a4d1f7df10d747ff44ec4b75c5c51cfb9886b5e8",
            "author": "Anton Persson",
            "date": "Thu Oct 18 04:43:02 2018"
        },
        {
            "title": "Feature toggle for parallel population in GenericNativeIndexProvider",
            "flags": {
                "parallelPopulation": "True"
            },
            "message": "Feature toggle for parallel population in GenericNativeIndexProvider\n",
            "hash": "def34364a59cc2c542b6e3b9dd3b8f961aa32844",
            "author": "Mattias Finn\u00e9",
            "date": "Mon Oct 8 13:57:09 2018"
        },
        {
            "title": "Use composite cumulator in MessageAccumulator",
            "flags": {
                "mergeCumulator": "False"
            },
            "message": "Use composite cumulator in MessageAccumulator\n\nThis seem to give great performance boost for very large tx ( > 16 MB)\n\nWe did not see any degradation for smaller tx sized.\n\nIt is possible to reset to the old cumulator through a feature toggle.\n",
            "hash": "d54bc35fcd4076e005a4dc13e128e2f226086288",
            "author": "RagnarW",
            "date": "Mon Sep 17 07:07:57 2018"
        },
        {
            "title": "Rename idModule into IdContextFactory and rename all related classes.",
            "flags": {
                "safeIdBuffering": "True"
            },
            "message": "Rename idModule into IdContextFactory and rename all related classes.\nAdd id module construction builder test.\n",
            "hash": "8ee2652b06a413fa8ffc7a2f1adfac2a6dc08eb8",
            "author": "MishaDemianenko",
            "date": "Tue Aug 28 07:12:13 2018"
        },
        {
            "title": "Extract id components into separate module that constructed using builder.",
            "flags": {
                "safeIdBuffering": "True"
            },
            "message": "Extract id components into separate module that constructed using builder.\n\nRemove methods from edition modules that other modules were suppose to override\nsince those were creating tons of confusion and interdependencies.\n",
            "hash": "3f9b55f2d7b899f1cf5f073cd03e4b594f22a56a",
            "author": "MishaDemianenko",
            "date": "Tue Aug 28 02:23:45 2018"
        },
        {
            "title": "Merge branch '3.4' into 3.4-atomic-cache-profiles",
            "flags": {
                "enabled": "removed"
            },
            "message": "Merge branch '3.4' into 3.4-atomic-cache-profiles\n",
            "hash": "4d517e8e3e5759aaadfb819e6c89d3a2dc73691e",
            "merge": "1f40dadff22 88bd8eb06ad",
            "author": "Chris Vest",
            "date": "Wed Apr 4 03:52:23 2018"
        },
        {
            "title": "Introduce settings to enable/disable page cache warmer",
            "flags": {
                "enabled": "removed"
            },
            "message": "Introduce settings to enable/disable page cache warmer\n\nDisable page cache warmer for recoveries, story copied and consistency\nchecker.\n",
            "hash": "51807f0592fc64ac072f1626b60bec40e233c010",
            "author": "MishaDemianenko",
            "date": "Tue Mar 27 08:09:10 2018"
        },
        {
            "title": "Merge remote-tracking branch 'origin/3.2' into 3.3",
            "flags": {
                "idReuse": "removed"
            },
            "message": "Merge remote-tracking branch 'origin/3.2' into 3.3\n",
            "hash": "169513af384d91e35ba2ac748303be117d9aae84",
            "merge": "c48e55ec94b 03a9a2173a4",
            "author": "Martin Furmanski",
            "date": "Mon Mar 19 01:22:02 2018"
        },
        {
            "title": "First draft of the PageCacheWarmer, that profiles and preloads page cache data, in an attempt at warming the page cache up faster after a restart.",
            "flags": {
                "enabled": "True"
            },
            "message": "First draft of the PageCacheWarmer, that profiles and preloads page cache data, in an attempt at warming the page cache up faster after a restart.\n",
            "hash": "2d563d5908754f14b17b98a9f356cea5e3532444",
            "author": "Chris Vest",
            "date": "Fri Feb 2 08:07:18 2018"
        },
        {
            "title": "Merge remote-tracking branch 'origin/3.2' into 3.3",
            "flags": {
                "idReuse": "removed"
            },
            "message": "Merge remote-tracking branch 'origin/3.2' into 3.3\n",
            "hash": "bb63ffe33d52e785dfbef530fbe4cbdce830fc87",
            "merge": "617d586afe4 19f5950cd15",
            "author": "Martin Furmanski",
            "date": "Wed Jan 31 04:48:54 2018"
        },
        {
            "title": "Merge branch '3.2' into 3.3",
            "flags": {
                "enableInconsistencyTracing": "False"
            },
            "message": "Merge branch '3.2' into 3.3\n",
            "hash": "01283f74c4cd579ff1537b189edf0fd9722d7848",
            "merge": "86c6c0ceaf5 0a015becc24",
            "author": "Jacob Hansson",
            "date": "Fri Jan 12 08:55:39 2018"
        },
        {
            "title": "AFS to only gunk up part of byte[] it has access to",
            "flags": {
                "enableInconsistencyTracing": "False"
            },
            "message": "AFS to only gunk up part of byte[] it has access to\n\nBefore this commit, AdversarialFileSystem will inject random data\ninto the complete array given to `getBytes(..)`; meaning a call\nlike `getBytes(bigBuffer, 1000, 10)` could lead to the entire\nbuffer being messed up, rather than just the range the user has\nasked to read into.\n\nThis changes the AFS to only \"mess up\" the section of the array\nthat would actually be written to by Muninn.\n",
            "hash": "0c068032c1fef4f4bb9b1cc3b03463211ace6188",
            "author": "Jacob Hansson",
            "date": "Fri Jan 5 00:06:02 2018"
        },
        {
            "title": "Merge remote-tracking branch 'origin/3.2' into 3.3",
            "flags": {
                "idReuse": "removed"
            },
            "message": "Merge remote-tracking branch 'origin/3.2' into 3.3\n",
            "hash": "1a666fa559f2dd93ea2980d711fc00a4458d2613",
            "merge": "83df8df8db7 e75df3bffbb",
            "author": "Martin Furmanski",
            "date": "Wed Dec 20 09:38:19 2017"
        },
        {
            "title": "Merge branch '3.2' of github.com:neo4j/neo4j into 3.3",
            "flags": {
                "idReuse": "removed"
            },
            "message": "Merge branch '3.2' of github.com:neo4j/neo4j into 3.3\n",
            "hash": "db232938f9373fff9877510b12f7a033b2ea7758",
            "merge": "729649c6aac 36469603d0f",
            "author": "Andrew Kerr",
            "date": "Tue Dec 19 01:51:19 2017"
        },
        {
            "title": "Merge remote-tracking branch 'origin/3.2' into 3.3",
            "flags": {
                "idReuse": "removed"
            },
            "message": "Merge remote-tracking branch 'origin/3.2' into 3.3\n",
            "hash": "cbd1fc02186f2a9466713707b6cbe491391b4542",
            "merge": "e8295b2d503 d5c758a5540",
            "author": "Martin Furmanski",
            "date": "Wed Dec 13 01:58:54 2017"
        },
        {
            "title": "Merge remote-tracking branch 'origin/3.1' into 3.2",
            "flags": {
                "idReuse": "False"
            },
            "message": "Merge remote-tracking branch 'origin/3.1' into 3.2\n",
            "hash": "d5c758a5540ad9b7784a9eb9b332a5a681253941",
            "merge": "0ab9dd24c61 499c3c64ba6",
            "author": "Martin Furmanski",
            "date": "Wed Dec 13 01:47:51 2017"
        },
        {
            "title": "Merge branch '3.2' of github.com:neo4j/neo4j into 3.3",
            "flags": {
                "idReuse": "removed"
            },
            "message": "Merge branch '3.2' of github.com:neo4j/neo4j into 3.3\n",
            "hash": "3922a915a3c2a6cac6786067af000d79579ab55b",
            "merge": "ff2888cbbf0 1ccf4153f71",
            "author": "Andrew Kerr",
            "date": "Fri Nov 3 05:30:42 2017"
        },
        {
            "title": "Merge branch '3.1' of github.com:neo4j/neo4j into 3.2",
            "flags": {
                "idReuse": "False"
            },
            "message": "Merge branch '3.1' of github.com:neo4j/neo4j into 3.2\n",
            "hash": "bcb5e3cc432ee298bc9d6efb1fe8eda35d305e98",
            "merge": "45c8746adcc 384c518861a",
            "author": "Andrew Kerr",
            "date": "Fri Nov 3 04:48:13 2017"
        },
        {
            "title": "Merge 3.2 into 3.3",
            "flags": {
                "default_directory_factory": "True"
            },
            "message": "Merge 3.2 into 3.3\n",
            "hash": "a55184106a63cce12ae3714efb1eeb7fcd7e5587",
            "merge": "f0c35d5ab3b 84ef6d03de7",
            "author": "MishaDemianenko",
            "date": "Fri Oct 20 10:03:44 2017"
        },
        {
            "title": "Merge 3.1 into 3.2",
            "flags": {
                "default_directory_factory": "True"
            },
            "message": "Merge 3.1 into 3.2\n",
            "hash": "84ef6d03de7cf59609ac1c08daf94edc9c0afee2",
            "merge": "69984d0fdd9 1d60ff7857e",
            "author": "MishaDemianenko",
            "date": "Fri Oct 20 09:59:37 2017"
        },
        {
            "title": "Allow to use NIOFSDirectory as directory implementations for lucene indexes",
            "flags": {
                "default_directory_factory": "True"
            },
            "message": "Allow to use NIOFSDirectory as directory implementations for lucene indexes\n\nAdd \"default_directory_factory\" feature toggle in DirectoryFactory\nto be able to choose between default directory factory and NIOFSDirectory\nfor lucene indexes directory.\n",
            "hash": "39641b109cd4ab7f0a6e322655677a9279855d84",
            "author": "MishaDemianenko",
            "date": "Mon Oct 9 09:23:49 2017"
        },
        {
            "title": "Introduce \"failOnCorruptedLogFiles\" feature flag in NeoStoreDataSource",
            "flags": {
                "force": "removed"
            },
            "message": "Introduce \"failOnCorruptedLogFiles\" feature flag in NeoStoreDataSource\nto force recovery to fail instead in case if corrupted log in encountered\ninstead of trying to clean up and truncate transaction logs.\nBy default recovery will try to do as much as it can to recover database\nand to avoid requesting extra options from users.\n",
            "hash": "192dd70ed1c53652477f375a4b23ba61c1e310eb",
            "author": "MishaDemianenko",
            "date": "Mon Sep 18 05:39:54 2017"
        },
        {
            "title": "Merge remote-tracking branch 'origin/3.2' into 3.3",
            "flags": {
                "idReuse": "removed"
            },
            "message": "Merge remote-tracking branch 'origin/3.2' into 3.3\n",
            "hash": "3560db0884251fed072b235914f762185de33067",
            "merge": "d26466fcb23 413ca4fb799",
            "author": "Martin Furmanski",
            "date": "Fri Sep 8 12:08:13 2017"
        },
        {
            "title": "Corrupted logs resilient recovery",
            "flags": {
                "force": "False"
            },
            "message": "Corrupted logs resilient recovery\n\nAllow recovery process to restore store with corrupted transaction logs.\nTransaction logs can be corrupted in various scenarios, most frequently\nthat happens when out of disk space error occurred.\nThis PR introduce additional resilience in log reading during recovery\nthat will allow to restore as much transactions as database can read.\nAny further logs after first non readable transaction are ignored and non readable as well.\nAll unreadable transactions logs will be truncated in the end of recovery.\n\nTo avoid cases when recovery can remove transactions logs during downgrade\nthat can happen by mistake additional \"force\" option introduced.\nThat will not gonna allow to remove logs with unknown version by default.\n",
            "hash": "4842282d824a2ecbec97015bdd3d3408d4357518",
            "author": "MishaDemianenko",
            "date": "Thu Aug 31 10:21:59 2017"
        },
        {
            "title": "Merge branch '3.2' into 3.3",
            "flags": {
                "useStrongHashing": "False"
            },
            "message": "Merge branch '3.2' into 3.3\n",
            "hash": "79cbacba11faf3241e10eb21bc8e4b27a6dda5cb",
            "merge": "d6941522696 a97ff939815",
            "author": "Chris Vest",
            "date": "Wed Aug 23 03:21:37 2017"
        },
        {
            "title": "Merge remote-tracking branch 'origin/3.2' into 3.3",
            "flags": {
                "idReuse": "removed"
            },
            "message": "Merge remote-tracking branch 'origin/3.2' into 3.3\n",
            "hash": "d69415226964cc662cf60f80385519c39fe7f078",
            "merge": "eba75807921 cc1e66d1898",
            "author": "Martin Furmanski",
            "date": "Wed Aug 23 02:40:11 2017"
        },
        {
            "title": "Add IncrementalXXH64 as an option for producing index entry ids",
            "flags": {
                "useStrongHashing": "False"
            },
            "message": "Add IncrementalXXH64 as an option for producing index entry ids\n\nThis can help alleviate situations where many transactions with a large number of updates via merge, would end up with false deadlocks due to collisions on their index entry hashes.\nWe cannot use the new hash function by default because that would be an HA protocol change, but we can hide it behind a feature toggle.\n",
            "hash": "aed43d181a88be2a42d9aa6a288dca9a288cc544",
            "author": "Chris Vest",
            "date": "Mon Aug 21 03:14:42 2017"
        },
        {
            "title": "Use epoll when available in bolt server.",
            "flags": {
                "useEpoll": "True"
            },
            "message": "Use epoll when available in bolt server.\n",
            "hash": "b4e718d7ca3c4915c97c1265c422429b081674bf",
            "author": "MishaDemianenko",
            "date": "Thu Jul 13 15:06:03 2017"
        },
        {
            "title": "Back-port causal clustering id reuse stress test from 3.3.",
            "flags": {
                "idReuse": "False"
            },
            "message": "Back-port causal clustering id reuse stress test from 3.3.\n",
            "hash": "346dac4f0983f39933feeb0d71fa1700efc78b7a",
            "author": "MishaDemianenko",
            "date": "Thu Jun 29 07:38:40 2017"
        },
        {
            "title": "Disable id reuse by default, allow turn it on by `idReuse` feature flag",
            "flags": {
                "idReuse": "False"
            },
            "message": "Disable id reuse by default, allow turn it on by `idReuse` feature flag\nin EnterpriseCoreEditionModule.\n",
            "hash": "128ad1c6769ee1ef295c65dba26c6bbaf5b5da82",
            "author": "MishaDemianenko",
            "date": "Thu Jun 29 05:17:43 2017"
        },
        {
            "title": "Merge branch 2.3-free-ids-in-ha into 3.0",
            "flags": {
                "propertyReadLocks": "removed"
            },
            "message": "Merge branch 2.3-free-ids-in-ha into 3.0\n",
            "hash": "728069b7b01ac2bf815a76750e2c912d07f074e4",
            "merge": "909f05a8d9b f81a2ce495f",
            "author": "lutovich",
            "date": "Mon Jul 4 11:59:34 2016"
        },
        {
            "title": "Feature toggles now static final, rename termination reason method",
            "flags": {
                "safeIdBuffering": "removed",
                "propertyReadLocks": "removed"
            },
            "message": "Feature toggles now static final, rename termination reason method\n",
            "hash": "421b385556a1e4c1ee9c9ef2ac14f237bf703f82",
            "author": "Anton Persson",
            "date": "Thu Jun 30 05:53:27 2016"
        },
        {
            "title": "Turn off short-lived locks",
            "flags": {
                "propertyReadLocks": "False"
            },
            "message": "Turn off short-lived locks\n",
            "hash": "cbaf51cc1228aecb5c66862fe118f00243734ac0",
            "author": "Anton Persson",
            "date": "Tue Jun 28 04:38:10 2016"
        },
        {
            "title": "Merge branch 2.3 into 3.0",
            "flags": {
                "safeIdBuffering": "removed",
                "propertyReadLocks": "True"
            },
            "message": "Merge branch 2.3 into 3.0\n",
            "hash": "80a49db8dbf7c3a386c6730722cd1e9131ec8ff1",
            "merge": "64d2a8db23b 485ab85ae12",
            "author": "lutovich",
            "date": "Mon Jun 27 08:04:15 2016"
        },
        {
            "title": "Merge branch 2.3 into 3.0",
            "flags": {
                "safeIdBuffering": "removed",
                "propertyReadLocks": "removed"
            },
            "message": "Merge branch 2.3 into 3.0\n",
            "hash": "b75c940e0b2104b9995a49d821ee1dfc75017695",
            "merge": "3a3495df700 aa254fd5fb7",
            "author": "lutovich",
            "date": "Wed Jun 22 04:05:21 2016"
        },
        {
            "title": "Merge pull request #7343 from lutovich/2.3-tx-termination-aware-locks",
            "flags": {
                "safeIdBuffering": "False",
                "propertyReadLocks": "True"
            },
            "message": "Merge pull request #7343 from lutovich/2.3-tx-termination-aware-locks\n\nTransaction termination aware locks",
            "hash": "aa254fd5fb754637b22d8ef76e67a4dfe4f0482d",
            "merge": "a570afdc6d0 f1be21cca97",
            "author": "Mattias Persson",
            "date": "Tue Jun 21 14:10:24 2016"
        },
        {
            "title": "Slave now dont see record reads contaminated by record reuse",
            "flags": {
                "safeIdBuffering": "True"
            },
            "message": "Slave now dont see record reads contaminated by record reuse\n\nMASTER\nMaster now buffer ids for a specified time, called the safe zone. Within this safe zone window\nrecords are guaranteed not to be reused.\n\nSLAVE\nUpdatePuller makes sure no transactions break the safe zone boundary\nby killing transactions that fall outside during pull update.\n\nThe transactions store the latest_applied_transaction_commit_time when\nthey start and `TransactionCommitingResonseUnpacker` kills the transactions\nas new transactions (pulled from master) get applied by comparing\nthe stored commit_time with the new latest_applied_transaction_commit_time\nafter applying the batch.\n\nIf the batch itself spans over a greater time than what fits inside the safe zone,\nno more transacions can be started on slave until the entire batch is applied.\n\nSafe zone is configurable through ... a setting\n\nSECONDARY CHANGES\nAdded knowledge about last tx commit timestamp to MetaDataStore and StoreMigrator\n",
            "hash": "0f2199d9e11c14d0d504e11dc9a7521e4b496ca5",
            "author": "Anton Persson",
            "date": "Thu Jun 9 09:22:10 2016"
        },
        {
            "title": "Merge branch 2.3 into 3.0",
            "flags": {
                "safeIdBuffering": "removed",
                "propertyReadLocks": "True"
            },
            "message": "Merge branch 2.3 into 3.0\n",
            "hash": "3420554beaf1f517eac46ec86911de49fbfd393a",
            "merge": "c892fb935c2 c91621215e3",
            "author": "lutovich",
            "date": "Thu Jun 9 08:34:59 2016"
        },
        {
            "title": "Turns read locks setting into feature toggle",
            "flags": {
                "propertyReadLocks": "True"
            },
            "message": "Turns read locks setting into feature toggle\n",
            "hash": "29ab28d02010c8baf9074e9a572019a6ee20da04",
            "author": "Mattias Persson",
            "date": "Thu Jun 9 01:22:59 2016"
        },
        {
            "title": "Temporarily disables id buffering",
            "flags": {
                "safeIdBuffering": "False"
            },
            "message": "Temporarily disables id buffering\n\nuntil discovered issues have been resolved\n",
            "hash": "0cbe8301ebb13707153ba8c9b12092c8123304aa",
            "author": "Mattias Persson",
            "date": "Thu Jun 9 01:00:04 2016"
        },
        {
            "title": "Merge 2.3 into 3.0",
            "flags": {
                "safeIdBuffering": "removed"
            },
            "message": "Merge 2.3 into 3.0\n",
            "hash": "e2533bc2eb141c46cf0cc112a24d187ba8a749fa",
            "merge": "8968b3779cc e7eff94a032",
            "author": "Mikhaylo Demianenko",
            "date": "Tue Jun 7 02:24:25 2016"
        },
        {
            "title": "Merge branch '2.3' into 3.0",
            "flags": {
                "safeIdBuffering": "removed"
            },
            "message": "Merge branch '2.3' into 3.0\n",
            "hash": "ed5b6c87b851d2a8e4353b7895ee73095c175551",
            "merge": "82d7ef3f69d ff10b409f8a",
            "author": "Chris Vest",
            "date": "Thu May 19 07:22:55 2016"
        },
        {
            "title": "Safe freeing of aggressively reused ids",
            "flags": {
                "safeIdBuffering": "True"
            },
            "message": "Safe freeing of aggressively reused ids\n\nBy using tracking of open transaction. This hooks in as a decorating BufferingIdGeneratorFactory\nwhere the buffering of ids are managed, even exposing means of running maintenance which\ncan check and release the buffered freed ids at safe points in time. There's an added maintenance\njob in JobScheduler which every now and then tests buffered ids if they are safe to free,\nby looking at their respective transaction snapshots.\n\nTracking of transactions works by getting a snapshot of currently active\nKernelTransactionImplementation instances. Snapshots can be asked whether or not all\ntransactions have been closed. KTI got an additional field for tracking how many\ntimes it has been reused. This in conjunction with checking if transaction is open or not\ncan determine whether or not transaction have been closed.\n\nBuffering of ids can be disabled with a feature toggle:\n-Dorg.neo4j.kernel.NeoStoreDataSource.safeIdBuffering=false\n",
            "hash": "cf1a11f1284658265fbd81a5315e35ac7e8814bf",
            "author": "Mattias Persson",
            "date": "Thu May 5 14:54:20 2016"
        },
        {
            "title": "Reformat the Forsetti lock manager code",
            "flags": {
                "strategy": "False"
            },
            "message": "Reformat the Forsetti lock manager code\n",
            "hash": "91b55f4868f7473ecb107c076910f1a8ed36804e",
            "author": "Chris Vest",
            "date": "Sun Mar 6 13:11:23 2016"
        },
        {
            "title": "Improved deadlock resolution strategy for enterprise lock manager.",
            "flags": {
                "strategy": "False"
            },
            "message": "Improved deadlock resolution strategy for enterprise lock manager.\n\nWhen a deadlock is detected, it's rather likely that multiple participants\nin the deadlock realize at the same time that they are deadlocking. Because\nwe want to minimize aborts, we have code that chooses which of the\ndeadlocking parties should bail out.\n\nThis code is very sensitive, because if there is ever a code path where both\nparties think the other will abort, we would end up in a real deadlock,\nrather than averting it.\n\nCurrently, the strategy has been to look at wait lists - the client with the\nhighest number of waiting clients is allowed to continue, while the other\nclient aborts. However, this strategy is sub-optimal, partially because\nthe data we have on number of waiting clients is unreliable, but mainly\nbecause there was no good tie breaker if both clients have the sized wait\nlists - if both clients have the same number of clients waiting for them,\nboth will abort.\n\nThis modifies this, while hopefully making the code a bit clearer:\n\n - There is now a tie breaker, if both clients are on the same \"level\"\n   we abort based on client id, ensuring only one client aborts.\n - There is now two strategies, chosen with a feature toggle, to allow\n   real-world trialing of the two prominent deadlock resolution strategies.\n   The two strategies introduced are both based on counts of locks held,\n   rather than counts of current wait lists:\n\n   - ABORT_YOUNG, assumes that higher throughput can be achieved by letting\n                  transactions with more locks held (presumed older) finish.\n                  Young transactions with fewer locks abort.\n   - ABORT_OLD, assumes old monolithic transactions are \"holding up the\n                line\", and that higher throughput can be achieved by\n                aborting transactions with more locks.\n\nThis sets a nice precedent for introducing transaction priorities, where we\ncould choose to abort transactions with lower priorities. Something to\nconsider for future improvements.\n",
            "hash": "c8fec4c6fe1e2a521a12a93ab55018091773402f",
            "author": "Jacob Hansson",
            "date": "Wed Jan 20 05:39:05 2016"
        }
    ]
}