{
    "date": "2019-12-20T18:24:13.843937",
    "commits": [
        {
            "title": "Merge branch 'development' into cleanup-pull-with-rebase-flag",
            "flags": {
                "GitProtocolVersionTwo": "removed"
            },
            "message": "Merge branch 'development' into cleanup-pull-with-rebase-flag",
            "hash": "d06e5fba51d537e9d065b9506274429d5e085234",
            "merge": "72fe39537 1d3667ac2",
            "author": "William Shepherd",
            "date": "Wed Jul 24 12:25:11 2019"
        },
        {
            "title": "Merge branch 'development' into releases/2.1.0-beta2",
            "flags": {
                "WSLDetection": "False"
            },
            "message": "Merge branch 'development' into releases/2.1.0-beta2",
            "hash": "1a46ef21b548c19122ebe80f5958da2babf8dbc5",
            "merge": "e19cbec70 4e26f3aef",
            "author": "Brendan Forster",
            "date": "Wed Jun 26 07:30:21 2019"
        },
        {
            "title": "Merge branch 'development' into wsl-shell-feat",
            "flags": {
                "BranchProtectionWarning": "removed",
                "BranchProtectionChecks": "False",
                "BranchProtectionWarningFlow": "False"
            },
            "message": "Merge branch 'development' into wsl-shell-feat",
            "hash": "b5b9ca4dfff9c9e51847f206a34c05412c8ce7a6",
            "merge": "fd972508c 08c5a735f",
            "author": "Daniel Hix",
            "date": "Mon Jun 24 07:05:38 2019"
        },
        {
            "title": "Merge branch 'development' into wsl-shell",
            "flags": {
                "BranchProtectionWarning": "False"
            },
            "message": "Merge branch 'development' into wsl-shell",
            "hash": "3165cd3924c5bb188560a4c05f5895c95289e778",
            "merge": "d4df268de c65cbe1aa",
            "author": "Brendan Forster",
            "date": "Mon Jun 3 13:07:01 2019"
        },
        {
            "title": "Merge branch 'development' into you-get-a-pr-suggestion-and-you-get-a-pr-suggestion",
            "flags": {
                "BranchProtectionWarning": "False"
            },
            "message": "Merge branch 'development' into you-get-a-pr-suggestion-and-you-get-a-pr-suggestion",
            "hash": "93904f026b94628673ef0eb9c96f89a8a1e0c8ef",
            "merge": "9a9c47726 1fcfe4f13",
            "author": "evelyn masso",
            "date": "Wed May 22 11:11:26 2019"
        },
        {
            "title": "Merge branch 'development' into hotfix-for-1-6-4-update",
            "flags": {
                "RebaseDialog": "False"
            },
            "message": "Merge branch 'development' into hotfix-for-1-6-4-update\n",
            "hash": "bda087d1222de448d41ea347610e830650e5b585",
            "merge": "29f00fd4b fa83e8c83",
            "author": "Brendan Forster",
            "date": "Tue Mar 12 08:40:14 2019"
        },
        {
            "title": "Merge pull request #6923 from desktop/feature/group-by-owner",
            "flags": {
                "GroupRepositoriesByOwner": "False"
            },
            "message": "Merge pull request #6923 from desktop/feature/group-by-owner\n\ngroup and filter repositories by owner",
            "hash": "3094b0f5511544dc7f7f39290b71d9140f747e21",
            "merge": "c00061fb2 0850f18a9",
            "author": "Brendan Forster",
            "date": "Tue Feb 26 09:36:13 2019"
        },
        {
            "title": "Merge pull request #6830 from desktop/shiftkey/rebase/git-internals",
            "flags": {
                "NewRebaseFlow": "False"
            },
            "message": "Merge pull request #6830 from desktop/shiftkey/rebase/git-internals\n\n[rebase] add Git internals to support rebase flow",
            "hash": "73fa81e481b4b77a97990587a459da4dab1945a2",
            "merge": "8ab820393 51fee1742",
            "author": "William Shepherd",
            "date": "Thu Feb 14 07:38:02 2019"
        },
        {
            "title": "Merge pull request #6717 from say25/Remove-enableFileSizeWarningCheck-Feature-Flag",
            "flags": {
                "FileSizeWarningCheck": "removed"
            },
            "message": "Merge pull request #6717 from say25/Remove-enableFileSizeWarningCheck-Feature-Flag\n\nRemove enableFileSizeWarningCheck Feature Flag",
            "hash": "f1b6c70c75d5c4a9e394ef98fad7fb2a8b8a7f95",
            "merge": "a2cfa19f2 b90d203f4",
            "author": "Brendan Forster",
            "date": "Wed Feb 13 09:28:30 2019"
        },
        {
            "title": "Merge branch 'development' into cleanup-branches",
            "flags": {
                "StatusWithoutOptionalLocks": "removed",
                "NewNoChangesBlankslate": "removed",
                "NoChangesCreatePRBlankslateAction": "False"
            },
            "message": "Merge branch 'development' into cleanup-branches\n",
            "hash": "42cb9f6b770820d8b45d1ee72e8f9eebff57e3d5",
            "merge": "23c270059 e1cf8f15b",
            "author": "William Shepherd",
            "date": "Fri Feb 1 11:05:51 2019"
        },
        {
            "title": "Merge branch 'development' into clean-up-no-changes-blankslate-feature-flag",
            "flags": {
                "NoChangesCreatePRBlankslateAction": "False"
            },
            "message": "Merge branch 'development' into clean-up-no-changes-blankslate-feature-flag\n",
            "hash": "3a8adaf934dd937afb2bf1887963d7bee975f802",
            "merge": "87d0c764e 86bf69fbc",
            "author": "Brendan Forster",
            "date": "Thu Jan 17 11:37:25 2019"
        },
        {
            "title": "Merge branch 'development' into cleanup-branches",
            "flags": {
                "NewNoChangesBlankslate": "False"
            },
            "message": "Merge branch 'development' into cleanup-branches",
            "hash": "8885528b2711166231785a031f805e3065bab1e1",
            "merge": "ecaa7e20b 64367a525",
            "author": "William Shepherd",
            "date": "Mon Jan 14 08:51:58 2019"
        },
        {
            "title": "Merge pull request #6338 from Daniel-McCarthy/ReadMe-Overwrite-Warning",
            "flags": {
                "ReadmeOverwriteWarning": "False"
            },
            "message": "Merge pull request #6338 from Daniel-McCarthy/ReadMe-Overwrite-Warning\n\nDisplay warning if existing readme file will be overwritten",
            "hash": "96d301885b894a3f73b07431e100b5cd018501e9",
            "merge": "e203a4589 a3ef7d00b",
            "author": "evelyn masso",
            "date": "Wed Dec 12 16:47:20 2018"
        },
        {
            "title": "Merge branch 'master' into Add-OverSize-File-Check",
            "flags": {
                "NotificationOfBranchUpdates": "removed",
                "MergeConflictsDialog": "removed",
                "GitProtocolVersionTwo": "False"
            },
            "message": "Merge branch 'master' into Add-OverSize-File-Check",
            "hash": "6a39390303f1627d25795e29a4e954dc9325e92f",
            "merge": "ce886a2c6 3c15af0ed",
            "author": "Dan McCarthy",
            "date": "Sat Dec 8 23:36:01 2018"
        },
        {
            "title": "Merge branch 'master' into remove-merge-conflicts-dialog-flag",
            "flags": {
                "GitProtocolVersionTwo": "False"
            },
            "message": "Merge branch 'master' into remove-merge-conflicts-dialog-flag\n",
            "hash": "c553b79c75dd7c57ab49d9e0b8d11aae3a0bd650",
            "merge": "6860ac47e e8aab4390",
            "author": "evelyn masso",
            "date": "Mon Dec 3 08:46:30 2018"
        },
        {
            "title": "Merge pull request #6142 from desktop/the-protocol-must-be-observed",
            "flags": {
                "GitProtocolVersionTwo": "False"
            },
            "message": "Merge pull request #6142 from desktop/the-protocol-must-be-observed\n\nadd experimental support for v2 of the Git wire protocol",
            "hash": "b313e98a4642c32fceb9d1740cb6578365d35f03",
            "merge": "6c5e417c2 16e2734cd",
            "author": "William Shepherd",
            "date": "Thu Nov 29 14:39:50 2018"
        },
        {
            "title": "Merge branch 'master' into remove-merge-conflicts-dialog-flag",
            "flags": {
                "NotificationOfBranchUpdates": "removed",
                "RepoInfoIndicators": "removed",
                "MergeConflictDetection": "removed",
                "InAppReleaseNotes": "removed"
            },
            "message": "Merge branch 'master' into remove-merge-conflicts-dialog-flag\n",
            "hash": "6860ac47e76966ea5981ebdd8427c596c81574cb",
            "merge": "87cdbe5b1 5ae212aca",
            "author": "evelyn masso",
            "date": "Wed Nov 28 10:20:22 2018"
        },
        {
            "title": "Merge branch 'master' into axe-feature-flags-or-body-spray-you-decide",
            "flags": {
                "RepoInfoIndicators": "removed",
                "MergeConflictDetection": "removed",
                "InAppReleaseNotes": "removed"
            },
            "message": "Merge branch 'master' into axe-feature-flags-or-body-spray-you-decide\n",
            "hash": "a813cc1d92071c7e911ddb420a862bd789c98d45",
            "merge": "2c231b725 b4507e8d9",
            "author": "Billy Griffin",
            "date": "Mon Nov 26 09:17:59 2018"
        },
        {
            "title": "Merge branch 'master' into Add-OverSize-File-Check",
            "flags": {
                "RepoInfoIndicators": "removed",
                "MergeConflictDetection": "removed",
                "InAppReleaseNotes": "removed"
            },
            "message": "Merge branch 'master' into Add-OverSize-File-Check",
            "hash": "ce886a2c69a4ddab510920e78a28a864c2616c14",
            "merge": "a38eeb682 ad08d7e0b",
            "author": "Dan McCarthy",
            "date": "Mon Nov 26 06:01:39 2018"
        },
        {
            "title": "Merge branch 'master' into Add-OverSize-File-Check",
            "flags": {
                "MergeConflictsDialog": "False"
            },
            "message": "Merge branch 'master' into Add-OverSize-File-Check",
            "hash": "6939bb0a5c9936d60109040df78f673f2de36eaf",
            "merge": "5a00251b4 6cfa76741",
            "author": "Dan McCarthy",
            "date": "Thu Nov 1 14:21:40 2018"
        },
        {
            "title": "Merge branch 'master' into conflicted-merge-flow",
            "flags": {
                "RecurseSubmodulesFlag": "False"
            },
            "message": "Merge branch 'master' into conflicted-merge-flow\n",
            "hash": "8a205fe74ab8544778ecb43660dce7ad59389630",
            "merge": "1c2642b16 388ccd099",
            "author": "evelyn masso",
            "date": "Thu Oct 25 14:25:32 2018"
        },
        {
            "title": "Merge pull request #5154 from jessetan/checkout-recurse-submodules",
            "flags": {
                "RecurseSubmodulesFlag": "False"
            },
            "message": "Merge pull request #5154 from jessetan/checkout-recurse-submodules\n\nRecurse submodules on branch checkout",
            "hash": "758bf6c8274a7f37c680ce167795aceb3e4ae186",
            "merge": "da5d2ff32 d209f5883",
            "author": "William Shepherd",
            "date": "Wed Oct 24 16:18:48 2018"
        },
        {
            "title": "Merge branch 'master' into display-merge-status-in-compare-tab",
            "flags": {
                "InAppReleaseNotes": "False"
            },
            "message": "Merge branch 'master' into display-merge-status-in-compare-tab",
            "hash": "81e1d679ea727c309db12eae45cf4e8dd0da7aea",
            "merge": "760f82706 8605dc559",
            "author": "Brendan Forster",
            "date": "Fri Sep 7 10:04:46 2018"
        },
        {
            "title": "Merge branch 'master' into display-merge-status-in-compare-tab",
            "flags": {
                "StatusWithoutOptionalLocks": "False"
            },
            "message": "Merge branch 'master' into display-merge-status-in-compare-tab",
            "hash": "854da78f2c6a7babe88129e5e0794c5a892ca32c",
            "merge": "3972a8e69 cb05033c2",
            "author": "Brendan Forster",
            "date": "Wed Sep 5 09:27:00 2018"
        },
        {
            "title": "Merge branch 'master' into in-app-release-notes",
            "flags": {
                "StatusWithoutOptionalLocks": "False"
            },
            "message": "Merge branch 'master' into in-app-release-notes",
            "hash": "b06044067e00bd8393b764e085e0e1cc239ba6b9",
            "merge": "b73e73984 cb05033c2",
            "author": "Brendan Forster",
            "date": "Wed Sep 5 09:22:38 2018"
        },
        {
            "title": "Merge branch 'master' into more-repo-info",
            "flags": {
                "CompareSidebar": "removed"
            },
            "message": "Merge branch 'master' into more-repo-info\n",
            "hash": "5ea53341918c277d992088b37be01680c65e871e",
            "merge": "57dc06c2a f5462d1d2",
            "author": "Vanessa Yuen",
            "date": "Fri Jun 29 12:28:19 2018"
        },
        {
            "title": "Merge pull request #4987 from desktop/clean-up-compare-flag",
            "flags": {
                "CompareSidebar": "removed"
            },
            "message": "Merge pull request #4987 from desktop/clean-up-compare-flag\n\ndisable feature flag and remove old History sidebar",
            "hash": "4460c484508d8467db615f903c47f0f4c914126b",
            "merge": "6f2898eb8 6dc3fe772",
            "author": "William Shepherd",
            "date": "Wed Jun 27 10:57:34 2018"
        },
        {
            "title": "Merge pull request #4771 from desktop/comments-are-a-thing",
            "flags": {
                "CompareBranch": "removed"
            },
            "message": "Merge pull request #4771 from desktop/comments-are-a-thing\n\nRemoves unused feature flag",
            "hash": "c64e55527b1df9a20a2c5c896e82ecd3e9207447",
            "merge": "624e3bc1f e13e46d75",
            "author": "Brendan Forster",
            "date": "Fri May 25 16:14:26 2018"
        },
        {
            "title": "Lint",
            "flags": {
                "PRIntegration": "removed"
            },
            "message": "Lint\n",
            "hash": "e901f9fe78a3a89b184d67d8fea822b4088bab66",
            "merge": "296f1f485 acda0e0b9",
            "author": "iAmWillShepherd",
            "date": "Wed Mar 21 08:44:30 2018"
        }
    ]
}