{
    "id": 58559694,
    "node_id": "MDEwOlJlcG9zaXRvcnk1ODU1OTY5NA==",
    "name": "desktop",
    "full_name": "desktop/desktop",
    "private": false,
    "description": "Simple collaboration from your desktop",
    "fork": false,
    "created_at": "2016-05-11T15:59:00Z",
    "updated_at": "2019-12-20T21:43:20Z",
    "pushed_at": "2019-12-20T21:40:46Z",
    "homepage": "https://desktop.github.com",
    "size": 51539,
    "stargazers_count": 8523,
    "watchers_count": 8523,
    "language": "TypeScript",
    "has_issues": true,
    "has_projects": true,
    "has_downloads": true,
    "has_wiki": false,
    "has_pages": false,
    "forks_count": 4154,
    "archived": false,
    "disabled": false,
    "open_issues_count": 529,
    "forks": 4154,
    "open_issues": 529,
    "watchers": 8523,
    "default_branch": "development",
    "temp_clone_token": "",
    "network_count": 4154,
    "subscribers_count": 981,
    "languages": {
        "TypeScript": 2944297,
        "CSS": 186215,
        "JavaScript": 3389,
        "Shell": 2705,
        "PowerShell": 634,
        "Batchfile": 533,
        "HTML": 141
    }
}