{
    "date": "2019-12-20T18:24:59.206680",
    "commits": [
        {
            "title": "Merge remote-tracking branch 'oce/develop' into oce-updates",
            "flags": {
                "i003": "False"
            },
            "message": "Merge remote-tracking branch 'oce/develop' into oce-updates\n\n# Conflicts:\n#\tui/index.jsx\n",
            "hash": "1c92e4ee365a967c954b9265e5d6d1a4c93c5c3b",
            "merge": "7681c91e 0bd59868",
            "author": "Mihai Postelnicu <mpostelnicu@gmail.com>",
            "date": "Tue May 9 06:13:52 2017"
        },
        {
            "title": "Merge remote-tracking branch 'oce/develop' into oce-updates",
            "flags": {
                "i003": "False"
            },
            "message": "Merge remote-tracking branch 'oce/develop' into oce-updates\n",
            "hash": "ced99916a8ccd4007a6956af244c1eeb372979e3",
            "merge": "6e4a16d0 73b18452",
            "author": "Mihai Postelnicu <mpostelnicu@gmail.com>",
            "date": "Mon May 1 09:50:47 2017"
        },
        {
            "title": "Merge remote-tracking branch 'oce/develop' into oce-updates",
            "flags": {
                "i003": "False"
            },
            "message": "Merge remote-tracking branch 'oce/develop' into oce-updates\n",
            "hash": "7713c3e2801140d49bd1f082d3b08d1bb5022b15",
            "merge": "2b3e5b6b 980c2a13",
            "author": "Mihai Postelnicu <mpostelnicu@gmail.com>",
            "date": "Mon May 1 08:48:58 2017"
        },
        {
            "title": "Merge remote-tracking branch 'oce/feature/OCE-163-i171' into feature/OCE-207-bid-extension",
            "flags": {
                "i003": "False",
                "i171": "False"
            },
            "message": "Merge remote-tracking branch 'oce/feature/OCE-163-i171' into feature/OCE-207-bid-extension\n",
            "hash": "73da16e3445cff78334695efea031885fdfbd996",
            "merge": "c3e29cf7 ad5b6e6c",
            "author": "Mihai Postelnicu <mpostelnicu@gmail.com>",
            "date": "Mon Apr 10 15:39:48 2017"
        },
        {
            "title": "OCE-163 Endpoint for i171: Bid is too close to budget, estimate or preferred solution",
            "flags": {
                "i171": "False"
            },
            "message": "OCE-163 Endpoint for i171: Bid is too close to budget, estimate or preferred solution\n",
            "hash": "ad5b6e6c5a7428f234b2bfb474d9bf72d3abe8e6",
            "author": "Mihai Postelnicu <mpostelnicu@gmail.com>",
            "date": "Mon Apr 10 15:38:49 2017"
        },
        {
            "title": "Merge remote-tracking branch 'oce/feature/OCE-139-i085' into feature/OCE-207-bid-extension",
            "flags": {
                "i003": "False",
                "i085": "False"
            },
            "message": "Merge remote-tracking branch 'oce/feature/OCE-139-i085' into feature/OCE-207-bid-extension\n",
            "hash": "3776cb92fac2c21d73914bac3754eeb642100c63",
            "merge": "07b029ab 7f6f837c",
            "author": "Mihai Postelnicu <mpostelnicu@gmail.com>",
            "date": "Mon Apr 10 11:07:42 2017"
        },
        {
            "title": "OCE-139",
            "flags": {
                "i085": "False"
            },
            "message": "OCE-139\n",
            "hash": "7f6f837c3aa82aa22e76fd803f0259fc98a306cc",
            "author": "Mihai Postelnicu <mpostelnicu@gmail.com>",
            "date": "Mon Apr 10 11:03:58 2017"
        },
        {
            "title": "Merge branch 'develop' into feature/OCE-207-bid-extension",
            "flags": {
                "i003": "False",
                "i002": "False"
            },
            "message": "Merge branch 'develop' into feature/OCE-207-bid-extension\n\n# Conflicts:\n#\tpersistence-mongodb/pom.xml\n#\tpersistence/src/main/resources/ehcache.xml\n#\tweb/src/main/java/org/devgateway/ocds/web/spring/ReleaseFlaggingService.java\n",
            "hash": "2046756a44b8f7f6a21221138c9199f67f801277",
            "merge": "c06ca3a4 2a3f8d9a",
            "author": "Mihai Postelnicu <mpostelnicu@gmail.com>",
            "date": "Fri Apr 7 23:59:37 2017"
        },
        {
            "title": "OCE-160",
            "flags": {
                "i002": "False"
            },
            "message": "OCE-160\n",
            "hash": "c06ca3a45dc2d7edf7eed9f93e6ac52148cda5c0",
            "author": "Mihai Postelnicu <mpostelnicu@gmail.com>",
            "date": "Fri Apr 7 23:47:59 2017"
        },
        {
            "title": "Merge remote-tracking branch 'oce/feature/OCE-192-flags-project-type-statistics' into feature/OCE-192-flags-project-type-statistics",
            "flags": {
                "i003": "False"
            },
            "message": "Merge remote-tracking branch 'oce/feature/OCE-192-flags-project-type-statistics' into feature/OCE-192-flags-project-type-statistics\n\n# Conflicts:\n#\tpersistence-mongodb/src/main/resources/total-flags-by-indicator-type-map.js\n#\tpersistence-mongodb/src/main/resources/total-flags-map.js\n#\tweb/src/main/java/org/devgateway/ocds/web/rest/controller/GenericOCDSController.java\n",
            "hash": "0b4f7564bee75349c8f573d76a35adb9c1348552",
            "merge": "2d3de177 6bd60273",
            "author": "Mihai Postelnicu <mpostelnicu@gmail.com>",
            "date": "Thu Mar 9 11:57:18 2017"
        },
        {
            "title": "Merge branch 'develop' into feature/OCE-192-flags-project-type-statistics",
            "flags": {
                "i003": "False"
            },
            "message": "Merge branch 'develop' into feature/OCE-192-flags-project-type-statistics\n",
            "hash": "8ccfb9f72d761b8b759a9a9eeff6abdd2e0631f1",
            "merge": "bb2ce26c 641f36ad",
            "author": "Mihai Postelnicu <mpostelnicu@gmail.com>",
            "date": "Mon Feb 27 04:23:15 2017"
        },
        {
            "title": "Merge branch 'develop' into feature/OCE-166/i180",
            "flags": {
                "i003": "False",
                "i180": "False"
            },
            "message": "Merge branch 'develop' into feature/OCE-166/i180\n\n# Conflicts:\n#\tweb/src/main/java/org/devgateway/ocds/web/spring/ReleaseFlaggingService.java\n#\tweb/src/test/java/org/devgateway/ocds/web/rest/controller/ReleaseFlaggingServiceTest.java\n",
            "hash": "ecc4aed2ec139ce3614cf4a4669c6ac7ae011181",
            "merge": "8c48d876 06fcb0ff",
            "author": "Mihai Postelnicu <mpostelnicu@gmail.com>",
            "date": "Mon Jan 23 10:17:37 2017"
        },
        {
            "title": "OCE-166 i180 flag",
            "flags": {
                "i180": "False"
            },
            "message": "OCE-166 i180 flag\n",
            "hash": "8c48d876536c973f091dcdfaeece971e652d0a69",
            "author": "Mihai Postelnicu <mpostelnicu@gmail.com>",
            "date": "Mon Jan 23 10:10:48 2017"
        },
        {
            "title": "Merge branch 'develop' into feature/OCE-164/i077",
            "flags": {
                "i003": "False",
                "i077": "False"
            },
            "message": "Merge branch 'develop' into feature/OCE-164/i077\n\n# Conflicts:\n#\tweb/src/main/java/org/devgateway/ocds/web/spring/ReleaseFlaggingService.java\n#\tweb/src/test/java/org/devgateway/ocds/web/rest/controller/ReleaseFlaggingServiceTest.java\n",
            "hash": "f4fc5cdd604a8e4e467c2d73728c52393734092b",
            "merge": "555268b9 457bb3f9",
            "author": "Mihai Postelnicu <mpostelnicu@gmail.com>",
            "date": "Thu Jan 19 14:16:57 2017"
        },
        {
            "title": "OCE-164 initial flag 077",
            "flags": {
                "i077": "False"
            },
            "message": "OCE-164 initial flag 077\n",
            "hash": "fe7e9943d1208ff1eb66117c97a1ac55dbc31e8b",
            "author": "Mihai Postelnicu <mpostelnicu@gmail.com>",
            "date": "Thu Jan 19 09:35:23 2017"
        },
        {
            "title": "Merge remote-tracking branch 'oce/feature/OCE-162/i019' into develop",
            "flags": {
                "i003": "False",
                "i019": "False"
            },
            "message": "Merge remote-tracking branch 'oce/feature/OCE-162/i019' into develop\n\n# Conflicts:\n#\tpersistence-mongodb/src/main/java/org/devgateway/ocds/persistence/mongo/spring/ReleaseFlaggingService.java\n#\tweb/src/test/java/org/devgateway/ocds/web/rest/controller/ReleaseFlaggingServiceTest.java\n",
            "hash": "e3c1915937083cf593619857d676eb03509427db",
            "merge": "1e1f3787 6656edff",
            "author": "Mihai Postelnicu <mpostelnicu@gmail.com>",
            "date": "Sun Jan 8 02:38:29 2017"
        },
        {
            "title": "OCE-162 flag i019",
            "flags": {
                "i019": "False"
            },
            "message": "OCE-162 flag i019\n",
            "hash": "e17cc10fd5ed5768d1c64b552ce51c92a21b8a44",
            "author": "Mihai Postelnicu <mpostelnicu@gmail.com>",
            "date": "Sat Jan 7 05:32:44 2017"
        },
        {
            "title": "Merge branch 'develop' into feature/OCE-161/sole-source-award",
            "flags": {
                "i003": "False",
                "i004": "False"
            },
            "message": "Merge branch 'develop' into feature/OCE-161/sole-source-award\n",
            "hash": "e6abaf63ac39b7a598b006cfe19e7e4d3d0e33f2",
            "merge": "7de233ac 8d5cb874",
            "author": "Mihai Postelnicu <mpostelnicu@gmail.com>",
            "date": "Thu Dec 22 03:16:28 2016"
        },
        {
            "title": "OCE-161 i004 flag",
            "flags": {
                "i004": "False"
            },
            "message": "OCE-161 i004 flag\n",
            "hash": "7de233acbdb61df817414599f98d5e4b652317c3",
            "author": "Mihai Postelnicu <mpostelnicu@gmail.com>",
            "date": "Thu Dec 22 03:13:43 2016"
        },
        {
            "title": "Merge remote-tracking branch 'oce/develop' into oce-updates",
            "flags": {
                "i003": "False"
            },
            "message": "Merge remote-tracking branch 'oce/develop' into oce-updates\n\n# Conflicts:\n#\tpersistence-mongodb/src/main/java/org/devgateway/ocds/persistence/mongo/flags/FlagsConstants.java\n#\tpersistence-mongodb/src/main/java/org/devgateway/ocds/persistence/mongo/flags/ReleaseFlags.java\n#\tpersistence-mongodb/src/main/java/org/devgateway/ocds/persistence/mongo/spring/ReleaseFlaggingService.java\n#\tpersistence-mongodb/src/main/java/org/devgateway/toolkit/persistence/mongo/spring/MongoTemplateConfiguration.java\n",
            "hash": "d6052463abab848cc794637298b13fd8f354ea18",
            "merge": "a320970a f5cd22ca",
            "author": "Mihai Postelnicu <mpostelnicu@gmail.com>",
            "date": "Tue Dec 20 13:56:36 2016"
        },
        {
            "title": "OCE-167 OCVN-351 flag i007",
            "flags": {
                "i007": "False"
            },
            "message": "OCE-167 OCVN-351 flag i007\n",
            "hash": "05bf4c74e19f254d33062e4afb939a520f4882e8",
            "author": "Mihai Postelnicu <mpostelnicu@gmail.com>",
            "date": "Tue Dec 20 12:31:15 2016"
        },
        {
            "title": "OCVN-351 flag i007",
            "flags": {
                "i007": "False"
            },
            "message": "OCVN-351 flag i007\n",
            "hash": "087c4ae22b33f177499b82621d922d8d3a98af24",
            "author": "Mihai Postelnicu <mpostelnicu@gmail.com>",
            "date": "Fri Dec 2 12:03:17 2016"
        },
        {
            "title": "OCVN-349 added flag i003 processor",
            "flags": {
                "i003": "False"
            },
            "message": "OCVN-349 added flag i003 processor",
            "hash": "35afc22b11fa7d55aa222d5d5ac2f7b9ecd56422",
            "author": "Mihai Postelnicu <mpostelnicu@gmail.com>",
            "date": "Fri Dec 2 01:40:53 2016"
        },
        {
            "title": "OCE-151 created flaggedrelease and interfaces for flaggable entities",
            "flags": {
                "i038": "False"
            },
            "message": "OCE-151 created flaggedrelease and interfaces for flaggable entities",
            "hash": "fbec1bfc4c3733f631248e22f84de8932d354c16",
            "author": "Mihai Postelnicu <mpostelnicu@gmail.com>",
            "date": "Tue Nov 29 13:46:35 2016"
        }
    ]
}