{
    "id": 46573609,
    "node_id": "MDEwOlJlcG9zaXRvcnk0NjU3MzYwOQ==",
    "name": "ocvn",
    "full_name": "devgateway/ocvn",
    "private": false,
    "description": "Open Contracting Vietnam",
    "fork": false,
    "created_at": "2015-11-20T16:30:35Z",
    "updated_at": "2017-07-11T15:16:11Z",
    "pushed_at": "2017-09-04T11:43:56Z",
    "homepage": null,
    "size": 10456,
    "stargazers_count": 5,
    "watchers_count": 5,
    "language": "Java",
    "has_issues": true,
    "has_projects": true,
    "has_downloads": true,
    "has_wiki": true,
    "has_pages": true,
    "forks_count": 2,
    "archived": false,
    "disabled": false,
    "open_issues_count": 0,
    "forks": 2,
    "open_issues": 0,
    "watchers": 5,
    "default_branch": "develop",
    "temp_clone_token": "",
    "network_count": 2,
    "subscribers_count": 6,
    "languages": {
        "Java": 1635266,
        "JavaScript": 237739,
        "CSS": 30740,
        "HTML": 29670
    }
}