{
    "date": "2019-12-20T18:24:56.812670",
    "commits": [
        {
            "title": "chore: update github actions MSRV; fix broken examples (#463)",
            "flags": {
                "tokio_02": "removed"
            },
            "message": "chore: update github actions MSRV; fix broken examples (#463)\n\n## Motivation\r\n\r\nPR #441 increased the minimum supported Rust version, but it only\r\nchanged the Azure Pipelines CI configuration, and not the GitHub Actions\r\none. Additionally, upstream changes to `tower` has broken some of the\r\nexamples.\r\n\r\n## Solution\r\n\r\nThis branch bumps the MSRV on GitHub Actions as well, and comments\r\nout examples that depend on code broken upstream. \r\n\r\nAdditionally, it turns out that \u2014 due to Cool Cargo Semver Reasons \u2014\r\nit's more or less impossible to depend on both tokio 0.2.0-alpha.6 *and*\r\ntokio 0.2 release versions. This branch therefore just drops the 0.2.0-alpha.6\r\nsupport; the next `tracing-futures` will be a breaking change anyway.\r\n\r\nCo-authored-by: David Barsky\r\nSigned-off-by: Eliza Weisman",
            "hash": "f992361eec28e6e28f4b6bb07c5da218082df579",
            "author": "Eliza Weisman",
            "date": "Sun Dec 8 11:37:14 2019"
        },
        {
            "title": "future: futures-03 & std-future is the default (#441)",
            "flags": {
                "futures": "True",
                "futures-core-preview": "removed",
                "futures_01": "True"
            },
            "message": "future: futures-03 & std-future is the default (#441)\n\n* futures: futures-03 & std-future is the default\r\n\r\nAlso upgrades futures-03 to the non-preview crate and\r\nrenames the `futures` feature to `futures-01`.\r\n\r\nFixes #418\r\n\r\n* Update tracing-futures/CHANGELOG.md\r\n\r\nCo-Authored-By: Eliza Weisman\r\n\r\n* futures: Remove tokio feature from defaults\r\n",
            "hash": "4c1a69d9e43a0c87dca60c649a2e949b3dca8b41",
            "author": "Adam Perry",
            "date": "Wed Nov 27 11:49:44 2019"
        },
        {
            "title": "futures: add support for release futures 0.3.0 (#417)",
            "flags": {
                "futures-task": "True"
            },
            "message": "futures: add support for release futures 0.3.0 (#417)\n\nThe futures-preview code will remain in place to avoid breaking existing\r\ncode; the new futures 0.3 support has a separate feature flag.\r\n\r\nSigned-off-by: Eliza Weisman",
            "hash": "d2305f8b5d5f2e8a038c98533ae1a6ae01319e75",
            "author": "Eliza Weisman",
            "date": "Thu Nov 7 13:43:25 2019"
        },
        {
            "title": "tracing-futures: prepare to release 0.1.0 (#376)",
            "flags": {
                "futures-core-preview": "True",
                "pin-project": "True"
            },
            "message": "tracing-futures: prepare to release 0.1.0 (#376)\n\nThis branch prepares for an initial stable release of `tracing-futures`.\r\n\r\nI've done some pre-release cleanup and docs work as well as updating\r\nversions.\r\n\r\n* futures: improve docs\r\n* futures: pre-release cleanup\r\n* futures: update futures-preview version\r\n* futures: nicer readme/lib docs\r\n* fix breaky path dep\r\n* also fix examples path dep\r\n\r\nSigned-off-by: Eliza Weisman\r\n",
            "hash": "87c075e349cd25677fe646d0927c7a9cc75092e6",
            "author": "Eliza Weisman",
            "date": "Tue Oct 8 13:48:54 2019"
        },
        {
            "title": "futures: replace `pin_utils` with `pin_project` (#374)",
            "flags": {
                "pin-utils": "removed",
                "pin-project": "True",
                "tokio_02": "True"
            },
            "message": "futures: replace `pin_utils` with `pin_project` (#374)\n\nThis allows us to remove an unnecessary clone of the dispatcher or span\r\nfrom poll impls. Also, it is commonly used in other crates (e.g.\r\n`tokio`), so might make users' dependency graphs smaller.\r\n\r\nSigned-off-by: Eliza Weisman",
            "hash": "47b6068ae9c67b207e34f6aeeddbf9980992e0e5",
            "author": "Eliza Weisman",
            "date": "Sat Oct 5 13:51:35 2019"
        },
        {
            "title": "futures: fix broken builds with tokio alpha support (#338)",
            "flags": {
                "futures-core-preview": "True",
                "tokio_02": "True"
            },
            "message": "futures: fix broken builds with tokio alpha support (#338)\n\n## Motivation\r\n\r\nThis branch fixes broken builds of `tracing-futures` with the\r\n`tokio-alpha` feature.\r\n\r\n## Solution\r\n\r\nI've added the missing `WithDispatch` impl for \r\n`std::future::Future` that was breaking the build. I've also\r\nupdated the `tokio` alpha dependency, and added a CI check\r\nthat the tokio-alpha feature flag compiles.\r\n\r\nFixes #337 \r\n\r\n* futures: add missing `WithDispatch` impl\r\n* futures: update tokio alphas\r\n* chore: add CI job to ensure tokio alpha compiles\r\n\r\nSigned-off-by: Eliza Weisman\r\n",
            "hash": "5c0fe77fd756e12cc4c6af4566092d24b9e15a8e",
            "author": "Eliza Weisman",
            "date": "Thu Sep 12 11:33:27 2019"
        },
        {
            "title": "futures: add initial support for tokio 0.2, futures-preview (#279)",
            "flags": {
                "futures-core-preview": "True",
                "tokio": "True",
                "tokio_02": "True"
            },
            "message": "futures: add initial support for tokio 0.2, futures-preview (#279)\n\nThis branch adds impls of `tokio` 0.2 and `futures-core-preview` traits\r\nfor `tracing-futures`' `WithDispatch` and `Instrumented` types. These\r\nimpls are all feature-flagged. \r\n\r\nI've also rearranged the trait impls a bit, so that we can put\r\nconditional compilation attributes on whole modules instead of having to\r\nput them on every individual function. Hopefully this will make it\r\neasier to avoid mistakes where something has the wrong `cfg` attributes,\r\nas well as making the code a little less noisy.\r\n\r\nRefs: #252 \r\n\r\nLooking at the docs, we can confirm that all the impls are present:\r\n![Screen Shot 2019-08-14 at 2 32 17 PM](https://user-images.githubusercontent.com/2796466/63057992-69c3df80-bea0-11e9-8c3a-dc5bc7098ea7.png)\r\n\r\nAnd (on nightly), the cargo build passes with `--all-features`.\r\n",
            "hash": "6f05e79e66d2e50b3550a37809f5e76a431c599d",
            "author": "Eliza Weisman",
            "date": "Tue Aug 20 09:34:07 2019"
        },
        {
            "title": "futures: add support for std::futures::Future (#40)",
            "flags": {
                "futures": "True",
                "pin-utils": "True"
            },
            "message": "futures: add support for std::futures::Future (#40)\n\nThis PR adds a `std::future::Future` implementation to `Instrumented<T>`\r\n\r\n* futures: add support for std::futures::Future and futures 0.3\r\n\r\n* futures: support std::futures::Future with !Unpin futures\r\n\r\n- Thank you Eliza Weisman (hawkw) for the solution using the pin-utils crate\r\n- Added feature gates for the futures 0.1, tokio, and std::future implementations\r\n\r\n* futures: fix formatting\r\n\r\n* futures: rustfmt\r\n\r\n* futures: use tokio-test for testing std::future::Future unit tests\r\n\r\n* futures: rustfmt\r\n\r\n* futures: remove futures_api conditional include\r\n\r\n* futures: add testing of all features under nightly\r\n\r\n* futures: separate std-future tests into submodule that is only run on the nightly toolchain\r\n\r\n* futures: move futures-01 tests to submodule\r\n\r\n* futures: fix travis build\r\n\r\n* future: remove extraneous part of function names\r\n\r\n- test_std_future is part of the namespace so having std_future as part of the test function name is not needed\r\n",
            "hash": "d6750d00736201e5e74e10d73cca11be606e84ab",
            "author": "Matt Bilker",
            "date": "Mon Jul 15 15:56:06 2019"
        },
        {
            "title": "futures: Improve feature flags, add `tokio-executor` compat (#57)",
            "flags": {
                "tokio-executor": "True"
            },
            "message": "futures: Improve feature flags, add `tokio-executor` compat (#57)\n\nThis branch simplifies the feature flags used in the\r\n`tokio-trace-futures` crate, and adds compatibility with the\r\n`tokio-executor` crate. The feature formerly called `with-tokio` was\r\nreplaced by enabling the optional `tokio` dependency as a feature flag,\r\nand a new `tokio-executor` optional dependency has been added, which\r\nprovides additional impls for types implementing\r\n`tokio_executor::Executor`. This allows these impls to be used in crates\r\nthat depend on `tokio-executor` rather than `tokio`\r\n\r\nSigned-off-by: Eliza Weisman",
            "hash": "3ef2b97cc63eeafecb12f684ca1ba2add8869fcb",
            "author": "Eliza Weisman",
            "date": "Fri May 24 15:56:14 2019"
        },
        {
            "title": "Add impls for tokio types to the `tokio-trace-futures` crate (#164)",
            "flags": {
                "tokio": "True"
            },
            "message": "Add impls for tokio types to the `tokio-trace-futures` crate (#164)\n\n* Add impls for tokio types to the `tokio-trace-futures` crate\r\n\r\nCurrently, the `tokio-trace-futures` crate has types which wrap values\r\nimplementing the `futures::Executor` trait. Although `tokio` provides\r\nexecutors implementing this trait, it also has its own `Executor` trait,\r\nand provides runtime types with other functions which also spawn or run\r\nfutures, such as `block_on`. The `InstrumentedExecutor` and\r\n`WithDispatch` types currently do not implement `tokio`'s `Executor`\r\ntrait or other useful functions, so a wrapped tokio `Runtime` or\r\n`Executor` may only be interacted with through its `futures::Executor`\r\nimplementation.\r\n\r\nThis branch adds new impls for `WithDispatch` and\r\n`InstrumentedExecutor` for `tokio`'s `Executor` trait and runtime types.\r\nCommonly-used functions on `tokio`'s `Runtime` and\r\n`current_thread::Runtime` (`block_on`, `spawn`, and `handle`/`executor`)\r\nare also exposed, and these proxy functions also instrument the spawned\r\nor blocked on future. The `handle` and `executor` functions create new\r\nhandles which propagate the instrumentation as well.\r\n\r\nThese features, and the `tokio` dependency, are enabled by a new\r\n`with-tokio` feature flag, which is on by default. Users who wish to use\r\n`tokio-trace-futures` without `tokio` may disable this feature.\r\n\r\nSigned-off-by: Eliza Weisman\r\n",
            "hash": "79067992ed100332f2926232ebbc648666fdd3fe",
            "author": "Eliza Weisman",
            "date": "Tue Dec 18 13:22:59 2018"
        }
    ]
}