{
    "date": "2019-12-20T17:57:51.607475",
    "commits": [
        {
            "title": "feat(feature-toggle): resolve feature flags on component level (#3467)",
            "flags": {
                "PlannerQuery": "False",
                "Planner": "False"
            },
            "message": "feat(feature-toggle): resolve feature flags on component level (#3467)\n\n* feat(feature-toggle): resolve feature flags at component level\r\n\r\n* feat(feature-flag): update package.json with new ngx-feature-flag version\r\n",
            "hash": "427aae9abaed9bbcaf1fbffab722e8c22152af95",
            "author": "Divyanshi Gupta",
            "date": "Mon Jan 14 21:24:56 2019"
        },
        {
            "title": "fix(login_process): remove the _gettingstarted page (#3472)",
            "flags": {
                "Analyze.newHomeDashboard": "False"
            },
            "message": "fix(login_process): remove the _gettingstarted page (#3472)\n\n* fix(login_process): remove _gettingstarted route\r\n\r\n* fix(login_process): move home to home-dashboard\r\n\r\n* fix(login_process): change home components as a wrapper component\r\n\r\n* fix(login_process): fix css styles in linking error page\r\n\r\n* fix(login_process): change the default page redirection\r\n",
            "hash": "0760133fe83b9eb91327a1c90536422ea50a4aaf",
            "author": "Karthik Jeeyar",
            "date": "Thu Jan 10 06:45:21 2019"
        },
        {
            "title": "fix(format): update code with lint and prettier (#3461)",
            "flags": {
                "Analyze.newSpaceDashboard": "False",
                "Codebases.QuickChe": "False",
                "Analyze.WorkItemOverviewCard": "False",
                "Analyze.newHomeDashboard": "False",
                "MySpaces.SearchSpaces": "False",
                "Analyze.MyWorkItemsCard": "False",
                "AppLauncher.NextButtons": "False",
                "Codebases.CveNotification": "False",
                "SpaceSettings.Collaborators": "False"
            },
            "message": "fix(format): update code with lint and prettier (#3461)\n\n",
            "hash": "4f9201a75ca2ed357040ace638fd0077a948ed0a",
            "author": "Joshua Wilson",
            "date": "Thu Dec 20 21:09:34 2018"
        },
        {
            "title": "Add 'packages/planner/' from commit '01316bad7bb0d69ea38975838697a4187b4512c3'",
            "flags": {
                "Planner.deleteWorkItem": "False"
            },
            "message": "Add 'packages/planner/' from commit '01316bad7bb0d69ea38975838697a4187b4512c3'\n\ngit-subtree-dir: packages/planner\ngit-subtree-mainline: 1c41f7ee88c25ef80c85be4f1017f0d8be370af7\ngit-subtree-split: 01316bad7bb0d69ea38975838697a4187b4512c3\n",
            "hash": "f2714952887b95e74505b4071f096606612041ba",
            "merge": "1c41f7ee8 01316bad7",
            "author": "joshuawilson",
            "date": "Fri Dec 14 22:22:25 2018"
        },
        {
            "title": "feat(roles): add feature flags on settings icon and collaborators page (#3434)",
            "flags": {
                "SpaceSettings.Collaborators": "False"
            },
            "message": "feat(roles): add feature flags on settings icon and collaborators page (#3434)\n\nPlanner Story - https://openshift.io/openshiftio/Openshift_io/plan/detail/1211\r\n\r\nThis PR adds feature flag to the logic to hiding settings icon in the header and on the collaborators page inside settings.\r\n\r\nThe header component is rendered by using MenusService to determine if the menu item needs to be rendered or not.\r\nMenusService checks for feature enabled menu items and send it to component level where the logic to hide something based on user is owner or admin is decided.\r\nThis is why its tricky to introduce feature flag at the header level based on the user permission as well as the feature enablement.\r\nFor achieving this we had to introduce on more property called subFeature in the MenuItem type interface. Based on the feature property menu item is deleted from the list using menu.service. After that the component uses subFeature to further decide which logic to use based on faeture flag along with user permission.\r\nAdd collaborators page under feature flag.\r\nFeature flag for both the pages are set to beta as planner is also set at same level.",
            "hash": "ccec6015d1443c6b89b7e11f38651a1d801bd480",
            "author": "Rohit Kumar Rai",
            "date": "Fri Dec 7 06:47:27 2018"
        },
        {
            "title": "feat(launcher):  add component based step to app creation flow from ngx-launcher (#3393)",
            "flags": {
                "AppLauncher.NextButtons": "False"
            },
            "message": "feat(launcher):  add component based step to app creation flow from ngx-launcher (#3393)\n\n* fix(add-app-overlay): disallow underscore in application name\r\n\r\n* chore(test): update test name to match the test\r\n\r\n* fix(launcher): add component based step to app creation flow\r\n\r\n* fix updated to fit new API\r\n\r\n* fix(launcher): add gettingStartedInfo flag to f8launcher component\r\n\r\n* chore(test): update project name validation tests for removal of underscore as a valid character\r\n\r\n* fix(launcher): fix unit tests and add feature flag in create app for dependecy editor\r\n\r\n* fix(launcher): remove dependency editor component and code\r\n\r\n* fix(launcher): remove blank mission\r\n\r\n* fix(launcher): add feature flag and telemetry to view pipeline  and edit code in wed IDE button\r\n\r\n* fix(launcher): upgrade launcher version to 3.0.11\r\n\r\n* fix(launcher): upgrade launcher version to 3.0.13 and remove analytics-url service\r\n\r\n* fix(launcher): remove unnecessary import and add return type\r\n\r\n* fix(launcher): add unit test for create app component\r\n\r\n* fix(launcher): add unit test for import app component\r\n\r\n* fix(launcher): fix test and make http get call parameterized\r\n\r\n* fix(launcher): notify user when che cluster is full\r\n\r\n* fix(launcher): telemetry broadcast event\r\n\r\n* fix(launcher): Retrun to your Dashboard button text\r\n",
            "hash": "60d966dbd24071454e7cc0a64d17224b10520d3a",
            "author": "Vikram Raj",
            "date": "Fri Nov 9 13:35:54 2018"
        },
        {
            "title": "feat(delete-work-item): add delete work item from list (#2797)",
            "flags": {
                "Planner.deleteWorkItem": "False"
            },
            "message": "feat(delete-work-item): add delete work item from list (#2797)\n\n* feat(delete-work-item): add delete work item from query list, preview and detail page\r\n\r\n* feat(delete-work-item): add test for delete work item\r\n\r\n* feat(delete-work-item):  add internal user level feature flag\r\n\r\n* fix(test): fix delete work item test\r\n",
            "hash": "c45d8bcf679a44a68e209e417de005ad6213e0cb",
            "author": "Divyanshi Gupta",
            "date": "Thu Nov 8 04:13:22 2018"
        },
        {
            "title": "refactor(analyze-overview): handle feature flagged children in template only (#3402)",
            "flags": {
                "Analyze.newSpaceDashboard": "False",
                "Analyze.MyWorkItemsCard": "False"
            },
            "message": "refactor(analyze-overview): handle feature flagged children in template only (#3402)\n\nRemove knowledge of feature toggles service from component. Using f8-feature-toggle component in\r\ntemplate instead allows for cleaner and better encapsulated component logic.",
            "hash": "2fa83d633abb773301f5602803ba0b7e8876791f",
            "author": "Andrew Azores",
            "date": "Tue Nov 6 13:21:28 2018"
        },
        {
            "title": "feat(app-launcher): add che and workspace service for app launcher. (#3347)",
            "flags": {
                "AppLauncher.DependencyEditor": "removed"
            },
            "message": "feat(app-launcher): add che and workspace service for app launcher. (#3347)\n\n* fix(app-launcher): add che and workspace service for app launcher\r\n\r\n* fix(launcher): modify feature flag for f8launcher component\r\n\r\n* fiX(test): add app launcher che and workspace service unit test\r\n\r\n* fix(launcher): upgrade ngx-launcher version and fix test\r\n",
            "hash": "1d00ab978d932c63508f8b87d2a870b7d3ac9e22",
            "author": "Vikram Raj",
            "date": "Mon Oct 22 13:25:41 2018"
        },
        {
            "title": "fix(home): bring back feature flagged old dashboard (#3362)",
            "flags": {
                "Analyze.newHomeDashboard": "False"
            },
            "message": "fix(home): bring back feature flagged old dashboard (#3362)\n\n",
            "hash": "dc27273f75de87490619f629ca248d24b0d5ce26",
            "author": "Rohit Kumar Rai",
            "date": "Tue Oct 9 03:43:12 2018"
        },
        {
            "title": "fix(home): remove onboarding area from home page (#3361)",
            "flags": {
                "Analyze.newHomeDashboard": "removed"
            },
            "message": "fix(home): remove onboarding area from home page (#3361)\n\n",
            "hash": "6968bc976a9d9066c21160a6f3d00316190a3965",
            "author": "Rohit Kumar Rai",
            "date": "Mon Oct 8 19:58:55 2018"
        },
        {
            "title": "feat(add-codebase-widget): add Che workspace widget to codebase items (#3299)",
            "flags": {
                "Codebases.QuickChe": "False"
            },
            "message": "feat(add-codebase-widget): add Che workspace widget to codebase items (#3299)\n\n* refactor(add-codebase-widget): extract codebase item component\r\n\r\nExtract component for codebase items\r\n\r\nrelated to https://openshift.io/openshiftio/Openshift_io/plan/detail/503\r\n\r\n* feat(add-codebase-widget): add Che workspace widget to codebase items\r\n\r\nAdd Che workspace widget to codebase items, allowing users to quickly jump into a Che workspace for\r\na given codebase - or create a workspace if none exist - without first visiting the Create >\r\nCodebases page\r\n\r\nfixes https://openshift.io/openshiftio/Openshift_io/plan/detail/504\r\n\r\n* feat(add-codebase-widget): feature toggle workspace selector\r\n\r\nAdd feature toggle wrapper around workspace selection widget\r\n\r\nrelated to https://openshift.io/openshiftio/Openshift_io/plan/detail/504\r\n",
            "hash": "989215b9d04e3a9b6ce3bb6c89d845baf876f442",
            "author": "Andrew Azores",
            "date": "Tue Sep 4 08:46:53 2018"
        },
        {
            "title": "feat(my-spaces): add feature toggle for search feature (#3295)",
            "flags": {
                "MySpaces.SearchSpaces": "False"
            },
            "message": "feat(my-spaces): add feature toggle for search feature (#3295)\n\nrelated to https://github.com/openshiftio/openshift.io/issues/3655",
            "hash": "aa7dd542e40d305103ea4104c90437e9bce21248",
            "author": "Andrew Azores",
            "date": "Wed Aug 29 07:18:43 2018"
        },
        {
            "title": "fix(recent-pipelines-widget): change to show all recent pipelines and clean up code (#3195)",
            "flags": {
                "Analyze.newHomeDashboard": "removed"
            },
            "message": "fix(recent-pipelines-widget): change to show all recent pipelines and clean up code (#3195)\n\n* fix(recent-pipelines-widget): change to show all recent pipelines and clean up code\r\n\r\n* fix(recent-pipelines-widget): clean up html code\r\n\r\n* test(runtime-console): add tests for pipelines.service\r\n",
            "hash": "418fc2b3a9083947365135f004faa6c989a44331",
            "author": "Jie Kang",
            "date": "Wed Aug 8 12:50:15 2018"
        },
        {
            "title": "feat(feature-flag): update for feature-flag v0.5 compat (#3202)",
            "flags": {
                "Analyze.newSpaceDashboard": "False",
                "Analyze.ApplicationsCard": "False",
                "Analyze.MyWorkItemsCard": "False",
                "Analyze.newHomeDashboard": "False",
                "Analyze.WorkItemOverviewCard": "False",
                "AppLauncher.DependencyEditor": "False",
                "Codebases.CveNotification": "False"
            },
            "message": "feat(feature-flag): update for feature-flag v0.5 compat (#3202)\n\n* feat(feature-flag): update for feature-flag v0.5 compat\r\n\r\n* fix(feature-flag): update to latest version\r\n",
            "hash": "0fa9dc2c73e4a698402b42feff32761d46d809bf",
            "author": "Andrew Azores",
            "date": "Fri Aug 3 09:01:02 2018"
        },
        {
            "title": "fix(workitemwidget): group feature flag to use page-cached feature-flag (#3182)",
            "flags": {
                "ApplicationsCard": "removed",
                "Analyze.ApplicationsCard": "False",
                "MyWorkItemsCard": "removed",
                "Analyze.MyWorkItemsCard": "False",
                "WorkItemOverviewCard": "removed",
                "Analyze.WorkItemOverviewCard": "False"
            },
            "message": "fix(workitemwidget): group feature flag to use page-cached feature-flag (#3182)\n\n",
            "hash": "df4c208be3d4035dfef6ebe6086ceaa00f2c34cf",
            "author": "ckrych",
            "date": "Thu Jul 19 07:40:28 2018"
        },
        {
            "title": "fix(codebases): adds security alert under toggle feature (#3153)",
            "flags": {
                "Codebases.CveNotification": "False"
            },
            "message": "fix(codebases): adds security alert under toggle feature (#3153)\n\n* fix(codebases): adds security alert under toggle feature\r\n\r\n* fix(cveNotification): group codebases features\r\n",
            "hash": "656d47a544a7ec56dbaa34ea769cb0f44c7f7021",
            "author": "Jaivardhan",
            "date": "Wed Jul 18 04:19:31 2018"
        },
        {
            "title": "refactor(feature-flag): use ext library (#3078)",
            "flags": {
                "Test": "removed",
                "Planner": "removed"
            },
            "message": "refactor(feature-flag): use ext library (#3078)\n\n* merge conflict\r\n\r\n* merge conflict\r\n\r\n* clean(feature-flag): remove unsed code\r\n\r\n* clean(module): remove unsed code\r\n\r\n* refactor(feature-flag): update version\r\n",
            "hash": "b31cdf4f3f766203fba7aa6746c64522824377a4",
            "author": "ckrych",
            "date": "Thu Jun 28 09:25:05 2018"
        },
        {
            "title": "fix(space-dashboard): Added loading behavior to widgets (#2977)",
            "flags": {
                "Test": "removed"
            },
            "message": "fix(space-dashboard): Added loading behavior to widgets (#2977)\n\n* fix(space-dashboard): added loading behavior to widgets\r\n\r\nFixes: https://github.com/openshiftio/openshift.io/issues/3157\r\n\r\n* fix(space-dashboard): updated per code review comments\r\n",
            "hash": "c49033f5c8cbcc2119b46dbcf76c7e091db30708",
            "author": "Dan Labrecque",
            "date": "Fri Jun 1 12:45:03 2018"
        },
        {
            "title": "fix(launcher): remove feature-flag wrapper for launcher functionality",
            "flags": {
                "AppLauncher": "removed"
            },
            "message": "fix(launcher): remove feature-flag wrapper for launcher functionality\n",
            "hash": "4da2f0c1d2a3b441ad822e61faad40e8a75434ae",
            "author": "Alex Macdonald",
            "date": "Fri Jun 1 09:30:42 2018"
        },
        {
            "title": "Hide buttons from add-codebase-widget when in a foreign user space.  (#2931)",
            "flags": {
                "AppLauncher": "removed"
            },
            "message": "Hide buttons from add-codebase-widget when in a foreign user space.  (#2931)\n\n* fix(add-codebase-widget): Hide buttons when in foreign space\r\n\r\nThis patch hides various functionality provided through the\r\nadd-codebase-widget that should not be available when visiting\r\nanother user's space.\r\n\r\n* fix(add-codebase-widget): Remove app launcher feat flag\r\n\r\nThis patch removes the app launcher feature flag from the\r\nadd-codebase-widget.\r\n",
            "hash": "686ef5eb0910861c6dd2f229519f871c46f8b4c1",
            "author": "Chris Lessard",
            "date": "Thu May 24 18:11:36 2018"
        },
        {
            "title": "fix(launcher) : fixes launcher flow in pipelines view with feature flag (#2899)",
            "flags": {
                "AppLauncher": "False"
            },
            "message": "fix(launcher) : fixes launcher flow in pipelines view with feature flag (#2899)\n\n",
            "hash": "8d84c75ff96ead2d5f544887ef7164c02a0ff66c",
            "author": "Jaivardhan",
            "date": "Wed May 16 05:49:48 2018"
        },
        {
            "title": "fix(space-description): fix description text not updating when using \u2026 (#2800)",
            "flags": {
                "Analyze.newSpaceDashboard": "removed"
            },
            "message": "fix(space-description): fix description text not updating when using \u2026 (#2800)\n\n* fix(space-description): separate space description code into two widgets\r\n\r\nfixes https://github.com/openshiftio/openshift.io/issues/2879\r\n\r\n* test(space-description): add unit test\r\n",
            "hash": "1591512215ed490a55538edd9c2d3a049a9b0cce",
            "author": "Alex Macdonald",
            "date": "Tue May 15 10:26:12 2018"
        },
        {
            "title": "fix(feature-flag): enabling feature flag for dependency editor",
            "flags": {
                "AppLauncher.DependencyEditor": "False"
            },
            "message": "fix(feature-flag): enabling feature flag for dependency editor\n\nfix(launcher): handles flags check for dependency editor\n",
            "hash": "752c6c14c0e004da7258d6112beb20876934d617",
            "author": "sanketpathak",
            "date": "Mon May 14 23:37:34 2018"
        },
        {
            "title": "feat(launcher): updates legacy import codebase with new launcher flow (#2839)",
            "flags": {
                "AppLauncher": "False"
            },
            "message": "feat(launcher): updates legacy import codebase with new launcher flow (#2839)\n\n",
            "hash": "851b3837de40cac10f64cf1a732ff6579bf07f09",
            "author": "Jaivardhan",
            "date": "Wed May 2 05:38:16 2018"
        },
        {
            "title": "fix(work-item-widget): add MyWorkItemsCard and WorkItemOverviewCard feature flags (#2813)",
            "flags": {
                "Analyze.newSpaceDashboard": "removed",
                "MyWorkItemsCard": "False",
                "WorkItemOverviewCard": "False"
            },
            "message": "fix(work-item-widget): add MyWorkItemsCard and WorkItemOverviewCard feature flags (#2813)\n\n- Wrap work-item-widget in a feature flag named WorkItemOverviewCard\r\n- Wrap create-item-widget in a feature flag named MyWorkItemsCard\r\n- Cleaned up create-work-item because it also included an unused, earlier version of the work-item-widget intended for the new space dashboard",
            "hash": "c0faf86ac6511948191eb93912ce21596acb58bc",
            "author": "Dan Labrecque",
            "date": "Fri Apr 27 20:51:50 2018"
        },
        {
            "title": "Space dashboard: Applications widget (#2812)",
            "flags": {
                "ApplicationsCard": "False",
                "Analyze.newSpaceDashboard": "removed",
                "Test": "removed"
            },
            "message": "Space dashboard: Applications widget (#2812)\n\n* fix(space-dashboard): added new applications widget\r\n\r\n- This widget lists each pipeline build for a given application, under a column of stage and/or run deployment environments.\r\n- The expandable area displays a simplified pipeline, simply showing the current stage.\r\n- The kebab options surface functionality typically rendered with each pipeline stage; view application, codebase, pipeline, and stack report.\r\n- The expandable area does not need to be visible for any of the pipeline\u2019s functionality to be invoked.\r\n- There is also a deploy button shown when an application has been staged and waiting for approval.\r\n- Applications are first sorted alphabetically, then again so that same applications align visually in both columns.\r\n- Cleaned up pipelines widget because it also included an earlier version of the applications-widget and styes were interfering\r\n- Added feature flag named ApplicationsCard.\r\n\r\nFixes: https://github.com/openshiftio/openshift.io/issues/3151\r\n\r\n* fix(applications-widget): each list now scrolls individually\r\n\r\n* fix(applications-widget): swap the hex colors over to PatternFly variables\r\n\r\n* fix(applications-widget): pipeline build truncates too early\r\n",
            "hash": "c62508f72fd8a2475b2251a2aa9dfad518ada84e",
            "author": "Dan Labrecque",
            "date": "Fri Apr 27 19:53:39 2018"
        },
        {
            "title": "feat(launcher): handles toggle of legacy and new launcher flow wizard (#2791)",
            "flags": {
                "AppLauncher": "False"
            },
            "message": "feat(launcher): handles toggle of legacy and new launcher flow wizard (#2791)\n\n* feat(launcher): handles toggle of legacy and new launcher flow wizard\r\n\r\nTracks: https://github.com/openshiftio/openshift.io/issues/3285\r\n\r\n* fix(launcher): adds spec and handles review comments\r\n\r\n* fix(header-issue): makes the header listen to the changes in the features.\r\n\r\nTracks: openshiftio/openshift.io#3326\r\n",
            "hash": "7bd4d1015c6adf037377583086f9d5ad228da653",
            "author": "Arunkumar S",
            "date": "Fri Apr 27 09:20:45 2018"
        },
        {
            "title": "feat(feature-flag): remove restricttedattribute for f8-feature-toggle component (#2763)",
            "flags": {
                "Analyze.newSpaceDashboard": "False",
                "Analyze.newHomeDashboard": "False"
            },
            "message": "feat(feature-flag): remove restricttedattribute for f8-feature-toggle component (#2763)\n\n",
            "hash": "10551b02dcbc8c3fe051de7c1e249d2760d854ed",
            "author": "ckrych",
            "date": "Wed Apr 18 20:58:09 2018"
        },
        {
            "title": "feat(feature-flag): implement sticky footer round button for component\u2026 (#2691)",
            "flags": {
                "newSpaceDashboard": "removed",
                "Analyze.newSpaceDashboard": "False",
                "newHomeDashboard": "removed",
                "Analyze.newHomeDashboard": "False"
            },
            "message": "feat(feature-flag): implement sticky footer round button for component\u2026 (#2691)\n\n* feat(feature-flag): implement stiker footer round button for component features\r\n\r\n* feat(feature-flag): remove banner in favor of round button\r\n\r\n* refactor(feature-flag): rename feature for newHomeDashboard newSpaceDashboard\r\n\r\n* test(feature-flag): fix test\r\n\r\n* fix(less): make footer fixed\r\n\r\n* fix(layout): fix shifted hearder on palnner, deployment tabs\r\n\r\n* fix(feature-flag): FAB button style\r\n\r\n* clean(feature-flag): remove extra span\r\n\r\n* clean(feature-flag): fix stylelint issue\r\n\r\n* fix(feature-flag): css issue with relative margin-right and tooltip component\r\n",
            "hash": "46b2cc33e3737597267d25ce79b15dab99253407",
            "author": "ckrych",
            "date": "Tue Apr 10 13:28:54 2018"
        },
        {
            "title": "fix(Analyze): Update the Space Dashboard to match new UX (#2662)",
            "flags": {
                "newSpaceDashboard": "False",
                "Test": "False"
            },
            "message": "fix(Analyze): Update the Space Dashboard to match new UX (#2662)\n\n",
            "hash": "51bde866605a00d2f0b991480820ae1384f288ad",
            "author": "Adam Jolicoeur",
            "date": "Tue Mar 27 20:21:36 2018"
        },
        {
            "title": "fix(home): add development flag to hide ui elements",
            "flags": {
                "newHomeDashboard": "False",
                "Planner": "False"
            },
            "message": "fix(home): add development flag to hide ui elements\n",
            "hash": "bf701247f30b8450343b4fac7a8fb9480c69d753",
            "author": "Adam Jolicoeur",
            "date": "Mon Mar 19 14:30:17 2018"
        },
        {
            "title": "feat(feature-flag): dynamic load of components",
            "flags": {
                "Test": "False"
            },
            "message": "feat(feature-flag): dynamic load of components\n",
            "hash": "602dfba69dacfa2e57d48a09a4f60b47ca1bd139",
            "author": "Corinne Krych",
            "date": "Fri Mar 9 06:03:42 2018"
        },
        {
            "title": "feat(feature-flag): Add wrapper to hide componentwhen toggled off (#2592)",
            "flags": {
                "Test": "False",
                "Planner": "False"
            },
            "message": "feat(feature-flag): Add wrapper to hide componentwhen toggled off (#2592)\n\n",
            "hash": "520ba300d81a368a1e44e44b8d90988b64348981",
            "author": "ckrych",
            "date": "Wed Mar 7 09:23:29 2018"
        }
    ]
}