{
    "id": 73824736,
    "node_id": "MDEwOlJlcG9zaXRvcnk3MzgyNDczNg==",
    "name": "fabric8-ui",
    "full_name": "fabric8-ui/fabric8-ui",
    "private": false,
    "description": "The Angular frontend for fabric8 online (OpenShift.IO)",
    "fork": false,
    "created_at": "2016-11-15T15:04:11Z",
    "updated_at": "2019-11-29T12:24:35Z",
    "pushed_at": "2019-02-25T14:59:57Z",
    "homepage": "https://openshift.io/",
    "size": 31940,
    "stargazers_count": 27,
    "watchers_count": 27,
    "language": "TypeScript",
    "has_issues": true,
    "has_projects": true,
    "has_downloads": true,
    "has_wiki": true,
    "has_pages": false,
    "forks_count": 90,
    "archived": false,
    "disabled": false,
    "open_issues_count": 2,
    "forks": 90,
    "open_issues": 2,
    "watchers": 27,
    "default_branch": "master",
    "temp_clone_token": "",
    "network_count": 90,
    "subscribers_count": 38,
    "languages": {
        "TypeScript": 2561363,
        "HTML": 338577,
        "JavaScript": 198400,
        "CSS": 173210,
        "Shell": 65448,
        "Ruby": 2858,
        "Dockerfile": 2373
    }
}