{
    "date": "2019-12-20T18:24:22.716178",
    "commits": [
        {
            "title": "[FEAT links] ensures full links object support for relationships (#6606)",
            "flags": {
                "FULL_LINKS_ON_RELATIONSHIPS": "False"
            },
            "message": "[FEAT links] ensures full links object support for relationships (#6606)\n\n* [FEAT links] ensures full links object support for relationships\r\n\r\n* fix lint\r\n\r\n* add feature flags\r\n",
            "hash": "9a67f6a422ec965ed80ba7a349f966e460d10f6f",
            "author": "Chris Thoburn <runspired@users.noreply.github.com>",
            "date": "Fri Oct 25 05:40:10 2019"
        },
        {
            "title": "[FEAT links] ensures full links object support for relationships (#6606)",
            "flags": {
                "SAMPLE_FEATURE_FLAG": "removed",
                "RECORD_DATA_ERRORS": "removed",
                "RECORD_DATA_STATE": "removed",
                "REQUEST_SERVICE": "removed",
                "IDENTIFIERS": "removed",
                "CUSTOM_MODEL_CLASS": "removed"
            },
            "message": "[FEAT links] ensures full links object support for relationships (#6606)\n\n* [FEAT links] ensures full links object support for relationships\r\n\r\n* fix lint\r\n\r\n* add feature flags\r\n",
            "hash": "9a67f6a422ec965ed80ba7a349f966e460d10f6f",
            "author": "Chris Thoburn <runspired@users.noreply.github.com>",
            "date": "Fri Oct 25 05:40:10 2019"
        },
        {
            "title": "[FEAT identifiers] turn on IDENTIFIERS feature (#6366)",
            "flags": {
                "IDENTIFIERS": "True"
            },
            "message": "[FEAT identifiers] turn on IDENTIFIERS feature (#6366)\n\n",
            "hash": "4a2e5b93ab32b18573ebd74552c89d1ee51795e3",
            "author": "Chris Thoburn <runspired@users.noreply.github.com>",
            "date": "Mon Aug 26 12:56:55 2019"
        },
        {
            "title": "Custom Model Class impl (#6313)",
            "flags": {
                "CUSTOM_MODEL_CLASS": "False"
            },
            "message": "Custom Model Class impl (#6313)\n\nImplements RFC https://github.com/emberjs/rfcs/pull/487",
            "hash": "f472f2776076e31f7463f7b9065babc4f28a62fb",
            "author": "Igor Terzic <terzicigor@gmail.com>",
            "date": "Mon Aug 19 19:46:32 2019"
        },
        {
            "title": "Custom Model Class impl (#6313)",
            "flags": {
                "CUSTOM_MODEL_CLASS": "False"
            },
            "message": "Custom Model Class impl (#6313)\n\nImplements RFC https://github.com/emberjs/rfcs/pull/487",
            "hash": "f472f2776076e31f7463f7b9065babc4f28a62fb",
            "author": "Igor Terzic <terzicigor@gmail.com>",
            "date": "Mon Aug 19 19:46:32 2019"
        },
        {
            "title": "Implement request state service (#6207)",
            "flags": {
                "REQUEST_SERVICE": "False"
            },
            "message": "Implement request state service (#6207)\n\n",
            "hash": "3cd4550401cb91bf10db5775d6bbafde259746bc",
            "author": "Igor Terzic <terzicigor@gmail.com>",
            "date": "Thu Aug 1 14:08:31 2019"
        },
        {
            "title": "Implement request state service (#6207)",
            "flags": {
                "REQUEST_SERVICE": "False"
            },
            "message": "Implement request state service (#6207)\n\n",
            "hash": "3cd4550401cb91bf10db5775d6bbafde259746bc",
            "author": "Igor Terzic <terzicigor@gmail.com>",
            "date": "Thu Aug 1 14:08:31 2019"
        },
        {
            "title": "[BUGFIX canary] turn off identifiers until we explicitly PR the flag as on (#6288)",
            "flags": {
                "RECORD_DATA_STATE": "False",
                "IDENTIFIERS": "False"
            },
            "message": "[BUGFIX canary] turn off identifiers until we explicitly PR the flag as on (#6288)\n\n",
            "hash": "8866187d270a46137b553e714f13d49492d8efcf",
            "author": "Chris Thoburn <runspired@users.noreply.github.com>",
            "date": "Fri Jul 26 23:45:33 2019"
        },
        {
            "title": "[FEAT identifiers] adds flagged public API and integration tests  (#6272)",
            "flags": {
                "RECORD_DATA_STATE": "True",
                "IDENTIFIERS": "True"
            },
            "message": "[FEAT identifiers] adds flagged public API and integration tests  (#6272)\n\n* [FEAT identifiers] polish feature and adds tests\r\n\r\n* ts cleanup\r\n\r\n* dont run assertion test in prod\r\n\r\n* fix for record_data_state\r\n",
            "hash": "b0cf3225662bfb806cd0c02b55b763e37a319b32",
            "author": "Chris Thoburn <runspired@users.noreply.github.com>",
            "date": "Fri Jul 26 15:59:30 2019"
        },
        {
            "title": "[FEAT identifiers] adds flagged public API and integration tests  (#6272)",
            "flags": {
                "IDENTIFIERS": "False"
            },
            "message": "[FEAT identifiers] adds flagged public API and integration tests  (#6272)\n\n* [FEAT identifiers] polish feature and adds tests\r\n\r\n* ts cleanup\r\n\r\n* dont run assertion test in prod\r\n\r\n* fix for record_data_state\r\n",
            "hash": "b0cf3225662bfb806cd0c02b55b763e37a319b32",
            "author": "Chris Thoburn <runspired@users.noreply.github.com>",
            "date": "Fri Jul 26 15:59:30 2019"
        },
        {
            "title": "[RFC 403] Identifiers Infra (#6247)",
            "flags": {
                "IDENTIFIERS": "False"
            },
            "message": "[RFC 403] Identifiers Infra (#6247)\n\n* implement identifiers\r\n* ts review\r\n* address feedback other than feature-flags\r\n* feature flags\r\n* remove unnecessary join from interface\r\n* fix test\r\n",
            "hash": "663856bbbda597e475f575c268a69e2073252a70",
            "author": "Chris Thoburn <runspired@users.noreply.github.com>",
            "date": "Fri Jul 19 01:21:00 2019"
        },
        {
            "title": "move default features to separate export",
            "flags": {
                "SAMPLE_FEATURE_FLAG": "False",
                "RECORD_DATA_ERRORS": "False",
                "RECORD_DATA_STATE": "False"
            },
            "message": "move default features to separate export\n\nThis fixes the esm require error that could not resolve\n@ember/polyfills.\n",
            "hash": "8ae783ede08ba6c39431a31a27c8cca9d632cce0",
            "author": "Eli Flanagan <eflanagan@innovu.com>",
            "date": "Tue Jul 9 06:13:57 2019"
        },
        {
            "title": "move default features to separate export",
            "flags": {
                "SAMPLE_FEATURE_FLAG": "removed",
                "RECORD_DATA_ERRORS": "removed",
                "RECORD_DATA_STATE": "removed"
            },
            "message": "move default features to separate export\n\nThis fixes the esm require error that could not resolve\n@ember/polyfills.\n",
            "hash": "8ae783ede08ba6c39431a31a27c8cca9d632cce0",
            "author": "Eli Flanagan <eflanagan@innovu.com>",
            "date": "Tue Jul 9 06:13:57 2019"
        },
        {
            "title": "Record Data State (#6204)",
            "flags": {
                "RECORD_DATA_STATE": "False"
            },
            "message": "Record Data State (#6204)\n\n",
            "hash": "d90329385da3fb8cbacdb0c66b9877731a276066",
            "author": "Igor Terzic <terzicigor@gmail.com>",
            "date": "Fri Jun 28 23:12:53 2019"
        },
        {
            "title": "RecordData errors (#6197)",
            "flags": {
                "RECORD_DATA_ERRORS": "False",
                "SAMPLE_FEATURE_FLAG": "False"
            },
            "message": "RecordData errors (#6197)\n\n",
            "hash": "2c8efbc873adb4fa8cc330d845dd4b75dd2d8ed1",
            "author": "Igor Terzic <terzicigor@gmail.com>",
            "date": "Fri Jun 28 22:32:07 2019"
        },
        {
            "title": "Topic feature flag env var (#6206)",
            "flags": {
                "SAMPLE_FEATURE_FLAG": "False"
            },
            "message": "Topic feature flag env var (#6206)\n\n* mimic @ember/canary-features\r\n\r\nMostly copied that structure and have the parsing of terminal\r\nenvironment variable working. Need bridge the addon snippet that\r\npopulates the flag variables for runtime consumption.\r\n\r\n",
            "hash": "b4ba675a633654d260f41aef25c321ee95dd30ec",
            "author": "Igor Terzic <terzicigor@gmail.com>",
            "date": "Fri Jun 28 19:28:03 2019"
        }
    ]
}