{
    "id": 3016562,
    "node_id": "MDEwOlJlcG9zaXRvcnkzMDE2NTYy",
    "name": "data",
    "full_name": "emberjs/data",
    "private": false,
    "description": "A data persistence library for Ember.js.",
    "fork": false,
    "created_at": "2011-12-20T01:50:40Z",
    "updated_at": "2019-12-20T21:24:27Z",
    "pushed_at": "2019-12-20T21:59:08Z",
    "homepage": "",
    "size": 34368,
    "stargazers_count": 2946,
    "watchers_count": 2946,
    "language": "JavaScript",
    "has_issues": true,
    "has_projects": true,
    "has_downloads": true,
    "has_wiki": true,
    "has_pages": false,
    "forks_count": 1288,
    "archived": false,
    "disabled": false,
    "open_issues_count": 193,
    "forks": 1288,
    "open_issues": 193,
    "watchers": 2946,
    "default_branch": "master",
    "temp_clone_token": "",
    "network_count": 1288,
    "subscribers_count": 192,
    "languages": {
        "JavaScript": 7743864,
        "TypeScript": 632531,
        "HTML": 28122,
        "Shell": 3982
    }
}