{
    "id": 4743255,
    "node_id": "MDEwOlJlcG9zaXRvcnk0NzQzMjU1",
    "name": "cloud_controller_ng",
    "full_name": "cloudfoundry/cloud_controller_ng",
    "private": false,
    "description": "Cloud Foundry Cloud Controller",
    "fork": false,
    "created_at": "2012-06-21T19:14:32Z",
    "updated_at": "2019-12-20T18:58:16Z",
    "pushed_at": "2019-12-20T22:08:30Z",
    "homepage": "",
    "size": 47819,
    "stargazers_count": 148,
    "watchers_count": 148,
    "language": "Ruby",
    "has_issues": true,
    "has_projects": true,
    "has_downloads": true,
    "has_wiki": true,
    "has_pages": true,
    "forks_count": 311,
    "archived": false,
    "disabled": false,
    "open_issues_count": 79,
    "forks": 311,
    "open_issues": 79,
    "watchers": 148,
    "default_branch": "master",
    "temp_clone_token": "",
    "network_count": 311,
    "subscribers_count": 168,
    "languages": {
        "Ruby": 10887968,
        "Shell": 15441
    }
}