{
    "date": "2019-12-20T17:58:54.615367",
    "commits": [
        {
            "title": "Add migration for ab_testing_home_page_version_b waffle flag",
            "flags": {
                "EMBER_AB_TESTING_HOME_PAGE_VERSION_B": "False"
            },
            "message": "Add migration for ab_testing_home_page_version_b waffle flag\n",
            "hash": "07d2ec39be958924497ca400807809848d783a40",
            "author": "Baylee Swenson <baylee@cos.io>",
            "date": "Wed Jul 10 06:27:44 2019"
        },
        {
            "title": "Temporarily waffle off all groups-related API endpoints.",
            "flags": {
                "OSF_GROUPS": "False"
            },
            "message": "Temporarily waffle off all groups-related API endpoints.\n",
            "hash": "135d05f8b2645cdf6201733261b4197feb6b9c7d",
            "author": "Dawn Pattison <pattison.dawn.r@gmail.com>",
            "date": "Mon May 6 12:52:30 2019"
        },
        {
            "title": "Merge pull request #8787 from Johnetordoff/wiki-embeds-work-for-quickfiles",
            "flags": {
                "STORAGE_USAGE": "False"
            },
            "message": "Merge pull request #8787 from Johnetordoff/wiki-embeds-work-for-quickfiles\n\n[PLAT-749] Allow embedding Quick Files in a wiki\n",
            "hash": "66f014c1ec6c11440e6832cb2f6056ae5b25e1f2",
            "merge": "2eba5e2e66 d5ffd02a3e",
            "author": "Dawn Pattison <pattisdr@users.noreply.github.com>",
            "date": "Wed Mar 6 11:28:13 2019"
        },
        {
            "title": "Remove DOI switches no longer in use.",
            "flags": {
                "EZID_SWITCH": "removed",
                "DISABLE_DATACITE_DOIS": "removed"
            },
            "message": "Remove DOI switches no longer in use.\n\n* Add custom operation to delete waffle switches.\n",
            "hash": "ce2ac91598d7adc148ebe9e3c9b65f83749fa133",
            "author": "Casey Rollins <case.rollins@gmail.com>",
            "date": "Sat Dec 15 12:48:50 2018"
        },
        {
            "title": "Add waffle switch for disabling Datacite DOI updates.",
            "flags": {
                "DISABLE_DATACITE_DOIS": "False"
            },
            "message": "Add waffle switch for disabling Datacite DOI updates.\n\n[PLAT-1273]\n",
            "hash": "3d9543d2ecfe2f07e14dfa1a8edcc8a967f13f21",
            "author": "Casey Rollins <case.rollins@gmail.com>",
            "date": "Thu Dec 13 11:01:05 2018"
        },
        {
            "title": "Merge pull request #8796 from Johnetordoff/winddown-prereg-schema",
            "flags": {
                "ENABLE_INACTIVE_SCHEMAS": "False"
            },
            "message": "Merge pull request #8796 from Johnetordoff/winddown-prereg-schema\n\n[PLAT-1178][PLAT-1179] Create \"OSF Preregistration\" Registration Schema and Waffle Switch",
            "hash": "e1e6c06f2601c9a9ced38cc4cfcc9746fae5e953",
            "merge": "4aefe0d64a 3308c5035d",
            "author": "Casey Rollins <case.rollins@gmail.com>",
            "date": "Wed Nov 28 13:06:28 2018"
        },
        {
            "title": "Merge branch 'feature/prereg-winddown' into registration-schema-filter-active",
            "flags": {
                "ENABLE_INACTIVE_SCHEMAS": "False"
            },
            "message": "Merge branch 'feature/prereg-winddown' into registration-schema-filter-active",
            "hash": "02b44e4bd76a64752c12b7f5f93a0c2ed68da857",
            "merge": "468c4db860 c2cff29ff3",
            "author": "Casey Rollins <case.rollins@gmail.com>",
            "date": "Tue Nov 27 06:43:04 2018"
        },
        {
            "title": "Merge branch 'develop' of https://github.com/CenterForOpenScience/osf.io into winddown-prereg-schema",
            "flags": {
                "OSF_PREREGISTRATION": "False"
            },
            "message": "Merge branch 'develop' of https://github.com/CenterForOpenScience/osf.io into winddown-prereg-schema\n\n* 'develop' of https://github.com/CenterForOpenScience/osf.io: (47 commits)\n  Bump django-elasticsearch-metrics\n  Fix validation of fileId\n  Fix seenBy validation\n  Make pre-commit happy by removing trailing whitespace\n  Co-locate remaining flags/switches strings to osf/features.py.\n  fix tests for new multiselect behavior\n  make sure we don't follow node links that register their own parents, when recursively registering registration children.\n  Update PULL_REQUEST_TEMPLATE.md\n  uncomment draft validation and user log exceptions for registrations.\n  fix multi-select validation problem for jsonschema\n  Temporarily disable draft reg validation\n  Bump version and update changelog\n  Add merge migration\n  change format for returning registration links to fit partial reg frontend\n  display orphan file registration messages on front-end\n  fix for multi-level questions\n  add test to validate orphan files for draft registrations\n  move create method to registration create serializer and add check for orphan files\n  remove schema update function\n  remove remove_schemas\n  ...\n\n# Conflicts:\n#\tosf/features.py\n",
            "hash": "b4a295d488d8ce7f33a0ecf4aabc61519186d7a5",
            "merge": "8a213eb7d8 3f978c0ff0",
            "author": "John Tordoff <john@cos.io>",
            "date": "Mon Nov 26 06:16:38 2018"
        },
        {
            "title": "Co-locate remaining flags/switches strings to osf/features.py.",
            "flags": {
                "ENFORCE_CSRF": "False",
                "EZID_SWITCH": "False",
                "INSTITUTIONAL_LANDING_FLAG": "False",
                "STORAGE_I18N": "False",
                "EMBER_REGISTRIES_DETAIL_PAGE": "False"
            },
            "message": "Co-locate remaining flags/switches strings to osf/features.py.\n\n- Expose constants in global mako context.\n",
            "hash": "0d22d4d6591493ea9bc32d456d99836347600551",
            "author": "Dawn Pattison <pattison.dawn.r@gmail.com>",
            "date": "Mon Nov 19 08:07:56 2018"
        },
        {
            "title": "refactor inactive registration schema filter name",
            "flags": {
                "FILTER_REG_SCHEMAS_ON_ACTIVE": "removed",
                "ENABLE_INACTIVE_SCHEMAS": "False"
            },
            "message": "refactor inactive registration schema filter name\n",
            "hash": "b2e2afced08ec56c52602d164c533610f13feb3b",
            "author": "John Tordoff <john@cos.io>",
            "date": "Fri Nov 9 09:06:33 2018"
        },
        {
            "title": "feature-ize osf preregistration",
            "flags": {
                "OSF_PREREGISTRATION": "False"
            },
            "message": "feature-ize osf preregistration\n",
            "hash": "a1edd64030e3b61756577545a17f2c193f64fe55",
            "author": "John Tordoff <john@cos.io>",
            "date": "Wed Nov 7 13:02:48 2018"
        },
        {
            "title": "feature-ize registration schemas filter switch and override it for tests",
            "flags": {
                "FILTER_REG_SCHEMAS_ON_ACTIVE": "False"
            },
            "message": "feature-ize registration schemas filter switch and override it for tests\n",
            "hash": "cbaf0c3a964bd3ad1bf93d986c7d371eb4f5c80b",
            "author": "John Tordoff <john@cos.io>",
            "date": "Wed Nov 7 12:40:09 2018"
        },
        {
            "title": "Use waffle switch instead of settings flag",
            "flags": {
                "ELASTICSEARCH_METRICS": "False"
            },
            "message": "Use waffle switch instead of settings flag\n",
            "hash": "3a8d3b838a24900b58a408b44aaf47a9d37454f1",
            "author": "Steven Loria <sloria1@gmail.com>",
            "date": "Wed Oct 17 11:17:23 2018"
        },
        {
            "title": "Add ember_auth_register waffle flag",
            "flags": {
                "EMBER_AUTH_REGISTER": "False"
            },
            "message": "Add ember_auth_register waffle flag\n",
            "hash": "aca5afdecd661b88e71f807b206b34b3cbd739f9",
            "author": "James C. Davis <james@cos.io>",
            "date": "Fri Sep 14 09:00:52 2018"
        },
        {
            "title": "Move ember waffle flags to osf.features",
            "flags": {
                "EMBER_CREATE_DRAFT_REGISTRATION": "False",
                "EMBER_EDIT_DRAFT_REGISTRATION": "False",
                "EMBER_FILE_DETAIL": "False",
                "EMBER_MEETINGS": "False",
                "EMBER_MEETING_DETAIL": "False",
                "EMBER_MY_PROJECTS": "False",
                "EMBER_PROJECT_ANALYTICS": "False",
                "EMBER_PROJECT_CONTRIBUTORS": "False",
                "EMBER_PROJECT_DETAIL": "False",
                "EMBER_PROJECT_FILES": "False",
                "EMBER_PROJECT_FORKS": "False",
                "EMBER_PROJECT_REGISTRATIONS": "False",
                "EMBER_PROJECT_SETTINGS": "False",
                "EMBER_PROJECT_WIKI": "False",
                "EMBER_REGISTRATION_FORM_DETAIL": "False",
                "EMBER_SEARCH_PAGE": "False",
                "EMBER_USER_PROFILE": "False",
                "EMBER_USER_SETTINGS": "False",
                "EMBER_USER_SETTINGS_ACCOUNTS": "False",
                "EMBER_USER_SETTINGS_ADDONS": "False",
                "EMBER_USER_SETTINGS_APPS": "False",
                "EMBER_USER_SETTINGS_NOTIFICATIONS": "False",
                "EMBER_USER_SETTINGS_TOKENS": "False"
            },
            "message": "Move ember waffle flags to osf.features\n",
            "hash": "534857b5d05578af59b066a93c0879a442209ce8",
            "author": "Abram Booth <abram@cos.io>",
            "date": "Wed Oct 3 08:47:55 2018"
        },
        {
            "title": "Disable engagement emails if switch is active.",
            "flags": {
                "DISABLE_ENGAGEMENT_EMAILS": "False"
            },
            "message": "Disable engagement emails if switch is active.\n",
            "hash": "ae1baa777219dee0ed288523bab09dafa9ebf52e",
            "author": "Casey Rollins <case.rollins@gmail.com>",
            "date": "Wed Sep 19 13:29:53 2018"
        }
    ]
}