{
    "id": 10199599,
    "node_id": "MDEwOlJlcG9zaXRvcnkxMDE5OTU5OQ==",
    "name": "osf.io",
    "full_name": "CenterForOpenScience/osf.io",
    "private": false,
    "description": "Facilitating Open Science",
    "fork": false,
    "created_at": "2013-05-21T15:53:37Z",
    "updated_at": "2019-12-17T23:18:10Z",
    "pushed_at": "2019-12-20T19:32:51Z",
    "homepage": "https://osf.io",
    "size": 187293,
    "stargazers_count": 514,
    "watchers_count": 514,
    "language": "Python",
    "has_issues": true,
    "has_projects": true,
    "has_downloads": true,
    "has_wiki": false,
    "has_pages": false,
    "forks_count": 275,
    "archived": false,
    "disabled": false,
    "open_issues_count": 252,
    "forks": 275,
    "open_issues": 252,
    "watchers": 514,
    "default_branch": "develop",
    "temp_clone_token": "",
    "network_count": 275,
    "subscribers_count": 52,
    "languages": {
        "Python": 10568652,
        "JavaScript": 1792442,
        "Mako": 654848,
        "HTML": 317814,
        "CSS": 92773,
        "Jupyter Notebook": 41326,
        "VCL": 13885,
        "Dockerfile": 5724
    }
}