{
    "date": "2019-12-20T17:58:08.548838",
    "commits": [
        {
            "title": "Delay deprecation of `bundle config` and `bundle update` without args",
            "flags": {
                "update_requires_all_flag": "False"
            },
            "message": "Delay deprecation of `bundle config` and `bundle update` without args\n",
            "hash": "89f12a9fc0f3b872c319c3138da424d89cc70026",
            "author": "David Rodr\u00edguez",
            "date": "Tue Dec 10 01:21:07 2019"
        },
        {
            "title": "Remove `cache_command_is_package` feature flag",
            "flags": {
                "cache_command_is_package": "removed"
            },
            "message": "Remove `cache_command_is_package` feature flag\n\nSo that we handle the removal of `bundle cache` just like we'll handle\nthe removal of `bundle show` and `bundle console`.\n",
            "hash": "ff1a669efb74d79fdbc5fc1bf15e44853048b9a5",
            "author": "David Rodr\u00edguez",
            "date": "Mon Jul 15 10:17:11 2019"
        },
        {
            "title": "Remove global_path_appends_ruby_scope setting",
            "flags": {
                "global_path_appends_ruby_scope": "removed"
            },
            "message": "Remove global_path_appends_ruby_scope setting\n\nThis is a bug fix, so it makes no sense to make it configurable. Also,\nthe fix is unlikely to cause problems other than maybe needing a fresh\n`bundle install` on some edge cases. So, let's ship the fix and remove\nthe setting.\n",
            "hash": "017e19f924827d9bd1019f82d605492463ad244d",
            "author": "David Rodr\u00edguez",
            "date": "Tue May 7 06:35:46 2019"
        },
        {
            "title": "Fully switch to https sources",
            "flags": {
                "skip_default_git_sources": "False"
            },
            "message": "Fully switch to https sources\n",
            "hash": "26d3a59f61b72d44973f14630c2d889b4ca00a71",
            "author": "David Rodr\u00edguez",
            "date": "Wed Apr 24 02:23:58 2019"
        },
        {
            "title": "Print errors to stderr by default, and remove configuration option",
            "flags": {
                "error_on_stderr": "removed"
            },
            "message": "Print errors to stderr by default, and remove configuration option\n",
            "hash": "bb0e13d6070a3082b7ef59cd8c7284f988335e91",
            "author": "Grey Baker",
            "date": "Tue Oct 9 02:00:31 2018"
        },
        {
            "title": "Merge #7113",
            "flags": {
                "init_gems_rb": "removed",
                "prefer_gems_rb": "removed"
            },
            "message": "Merge #7113\n\n7113: Make `init_gems_rb` a regular setting r=indirect a=deivid-rodriguez\n\n### What was the end-user problem that led to this PR?\r\n\r\nThe problem was that we have a feature flag to change the file name of the file where gems are defined from `Gemfile` to `gems.rb`, and it is unclear whether we will actually do this, and when.\r\n\r\n### What was your diagnosis of the problem?\r\n\r\nMy diagnosis was that a feature flag is not a good fit here. It's perfectly fine to configure this and allow users to use `gems.rb` by default for their gems, but we don't know when/if we will actually change the default so a plain setting feels better than a feature flag.\r\n\r\n### What is your fix for the problem, implemented in this PR?\r\n\r\nMy fix is to convert the `init_gems_rb` feature flag into a plain setting.\r\n\n\nCo-authored-by: David Rodr\u00edguez\n",
            "hash": "abc29c377f24554f7d3101cd5fd081cb1ec33a11",
            "merge": "0b5581c91 eaadb8d8c",
            "author": "Bundlerbot",
            "date": "Thu Apr 11 18:06:51 2019"
        },
        {
            "title": "Remove `prefer_gems_rb` setting",
            "flags": {
                "prefer_gems_rb": "removed"
            },
            "message": "Remove `prefer_gems_rb` setting\n\nIn my opinion, it's overkill to provide a setting for how little this\nsetting was doing. Both types of Gemfile are supported and work\nregardless of this setting. The only difference this setting would make\nis the warning message one would get when having _both_ types of\nGemfiles in the same project.\n\nI changed things so that gems.rb is always looked up first, and the\nwarning message in case you have both always tells you to remove Gemfile\nand Gemfile.lock.\n",
            "hash": "147ff3f0f88bdf74791122ea31463c98a20bad06",
            "author": "David Rodr\u00edguez",
            "date": "Wed Apr 10 08:02:02 2019"
        },
        {
            "title": "Make `init_gems_rb` a regular setting",
            "flags": {
                "init_gems_rb": "removed"
            },
            "message": "Make `init_gems_rb` a regular setting\n\nI think it's nice that users can configure this and start using\n`gems.rb`. But there's no need to make this a feature flag and change\nits default value. Let's keep generating Gemfile's by default until we\nare ready, if we ever are.\n",
            "hash": "eaadb8d8c853fbc7cc04de503eaf447f7ecc6361",
            "author": "David Rodr\u00edguez",
            "date": "Wed Apr 10 08:21:10 2019"
        },
        {
            "title": "Move on to bundler 3",
            "flags": {
                "allow_bundler_dependency_conflicts": "False",
                "allow_offline_install": "False",
                "auto_clean_without_path": "False",
                "auto_config_jobs": "False",
                "cache_all": "False",
                "cache_command_is_package": "False",
                "default_install_uses_path": "False",
                "deployment_means_frozen": "False",
                "global_path_appends_ruby_scope": "False",
                "global_gem_cache": "False",
                "init_gems_rb": "False",
                "only_update_to_newer_versions": "False",
                "path_relative_to_cwd": "False",
                "prefer_gems_rb": "False",
                "print_only_version_number": "False",
                "setup_makes_kernel_gem_public": "False",
                "specific_platform": "False",
                "suppress_install_using_messages": "False",
                "unlock_source_unlocks_spec": "False",
                "use_gem_version_promoter_for_major_updates": "False"
            },
            "message": "Move on to bundler 3\n\n* Drop bundler 1 stuff from tests.\n* Move all feature flags to bundler 3 (like they are in 2-0-stable) and\nget them tested.\n",
            "hash": "b9baa34673b96419410bd7c61d379bc8c89d798e",
            "author": "David Rodr\u00edguez",
            "date": "Thu Apr 4 13:23:44 2019"
        },
        {
            "title": "Move multiple global source removal to bundler 3",
            "flags": {
                "disable_multisource": "False"
            },
            "message": "Move multiple global source removal to bundler 3\n\nAnd fix specs.\n",
            "hash": "507d56c6ec86566122bd247cd003e48e91da0d4f",
            "author": "David Rodr\u00edguez",
            "date": "Fri Apr 5 08:10:31 2019"
        },
        {
            "title": "Merge multisource related settings",
            "flags": {
                "lockfile_uses_separate_rubygems_sources": "removed"
            },
            "message": "Merge multisource related settings\n",
            "hash": "ccc4fa9422492467cbcab356786e2c55975ff84e",
            "author": "David Rodr\u00edguez",
            "date": "Fri Apr 5 04:31:49 2019"
        },
        {
            "title": "Remove `list_command` setting",
            "flags": {
                "list_command": "removed"
            },
            "message": "Remove `list_command` setting\n\nThe list command was still present (just aliased to `bundle show`), even\nif the setting was set to false. So the setting was at least super\nconfusing if not just wrong.\n\nIt also led to misleading situations such as\n\n```\n$ bundle list --help\n\n(...)\n\nNAME\n       bundle-list - List all the gems in the bundle\n\nSYNOPSIS\n       bundle list [--name-only] [--paths] [--without-group=GROUP] [--only-group=GROUP]\n\n(...)\n\n$ bundle list --only-group=development\nUnknown switches '--only-group=development'\n```\n\nSo, instead, I enable the new list command _always_ and remove the\n`bundle list => bundle show` alias.\n",
            "hash": "f876e820ec204a2010d64a73e4f7e84b4d79e7ea",
            "author": "David Rodr\u00edguez",
            "date": "Sat Mar 30 03:58:45 2019"
        },
        {
            "title": "Move `bundle list` addition to bundler 3",
            "flags": {
                "list_command": "False"
            },
            "message": "Move `bundle list` addition to bundler 3\n",
            "hash": "782bd183a538fa1d2994473ee0461804bc9e48bb",
            "author": "David Rodr\u00edguez",
            "date": "Sat Mar 30 03:36:18 2019"
        },
        {
            "title": "Remove `console_command` setting",
            "flags": {
                "console_command": "removed"
            },
            "message": "Remove `console_command` setting\n\nThis setting is not meant to be used by end users. The `console` command\nis going away and we plan to fully remove the code once we only have to\nmaintain bundler 3 or higher versions. Adding a setting makes it look\nlike the presence of this command is something \"configurable\", but it's\nnot.\n",
            "hash": "714d2c7b440ad45d6aa8d503ffee3a4e941fecfe",
            "author": "David Rodr\u00edguez",
            "date": "Sun Mar 31 02:35:36 2019"
        },
        {
            "title": "Remove `viz_command` setting",
            "flags": {
                "viz_command": "removed"
            },
            "message": "Remove `viz_command` setting\n\nThis setting is not meant to be used by end users. The `viz` command is\ngoing away and we plan to fully remove the code once we only have to\nmaintain bundler 3 or higher versions. Adding a setting makes it look\nlike the presence of this command is something \"configurable\", but it's\nnot.\n",
            "hash": "c36113befda160b7efeb4bbb60258006dd65848f",
            "author": "David Rodr\u00edguez",
            "date": "Sun Mar 31 02:32:44 2019"
        },
        {
            "title": "Test and fix `bundle viz` command deprecation",
            "flags": {
                "viz_command": "False"
            },
            "message": "Test and fix `bundle viz` command deprecation\n",
            "hash": "5da7195b52e2508c04d5c53bd91cce08cce5ddb0",
            "author": "David Rodr\u00edguez",
            "date": "Thu Mar 14 04:29:10 2019"
        },
        {
            "title": "Deprecate a bunch of flags in bundler 2",
            "flags": {
                "forget_cli_options": "False"
            },
            "message": "Deprecate a bunch of flags in bundler 2\n\nUnder the previous code, once we stop remembering options, these flags\nwould be automatically removed without deprecation. Instead, first\ndeprecate the options in bundler 2, then remove them and stop\nremembering them in bundler 3.\n",
            "hash": "6032328d706f3e6eb76cf52bd707655f93464fdc",
            "author": "David Rodr\u00edguez",
            "date": "Thu Feb 21 09:07:08 2019"
        },
        {
            "title": "Delay custom sources deprecation to bundler 3",
            "flags": {
                "skip_default_git_sources": "False"
            },
            "message": "Delay custom sources deprecation to bundler 3\n\nAnd thus its removal even further.\n",
            "hash": "8cbbb3985607bbfffa2d26666da163631c4c5acd",
            "author": "David Rodr\u00edguez",
            "date": "Fri Mar 1 03:43:58 2019"
        },
        {
            "title": "Delay git sources removal to bundler 3 (for now)",
            "flags": {
                "skip_default_git_sources": "False"
            },
            "message": "Delay git sources removal to bundler 3 (for now)\n\nThis allows us to get most of the DSL related deprecation specs passing.\n",
            "hash": "e49c588a33eb391b0c5f098ec2cf1352954015ec",
            "author": "David Rodr\u00edguez",
            "date": "Fri Mar 1 03:36:22 2019"
        },
        {
            "title": "Delay `bundle console` removal to bundler 3",
            "flags": {
                "console_command": "False"
            },
            "message": "Delay `bundle console` removal to bundler 3\n",
            "hash": "a30cd4b6f4c92372b9c8581eec6e38fb5c610c59",
            "author": "David Rodr\u00edguez",
            "date": "Tue Feb 26 13:24:46 2019"
        },
        {
            "title": "Delay requiring --all to update everything to bundler 3",
            "flags": {
                "update_requires_all_flag": "False"
            },
            "message": "Delay requiring --all to update everything to bundler 3\n\nSince we haven't even yet deprecated the old behavior.\n",
            "hash": "f89bca863fdaec498d19b2aabe88653a5c585d84",
            "author": "David Rodr\u00edguez",
            "date": "Wed Feb 20 06:56:01 2019"
        },
        {
            "title": "Remove major_deprecations feature flag",
            "flags": {
                "major_deprecations": "removed"
            },
            "message": "Remove major_deprecations feature flag\n\nLeave it as a setting with default true value.\n",
            "hash": "76c411d455cbca8cf6cd3dddf1488dd0310f0bd8",
            "author": "David Rodr\u00edguez",
            "date": "Tue Feb 19 01:09:43 2019"
        },
        {
            "title": "Turn on deprecations by default",
            "flags": {
                "major_deprecations": "False"
            },
            "message": "Turn on deprecations by default\n",
            "hash": "a6f593fe4d32ab2dde6ffd24a623dd8d1b783b5c",
            "author": "David Rodr\u00edguez",
            "date": "Thu Jan 24 13:26:55 2019"
        },
        {
            "title": "puts major upgrade warning under a feature flag",
            "flags": {
                "lockfile_upgrade_warning": "False"
            },
            "message": "puts major upgrade warning under a feature flag\n",
            "hash": "856da395b4920fcecb1375462e0fd899cb61f6bf",
            "author": "Colby Swandale",
            "date": "Sun Nov 4 02:38:20 2018"
        },
        {
            "title": "bump all bundler 2 features (except stderr) to bundler 3",
            "flags": {
                "allow_bundler_dependency_conflicts": "False",
                "allow_offline_install": "False",
                "auto_clean_without_path": "False",
                "auto_config_jobs": "False",
                "cache_all": "False",
                "cache_command_is_package": "False",
                "console_command": "False",
                "default_install_uses_path": "False",
                "deployment_means_frozen": "False",
                "disable_multisource": "False",
                "forget_cli_options": "False",
                "global_path_appends_ruby_scope": "False",
                "global_gem_cache": "False",
                "init_gems_rb": "False",
                "list_command": "False",
                "lockfile_uses_separate_rubygems_sources": "False",
                "only_update_to_newer_versions": "False",
                "path_relative_to_cwd": "False",
                "prefer_gems_rb": "False",
                "print_only_version_number": "False",
                "setup_makes_kernel_gem_public": "False",
                "skip_default_git_sources": "False",
                "specific_platform": "False",
                "suppress_install_using_messages": "False",
                "unlock_source_unlocks_spec": "False",
                "update_requires_all_flag": "False",
                "use_gem_version_promoter_for_major_updates": "False",
                "viz_command": "False"
            },
            "message": "bump all bundler 2 features (except stderr) to bundler 3\n",
            "hash": "b61a39143e8f3bc8e71553ae85a3d56bbc554dc0",
            "author": "Colby Swandale",
            "date": "Mon Oct 29 04:22:14 2018"
        },
        {
            "title": "Auto merge of #5964 - bundler:colby/deprecate-viz-command, r=segiddins",
            "flags": {
                "viz_command": "False"
            },
            "message": "Auto merge of #5964 - bundler:colby/deprecate-viz-command, r=segiddins\n\ndeprecate the bundle viz command\n\nThe `bundle viz` command is to been removed from bundler 2 and extracted into a plugin\n\nCloses #5180\n\nDeprecate the `bundle viz` command with an error explaining that a new gem will replace it's functionality.\n\n(cherry picked from commit dbb0aede6f16e1a252f9a49b48673bfc30bd1242)\n",
            "hash": "a61bc27974e31a4eccb5a9a3339b9a7aedf0572f",
            "author": "The Bundler Bot",
            "date": "Wed Sep 6 09:18:37 2017"
        },
        {
            "title": "Auto merge of #5986 - bundler:seg-jobs-count, r=indirect",
            "flags": {
                "auto_config_jobs": "False"
            },
            "message": "Auto merge of #5986 - bundler:seg-jobs-count, r=indirect\n\n[2.0] Auto-configure job count\n\nCloses https://github.com/bundler/bundler/pull/5808.\n\nThe description of that issue, copied verbatim:\n\nThis argument comes in two parts, but luckily, the first one is both easier to understand and hopefully to agree with.\n\nBackground: Bundler 1.4.0 added support for parallel installation via the `--jobs` param.  Soon after, [this blog post](http://archlever.blogspot.com/2013/09/lies-damned-lies-and-truths-backed-by.html) (probably greatly amplified by [this Thoughtbot blog post](https://robots.thoughtbot.com/parallel-gem-installing-using-bundler)) popularized the recommendation \"set `--jobs` to `nproc - 1`\".\n\nNot long after, probably also inspired by the popularity of this tip, this \"n - 1 jobs\" advice got codified into Bundler itself: https://github.com/bundler/bundler/commit/66acd02de593a6c7ee271bcbce3917eb3a01825a\n\nHowever, my assertion here is _Bundler should not do that_.\n\nThe first argument (the easy one) is just that it's not doing what the user asks for.  For all the people following the (seemingly popular) tip to set their jobs to `nproc - 1`, they're actually ending up with the probably-worse `- 2`.  Even worse than that, if a user does a conservative `--jobs 2`, they're getting _no benefit_ \u2014\u00a0Bundler is quietly taking their parallelization back down to \"no parallelization\".\n\nHopefully that's a sufficient argument on its own, but the part II is that this blanket advice is probably out-of-date anyway.\n\nUsing [this script](https://gist.github.com/tjschuck/ca1d37a8869d1cc01313171b4b318094), I repeatedly installed 29 gems (installing them to a `vendor/` dir and deleting it in between runs).  I averaged the time over 10 runs per --jobs value, but the trend holds regardless of how many runs you do.\n\nNote that these numbers are for a machine with 2 physical cores and 4 virtual ones (a Mac, reporting 2 and 4 respectively from `sysctl -n hw.physicalcpu` and `sysctl -n hw.ncpu`, the latter corresponding to Linux's `nproc`).\n\n```\n~/Code/tmp/bundler_jobs_bench \u2620  ./bundler_jobs_bench.sh\n\nInstalling 29 gems repeatedly...\n\n===============================================\nUsing Bundler version 1.15.1 (current release version)\n===============================================\n\n--jobs 1  5.58435780 seconds on average (across 10 runs)\n--jobs 2  5.35010690 seconds on average (across 10 runs)\n--jobs 3  3.93493610 seconds on average (across 10 runs)\n--jobs 4  3.86082760 seconds on average (across 10 runs)\n--jobs 5  3.24673650 seconds on average (across 10 runs)\n--jobs 6  3.49340190 seconds on average (across 10 runs)\n--jobs 7  3.26473430 seconds on average (across 10 runs)\n--jobs 8  3.34560500 seconds on average (across 10 runs)\n\n===============================================\nUsing development version (no more n - 1 jobs)\n===============================================\n\n--jobs 1  4.32629540 seconds on average (across 10 runs)\n--jobs 2  3.48100690 seconds on average (across 10 runs)\n--jobs 3  3.30937880 seconds on average (across 10 runs)\n--jobs 4  3.30868200 seconds on average (across 10 runs)\n--jobs 5  3.54932920 seconds on average (across 10 runs)\n--jobs 6  3.36123440 seconds on average (across 10 runs)\n--jobs 7  3.96490630 seconds on average (across 10 runs)\n--jobs 8  3.39955640 seconds on average (across 10 runs)\n```\n\nFrom the above, you can see:\n\n1. In the first block, no notable change between `--jobs 1` and `--jobs 2` \u2014\u00a0that's because they're currently the same.\n\n2. In both, a best time corresponding to the value that (effectively) matches nproc, _not_ nproc - 1.\n\n3. Regardless of nproc coming out best in this run, there is close enough performance among the range of `nproc - 1` through to `nproc * 2` that it doesn't seem like anything in particular (like the `- 1` removed in this commit) should be codified \u2014\u00a0people seeking to particularly optimize their bundler runtimes should do their own tweaking of the value, and it should be respected as given.\n\n(cherry picked from commit 4d5246d42374192696b89608fc08401f396550bc)\n",
            "hash": "2f935a52df75a05ff41bad86fa90647853ed59a3",
            "author": "The Bundler Bot",
            "date": "Wed Sep 6 13:45:07 2017"
        },
        {
            "title": "Auto merge of #5995 - bundler:seg-gvp-major, r=indirect",
            "flags": {
                "use_gem_version_promoter_for_major_updates": "False"
            },
            "message": "Auto merge of #5995 - bundler:seg-gvp-major, r=indirect\n\n[2.0] [Resolver] Use the GVP for major updates in 2.0\n\nThanks so much for the contribution!\nTo make reviewing this PR a bit easier, please fill out answers to the following questions.\n\nThe problem was @chrismo wants to start delegating all sorting to the GVP.\n\nMy diagnosis was to start doing that in 2.0.\n\nCloses https://github.com/bundler/bundler/issues/5993\n\nMy fix adds a feature flag.\n\n(cherry picked from commit a325b6d74f9d8db306f264c43bbe580ec0f1acc8)\n",
            "hash": "22f15209b87e0b0792c8a393549e1a10c963d59c",
            "author": "The Bundler Bot",
            "date": "Tue Sep 5 11:48:07 2017"
        },
        {
            "title": "Auto merge of #5803 - igorbozato:path_relative_to_pwd, r=indirect",
            "flags": {
                "path_relative_to_cwd": "False"
            },
            "message": "Auto merge of #5803 - igorbozato:path_relative_to_pwd, r=indirect\n\nMake `install --path` relative to the pwd\n\n### What was the end-user problem that led to this PR?\n\n> I ran the following\n>\n> bundle install --gemfile=src/main/webapp/WEB-INF/Gemfile --path ./target/bundler/ --standalone\n> and it generated the setup file in the following location target/bundler/bundler/setup.rb while it installed the gems in src/main/webapp/WEB-INF/target/bundler/. So it assumed that the --path was relative to the Gemfile instead of the PWD. It also created the .bundle/config in the WEB-INF folder.\n\nCloses #2048\n\n### Was was your diagnosis of the problem?\n\nAs discussed on the issue, the path is currently being relative to the Gemfile instead of the cwd.\n\n### What is your fix for the problem, implemented in this PR?\n\nMaking the path relative to the cwd if the new feature flag `path_relative_to_cwd` is set t true.\n\n### Why did you choose this fix out of the possible options?\n\nThis work was started by @agis (https://github.com/agis/bundler/commit/1da8a7021bdd9bbe76398dddec8bc499655666dd).\n\n(cherry picked from commit 406cdc44bcafd0d89820da0c3b039d08b31db67e)\n",
            "hash": "e09193328f055207c998292f1d293f75ea1e26d4",
            "author": "The Bundler Bot",
            "date": "Sun Sep 10 10:58:32 2017"
        },
        {
            "title": "Auto merge of #6628 - bundler:segiddins/bundler-2-global-path-ruby-scope, r=colby-swandale",
            "flags": {
                "global_path_appends_ruby_scope": "False"
            },
            "message": "Auto merge of #6628 - bundler:segiddins/bundler-2-global-path-ruby-scope, r=colby-swandale\n\n[Settings] Append the ruby scope on Bundler 2 with a global path setting\n\n### What was the end-user problem that led to this PR?\n\nThe problem was `bundle config path` behaving differently depending on whether the config is local or global was... confusing.\n\nCloses https://github.com/bundler/bundler/issues/6619#issuecomment-405460114.\n\n### What was your diagnosis of the problem?\n\nMy diagnosis was setting the `path` setting should be consistent, regardless of the level of configuration it is set at.\n\n### What is your fix for the problem, implemented in this PR?\n\nMy fix appends the \"ruby scope\" to the path when set globally on Bundler 2.\n\n### Why did you choose this fix out of the possible options?\n\nI chose this fix because it means users won't have to re-install gems when switching rubies with a global `BUNDLE_PATH` set.\n\n(cherry picked from commit 0fc64a60b9dfe2f5275f6001a34ea2bf078fd12c)\n",
            "hash": "328b1bdc747ee67f0b4888d2fcfb9f512e1d1924",
            "author": "The Bundler Bot",
            "date": "Tue Jul 31 02:50:18 2018"
        },
        {
            "title": "[Settings] Append the ruby scope on Bundler 2 with a global path setting",
            "flags": {
                "global_path_appends_ruby_scope": "False"
            },
            "message": "[Settings] Append the ruby scope on Bundler 2 with a global path setting\n",
            "hash": "946e801679f9279b917a0e4427be6f71a1535011",
            "author": "Samuel Giddins",
            "date": "Mon Jul 16 22:34:50 2018"
        },
        {
            "title": "Make `install --path` relative to the cwd",
            "flags": {
                "path_relative_to_cwd": "False"
            },
            "message": "Make `install --path` relative to the cwd\n",
            "hash": "c69452ecc970818cdabf045ce3c06ed8907aa559",
            "author": "Igor Bozato",
            "date": "Wed Jun 21 11:36:59 2017"
        },
        {
            "title": "Auto-configure job count in 2.0",
            "flags": {
                "auto_config_jobs": "False"
            },
            "message": "Auto-configure job count in 2.0\n\nAlso, stop subtracting 1 from the configured job count in 2.0\n",
            "hash": "c7a183c3b0397a16cc21661ffe924874f9b8bf0e",
            "author": "Samuel Giddins",
            "date": "Wed Aug 30 18:39:06 2017"
        },
        {
            "title": "deprecate the viz command in bundler 2",
            "flags": {
                "viz_command": "False"
            },
            "message": "deprecate the viz command in bundler 2\n",
            "hash": "0b0456249c0ec2d0dbc3cb56f58dba6b34e44f13",
            "author": "Colby Swandale",
            "date": "Thu Aug 31 06:09:05 2017"
        },
        {
            "title": "[Resolver] Use the GVP for major updates in 2.0",
            "flags": {
                "use_gem_version_promoter_for_major_updates": "False"
            },
            "message": "[Resolver] Use the GVP for major updates in 2.0\n",
            "hash": "41049f78412e2371a40cd677e34a7113e4885d01",
            "author": "Samuel Giddins",
            "date": "Thu Aug 31 15:57:28 2017"
        },
        {
            "title": "Automatically bundle clean without a path set on 2.0",
            "flags": {
                "auto_clean_without_path": "False",
                "default_install_uses_path": "False",
                "list_command": "False"
            },
            "message": "Automatically bundle clean without a path set on 2.0\n",
            "hash": "468993fbc4993f90ba780a2161c63c0bc3862255",
            "author": "Samuel Giddins",
            "date": "Sun Aug 20 14:28:22 2017"
        },
        {
            "title": "Completely remove the package --all option on 2.0 and force its behavior",
            "flags": {
                "cache_all": "False"
            },
            "message": "Completely remove the package --all option on 2.0 and force its behavior\n",
            "hash": "6101d6276bceb8bf0f687a3fdb5cbae3847e8598",
            "author": "Samuel Giddins",
            "date": "Mon Aug 28 07:48:10 2017"
        },
        {
            "title": "Auto merge of #5920 - bundler:colby/bundler-list, r=segiddins",
            "flags": {
                "print_only_version_number": "False",
                "list_command": "False"
            },
            "message": "Auto merge of #5920 - bundler:colby/bundler-list, r=segiddins\n\nimplement new list command\n\n### What was the end-user problem that led to this PR?\n\nWe're removing the `bundle show` command (which has been replaced with `bundle info`) but we should probably still have a command to list the gems in the bundle.\n\n### What was your diagnosis of the problem?\n\n`bundle show` has been marked as deprecated but a replacement for listing gems does not yet exist\n\n### What is your fix for the problem, implemented in this PR?\n\nAdd a new `bundle list` (including `ls` alias) that prints the gems in the bundle, this was taken from #4754\n",
            "hash": "619dc63a797986e49e19d48ceae3b249fa3d8a5f",
            "merge": "14e7da3db 5d22dbe1d",
            "author": "The Bundler Bot",
            "date": "Fri Aug 11 07:07:47 2017"
        },
        {
            "title": "implement new list command taken from bundler show",
            "flags": {
                "list_command": "False"
            },
            "message": "implement new list command taken from bundler show\n",
            "hash": "2c5dc254bbadd89e9a601c2f21976c733efdc1cb",
            "author": "Colby Swandale",
            "date": "Thu Aug 3 20:52:03 2017"
        },
        {
            "title": "[2.0] Print only version number from `bundler --version`",
            "flags": {
                "print_only_version_number": "False"
            },
            "message": "[2.0] Print only version number from `bundler --version`\n\nFix https://github.com/bundler/bundler/issues/4706.\n",
            "hash": "932732eb387e506248adcdcc9e078c9d7fc257ab",
            "author": "Koichi ITO",
            "date": "Mon Jul 31 21:25:10 2017"
        },
        {
            "title": "Default the install path to ./bundle in Bundler 2",
            "flags": {
                "default_install_uses_path": "False"
            },
            "message": "Default the install path to ./bundle in Bundler 2\n",
            "hash": "07fedc3f9ee972d5da43f8a77a162bf2c9ca4b1b",
            "author": "Samuel Giddins",
            "date": "Fri Jul 14 07:59:30 2017"
        },
        {
            "title": "Remove several CLI flags that need to be set via config in Bundler 2",
            "flags": {
                "forget_cli_options": "False"
            },
            "message": "Remove several CLI flags that need to be set via config in Bundler 2\n",
            "hash": "8a6400f421017462d87cfc9202c3d6cdaaec4d54",
            "author": "Samuel Giddins",
            "date": "Mon Jul 10 15:10:22 2017"
        },
        {
            "title": "[Settings] Stop remembering CLI options in Bundler 2",
            "flags": {
                "forget_cli_options": "False"
            },
            "message": "[Settings] Stop remembering CLI options in Bundler 2\n",
            "hash": "8ccf49c3b4a086f1e0cad2130dc30c04304175b7",
            "author": "Samuel Giddins",
            "date": "Thu Jun 22 15:20:43 2017"
        },
        {
            "title": "Use deployment instead of frozen as a setting on Bundler 2",
            "flags": {
                "deployment_means_frozen": "False"
            },
            "message": "Use deployment instead of frozen as a setting on Bundler 2\n",
            "hash": "6b2d04b892dfa9ac9b93d4cba80d59195d71449f",
            "author": "Samuel Giddins",
            "date": "Thu Jul 6 00:21:27 2017"
        },
        {
            "title": "Make Bundler.setup not make Kernel#gem public in Bundler 2",
            "flags": {
                "setup_makes_kernel_gem_public": "False"
            },
            "message": "Make Bundler.setup not make Kernel#gem public in Bundler 2\n",
            "hash": "b7387ed537274c061834bc466433dbd49aee0dd8",
            "author": "Samuel Giddins",
            "date": "Wed Jul 5 07:05:53 2017"
        },
        {
            "title": "Enable specific_platform by default on 2.0",
            "flags": {
                "specific_platform": "False"
            },
            "message": "Enable specific_platform by default on 2.0\n",
            "hash": "69fcbac01fc13c0fd1dd65cbf4cc81eb773c8914",
            "author": "Samuel Giddins",
            "date": "Sat Jun 24 18:28:52 2017"
        },
        {
            "title": "Auto merge of #5798 - bundler:seg-new-cache-is-package, r=indirect",
            "flags": {
                "cache_command_is_package": "False",
                "suppress_install_using_messages": "False"
            },
            "message": "Auto merge of #5798 - bundler:seg-new-cache-is-package, r=indirect\n\nUse the Package command for `bundle cache` on Bundler 2\n\n### What was the end-user problem that led to this PR?\n\nThe problem was the current `bundle cache` is obsolete.\n\n### Was was your diagnosis of the problem?\n\nMy diagnosis was we want `bundle package` to be `bundle cache`, but can't change the `cache` behavior due to backwards compatibility.\n\n### What is your fix for the problem, implemented in this PR?\n\nMy fix is to redirect `bundle cache` to `bundle package` on Bundler 2.\n\n### Why did you choose this fix out of the possible options?\n\nI chose this fix because it implements https://github.com/bundler/bundler/pull/4008 without breaking the current `bundle cache` command on master.\n",
            "hash": "bb1bee3b0810744225ef0f4d9f6c82641569f956",
            "merge": "e6403e870 5617bfb82",
            "author": "The Bundler Bot",
            "date": "Wed Jul 5 00:23:04 2017"
        },
        {
            "title": "Auto merge of #5790 - bundler:seg-suppress-using-messages, r=indirect",
            "flags": {
                "console_command": "False",
                "suppress_install_using_messages": "False"
            },
            "message": "Auto merge of #5790 - bundler:seg-suppress-using-messages, r=indirect\n\n[2.0] Suppress `Using \u2026` messages during installation when a version has not changed\n\n### What was the end-user problem that led to this PR?\n\nThe problem was that `bundle install` output can get very verbose, even when Bundler is not doing anything.\n\nSee https://github.com/bundler/bundler-features/issues/33.\n\n### Was was your diagnosis of the problem?\n\nMy diagnosis was that bundler was printing a bunch of `Using name (version)` messages, even when we were already using that gem at the same version.\n\n### What is your fix for the problem, implemented in this PR?\n\nMy fix is to introduce a feature flag (enabled by default on 2.0), that will only print those extra `Using` messages when `--verbose` is passed, and will continue to print them when there was an old version we can tell users about. Note that we still print a message when installing a gem for the first time.\n\n### Why did you choose this fix out of the possible options?\n\nI chose this fix because it was essentially what had been done in https://github.com/bundler/bundler/pull/3872, and allows for easy feature-flagging.\n",
            "hash": "955c131ceb3c6238babea4a65e9e35c534dd7ebf",
            "merge": "6aa1f3b89 762227012",
            "author": "The Bundler Bot",
            "date": "Tue Jul 4 19:43:55 2017"
        },
        {
            "title": "Use the Package command for `bundle cache` on Bundler 2",
            "flags": {
                "cache_command_is_package": "False"
            },
            "message": "Use the Package command for `bundle cache` on Bundler 2\n",
            "hash": "5617bfb82ccfd2b77af901473cecd32fce7cc54c",
            "author": "Samuel Giddins",
            "date": "Tue Jun 20 11:15:36 2017"
        },
        {
            "title": "Remove the console command in Bundler 2.0",
            "flags": {
                "console_command": "False"
            },
            "message": "Remove the console command in Bundler 2.0\n",
            "hash": "14fc45504de855e8103efbd70afe0b03768973d3",
            "author": "Samuel Giddins",
            "date": "Mon Jun 19 19:39:37 2017"
        },
        {
            "title": "Suppress `Using \u2026` messages during installation when a version has not changed",
            "flags": {
                "suppress_install_using_messages": "False"
            },
            "message": "Suppress `Using \u2026` messages during installation when a version has not changed\n",
            "hash": "2ab5d52646b75c6ff5b25ea70cfe797077be86db",
            "author": "Samuel Giddins",
            "date": "Mon Jun 19 13:42:02 2017"
        },
        {
            "title": "[DSL] Remove default git sources on 2.0",
            "flags": {
                "skip_default_git_sources": "False"
            },
            "message": "[DSL] Remove default git sources on 2.0\n",
            "hash": "5d257f1b3b2223a79db565948cefd9f4a5599c0a",
            "author": "Samuel Giddins",
            "date": "Tue Jun 27 08:39:34 2017"
        },
        {
            "title": "Auto merge of #5792 - bundler:seg-remove-rubygems-aggregate, r=segiddins",
            "flags": {
                "disable_multisource": "False",
                "global_gem_cache": "False",
                "lockfile_uses_separate_rubygems_sources": "False"
            },
            "message": "Auto merge of #5792 - bundler:seg-remove-rubygems-aggregate, r=segiddins\n\n[2.0] Remove RubyGems Aggregate & support transitive source pinning\n\n### What was the end-user problem that led to this PR?\n\nThe problem was that the resolver could resolve specs from _any_ of the sources specified in the Gemfile, even if that source had nothing to do with the spec in question. This was such a large security vulnerability that, when discovered, it warranted a CVE and its own minor release of Bundler.\n\nCloses #3671.\nCloses #3696.\nCloses #4059.\n\n### Was was your diagnosis of the problem?\n\nMy diagnosis was that we needed to get rid of the notion of a `rubygems aggregate` and enforce that specs could only come either from the source they were declared to come from (the top-level source if declared at the top-level of the Gemfile, else a scoped source), or a source that it transitively \"inherited\" from the gems that required it.\n\n### What is your fix for the problem, implemented in this PR?\n\nMy fix is to disable multiple top-level sources in the Gemfile, remove the RubyGems aggregate, and filter the sources gems could come from as described above.\n\n### Why did you choose this fix out of the possible options?\n\nI chose this fix because it allows doing the filtering in a reasonably performant manner, and refactors the way we handle sources to abstract some of the grossness in such a way that the machinations to make sure that all of the necessary gem info is downloaded is encapsulated into a single method, driven from the definition, rather than being specific to rubygems sources.\n\nSee https://github.com/bundler/bundler/pull/4714 and https://github.com/bundler/bundler/pull/4930 for the prior implementation.\n",
            "hash": "87352ed7b1891cab8314f2b5c7e64edac1bb822b",
            "merge": "ff4a522e8 4dcd33379",
            "author": "The Bundler Bot",
            "date": "Tue Jun 27 14:48:42 2017"
        },
        {
            "title": "Put the global gem cache behind a feature flag",
            "flags": {
                "global_gem_cache": "False"
            },
            "message": "Put the global gem cache behind a feature flag\n",
            "hash": "2c9f3272b9107e0c090ce472e4437f8b614e2d4f",
            "author": "Samuel Giddins",
            "date": "Fri Jun 16 19:02:47 2017"
        },
        {
            "title": "Disable mutisource gemfiles by default on 2.0",
            "flags": {
                "disable_multisource": "False"
            },
            "message": "Disable mutisource gemfiles by default on 2.0\n",
            "hash": "1e23246902f950a3fa4132d2effaea47c723d51c",
            "author": "Samuel Giddins",
            "date": "Wed Jun 14 11:11:22 2017"
        },
        {
            "title": "Add a feature flag for the lockfile using separate RubyGems sources",
            "flags": {
                "lockfile_uses_separate_rubygems_sources": "False"
            },
            "message": "Add a feature flag for the lockfile using separate RubyGems sources\n",
            "hash": "93fd9826f1b0a428175f6c76d8e33d6afc900497",
            "author": "Samuel Giddins",
            "date": "Wed Jun 14 10:47:28 2017"
        },
        {
            "title": "Auto merge of #5725 - bundler:seg-default-command, r=indirect",
            "flags": {
                "allow_bundler_dependency_conflicts": "False",
                "only_update_to_newer_versions": "False",
                "plugins": "False",
                "prefer_gems_rb": "False",
                "unlock_source_unlocks_spec": "False",
                "update_requires_all_flag": "False"
            },
            "message": "Auto merge of #5725 - bundler:seg-default-command, r=indirect\n\nDefault to printing a help message when `bundle` is run without arguments on 2.0\n\n### What was the end-user problem that led to this PR?\n\nThe problem was that users unfamiliar with Bundler would run `bundle` and either install gems (if in a directory with a gemfile), or else get the error `Could not locate Gemfile`. You'd need to know to run `bundle help` or `bundle -h` to get the man page, and even that could be overwhelming (not to mention turfing you into a pager).\n\n### Was was your diagnosis of the problem?\n\nMy diagnosis was that we ought to print some form of help when the bare `bundle` command is run, rather than defaulting to running `bundle install`.\n\nThis work was prompted by https://trello.com/c/OpuOdTZl/112-print-help-when-bundle-is-run-without-arguments, and is an improvement (rather than a straight port) on https://github.com/bundler/bundler/pull/3831.\n\n### What is your fix for the problem, implemented in this PR?\n\nMy fix was to print the following help output when the CLI is invoked without arguments, contingent upon a feature flag.\n\n```\nBundler version 1.15.1\n\nCommands:\n  bundle add GEM VERSION            # Add gem to Gemfile and run bundle install\n  bundle binstubs GEM [OPTIONS]     # Install the binstubs of the listed gem\n  bundle check [OPTIONS]            # Checks if the dependencies listed in Gemfile are satisfied by currently installed gems\n  bundle clean [OPTIONS]            # Cleans up unused gems in your bundler directory\n  bundle config NAME [VALUE]        # retrieve or set a configuration value\n  bundle console [GROUP]            # Opens an IRB session with the bundle pre-loaded\n  bundle doctor [OPTIONS]           # Checks the bundle for common problems\n  bundle env                        # Print information about the environment Bundler is running under\n  bundle exec [OPTIONS]             # Run the command in context of the bundle\n  bundle gem GEM [OPTIONS]          # Creates a skeleton for creating a rubygem\n  bundle help [COMMAND]             # Describe available commands or one specific command\n  bundle help [COMMAND]             # Describe subcommands or one specific subcommand\n  bundle info GEM [OPTIONS]         # Show information for the given gem\n  bundle init [OPTIONS]             # Generates a Gemfile into the current working directory\n  bundle inject GEM VERSION         # Add the named gem, with version requirements, to the resolved Gemfile\n  bundle install PLUGINS            # Install the plugin from the source\n  bundle install [OPTIONS]          # Install the current environment to the system\n  bundle issue                      # Learn how to report an issue in Bundler\n  bundle licenses                   # Prints the license of all gems in the bundle\n  bundle lock                       # Creates a lockfile without installing\n  bundle open GEM                   # Opens the source directory of the given bundled gem\n  bundle outdated GEM [OPTIONS]     # list installed gems with newer versions available\n  bundle package [OPTIONS]          # Locks and then caches all of the gems into vendor/cache\n  bundle platform [OPTIONS]         # Displays platform compatibility information\n  bundle plugin SUBCOMMAND ...ARGS  # manage the bundler plugins\n  bundle pristine                   # Restores installed gems to pristine condition from files located in the gem cache. Gem installed from a git repository will be issued `git checkout --force`.\n  bundle show GEM [OPTIONS]         # Shows all gems that are part of the bundle, or the path to a given gem\n  bundle update [OPTIONS]           # update the current environment\n  bundle version                    # Prints the bundler's version information\n  bundle viz [OPTIONS]              # Generates a visual dependency graph\n\nOptions:\n      [--no-color]                 # Disable colorization in output\n  -r, [--retry=NUM]                # Specify the number of times you wish to attempt network commands\n  -V, [--verbose], [--no-verbose]  # Enable verbose output mode\n```\n\n### Why did you choose this fix out of the possible options?\n\nI chose this fix because it aligns the Bundler CLI with many other package managers that display a help message of some sort when invoked without arguments:\n\n- CocoaPods\n- npm\n- RubyGems\n- Homebrew\n- pip\n- Swift Package Manager\n- Carthage\n- Cargo\n\nAnd unlike the following, which _do_ install by default:\n\n- yarn\n\nAs to the particular format of the help printed, I thought something concise would be less disruptive than the full man page.\n\nImprovements to the output would be welcome, this is just using the Thor default right now but we can easily implement our own. This will require test coverage, but I thought I'd hold off until the general change got some buy-in.\n",
            "hash": "af5c9d95d0b06b1148cce53366adc8acc93dd43a",
            "merge": "7a76c3555 55d72833d",
            "author": "The Bundler Bot",
            "date": "Thu Jun 22 18:34:03 2017"
        },
        {
            "title": "Allow conflicts between bundler dependencies and the current bundler version",
            "flags": {
                "allow_bundler_dependency_conflicts": "False"
            },
            "message": "Allow conflicts between bundler dependencies and the current bundler version\n",
            "hash": "589eab292abd4952fb02815597d2ecf4e1d41fde",
            "author": "Samuel Giddins",
            "date": "Mon Jun 19 09:59:34 2017"
        },
        {
            "title": "Add a feature flag for `bundle update \u2014source NAME` not unlocking a gem with that name",
            "flags": {
                "unlock_source_unlocks_spec": "False"
            },
            "message": "Add a feature flag for `bundle update \u2014source NAME` not unlocking a gem with that name\n",
            "hash": "8d94491dcebc10e1a354f37501beacea8511272d",
            "author": "Samuel Giddins",
            "date": "Thu Jun 15 14:05:47 2017"
        },
        {
            "title": "Add a feature flag to prefer gems.rb to Gemfile",
            "flags": {
                "prefer_gems_rb": "False"
            },
            "message": "Add a feature flag to prefer gems.rb to Gemfile\n\nWith `prefer_gems_rb` set (by default on 2.0), Bundler will prefer a `gems.rb` that is in the same directory as a `Gemfile`\n",
            "hash": "5f6a5b3766d9d0b7ad519e68b10eeb08541283e5",
            "author": "Samuel Giddins",
            "date": "Tue Jun 13 13:06:31 2017"
        },
        {
            "title": "Add `\u2014all` flag to `bundle update`",
            "flags": {
                "only_update_to_newer_versions": "False",
                "plugins": "False",
                "update_requires_all_flag": "False"
            },
            "message": "Add `\u2014all` flag to `bundle update`\n\nAnd require it on 2+\n",
            "hash": "e9cf5df06df18255ff322ba770d19abc4a76db75",
            "author": "Samuel Giddins",
            "date": "Wed Jun 14 08:10:36 2017"
        },
        {
            "title": "rename feature flag to `init_gems_rb` and PR feedback",
            "flags": {
                "new_gemfile_name": "removed",
                "init_gems_rb": "False"
            },
            "message": "rename feature flag to `init_gems_rb` and PR feedback\n",
            "hash": "61f6f2a9113cf3facb1027606d2431a8bce8100d",
            "author": "Colby Swandale",
            "date": "Sun Jun 4 17:48:06 2017"
        },
        {
            "title": "generate gems.rb in bundle init with feature flag",
            "flags": {
                "new_gemfile_name": "False"
            },
            "message": "generate gems.rb in bundle init with feature flag\n",
            "hash": "581f0cde1a60e1a6c300ae4028acf476723ca2ce",
            "author": "Colby Swandale",
            "date": "Sun Jun 4 03:36:49 2017"
        },
        {
            "title": "stderr feature flag is notw error_on_stderr",
            "flags": {
                "stderr": "removed",
                "error_on_stderr": "False"
            },
            "message": "stderr feature flag is notw error_on_stderr\n",
            "hash": "0be134195bcb1b79b598def4333e36d7eac9b35e",
            "author": "Colby Swandale",
            "date": "Tue May 16 14:58:19 2017"
        },
        {
            "title": "add print error to stderr feature",
            "flags": {
                "stderr": "False"
            },
            "message": "add print error to stderr feature\n",
            "hash": "2bbf8d7dc019eb0cd658a1d505d9cbfe015a066a",
            "author": "Colby Swandale",
            "date": "Tue May 16 03:05:58 2017"
        },
        {
            "title": "Default allow_offline_install and only_update_to_newer_versions to true on 2.0",
            "flags": {
                "allow_offline_install": "False",
                "plugins": "False",
                "only_update_to_newer_versions": "False"
            },
            "message": "Default allow_offline_install and only_update_to_newer_versions to true on 2.0\n",
            "hash": "23a17444609e469a05b6082ac0b7d799194dcb94",
            "author": "Samuel Giddins",
            "date": "Thu Sep 22 03:02:53 2016"
        },
        {
            "title": "Add FeatureFlag class",
            "flags": {
                "allow_offline_install": "False",
                "plugins": "False"
            },
            "message": "Add FeatureFlag class\n\nMain use will be code showing what is true setting vs what is flagged\n\nAlso can be used to develop for future major versions without needing a separate dev branch\n",
            "hash": "4a787997c6fb9b520251cd10ce0f2bda4e1c0e64",
            "author": "Samuel Giddins",
            "date": "Thu Aug 18 13:32:12 2016"
        }
    ]
}