{
    "date": "2019-12-20T18:25:08.411719",
    "commits": [
        {
            "title": "Merge pull request #1516 from woocommerce/issue/1515-delete-dead-code",
            "flags": {
                "readonlyProductVariants": "False"
            },
            "message": "Merge pull request #1516 from woocommerce/issue/1515-delete-dead-code\n\nFeature Flag: delete dead code",
            "hash": "37ba91c6e0677d1c85ccb19e7fc6461fecd68503",
            "merge": "6afc848b 2ba01718",
            "author": "Thuy.Copeland <thuycopeland@gmail.com>",
            "date": "Mon Dec 2 09:06:42 2019"
        },
        {
            "title": "Add a feature flag for readonly Product variants.",
            "flags": {
                "readonlyProductVariants": "False"
            },
            "message": "Add a feature flag for readonly Product variants.\n",
            "hash": "219008e5e75d953fd1bead04c4b3758b7c2ce367",
            "author": "Jaclyn Chen <watertranquil@gmail.com>",
            "date": "Thu Nov 21 16:58:56 2019"
        },
        {
            "title": "Add feature flag for editing products.",
            "flags": {
                "editProducts": "False"
            },
            "message": "Add feature flag for editing products.\n",
            "hash": "235e734083d54c085c0228975ff7354c80023eb8",
            "author": "Jaclyn Chen <watertranquil@gmail.com>",
            "date": "Mon Nov 11 04:26:31 2019"
        },
        {
            "title": "Add a feature flag for refunds",
            "flags": {
                "refunds": "False"
            },
            "message": "Add a feature flag for refunds\n\n",
            "hash": "6172bf489eea2b07d0357cd61344090e3e57b18b",
            "author": "Thuy.Copeland <thuycopeland@gmail.com>",
            "date": "Fri Sep 27 13:05:11 2019"
        },
        {
            "title": "Revert \"Remove Stats feature flag\"",
            "flags": {
                "stats": "False"
            },
            "message": "Revert \"Remove Stats feature flag\"\n\nThis reverts commit c728ca138f2f8d0ccb27287c95c3ce5c6fdd13b9.\n",
            "hash": "9bd7f95d90b8cf7eee6d1b6abb6679083034b21f",
            "author": "Thuy.Copeland <thuycopeland@gmail.com>",
            "date": "Wed Sep 25 06:13:46 2019"
        },
        {
            "title": "Remove Stats feature flag",
            "flags": {
                "stats": "removed"
            },
            "message": "Remove Stats feature flag\n\n",
            "hash": "c728ca138f2f8d0ccb27287c95c3ce5c6fdd13b9",
            "author": "Thuy.Copeland <thuycopeland@gmail.com>",
            "date": "Wed Sep 25 06:13:46 2019"
        },
        {
            "title": "Merge branch 'develop' into issue/1206-reviews-ui",
            "flags": {
                "productList": "False",
                "reviews": "False"
            },
            "message": "Merge branch 'develop' into issue/1206-reviews-ui\n",
            "hash": "75fe91152577f3b9f2bdff01291ee10f8090d701",
            "merge": "e1250a02 cfcc036a",
            "author": "Cesar Tardaguila <2722505+ctarda@users.noreply.github.com>",
            "date": "Thu Sep 5 19:06:02 2019"
        },
        {
            "title": "Merge branch 'issue/1268-service-locator-feature-flag-service' into issue/1261-products-tab-feature-flag",
            "flags": {
                "productList": "False"
            },
            "message": "Merge branch 'issue/1268-service-locator-feature-flag-service' into issue/1261-products-tab-feature-flag\n\n# Conflicts:\n#\tWooCommerce/Classes/System/FeatureFlag.swift\n#\tWooCommerce/WooCommerce.xcodeproj/project.pbxproj\n",
            "hash": "6c038fddd6e79e269bcc4c542fb7b2a4e46ee3a7",
            "merge": "0021bdd8 b79efa6c",
            "author": "Jaclyn Chen <watertranquil@gmail.com>",
            "date": "Wed Sep 4 23:37:54 2019"
        },
        {
            "title": "Add feature flag for product list feature.",
            "flags": {
                "productList": "False"
            },
            "message": "Add feature flag for product list feature.\n",
            "hash": "2ccf3591957605bf9f5cf093a548d9731ed35d40",
            "author": "Jaclyn Chen <watertranquil@gmail.com>",
            "date": "Wed Sep 4 00:36:21 2019"
        },
        {
            "title": "Add a feature flag for reviews",
            "flags": {
                "reviews": "False"
            },
            "message": "Add a feature flag for reviews\n",
            "hash": "808da8e5eec1685f8c09d55a8dce7a3ec77e44df",
            "author": "Cesar Tardaguila <2722505+ctarda@users.noreply.github.com>",
            "date": "Mon Sep 2 19:19:57 2019"
        },
        {
            "title": "Add a feature flag for stats (#1078)",
            "flags": {
                "stats": "False"
            },
            "message": "Add a feature flag for stats (#1078)\n\n* Add a feature flag for stats\r\n\r\n* Add a comment\r\n",
            "hash": "2822ec7b7bb6a8a56e78e54841cd74c48bc52af6",
            "author": "Cesar Tardaguila <2722505+ctarda@users.noreply.github.com>",
            "date": "Thu Aug 1 02:20:40 2019"
        },
        {
            "title": "Remove Products feature flag",
            "flags": {
                "productDetails": "removed"
            },
            "message": "Remove Products feature flag\n\n",
            "hash": "53255a36d4378fac754a8873060479a13490e889",
            "author": "Thuy.Copeland <thuycopeland@gmail.com>",
            "date": "Fri Jun 14 13:13:25 2019"
        },
        {
            "title": "Remove feature flag for manual shipment tracking",
            "flags": {
                "manualShipmentTracking": "removed"
            },
            "message": "Remove feature flag for manual shipment tracking\n",
            "hash": "14631ae6560e53e59ce27e8d8395df513b08ec07",
            "author": "Cesar Tardaguila <2722505+ctarda@users.noreply.github.com>",
            "date": "Mon May 13 22:31:26 2019"
        },
        {
            "title": "Added productDetails feature flag",
            "flags": {
                "productDetails": "False"
            },
            "message": "Added productDetails feature flag\n",
            "hash": "3bfd97e74a2d58d3b1dea6c044a23113c850d1b7",
            "author": "Matt Bumgardner <matt.bumgardner@gmail.com>",
            "date": "Fri Apr 12 13:54:11 2019"
        },
        {
            "title": "Add feature flag",
            "flags": {
                "manualShipmentTracking": "False"
            },
            "message": "Add feature flag\n",
            "hash": "0014c20b8cb0e53a47270f61b7ba2476b5660542",
            "author": "Cesar Tardaguila <2722505+ctarda@users.noreply.github.com>",
            "date": "Wed Mar 20 20:48:46 2019"
        },
        {
            "title": "Remove feature flag. It should not have made it into this PR",
            "flags": {
                "manualTracking": "removed"
            },
            "message": "Remove feature flag. It should not have made it into this PR\n",
            "hash": "84b634672035e51d79282a3eea83ee883c69049f",
            "author": "Cesar Tardaguila <2722505+ctarda@users.noreply.github.com>",
            "date": "Thu Mar 14 18:15:02 2019"
        },
        {
            "title": "Add a feature flag to hide the UI elements",
            "flags": {
                "manualTracking": "False"
            },
            "message": "Add a feature flag to hide the UI elements\n",
            "hash": "8e39d9d57a1745e0916e0ffaee2aba1a97be0e4f",
            "author": "Cesar Tardaguila <2722505+ctarda@users.noreply.github.com>",
            "date": "Mon Mar 11 17:43:01 2019"
        },
        {
            "title": "Remove feature flag for app ratings",
            "flags": {
                "appReviewPrompt": "removed"
            },
            "message": "Remove feature flag for app ratings\n",
            "hash": "066d21e9d492134503084d861bbf26db73430add",
            "author": "Cesar Tardaguila <2722505+ctarda@users.noreply.github.com>",
            "date": "Mon Feb 18 22:51:33 2019"
        },
        {
            "title": "Implement FeatureFlag feature for hiding the app review prompt",
            "flags": {
                "appReviewPrompt": "False"
            },
            "message": "Implement FeatureFlag feature for hiding the app review prompt\n\n",
            "hash": "6d6e6eda3f85201d6b7a897ac353311f8d6f9bbb",
            "author": "Thuy.Copeland <thuycopeland@gmail.com>",
            "date": "Thu Jan 10 07:38:44 2019"
        }
    ]
}