{
    "id": 118771568,
    "node_id": "MDEwOlJlcG9zaXRvcnkxMTg3NzE1Njg=",
    "name": "woocommerce-ios",
    "full_name": "woocommerce/woocommerce-ios",
    "private": false,
    "description": "WooCommerce iOS app",
    "fork": false,
    "created_at": "2018-01-24T13:49:56Z",
    "updated_at": "2019-12-20T16:46:57Z",
    "pushed_at": "2019-12-20T16:46:51Z",
    "homepage": "https://www.woocommerce.com/mobile",
    "size": 21082,
    "stargazers_count": 42,
    "watchers_count": 42,
    "language": "Swift",
    "has_issues": true,
    "has_projects": true,
    "has_downloads": true,
    "has_wiki": true,
    "has_pages": false,
    "forks_count": 20,
    "archived": false,
    "disabled": false,
    "open_issues_count": 134,
    "forks": 20,
    "open_issues": 134,
    "watchers": 42,
    "default_branch": "develop",
    "temp_clone_token": "",
    "network_count": 20,
    "subscribers_count": 60,
    "languages": {
        "Swift": 3199184,
        "Ruby": 46087,
        "Python": 5786,
        "HTML": 2739,
        "Shell": 2615,
        "Smarty": 1537,
        "Objective-C": 1065,
        "C++": 489,
        "CSS": 381,
        "C": 276
    }
}