{
    "date": "2019-12-20T17:59:30.229199",
    "commits": [
        {
            "title": "qa first inventory can go BulkInitialInventoryActivity",
            "flags": {
                "feature_basic_products_in_inventory": "True"
            },
            "message": "qa first inventory can go BulkInitialInventoryActivity\n",
            "hash": "4e63612570ac0820d8545da3933c56d02c121a76",
            "author": "JingZhao",
            "date": "Wed Mar 13 19:56:59 2019"
        },
        {
            "title": "US28 - SM/SR - Add the feature_patient_data toggle in main and qa",
            "flags": {
                "feature_patient_data": "False"
            },
            "message": "US28 - SM/SR - Add the feature_patient_data toggle in main and qa\n",
            "hash": "b6281b6cbd2f55a89fdc1724ca5944ee5b404323",
            "author": "SamMolina",
            "date": "Mon Sep 25 11:20:08 2017"
        },
        {
            "title": "US52 DY/GR Adds the basic functionality (layout, adapter, texts, activity) for the bulk basic products screen. Adds node-modules folder and package-lock.json in git ignore file.",
            "flags": {
                "feature_basic_products_in_inventory": "False"
            },
            "message": "US52 DY/GR Adds the basic functionality (layout, adapter, texts, activity) for the bulk basic products screen. Adds node-modules folder and package-lock.json in git ignore file.\n",
            "hash": "87099aca4c84a3a0343f616851fe24c6c0fb438b",
            "author": "jrodri",
            "date": "Mon Aug 21 15:28:45 2017"
        },
        {
            "title": "TK - #000 - open all drugs movement history toggle",
            "flags": {
                "feature_all_drugs_movements_history": "True"
            },
            "message": "TK - #000 - open all drugs movement history toggle\n",
            "hash": "54cc12ef9a8a287e42c4cce2e48a625719a80826",
            "author": "Tianxi Ku",
            "date": "Wed Feb 8 01:37:54 2017"
        },
        {
            "title": "TK - #1029 - turn off feature toggle",
            "flags": {
                "feature_all_drugs_movements_history": "False"
            },
            "message": "TK - #1029 - turn off feature toggle\n",
            "hash": "9a943b18f90cd322689d36c16332c8c2d930ccda",
            "author": "Tianxi Ku",
            "date": "Wed Jan 18 19:07:37 2017"
        },
        {
            "title": "TK - #1029 - add all drugs movement history entry",
            "flags": {
                "feature_all_drugs_movements_history": "True"
            },
            "message": "TK - #1029 - add all drugs movement history entry\n",
            "hash": "5470ac4e9d30769a9a40558063bde59253722c84",
            "author": "Tianxi Ku",
            "date": "Mon Jan 16 23:47:08 2017"
        },
        {
            "title": "TK - #000 - delete empty lot number feature toggle",
            "flags": {
                "feature_empty_lot_number": "removed"
            },
            "message": "TK - #000 - delete empty lot number feature toggle\n",
            "hash": "8d58ffe127c76845e4322b01e6b0e72296eaad06",
            "author": "Tianxi Ku",
            "date": "Sun Jan 8 23:19:14 2017"
        },
        {
            "title": "TK - #000 - delete auto quantities in kit toggle",
            "flags": {
                "feature_auto_quantities_in_kit": "removed"
            },
            "message": "TK - #000 - delete auto quantities in kit toggle\n",
            "hash": "50d1159e14252563d06943844c0cc1a688ddec88",
            "author": "Tianxi Ku",
            "date": "Thu Jan 5 00:35:23 2017"
        },
        {
            "title": "TK - #000 - delete lot feature toggle",
            "flags": {
                "feature_lot_management": "removed"
            },
            "message": "TK - #000 - delete lot feature toggle\n",
            "hash": "b318d5c5b5d1a0ff277340381794c53cc4c9ef88",
            "author": "Tianxi Ku",
            "date": "Wed Jan 4 18:34:41 2017"
        },
        {
            "title": "turn on feature toggle;",
            "flags": {
                "feature_rapid_test": "True"
            },
            "message": "turn on feature toggle;\n",
            "hash": "a5de28dc3724f55aa03361d9000e11e0e050793f",
            "author": "Danni Yu",
            "date": "Thu Dec 8 04:06:24 2016"
        },
        {
            "title": "DY/TK - #1005 - Add feature toggle for rapid test",
            "flags": {
                "feature_rapid_test": "False"
            },
            "message": "DY/TK - #1005 - Add feature toggle for rapid test\n",
            "hash": "ffece03e5604f8bc1c362b00ce77c3d3a04f8b0f",
            "author": "Danni Yu",
            "date": "Mon Nov 28 01:12:41 2016"
        },
        {
            "title": "LHX && YiD - #1017 - if in showcase environment, turn on training feature, skip initial inventory page",
            "flags": {
                "feature_training": "False"
            },
            "message": "LHX && YiD - #1017 - if in showcase environment, turn on training feature, skip initial inventory page\n",
            "hash": "bc844ae6756347915d8b4158ac78769c38e9abc5",
            "author": "Hanxian Lin",
            "date": "Thu Nov 24 23:21:35 2016"
        },
        {
            "title": "TK - #985 - refactor: rename Lot List View and open toggle in main",
            "flags": {
                "feature_empty_lot_number": "True"
            },
            "message": "TK - #985 - refactor: rename Lot List View and open toggle in main\n",
            "hash": "5a202380c29ba1a6c5af760731d03af57eb2e16a",
            "author": "Tianxi Ku",
            "date": "Fri Nov 11 01:23:56 2016"
        },
        {
            "title": "TK - #985 - add feature toggle to allow empty lot number when adding lot",
            "flags": {
                "feature_empty_lot_number": "False"
            },
            "message": "TK - #985 - add feature toggle to allow empty lot number when adding lot\n",
            "hash": "9a4ce1ea0a8568cd25ca95996b27482a504b9853",
            "author": "Tianxi Ku",
            "date": "Wed Nov 9 23:39:09 2016"
        },
        {
            "title": "TK - #000 - delete toggles of which feature has already been released",
            "flags": {
                "feature_allow_custom_regimen_in_missed_mmia_form": "removed",
                "feature_add_drugs_to_via_form": "removed",
                "feature_allow_expired_lot": "removed"
            },
            "message": "TK - #000 - delete toggles of which feature has already been released\n",
            "hash": "8bd45749c1d0502cc41427aca91fc72af6c32662",
            "author": "Tianxi Ku",
            "date": "Wed Nov 9 23:36:56 2016"
        },
        {
            "title": "Add the version v1.10.75d and turn on the feature toggle",
            "flags": {
                "feature_allow_expired_lot": "True"
            },
            "message": "Add the version v1.10.75d and turn on the feature toggle\n",
            "hash": "81bec92e30a2f3cc963fc69e571443cb07fc2546",
            "author": "wwdzhang",
            "date": "Wed Nov 2 20:45:16 2016"
        },
        {
            "title": "LHX && KTX- 944 - delete old data when login",
            "flags": {
                "feature_archive_old_data": "True"
            },
            "message": "LHX && KTX- 944 - delete old data when login\n",
            "hash": "76eeae70a6c817f117e3e7963ae97d180abca2cc",
            "author": "Hanxian Lin",
            "date": "Wed Oct 19 19:26:19 2016"
        },
        {
            "title": "TK - #923 - allow user add expired date",
            "flags": {
                "feature_modify_lot_expiry_date": "removed",
                "feature_allow_expired_lot": "False"
            },
            "message": "TK - #923 - allow user add expired date\n",
            "hash": "1a3f5f1a774dda90713982b4dce8c2d49a6f38b6",
            "author": "Tianxi Ku",
            "date": "Tue Oct 11 20:21:52 2016"
        },
        {
            "title": "TK - #923 - allow user add expired date",
            "flags": {
                "feature_modify_lot_expiry_date": "False"
            },
            "message": "TK - #923 - allow user add expired date\n",
            "hash": "7d50a2292c68f13d647968062e617b3ed866fc73",
            "author": "Tianxi Ku",
            "date": "Tue Oct 11 20:21:52 2016"
        },
        {
            "title": "DY - #000 - delete feature toggle requisition banner",
            "flags": {
                "feature_incomplete_requisition_banner": "removed"
            },
            "message": "DY - #000 - delete feature toggle requisition banner\n",
            "hash": "4b5cd4204a3969b7026b58d8123c2b4aa6d68ed3",
            "author": "Danni Yu",
            "date": "Tue Sep 20 01:05:25 2016"
        },
        {
            "title": "DY - #000 - delete feature toggle sync up cmm",
            "flags": {
                "feature_sync_up_cmms": "removed"
            },
            "message": "DY - #000 - delete feature toggle sync up cmm\n",
            "hash": "79c60cb98af616fe01c4ad717599879cf7522d6d",
            "author": "Danni Yu",
            "date": "Tue Sep 20 01:00:49 2016"
        },
        {
            "title": "DY - #000 - delete return to ddm feature toggle",
            "flags": {
                "feature_add_return_to_ddm_in_stock_movement_reason": "removed"
            },
            "message": "DY - #000 - delete return to ddm feature toggle\n",
            "hash": "1204f24cff928853d2187901627c42f6e025d2d7",
            "author": "Danni Yu",
            "date": "Tue Sep 20 00:57:17 2016"
        },
        {
            "title": "DY - #000 - delete overstock feature toggle",
            "flags": {
                "feature_over_stock": "removed"
            },
            "message": "DY - #000 - delete overstock feature toggle\n",
            "hash": "84ded8a1cf544ce966d6ace0fb08215c21b276fd",
            "author": "Danni Yu",
            "date": "Tue Sep 20 00:55:56 2016"
        },
        {
            "title": "DY - #000 - delete requested amount on stock card feature toggle",
            "flags": {
                "feature_add_requested_in_stock_movement": "removed"
            },
            "message": "DY - #000 - delete requested amount on stock card feature toggle\n",
            "hash": "a03e61d5730564927de3d9b5f5a33984ed97d2bb",
            "author": "Danni Yu",
            "date": "Tue Sep 20 00:19:50 2016"
        },
        {
            "title": "TK & DY - #000 - open lot feature toggle; ignore sync down integration test in staging environment",
            "flags": {
                "feature_lot_management": "True"
            },
            "message": "TK & DY - #000 - open lot feature toggle; ignore sync down integration test in staging environment\n",
            "hash": "6789a7db0df5f504d670b6da15d89a2f224d0a97",
            "author": "Tianxi Ku",
            "date": "Mon Sep 19 21:27:41 2016"
        },
        {
            "title": "DY - #000 - combine separate page and lot management feature toggles - they have to release together",
            "flags": {
                "feature_separate_page_for_new_stock_movements": "removed"
            },
            "message": "DY - #000 - combine separate page and lot management feature toggles - they have to release together\n",
            "hash": "39c38b94c615a02420a0846c649eb29b64694fb6",
            "author": "Danni Yu",
            "date": "Thu Aug 18 20:05:22 2016"
        },
        {
            "title": "DY/HL - #823 - change style of select dialog",
            "flags": {
                "feature_separate_page_for_new_stock_movements": "False"
            },
            "message": "DY/HL - #823 - change style of select dialog\n",
            "hash": "a8e830c83e5131b887fea29d0f635c0cbab98bb1",
            "author": "Danni Yu",
            "date": "Mon Aug 8 20:57:15 2016"
        },
        {
            "title": "DY&HL - #826 - add layout for add new lot",
            "flags": {
                "feature_separate_page_for_new_stock_movements": "True",
                "feature_add_new_lot_in_initial_inventory": "removed",
                "feature_lot_management": "False"
            },
            "message": "DY&HL - #826 - add layout for add new lot\n",
            "hash": "052e1f0bcf795968b1f3150539f55f101bb90eaf",
            "author": "Danni Yu",
            "date": "Mon Aug 8 20:27:09 2016"
        },
        {
            "title": "KTX & WSZ - #829 - add add new lot UI in initial inventory page",
            "flags": {
                "feature_add_new_lot_in_initial_inventory": "False"
            },
            "message": "KTX & WSZ - #829 - add add new lot UI in initial inventory page\n",
            "hash": "103c457185d08c48adf11fa677f4d292a88ca1c9",
            "author": "Tianxi Ku",
            "date": "Mon Aug 8 20:00:44 2016"
        },
        {
            "title": "LHX && DY- 823 - add feature toggle for separate page of new stock movements",
            "flags": {
                "feature_separate_page_for_new_stock_movements": "False"
            },
            "message": "LHX && DY- 823 - add feature toggle for separate page of new stock movements\n",
            "hash": "4c1b62dbf6b60784266a86b73604e098949d032e",
            "author": "Hanxian Lin",
            "date": "Mon Aug 1 01:13:01 2016"
        },
        {
            "title": "CPF&KTX -837- remove old unused feature toggle",
            "flags": {
                "feature_auto_fill_kit_rnr": "removed"
            },
            "message": "CPF&KTX -837- remove old unused feature toggle\n",
            "hash": "bec3992d36ddc7dd9f5676c02fc17ea57d9150c7",
            "author": "cuipengfei",
            "date": "Wed Jul 27 23:49:10 2016"
        },
        {
            "title": "KTX - #000 - open main and qa toggle for requisition banner and Add New Product option in via requisition",
            "flags": {
                "feature_add_drugs_to_via_form": "True",
                "feature_incomplete_requisition_banner": "True"
            },
            "message": "KTX - #000 - open main and qa toggle for requisition banner and Add New Product option in via requisition\n",
            "hash": "4e6471f658d91b9d628bd16ad57aaddce1d45c93",
            "author": "Tianxi Ku",
            "date": "Wed Jul 27 20:58:29 2016"
        },
        {
            "title": "DY - toggle features and update version number",
            "flags": {
                "feature_add_return_to_ddm_in_stock_movement_reason": "True",
                "feature_incomplete_requisition_banner": "False"
            },
            "message": "DY - toggle features and update version number\n",
            "hash": "35096703a53462f633314bf5ec70d12b20241913",
            "author": "Danni Yu",
            "date": "Tue Jul 26 20:27:01 2016"
        },
        {
            "title": "DY/HL - #000 - turn off feature toggle and upgrade version",
            "flags": {
                "feature_add_drugs_to_via_form": "False"
            },
            "message": "DY/HL - #000 - turn off feature toggle and upgrade version\n",
            "hash": "ca358fc4e0bdf0c7761d664bb41b0a6b7a35ecca",
            "author": "Danni Yu",
            "date": "Sun Jul 24 19:33:42 2016"
        },
        {
            "title": "WSZ   - open toggle for add new products in via form.",
            "flags": {
                "feature_add_drugs_to_via_form": "True"
            },
            "message": "WSZ   - open toggle for add new products in via form.\n",
            "hash": "9dd358eef84988e8d6246b30d61b5b364396cf40",
            "author": "Shengzhi Wang",
            "date": "Thu Jul 21 19:34:49 2016"
        },
        {
            "title": "DY/SW - #77 - fix test, delete unused code and fix checkstyle",
            "flags": {
                "feature_add_drugs_to_via_form": "False"
            },
            "message": "DY/SW - #77 - fix test, delete unused code and fix checkstyle\n",
            "hash": "3a34b36362dd6e3fb3b56cde73f8d2d96e1af1c7",
            "author": "Danni Yu",
            "date": "Tue Jul 19 01:04:49 2016"
        },
        {
            "title": "DY/SW - #77 - refactor to make add drugs to via page faster",
            "flags": {
                "feature_add_drugs_to_via_form": "True"
            },
            "message": "DY/SW - #77 - refactor to make add drugs to via page faster\n",
            "hash": "b0a87378ca76a170b4a09318956bf35d1c76df2c",
            "author": "Danni Yu",
            "date": "Mon Jul 18 23:32:50 2016"
        },
        {
            "title": "TK && LHX - 207 - refactor: rename missed requisition to incomplete requisition; merged some methods",
            "flags": {
                "feature_missed_requisition_banner": "removed",
                "feature_incomplete_requisition_banner": "True"
            },
            "message": "TK && LHX - 207 - refactor: rename missed requisition to incomplete requisition; merged some methods\n",
            "hash": "c70cd039fbbfc73eadd6c299973901022a47327b",
            "author": "Tianxi Ku",
            "date": "Mon Jul 18 08:03:14 2016"
        },
        {
            "title": "DY/SW - #77 - change feature toggles",
            "flags": {
                "feature_add_drugs_to_via_form": "False",
                "feature_missed_requisition_banner": "True"
            },
            "message": "DY/SW - #77 - change feature toggles\n",
            "hash": "3e51d0c160eeece1d98fc6d967d3db76ed50da0f",
            "author": "Danni Yu",
            "date": "Mon Jul 18 01:28:42 2016"
        },
        {
            "title": "DY/SW - #77 - add drugs to via: oncomplete action",
            "flags": {
                "feature_add_drugs_to_via_form": "True",
                "feature_missed_requisition_banner": "False"
            },
            "message": "DY/SW - #77 - add drugs to via: oncomplete action\n",
            "hash": "a396e8e5d0373f58fba3e331859d4f51c140727e",
            "author": "Danni Yu",
            "date": "Sun Jul 17 20:11:41 2016"
        },
        {
            "title": "TK && LHX - 207 - fix bug: wrong banner message when there is incomplete requisition; refresh the banner when navigating to homepage",
            "flags": {
                "feature_missed_requisition_banner": "True"
            },
            "message": "TK && LHX - 207 - fix bug: wrong banner message when there is incomplete requisition; refresh the banner when navigating to homepage\n",
            "hash": "e90aeda462ab6d43bd629193be92e5d24437ebc1",
            "author": "Tianxi Ku",
            "date": "Sat Jul 16 20:06:33 2016"
        },
        {
            "title": "TK && LHX - 207 - turn off requisition banner toggle",
            "flags": {
                "feature_missed_requisition_banner": "False"
            },
            "message": "TK && LHX - 207 - turn off requisition banner toggle\n",
            "hash": "395c124f39aaf3d37a42752a246323b3c2b29a03",
            "author": "Tianxi Ku",
            "date": "Thu Jul 14 01:10:01 2016"
        },
        {
            "title": "LHX && KTX - 207 - feature toggle for missed requisition banner; add unit test;",
            "flags": {
                "feature_missed_requisition_banner": "True"
            },
            "message": "LHX && KTX - 207 - feature toggle for missed requisition banner; add unit test;\n",
            "hash": "349ed7168917089266b8b2d01d0dc0a9da1824fd",
            "author": "Hanxian Lin",
            "date": "Wed Jul 13 23:43:06 2016"
        },
        {
            "title": "DY/SW - #77 - add feature toggle",
            "flags": {
                "feature_add_drugs_to_via_form": "False"
            },
            "message": "DY/SW - #77 - add feature toggle\n",
            "hash": "0f31cd1038dff58657c01c9c875f8d685df860a5",
            "author": "Danni Yu",
            "date": "Wed Jul 13 20:38:43 2016"
        },
        {
            "title": "DY #817 - delete feature toggle sync mmia products from web",
            "flags": {
                "feature_sync_mmia_list_from_web": "removed"
            },
            "message": "DY #817 - delete feature toggle sync mmia products from web\n",
            "hash": "95879e6993097959e655e4566850b3e3c35ba855",
            "author": "Danni Yu",
            "date": "Sun Jul 10 23:36:42 2016"
        },
        {
            "title": "DY - #817 - delete feature toggle deactivate product program",
            "flags": {
                "feature_deactivate_program_product": "removed"
            },
            "message": "DY - #817 - delete feature toggle deactivate product program\n",
            "hash": "70a126064a530e3ec3ab117af0afff8f40894113",
            "author": "Danni Yu",
            "date": "Sun Jul 10 23:21:10 2016"
        },
        {
            "title": "DY - #817 - delete feature toggle multiple programs",
            "flags": {
                "feature_rnr_multiple_programs": "removed"
            },
            "message": "DY - #817 - delete feature toggle multiple programs\n",
            "hash": "2f23341220985474b56e789cb78392b273544767",
            "author": "Danni Yu",
            "date": "Sun Jul 10 23:11:51 2016"
        },
        {
            "title": "DY - #817 - delete feature toggle document number on unpack kit",
            "flags": {
                "feature_enter_document_number_when_unpack_kit": "removed"
            },
            "message": "DY - #817 - delete feature toggle document number on unpack kit\n",
            "hash": "14e93d12beb580a8272efdd0883065ad19a04140",
            "author": "Danni Yu",
            "date": "Sun Jul 10 23:08:16 2016"
        },
        {
            "title": "DY #817 - delete feature toggle signature on unpacking kit",
            "flags": {
                "feature_signature_for_unpack_kit": "removed"
            },
            "message": "DY #817 - delete feature toggle signature on unpacking kit\n",
            "hash": "0aedb5f04daf54805ed76df10d8670b7b36cd762",
            "author": "Danni Yu",
            "date": "Sun Jul 10 23:07:17 2016"
        },
        {
            "title": "DY - #817 - delete feature toggle create emergency rnr",
            "flags": {
                "feature_create_emergency_rnr": "removed"
            },
            "message": "DY - #817 - delete feature toggle create emergency rnr\n",
            "hash": "9631e2076a50717c0adb7410800f59a14eb51dec",
            "author": "Danni Yu",
            "date": "Sun Jul 10 23:04:51 2016"
        },
        {
            "title": "DY - #817 - delete feature toggle custom regimen",
            "flags": {
                "feature_custom_regimen": "removed"
            },
            "message": "DY - #817 - delete feature toggle custom regimen\n",
            "hash": "67523d24a645619ba4522f432d60634a2ddcf024",
            "author": "Danni Yu",
            "date": "Sun Jul 10 23:03:35 2016"
        },
        {
            "title": "DY - #817 - remove feature toggle wipe data and resync",
            "flags": {
                "feature_wipe_data_and_resync": "removed"
            },
            "message": "DY - #817 - remove feature toggle wipe data and resync\n",
            "hash": "f52adb0a31265fa50832585f5bb0c265352fcbc8",
            "author": "Danni Yu",
            "date": "Sun Jul 10 22:57:57 2016"
        },
        {
            "title": "WSZ&&LHX - #791 - add toggle to show DDM reason",
            "flags": {
                "feature_add_return_to_ddm_in_stock_movement_reason": "False"
            },
            "message": "WSZ&&LHX - #791 - add toggle to show DDM reason\n",
            "hash": "4b21a200bff0c262d62b866795488fcf0cf53df0",
            "author": "Shengzhi Wang",
            "date": "Thu Jun 30 01:24:58 2016"
        },
        {
            "title": "SZ&DY - #772 - turn on feature toggle for prodsim env",
            "flags": {
                "feature_add_requested_in_stock_movement": "True"
            },
            "message": "SZ&DY - #772 - turn on feature toggle for prodsim env\n",
            "hash": "bdb0b1d516633b0cd54d661bcaf811a940f0512f",
            "author": "Shengzhi Wang",
            "date": "Thu Jun 2 20:17:02 2016"
        },
        {
            "title": "Revert \"SZ/DY - #772 - turn on feature toggle for prodsim env for QA\"",
            "flags": {
                "feature_add_requested_in_stock_movement": "False"
            },
            "message": "Revert \"SZ/DY - #772 - turn on feature toggle for prodsim env for QA\"\n\nThis reverts commit fc915c0d7e025b25209331c4ea291508f31ec51e.\n",
            "hash": "26e19a4bd71e24246bbce8c38b9998239332c74e",
            "author": "Shengzhi Wang",
            "date": "Thu Jun 2 03:41:11 2016"
        },
        {
            "title": "SZ/DY - #772 - turn on feature toggle for prodsim env for QA",
            "flags": {
                "feature_add_requested_in_stock_movement": "True"
            },
            "message": "SZ/DY - #772 - turn on feature toggle for prodsim env for QA\n",
            "hash": "fc915c0d7e025b25209331c4ea291508f31ec51e",
            "author": "Shengzhi Wang",
            "date": "Wed Jun 1 23:11:46 2016"
        },
        {
            "title": "YL/SZ - #772 - add toggle",
            "flags": {
                "feature_add_requested_in_stock_movement": "False"
            },
            "message": "YL/SZ - #772 - add toggle\n",
            "hash": "f0d73986ac26ce6680f69703710b1088865f318a",
            "author": "Yingli Yuan",
            "date": "Mon May 30 01:52:24 2016"
        },
        {
            "title": "cpf -752- open sync up cmm toggle for prod",
            "flags": {
                "feature_sync_up_cmms": "True"
            },
            "message": "cpf -752- open sync up cmm toggle for prod\n",
            "hash": "8d433f917a89f350629c9cd6db8e2423869db076",
            "author": "cuipengfei",
            "date": "Mon May 30 03:48:37 2016"
        },
        {
            "title": "cpf -752- do sync cmm every hour, but toggle off for now",
            "flags": {
                "feature_sync_up_cmms": "False"
            },
            "message": "cpf -752- do sync cmm every hour, but toggle off for now\n",
            "hash": "073dc45daef44a74577266d6b90b5907b671a4b2",
            "author": "cuipengfei",
            "date": "Thu May 26 02:12:36 2016"
        },
        {
            "title": "YL/SZ - #728 - add toggle",
            "flags": {
                "feature_allow_custom_regimen_in_missed_mmia_form": "True"
            },
            "message": "YL/SZ - #728 - add toggle\n",
            "hash": "50d396c0d193a956c0e908af3a83128fd92b0159",
            "author": "Yingli Yuan",
            "date": "Wed May 25 23:22:58 2016"
        },
        {
            "title": "YL/SZ - #233 - add toggle",
            "flags": {
                "feature_over_stock": "True"
            },
            "message": "YL/SZ - #233 - add toggle\n",
            "hash": "b398add7e000431b8ccd889968ca6280f3be8f7f",
            "author": "Yingli Yuan",
            "date": "Mon May 23 01:39:13 2016"
        },
        {
            "title": "MG - #000 - Upgrade production SSL",
            "flags": {
                "feature_enable_secure_ssl": "removed"
            },
            "message": "MG - #000 - Upgrade production SSL\n",
            "hash": "1857ece6526dbc2304f5690fd7dc72baaf86fba0",
            "author": "mingong",
            "date": "Thu May 19 00:02:26 2016"
        },
        {
            "title": "YL/MG - #592 - Toggle on in PROD ENV",
            "flags": {
                "feature_sync_mmia_list_from_web": "True"
            },
            "message": "YL/MG - #592 - Toggle on in PROD ENV\n",
            "hash": "1a1a77ed0c9e49811669026950566c4b62cf1385",
            "author": "Yingli Yuan",
            "date": "Tue Apr 19 20:30:09 2016"
        },
        {
            "title": "YL/MG - #592 - Add feature toggle for sync mmia list",
            "flags": {
                "feature_sync_mmia_list_from_web": "False"
            },
            "message": "YL/MG - #592 - Add feature toggle for sync mmia list\n",
            "hash": "2b41de1731c274244730a69fdc2f54878981319c",
            "author": "Yingli Yuan",
            "date": "Mon Apr 18 01:21:37 2016"
        },
        {
            "title": "ZY&ZS  - #000 - open document number toggle",
            "flags": {
                "feature_enter_document_number_when_unpack_kit": "True"
            },
            "message": "ZY&ZS  - #000 - open document number toggle\n",
            "hash": "37a841dbb09613f18ca615e647c54faaf0121727",
            "author": "zhouyu11",
            "date": "Mon Apr 18 23:41:08 2016"
        },
        {
            "title": "MG - #000 - Open the deactivate program product toggle in main list",
            "flags": {
                "feature_deactivate_program_product": "True"
            },
            "message": "MG - #000 - Open the deactivate program product toggle in main list\n",
            "hash": "74532fbd978d88dc185cd3226677f567321cbc6f",
            "author": "mingong",
            "date": "Thu Apr 14 01:32:24 2016"
        },
        {
            "title": "HK -#000 -revert #643 : update products' program.",
            "flags": {
                "feature_update_products_program": "removed"
            },
            "message": "HK -#000 -revert #643 : update products' program.\n",
            "hash": "78fd3e5e53902bf822a79d846f58de5968f40663",
            "author": "sherlockHK",
            "date": "Wed Apr 13 20:15:07 2016"
        },
        {
            "title": "ZY  - #000 - open emergency toggle for prodsim",
            "flags": {
                "feature_create_emergency_rnr": "True"
            },
            "message": "ZY  - #000 - open emergency toggle for prodsim\n",
            "hash": "ea151366d6dd19a6ca04e5a781c9e206c902c032",
            "author": "zhouyu11",
            "date": "Tue Apr 12 23:29:58 2016"
        },
        {
            "title": "HK -#000 -open feature toggle for signature unpack kit to make regression test pass.",
            "flags": {
                "feature_signature_for_unpack_kit": "True"
            },
            "message": "HK -#000 -open feature toggle for signature unpack kit to make regression test pass.\n",
            "hash": "b08aecbff553d0db400cdfeb5500cfed2137f6e4",
            "author": "sherlockHK",
            "date": "Tue Apr 12 03:51:27 2016"
        },
        {
            "title": "HK -#000 -close feature toggle for document number when unpack kit",
            "flags": {
                "feature_enter_document_number_when_unpack_kit": "False"
            },
            "message": "HK -#000 -close feature toggle for document number when unpack kit\n",
            "hash": "b41a44ac4179174ce2ae9a8a2064b9cd874e2d94",
            "author": "sherlockHK",
            "date": "Tue Apr 12 01:28:58 2016"
        },
        {
            "title": "MG & YL - #542 - toggle on",
            "flags": {
                "feature_enter_document_number_when_unpack_kit": "True"
            },
            "message": "MG & YL - #542 - toggle on\n",
            "hash": "87e1cfc272ceb32fc9a056542749920fb78e68ea",
            "author": "Yingli Yuan",
            "date": "Mon Apr 11 20:00:15 2016"
        },
        {
            "title": "HK -#000 -close the feature signature for unpack kit on demo/prod env.",
            "flags": {
                "feature_signature_for_unpack_kit": "False"
            },
            "message": "HK -#000 -close the feature signature for unpack kit on demo/prod env.\n",
            "hash": "337e995427c378bc47be9cca2cf2409c58a40ab5",
            "author": "sherlockHK",
            "date": "Mon Apr 11 01:55:05 2016"
        },
        {
            "title": "HK -#643- close the update product program feature in prod/demo",
            "flags": {
                "feature_update_products_program": "False"
            },
            "message": "HK -#643- close the update product program feature in prod/demo\n",
            "hash": "7198d7622547788e1c0e9f844ecf141fbaedf5da",
            "author": "sherlockHK",
            "date": "Mon Apr 11 00:55:37 2016"
        },
        {
            "title": "MG & YL - #542 - add toggle",
            "flags": {
                "feature_enter_document_number_when_unpack_kit": "False"
            },
            "message": "MG & YL - #542 - add toggle\n",
            "hash": "f94a2f21616b5eb27883d60d10f88d72a80c441a",
            "author": "Yingli Yuan",
            "date": "Sun Apr 10 19:45:07 2016"
        },
        {
            "title": "HK -#643- add migration to update products' program.",
            "flags": {
                "feature_update_products_program": "True"
            },
            "message": "HK -#643- add migration to update products' program.\n",
            "hash": "77d6aea98a4ac6bce56e14c96f158b31f3776cc1",
            "author": "sherlockHK",
            "date": "Sun Apr 10 20:01:57 2016"
        },
        {
            "title": "MG & YL - #541 - add regression test for signature for unpacking kits.",
            "flags": {
                "feature_signature_for_unpack_kit": "True"
            },
            "message": "MG & YL - #541 - add regression test for signature for unpacking kits.\n",
            "hash": "7a5c78f9fcb613469fcf63871a2d9548411af409",
            "author": "Yingli Yuan",
            "date": "Sun Apr 10 19:18:02 2016"
        },
        {
            "title": "YL - #541 - signature for unpacking kits.",
            "flags": {
                "feature_signature_for_unpack_kit": "False"
            },
            "message": "YL - #541 - signature for unpacking kits.\n",
            "hash": "c4c8d26c52aa6dbfc534255ee20176f616965ff7",
            "author": "Yingli Yuan",
            "date": "Fri Apr 8 02:19:21 2016"
        },
        {
            "title": "MG - #000 - Remove feature toggle sync_archived_product",
            "flags": {
                "feature_sync_archived_product": "removed"
            },
            "message": "MG - #000 - Remove feature toggle sync_archived_product\n",
            "hash": "bbaa271762b45eb5b51bd27cd3499cca985ec243",
            "author": "mingong",
            "date": "Thu Apr 7 23:13:37 2016"
        },
        {
            "title": "MG - #000 - Remove feature toggle period logic change",
            "flags": {
                "feature_requisition_period_logic_change": "removed"
            },
            "message": "MG - #000 - Remove feature toggle period logic change\n",
            "hash": "50dc86d30d97b29af08d39d554008e30e4c587b7",
            "author": "mingong",
            "date": "Thu Apr 7 21:18:36 2016"
        },
        {
            "title": "DY - #000 - turn on feature toggle for auto populate",
            "flags": {
                "feature_auto_fill_kit_rnr": "True"
            },
            "message": "DY - #000 - turn on feature toggle for auto populate\n",
            "hash": "7a3fa2c73b5abc0ef1f9737f82fa7fecfbca4d54",
            "author": "Danni Yu",
            "date": "Thu Apr 7 20:30:17 2016"
        },
        {
            "title": "MG - #687 - Alter create program products migration",
            "flags": {
                "feature_deactivate_program_product": "False"
            },
            "message": "MG - #687 - Alter create program products migration\n",
            "hash": "12a09dc3f54f471980da02d9d49928c929bbc4df",
            "author": "mingong",
            "date": "Tue Apr 5 00:52:02 2016"
        },
        {
            "title": "HK -#686 - rename feature toggle via multiple programs ,and refactor method  queryProgramIdsByProgramCodeOrParentCode.",
            "flags": {
                "feature_via_multiple_programs": "removed",
                "feature_rnr_multiple_programs": "True"
            },
            "message": "HK -#686 - rename feature toggle via multiple programs ,and refactor method  queryProgramIdsByProgramCodeOrParentCode.\n",
            "hash": "e7eb9af374329c28fb3cba794c798140c251c522",
            "author": "sherlockHK",
            "date": "Thu Mar 31 23:26:21 2016"
        },
        {
            "title": "ZS - #652- add feature toggle",
            "flags": {
                "feature_auto_fill_kit_rnr": "False"
            },
            "message": "ZS - #652- add feature toggle\n",
            "hash": "23e44d37510055c4ea1cca1beb8bcc2a83e8346d",
            "author": "sun zhuo",
            "date": "Thu Mar 31 20:21:38 2016"
        },
        {
            "title": "MG/ZS - #88 - Show create emergency requisition button in VIA RnRList menu",
            "flags": {
                "feature_create_emergency_rnr": "False"
            },
            "message": "MG/ZS - #88 - Show create emergency requisition button in VIA RnRList menu\n",
            "hash": "fe78b406b7dd671437b4833b23f5939f6b8b0555",
            "author": "mingong",
            "date": "Wed Mar 30 00:57:55 2016"
        },
        {
            "title": "YL - #000 - toggle - feature_wipe_data_and_resync- on in Prod",
            "flags": {
                "feature_wipe_data_and_resync": "True"
            },
            "message": "YL - #000 - toggle - feature_wipe_data_and_resync- on in Prod\n",
            "hash": "cd954e86776ecaca0e21fada2cecc01053667235",
            "author": "Yingli Yuan",
            "date": "Wed Mar 30 01:05:49 2016"
        },
        {
            "title": "YL - #000 - remove toggle - feature_sync_period_date",
            "flags": {
                "feature_sync_period_date": "removed"
            },
            "message": "YL - #000 - remove toggle - feature_sync_period_date\n",
            "hash": "e2629662a49dec52aaa96b044bb0d2929eacc810",
            "author": "Yingli Yuan",
            "date": "Wed Mar 30 00:52:41 2016"
        },
        {
            "title": "YL&ZS - #219- toggle on in Production",
            "flags": {
                "feature_custom_regimen": "True"
            },
            "message": "YL&ZS - #219- toggle on in Production\n",
            "hash": "e8fe7519c01140bfd1e9eea7ab11fa8c1dc044c5",
            "author": "Yingli Yuan",
            "date": "Wed Mar 30 00:10:25 2016"
        },
        {
            "title": "ZS&YL- #000- rebase code",
            "flags": {
                "feature_via_multiple_programs": "removed"
            },
            "message": "ZS&YL- #000- rebase code\n",
            "hash": "8e7b1bf65ea8390960c76837a79252028d47a381",
            "author": "sun zhuo",
            "date": "Wed Mar 23 20:14:31 2016"
        },
        {
            "title": "ZS&YL- #219- add toggle",
            "flags": {
                "feature_via_multiple_programs": "False",
                "feature_custom_regimen": "False"
            },
            "message": "ZS&YL- #219- add toggle\n",
            "hash": "408ad602d60a348845d6a71a0c0cca8b47efa9f6",
            "author": "sun zhuo",
            "date": "Mon Mar 21 23:34:47 2016"
        },
        {
            "title": "MG - #000 - Add trusted all certificates in LMISRestManager",
            "flags": {
                "feature_enable_secure_ssl": "True"
            },
            "message": "MG - #000 - Add trusted all certificates in LMISRestManager\n",
            "hash": "52b0e133e7fca722e4f35e7e230d73c707204e87",
            "author": "mingong",
            "date": "Tue Mar 22 23:08:30 2016"
        },
        {
            "title": "MG - #000 - Open feature toggle for testing in prodsim",
            "flags": {
                "feature_via_multiple_programs": "True"
            },
            "message": "MG - #000 - Open feature toggle for testing in prodsim\n",
            "hash": "d96c86e468a9144a434bece7cdc07df2f0738983",
            "author": "mingong",
            "date": "Tue Mar 22 02:39:36 2016"
        },
        {
            "title": "MG - #000 - Add feature toggle for multiple via program",
            "flags": {
                "feature_via_multiple_programs": "False"
            },
            "message": "MG - #000 - Add feature toggle for multiple via program\n",
            "hash": "af4fc656f8d2481b280648160ec1b6b32cfe3461",
            "author": "mingong",
            "date": "Thu Mar 17 02:26:51 2016"
        },
        {
            "title": "MG - #630 - Add feature toggle and fix unit tests",
            "flags": {
                "feature_wipe_data_and_resync": "False"
            },
            "message": "MG - #630 - Add feature toggle and fix unit tests\n",
            "hash": "d69e3a8ab59cc5c3da6e76129d87dbd10b672a9c",
            "author": "mingong",
            "date": "Wed Mar 16 01:10:38 2016"
        },
        {
            "title": "DY - turn feature toggle off for autopopulate unpack kits page",
            "flags": {
                "feature_auto_quantities_in_kit": "False"
            },
            "message": "DY - turn feature toggle off for autopopulate unpack kits page\n",
            "hash": "af0dd18e86b641f2fbc2eb230499792dd62826a0",
            "author": "Danni Yu",
            "date": "Mon Mar 14 01:41:46 2016"
        },
        {
            "title": "ZY & LLH- #624 - remove kit quantity warning feature toggle",
            "flags": {
                "feature_warning_unpack_kit_quantity": "removed"
            },
            "message": "ZY & LLH- #624 - remove kit quantity warning feature toggle\n",
            "hash": "02f43512ba9f69e3cda3ecb53e2a13a2617e3dc5",
            "author": "zhouyu11",
            "date": "Thu Mar 10 18:43:59 2016"
        },
        {
            "title": "ZY & LLH- #624 - remove kit theoretical feature toggle",
            "flags": {
                "feature_requisition_theoretical": "removed"
            },
            "message": "ZY & LLH- #624 - remove kit theoretical feature toggle\n",
            "hash": "e487c290a93bc99ce9d42bc83fa10d5e176a9ea4",
            "author": "zhouyu11",
            "date": "Thu Mar 10 02:00:57 2016"
        },
        {
            "title": "ZY & LLH- #624 - remove kit feature toggle",
            "flags": {
                "feature_kit": "removed"
            },
            "message": "ZY & LLH- #624 - remove kit feature toggle\n",
            "hash": "8d09f98c1d69032658c343f0a3c52504d45bb283",
            "author": "zhouyu11",
            "date": "Thu Mar 10 00:41:43 2016"
        },
        {
            "title": "ZY & LLH- #624 - remove sync unsynced stock card code toggle",
            "flags": {
                "feature_syncup_unsync_stockcards": "removed"
            },
            "message": "ZY & LLH- #624 - remove sync unsynced stock card code toggle\n",
            "hash": "56881e4e28393e64ef077a6555c20159ba6156dd",
            "author": "zhouyu11",
            "date": "Thu Mar 10 00:13:25 2016"
        },
        {
            "title": "HK -#000 -remove feature toggle home page update.",
            "flags": {
                "feature_home_page_update": "removed"
            },
            "message": "HK -#000 -remove feature toggle home page update.\n",
            "hash": "96ebdcf8d02e07492fb5ede5098ef5841b002042",
            "author": "sherlockHK",
            "date": "Tue Mar 1 00:35:29 2016"
        },
        {
            "title": "HK -#000 -remove feature toggle warning expiry date.",
            "flags": {
                "feature_warning_expiry_date": "removed"
            },
            "message": "HK -#000 -remove feature toggle warning expiry date.\n",
            "hash": "ee840d5f8b6e461938db9e83a038390ff0f5ef79",
            "author": "sherlockHK",
            "date": "Tue Mar 1 00:00:30 2016"
        },
        {
            "title": "ZS - #000 - remove toggle feature_sync_back_latest_product_list",
            "flags": {
                "feature_sync_back_latest_product_list": "removed"
            },
            "message": "ZS - #000 - remove toggle feature_sync_back_latest_product_list\n",
            "hash": "e62f43a59c3eb6d41751f1ffa24d458835d9ccd4",
            "author": "sun zhuo",
            "date": "Mon Feb 29 19:30:19 2016"
        },
        {
            "title": "DY - attempt to fix rT",
            "flags": {
                "feature_requisition_period_logic_change": "True",
                "feature_auto_quantities_in_kit": "True",
                "feature_sync_period_date": "True",
                "feature_sync_archived_product": "True"
            },
            "message": "DY - attempt to fix rT\n",
            "hash": "1adf20add1b8689e45c69dbe33fe420c9fb4b935",
            "author": "Danni Yu",
            "date": "Sun Feb 28 20:26:30 2016"
        },
        {
            "title": "Revert \"DY - turn on prod feature toggles\"",
            "flags": {
                "feature_requisition_period_logic_change": "False",
                "feature_auto_quantities_in_kit": "False",
                "feature_sync_period_date": "False",
                "feature_sync_archived_product": "False"
            },
            "message": "Revert \"DY - turn on prod feature toggles\"\n\nThis reverts commit 3308115fc748b29df3debd63720d3ff4b64cd306.\n",
            "hash": "69325e91188ce735efd30a0bd5b6eaad95347ee8",
            "author": "Danni Yu",
            "date": "Fri Feb 26 02:29:36 2016"
        },
        {
            "title": "ZY&HK -#466 -open the feature toggle for sync archived product in product environment.",
            "flags": {
                "feature_sync_archived_product": "True"
            },
            "message": "ZY&HK -#466 -open the feature toggle for sync archived product in product environment.\n",
            "hash": "79980a32e681a71981bdc2613c88b9c4a1fbe388",
            "author": "sherlockHK",
            "date": "Fri Feb 26 02:25:05 2016"
        },
        {
            "title": "DY - turn on prod feature toggles",
            "flags": {
                "feature_requisition_period_logic_change": "True",
                "feature_auto_quantities_in_kit": "True",
                "feature_sync_period_date": "True"
            },
            "message": "DY - turn on prod feature toggles\n",
            "hash": "3308115fc748b29df3debd63720d3ff4b64cd306",
            "author": "Danni Yu",
            "date": "Thu Feb 25 22:10:45 2016"
        },
        {
            "title": "ZY&HK -#466 - add feature toggle for sync archived products",
            "flags": {
                "feature_sync_archived_product": "False"
            },
            "message": "ZY&HK -#466 - add feature toggle for sync archived products\n",
            "hash": "ec0892eef87e03b8167bf4902cab9b844a86a768",
            "author": "sherlockHK",
            "date": "Tue Feb 23 20:35:27 2016"
        },
        {
            "title": "ZS&YL - #574 - add json field for period date",
            "flags": {
                "feature_sync_period_date": "False"
            },
            "message": "ZS&YL - #574 - add json field for period date\n",
            "hash": "29e28838d7cc1538b332ea78eed7e9d6948d962b",
            "author": "sun zhuo",
            "date": "Fri Feb 19 01:35:35 2016"
        },
        {
            "title": "ZY -#000- open expire date toggle",
            "flags": {
                "feature_warning_expiry_date": "True"
            },
            "message": "ZY -#000- open expire date toggle\n",
            "hash": "257edbcfc5419653223f35aa189637866a60fce9",
            "author": "zhouyu11",
            "date": "Wed Feb 17 23:46:14 2016"
        },
        {
            "title": "YL&ZS- #579 - add set unpack num logic",
            "flags": {
                "feature_open_multiple_kit": "removed"
            },
            "message": "YL&ZS- #579 - add set unpack num logic\n",
            "hash": "4704d4befa1f04570b8f135e151f18b846c0f6bc",
            "author": "Yingli Yuan",
            "date": "Tue Feb 16 22:30:57 2016"
        },
        {
            "title": "REVERT: removing feature toggles broke FT",
            "flags": {
                "feature_sync_back_latest_product_list": "True"
            },
            "message": "REVERT: removing feature toggles broke FT\n",
            "hash": "76c1b90c63fd7b2ebb21e8e7aac643d9753cecd9",
            "author": "cuipengfei",
            "date": "Tue Feb 16 21:10:33 2016"
        },
        {
            "title": "CPF -000- remove sync down latest products feature toggle, it's true in every env now",
            "flags": {
                "feature_sync_back_latest_product_list": "removed"
            },
            "message": "CPF -000- remove sync down latest products feature toggle, it's true in every env now\n",
            "hash": "50054bd41f7ef876a145208f6d707fcf18df9348",
            "author": "cuipengfei",
            "date": "Tue Feb 16 19:20:44 2016"
        },
        {
            "title": "YL&ZS- #579 - auto pop up quantities in kit",
            "flags": {
                "feature_auto_quantities_in_kit": "False"
            },
            "message": "YL&ZS- #579 - auto pop up quantities in kit\n",
            "hash": "2571044563bdd193cf849916a80c03751f34768b",
            "author": "Yingli Yuan",
            "date": "Tue Feb 16 01:32:53 2016"
        },
        {
            "title": "YL&ZS- #579 - add toggle",
            "flags": {
                "feature_open_multiple_kit": "False"
            },
            "message": "YL&ZS- #579 - add toggle\n",
            "hash": "7c27ee9878b3d06bf40bafb4746e909544063ffe",
            "author": "Yingli Yuan",
            "date": "Mon Feb 15 22:04:05 2016"
        },
        {
            "title": " MG - #561 - Feature toggle the period logic change",
            "flags": {
                "feature_requisition_period_logic_change": "False"
            },
            "message": " MG - #561 - Feature toggle the period logic change\n",
            "hash": "4ce36345c80bfdaf326bea29bc9d4fb655e9e6d7",
            "author": "gongming",
            "date": "Wed Feb 3 02:48:59 2016"
        },
        {
            "title": " MG - #561 - Feature toggle the period logic change",
            "flags": {
                "feature_requisition_period_logic_change": "False"
            },
            "message": " MG - #561 - Feature toggle the period logic change\n",
            "hash": "90dd4981915106b4dac6adb3246a22fba6e3c096",
            "author": "gongming",
            "date": "Wed Feb 3 02:48:59 2016"
        },
        {
            "title": "ZS&HK -#237-  add feature toggle for expiry date warning on stockList page.",
            "flags": {
                "feature_warning_expiry_date": "False"
            },
            "message": "ZS&HK -#237-  add feature toggle for expiry date warning on stockList page.\n",
            "hash": "d80cb927334f40a3cae15446a250abb1d0f22f3c",
            "author": "sherlockHK",
            "date": "Sun Jan 31 22:19:04 2016"
        },
        {
            "title": "DY - turn on feature toggle for kit unpacking and upgrade version number",
            "flags": {
                "feature_warning_unpack_kit_quantity": "True"
            },
            "message": "DY - turn on feature toggle for kit unpacking and upgrade version number\n",
            "hash": "766618665e9248150c469d8739059e6b7543723d",
            "author": "Danni Yu",
            "date": "Sat Jan 30 22:27:11 2016"
        },
        {
            "title": "MG - #000 - Open feature toggle for via requisition adjustment",
            "flags": {
                "feature_requisition_theoretical": "True"
            },
            "message": "MG - #000 - Open feature toggle for via requisition adjustment\n",
            "hash": "3ea0b629398762d71774c67821887cad70448f4a",
            "author": "gongming",
            "date": "Sat Jan 30 19:56:42 2016"
        },
        {
            "title": "ZS&ZY - #564 - 1.change SOH quantity UI to two text view 2.add feature toggle",
            "flags": {
                "feature_warning_unpack_kit_quantity": "False"
            },
            "message": "ZS&ZY - #564 - 1.change SOH quantity UI to two text view 2.add feature toggle\n",
            "hash": "75f95cc88236a1852b648339190eaa90ee69f56c",
            "author": "sun zhuo",
            "date": "Thu Jan 28 22:26:23 2016"
        },
        {
            "title": " MG - #373 -  Add feature toggle for requisition theoretical adjustment",
            "flags": {
                "feature_requisition_theoretical": "False"
            },
            "message": " MG - #373 -  Add feature toggle for requisition theoretical adjustment\n",
            "hash": "038164e9a0cbfa97d0ba24e3ff7cd21ff68f15ad",
            "author": "gongming",
            "date": "Mon Jan 25 18:33:34 2016"
        },
        {
            "title": "CS&HK -#000-  open all feature toggle in product environment.",
            "flags": {
                "feature_sync_back_latest_product_list": "True",
                "feature_kit": "True",
                "feature_home_page_update": "True",
                "feature_syncup_unsync_stockcards": "True"
            },
            "message": "CS&HK -#000-  open all feature toggle in product environment.\n",
            "hash": "843c17d86b1830bd4240bb1409699365740fd043",
            "author": "sherlockHK",
            "date": "Mon Jan 25 02:03:35 2016"
        },
        {
            "title": "Revert \"DY - toggle on all prod features\"",
            "flags": {
                "feature_sync_back_latest_product_list": "False",
                "feature_kit": "False",
                "feature_home_page_update": "False",
                "feature_syncup_unsync_stockcards": "False"
            },
            "message": "Revert \"DY - toggle on all prod features\"\n\nThis reverts commit ef09fde7ae8f6e5e2f87995e2cfccebb93f90450.\n",
            "hash": "e12560c5089074a6ea6837db2c1075be069268c2",
            "author": "Danni Yu",
            "date": "Sun Jan 24 22:21:28 2016"
        },
        {
            "title": "DY - toggle on all prod features",
            "flags": {
                "feature_sync_back_latest_product_list": "True",
                "feature_kit": "True",
                "feature_home_page_update": "True",
                "feature_syncup_unsync_stockcards": "True"
            },
            "message": "DY - toggle on all prod features\n",
            "hash": "ef09fde7ae8f6e5e2f87995e2cfccebb93f90450",
            "author": "Danni Yu",
            "date": "Sun Jan 24 19:52:12 2016"
        },
        {
            "title": "ZS&DY - #465 - add feature toggle",
            "flags": {
                "feature_syncup_unsync_stockcards": "False"
            },
            "message": "ZS&DY - #465 - add feature toggle\n",
            "hash": "5a96b5b45f4519965fde3be3775c3085ba29b8a4",
            "author": "sun zhuo",
            "date": "Fri Jan 15 00:00:52 2016"
        },
        {
            "title": "HK -#241 - add feature toggle for updating home page UI.",
            "flags": {
                "feature_home_page_update": "False"
            },
            "message": "HK -#241 - add feature toggle for updating home page UI.\n",
            "hash": "d41b38ddba2e3d6aa786add57aaa57112b428490",
            "author": "sherlockHK",
            "date": "Wed Jan 13 02:43:37 2016"
        },
        {
            "title": "YY/DY - #371 - sync down kits",
            "flags": {
                "feature_kit": "False"
            },
            "message": "YY/DY - #371 - sync down kits\n",
            "hash": "6c2fd4aa112dc21144a497601fbda7929d521e12",
            "author": "Danni Yu",
            "date": "Thu Jan 7 23:08:44 2016"
        },
        {
            "title": "YY/DY - #371 - add programs and products sync down",
            "flags": {
                "feature_kit": "True"
            },
            "message": "YY/DY - #371 - add programs and products sync down\n",
            "hash": "aa641f9586eb886f7da50eeb0cc12c498dd26b0f",
            "author": "Danni Yu",
            "date": "Thu Jan 7 21:44:08 2016"
        },
        {
            "title": "CPF&ZY -516- add sync down latest product feature toggle",
            "flags": {
                "feature_sync_back_latest_product_list": "False"
            },
            "message": "CPF&ZY -516- add sync down latest product feature toggle\n",
            "hash": "7336b0e609e864922bb9c39d79071a799cd6efa1",
            "author": "cuipengfei",
            "date": "Mon Dec 28 19:26:49 2015"
        },
        {
            "title": "ZS -#000- merge hot deploy",
            "flags": {
                "display_mmia_form_signature": "removed",
                "display_stock_movement_signature": "removed",
                "search_view_enhancement": "removed",
                "feature_update_version": "removed"
            },
            "message": "ZS -#000- merge hot deploy\n",
            "hash": "c6cf2ae594d425699a083e41467c2bd34625d6f7",
            "merge": "e7dcb123e affc1c28e",
            "author": "sun zhuo",
            "date": "Fri Dec 18 00:56:02 2015"
        },
        {
            "title": "ZS&YL -#509- remove feature toggle: display_stock_movement_signature",
            "flags": {
                "display_stock_movement_signature": "removed"
            },
            "message": "ZS&YL -#509- remove feature toggle: display_stock_movement_signature\n",
            "hash": "80b5217153a9c1969f4f36a87d14145d6a7eaabd",
            "author": "sun zhuo",
            "date": "Wed Dec 16 22:34:05 2015"
        },
        {
            "title": "ZS&YL -#509- remove feature toggle: display_mmia_form_signature",
            "flags": {
                "display_mmia_form_signature": "removed"
            },
            "message": "ZS&YL -#509- remove feature toggle: display_mmia_form_signature\n",
            "hash": "d3f97ee41f7f177e9307d4cae5331995e31aecfa",
            "author": "sun zhuo",
            "date": "Wed Dec 16 19:26:56 2015"
        },
        {
            "title": "ZS&YL -#509- remove feature toggle: feature_update_version",
            "flags": {
                "feature_update_version": "removed"
            },
            "message": "ZS&YL -#509- remove feature toggle: feature_update_version\n",
            "hash": "0f9c04c7ac5263e6fbc145e1fdb88d632391977e",
            "author": "sun zhuo",
            "date": "Wed Dec 16 19:23:29 2015"
        },
        {
            "title": "ZS&YL -#509- remove feature toggle: search_view_enhancement",
            "flags": {
                "search_view_enhancement": "removed"
            },
            "message": "ZS&YL -#509- remove feature toggle: search_view_enhancement\n",
            "hash": "f5f48e147ac18b9927e5cbc64efacc65a06c7c17",
            "author": "sun zhuo",
            "date": "Wed Dec 16 19:12:58 2015"
        },
        {
            "title": "DY - #000 - turn off feature toggle 273",
            "flags": {
                "display_mmia_form_signature": "True",
                "display_stock_movement_signature": "True",
                "search_view_enhancement": "True",
                "feature_update_version": "True"
            },
            "message": "DY - #000 - turn off feature toggle 273\n",
            "hash": "8c3f89b9229bf82dbc0f0ba5cc7e57926acc5d24",
            "author": "Danni Yu",
            "date": "Thu Dec 10 18:16:59 2015"
        },
        {
            "title": "YL&ZS -#124 - sync version of app to server",
            "flags": {
                "feature_update_version": "False"
            },
            "message": "YL&ZS -#124 - sync version of app to server\n",
            "hash": "cadb4ee8230690f00c6d93f8409f2abcc4a534a8",
            "author": "Yingli Yuan",
            "date": "Wed Dec 2 00:13:17 2015"
        },
        {
            "title": "ZY&HK -#315- add feature tooggle searchview enhancement",
            "flags": {
                "search_view_enhancement": "False"
            },
            "message": "ZY&HK -#315- add feature tooggle searchview enhancement\n",
            "hash": "bde31d859c2a7e7307a4472f45cfc68830edb18c",
            "author": "zhouyu11",
            "date": "Thu Nov 26 22:06:43 2015"
        },
        {
            "title": "YL&HK -#10 -fix functional test",
            "flags": {
                "display_via_form_signature": "removed"
            },
            "message": "YL&HK -#10 -fix functional test\n",
            "hash": "1cd8d07f324c4518c1615e49b5e7166fac6d5215",
            "author": "sherlockHK",
            "date": "Tue Nov 17 23:49:32 2015"
        },
        {
            "title": "YL&HK -#10 -add test and feature toggle",
            "flags": {
                "display_form_signature": "removed",
                "display_mmia_form_signature": "False",
                "display_via_form_signature": "False"
            },
            "message": "YL&HK -#10 -add test and feature toggle\n",
            "hash": "df517dc988017fbbb915f3a88be8b995f74f6be2",
            "author": "sherlockHK",
            "date": "Tue Nov 17 19:45:22 2015"
        },
        {
            "title": "YL - #000 - add toggle for stock movement signature and fix functional tests",
            "flags": {
                "display_stock_movement_signature": "False"
            },
            "message": "YL - #000 - add toggle for stock movement signature and fix functional tests\n",
            "hash": "58b292666932ea90056ba420cf9fea82e51fc6a5",
            "author": "Yingli Yuan",
            "date": "Mon Nov 16 19:53:11 2015"
        },
        {
            "title": "DY - #10 - add feature toggle for #10",
            "flags": {
                "display_form_signature": "False"
            },
            "message": "DY - #10 - add feature toggle for #10\n",
            "hash": "705fc508d017d103f397349fb03043969754f222",
            "author": "Danni Yu",
            "date": "Thu Nov 12 18:41:29 2015"
        }
    ]
}