{
    "id": 39063523,
    "node_id": "MDEwOlJlcG9zaXRvcnkzOTA2MzUyMw==",
    "name": "lmis-moz-mobile",
    "full_name": "SIGLUS/lmis-moz-mobile",
    "private": false,
    "description": "Mozambique OpenLMIS Mobile",
    "fork": false,
    "created_at": "2015-07-14T08:34:48Z",
    "updated_at": "2019-12-20T05:58:37Z",
    "pushed_at": "2019-12-20T05:58:35Z",
    "homepage": null,
    "size": 81957,
    "stargazers_count": 15,
    "watchers_count": 15,
    "language": "Java",
    "has_issues": true,
    "has_projects": true,
    "has_downloads": true,
    "has_wiki": true,
    "has_pages": false,
    "forks_count": 4,
    "archived": false,
    "disabled": false,
    "open_issues_count": 1,
    "forks": 4,
    "open_issues": 1,
    "watchers": 15,
    "default_branch": "master",
    "temp_clone_token": "",
    "network_count": 4,
    "subscribers_count": 31,
    "languages": {
        "Java": 2728356,
        "TSQL": 1338495,
        "Ruby": 90629,
        "Gherkin": 50753,
        "Python": 7315,
        "Shell": 3867,
        "Dockerfile": 3719,
        "PLpgSQL": 1205
    }
}