{
    "date": "2019-12-20T17:58:51.633076",
    "commits": [
        {
            "title": "Add feature flag",
            "flags": {
                "Works pagination": "False"
            },
            "message": "Add feature flag\n",
            "hash": "3e29cbad774ab2e5be09fb54059b9272e0842af9",
            "author": "leomendoza123 <leomendoza123@gmail.com>",
            "date": "Fri Oct 11 15:50:01 2019"
        },
        {
            "title": "Toggle for making v3.0 default version of both APIs. If not switched on, 2.0 is default version.",
            "flags": {
                "Set the 2.0 API as the default one in the public API": "removed",
                "Set the 2.0 API as the default one in the members API": "removed",
                "Set the 3.0 API as the default one in the public API": "False",
                "Set the 3.0 API as the default one in the members API": "False"
            },
            "message": "Toggle for making v3.0 default version of both APIs. If not switched on, 2.0 is default version.\n",
            "hash": "4acda058ddc522a06d872bab7b65740d29d385d3",
            "author": "George Nash <bobcaprice@hotmail.com>",
            "date": "Wed Sep 25 03:16:09 2019"
        },
        {
            "title": "Merge pull request #5594 from ORCID/add-edit-button-for-email-addresses",
            "flags": {
                "Email status dropdown option": "False",
                "Stop feeding legacy solr version 4.10": "removed"
            },
            "message": "Merge pull request #5594 from ORCID/add-edit-button-for-email-addresses\n\nAdd edit button for email addresses",
            "hash": "ba7b6d506192ab460e9cbe0b9a56667934c5b6d4",
            "merge": "1d0b2d4f81 0793c62d50",
            "author": "Liz Krznarich <e.krznarich@orcid.org>",
            "date": "Fri Sep 20 06:08:21 2019"
        },
        {
            "title": "Removing code that feeds the old solr instance",
            "flags": {
                "Stop feeding legacy solr version 4.10": "removed"
            },
            "message": "Removing code that feeds the old solr instance\n",
            "hash": "3c1fa2e2bc39d8c03c9cae9464722bddea201b9a",
            "author": "Angel Montenegro <angel.montenegro.jimenez@gmail.com>",
            "date": "Mon Aug 26 13:13:36 2019"
        },
        {
            "title": "UI changes",
            "flags": {
                "Email status dropdown option": "False"
            },
            "message": "UI changes\n\n- Add togglz for emails status dropdown\n- update translations\n- fix tooltip of modal views\n",
            "hash": "009fd68a5419a0e082f7103ae4535543072a1f1a",
            "author": "leomendoza123 <leomendoza123@gmail.com>",
            "date": "Tue Aug 13 16:25:17 2019"
        },
        {
            "title": "Merge pull request #5527 from ORCID/hotjarScript",
            "flags": {
                "Enable Hotjar tracking": "False",
                "Stop feeding legacy solr version 4.10": "False"
            },
            "message": "Merge pull request #5527 from ORCID/hotjarScript\n\nadd hotjar tracking code and togglz feature",
            "hash": "5b6f6f7dba610e234b2436d15d85bba9a352df58",
            "merge": "4c7dc4fa4e da9ffe6644",
            "author": "Angel Montenegro <a.montenegro@orcid.org>",
            "date": "Tue Aug 6 13:34:41 2019"
        },
        {
            "title": "add hotjar tracking code and togglz feature",
            "flags": {
                "Enable Hotjar tracking": "False"
            },
            "message": "add hotjar tracking code and togglz feature\n",
            "hash": "da9ffe6644a2e2ff15627e66b2275b33ff362108",
            "author": "lizkrznarich <e.krznarich@orcid.org>",
            "date": "Thu Jul 18 14:24:36 2019"
        },
        {
            "title": "Togglz to disable old solr",
            "flags": {
                "Stop feeding legacy solr version 4.10": "False"
            },
            "message": "Togglz to disable old solr\n",
            "hash": "f25288bd314f43f699a59ba54c692b99112080c4",
            "author": "Angel Montenegro <angel.montenegro.jimenez@gmail.com>",
            "date": "Thu Jul 4 15:52:55 2019"
        },
        {
            "title": "Merge pull request #5490 from ORCID/wider-grid",
            "flags": {
                "Wider grid": "False",
                "Verbose notifications": "False"
            },
            "message": "Merge pull request #5490 from ORCID/wider-grid\n\nAdd wider grid togglz option",
            "hash": "1279afc18b99f273b555c7e97cc312f7f4f7ecc6",
            "merge": "587d2d2354 36c82cfaec",
            "author": "Liz Krznarich <e.krznarich@orcid.org>",
            "date": "Tue Jul 2 04:48:19 2019"
        },
        {
            "title": "Removed toggle for works bug debug",
            "flags": {
                "Works failure debug": "removed"
            },
            "message": "Removed toggle for works bug debug\n",
            "hash": "1a8959b76430c1eeb8c40ae3e55b224555a3a874",
            "author": "George Nash <bobcaprice@hotmail.com>",
            "date": "Tue Jul 2 04:09:54 2019"
        },
        {
            "title": "Add wider grid toggl option",
            "flags": {
                "Wider grid": "False"
            },
            "message": "Add wider grid toggl option\n",
            "hash": "36c82cfaecf72ea9d125e3792a6910e3a7f9342d",
            "author": "leomendoza123 <leomendoza123@gmail.com>",
            "date": "Mon Jul 1 15:19:04 2019"
        },
        {
            "title": "Ready to go",
            "flags": {
                "Verbose notifications": "False",
                "Works failure debug": "False"
            },
            "message": "Ready to go\n",
            "hash": "ccf8f529df3860c95b640de0c0c3b9649ce2d58c",
            "merge": "c4cb083c5c af6f89882d",
            "author": "Angel Montenegro <angel.montenegro.jimenez@gmail.com>",
            "date": "Thu Jun 27 14:06:07 2019"
        },
        {
            "title": "Added debugging depending on toggle",
            "flags": {
                "Works failure debug": "False"
            },
            "message": "Added debugging depending on toggle\n",
            "hash": "5d13ab1168232d646dae2e4e40e4ca48242cfc71",
            "author": "George Nash <bobcaprice@hotmail.com>",
            "date": "Sat Jun 22 03:08:23 2019"
        },
        {
            "title": "Sync with latest master",
            "flags": {
                "Enable user menu": "False",
                "Verbose notifications": "False"
            },
            "message": "Sync with latest master\n",
            "hash": "0fb5b1aecfb688f66fb754bab7ba8bd8af4812fb",
            "merge": "abbcc7cede fb9a0b2273",
            "author": "Angel Montenegro <angel.montenegro.jimenez@gmail.com>",
            "date": "Wed Jun 19 08:35:44 2019"
        },
        {
            "title": "Add togglz",
            "flags": {
                "Enable user menu": "False"
            },
            "message": "Add togglz\n",
            "hash": "4e42b2b976bc8176dba52d3b50195db4639fbd3f",
            "author": "leomendoza123 <leomendoza123@gmail.com>",
            "date": "Thu Jun 13 16:42:42 2019"
        },
        {
            "title": "Still doing works",
            "flags": {
                "User OBO": "removed",
                "Verbose notifications": "False"
            },
            "message": "Still doing works\n",
            "hash": "48fbef95c5e9d0b2d5e97a7cbbab4e9208057b67",
            "author": "Angel Montenegro <angel.montenegro.jimenez@gmail.com>",
            "date": "Fri Jun 7 15:58:31 2019"
        },
        {
            "title": "Adding togglz",
            "flags": {
                "User OBO": "False"
            },
            "message": "Adding togglz\n",
            "hash": "5b71dac1bb395d520e502ba0919a0cd0d47f969a",
            "author": "Angel Montenegro <angel.montenegro.jimenez@gmail.com>",
            "date": "Fri Jun 7 13:24:58 2019"
        },
        {
            "title": "assertion_origin_source_id now populated for clients with user obo enabled, depending on feature flag",
            "flags": {
                "User OBO": "False"
            },
            "message": "assertion_origin_source_id now populated for clients with user obo enabled, depending on feature flag\n",
            "hash": "e034ad6d32a3f0a64cafd4d94cf894598409500f",
            "author": "George Nash <bobcaprice@hotmail.com>",
            "date": "Tue May 7 07:52:13 2019"
        },
        {
            "title": "Toggled filtering unverified emails",
            "flags": {
                "Hide unverified emails": "False"
            },
            "message": "Toggled filtering unverified emails\n",
            "hash": "4fdab3b2edef2871ff71514477cc7eafa2b5adda",
            "author": "George Nash <bobcaprice@hotmail.com>",
            "date": "Mon Apr 29 09:53:41 2019"
        },
        {
            "title": "Add back mistaken deletion",
            "flags": {
                "Enable promotion of chosen orgs in search": "False"
            },
            "message": "Add back mistaken deletion\n",
            "hash": "e64d4757f872515eb183035edbc99448d283f954",
            "author": "Leonardo Mendoza Ferna\u0301ndez <leomendoza123@gmail.com>",
            "date": "Wed Apr 10 06:36:13 2019"
        },
        {
            "title": "Add togglz",
            "flags": {
                "Enable 2019 header": "False",
                "Enable promotion of chosen orgs in search": "removed"
            },
            "message": "Add togglz\n\n- Fix some small UI issues\n",
            "hash": "ae57a6e2280aa78afcdda8916318d4d6c09fc1dc",
            "author": "leomendoza123 <leomendoza123@gmail.com>",
            "date": "Mon Apr 8 12:26:49 2019"
        },
        {
            "title": "Moving record creation code to a manager",
            "flags": {
                "Enable the API record create endpoint for QA purposes": "False"
            },
            "message": "Moving record creation code to a manager\n",
            "hash": "b35f971c3fc0989394b09b890e63d1b962d32e2a",
            "author": "Angel Montenegro <angel.montenegro.jimenez@gmail.com>",
            "date": "Wed Mar 27 11:01:30 2019"
        },
        {
            "title": "remove cookie banner togglz feature",
            "flags": {
                "Cookie policy banner": "removed"
            },
            "message": "remove cookie banner togglz feature\n",
            "hash": "15e212b8c2df7b59a15989e8cce478bbd3f06f04",
            "author": "lizkrznarich <ejkrznarich@gmail.com>",
            "date": "Mon Mar 25 03:51:56 2019"
        },
        {
            "title": "Removed api analytics debug logging toggle",
            "flags": {
                "API analytics debug logging": "removed"
            },
            "message": "Removed api analytics debug logging toggle\n",
            "hash": "19813d678e3fa3b687a0162cf8263245a821c1bc",
            "author": "George Nash <bobcaprice@hotmail.com>",
            "date": "Sun Mar 3 20:00:22 2019"
        },
        {
            "title": "Merge branch 'master' into removeFtlModelAtts",
            "flags": {
                "Support migration UV to Zendesk": "removed",
                "Verbos work group logging": "removed"
            },
            "message": "Merge branch 'master' into removeFtlModelAtts\n",
            "hash": "bdfb71afaacc4aacc16365233bcedac40903ec4c",
            "merge": "3b5280da3c 25185f57f2",
            "author": "lizkrznarich <ejkrznarich@gmail.com>",
            "date": "Wed Feb 20 06:02:56 2019"
        },
        {
            "title": "handle show/hide support widget in frontend and remove SUPPORT_MIGRATION togglz",
            "flags": {
                "Support migration UV to Zendesk": "removed"
            },
            "message": "handle show/hide support widget in frontend and remove SUPPORT_MIGRATION togglz\n",
            "hash": "c376dfff385773455bca493a585ef013d64e1a2b",
            "author": "lizkrznarich <ejkrznarich@gmail.com>",
            "date": "Thu Feb 14 07:03:03 2019"
        },
        {
            "title": "Removed unused toggle",
            "flags": {
                "Verbos work group logging": "removed"
            },
            "message": "Removed unused toggle\n",
            "hash": "a8f3fab11c1d9d3970e1da7d1b1aeb0c24b1f50d",
            "author": "George Nash <bobcaprice@hotmail.com>",
            "date": "Thu Feb 14 01:35:06 2019"
        },
        {
            "title": "Added toggle for enabling of promotion of orgs chosen by members",
            "flags": {
                "Enable promotion of chosen orgs in search": "False"
            },
            "message": "Added toggle for enabling of promotion of orgs chosen by members\n",
            "hash": "eded1c8000e0f55277807ce42951d3d2c555bd85",
            "author": "George Nash <bobcaprice@hotmail.com>",
            "date": "Tue Jan 29 08:40:50 2019"
        },
        {
            "title": "Merge branch 'master' into metadata-resolver",
            "flags": {
                "Add works based on ArXiv, DOI or PubMed id metadata": "False",
                "Turn on angular2 features that are on development": "removed",
                "Turn on angular2 features that are ready for QA": "removed",
                "Turn off angular1 features that are legacy": "removed"
            },
            "message": "Merge branch 'master' into metadata-resolver",
            "hash": "2cf7b496211d2b619c15671083c3fcb007f4a3e0",
            "merge": "d5cc8a8912 0bb64b2ae7",
            "author": "leomendoza123 <leomendoza123@gmail.com>",
            "date": "Thu Jan 10 11:24:08 2019"
        },
        {
            "title": "Add togglz",
            "flags": {
                "Add works based on ArXiv, DOI or PubMed id metadata": "False"
            },
            "message": "Add togglz\n",
            "hash": "96b2c1d654126ee3d19b4c35a71b0b201087e142",
            "author": "leomendoza123 <leomendoza123@gmail.com>",
            "date": "Fri Dec 14 11:54:54 2018"
        },
        {
            "title": "remove angular togglz features",
            "flags": {
                "Turn on angular2 features that are on development": "removed",
                "Turn on angular2 features that are ready for QA": "removed",
                "Turn off angular1 features that are legacy": "removed"
            },
            "message": "remove angular togglz features\n",
            "hash": "c971802ee16363f759aa1bf20d8a28c98f454cbe",
            "author": "lizkrznarich <ejkrznarich@gmail.com>",
            "date": "Thu Dec 13 05:18:54 2018"
        },
        {
            "title": "remove ng1 affiliations code and togglz feature",
            "flags": {
                "Display the new affiliation types in the workspace": "removed"
            },
            "message": "remove ng1 affiliations code and togglz feature\n",
            "hash": "e44e21c2e55a0aa21c5e7503b8a004de737fe942",
            "author": "Liz Krznarich <ejkrznarich@gmail.com>",
            "date": "Fri Oct 26 14:51:13 2018"
        },
        {
            "title": "Merge pull request #5000 from ORCID/setVisibilityFromWorkDetails",
            "flags": {
                "Change view privacy from work/funding/affiliation form dialogs": "False",
                "Badges on member details": "removed",
                "New style badges on member details": "False"
            },
            "message": "Merge pull request #5000 from ORCID/setVisibilityFromWorkDetails\n\nSet visibility from work/funding/afilliation dialog forms",
            "hash": "1efe46cede45a5d2795e9eb118307dd57c352676",
            "merge": "d0c93f9e36 d620d0c308",
            "author": "Will Simpson <wjrsimpson@users.noreply.github.com>",
            "date": "Fri Oct 12 04:01:41 2018"
        },
        {
            "title": "setVisibilityFromWorkDetails Adds togglz",
            "flags": {
                "Change view privacy from work/funding/affiliation form dialogs": "False"
            },
            "message": "setVisibilityFromWorkDetails Adds togglz\n",
            "hash": "d7b86fbeb5736871dff46e26ef896b0697d03fe7",
            "author": "leomendoza123 <leomendoza123@gmail.com>",
            "date": "Tue Oct 9 08:17:24 2018"
        },
        {
            "title": "Merge branch 'master' into individualMemberPageNg2",
            "flags": {
                "Shows an alert message when a user goes to /signin and is already signed in\\n": "False",
                "Badges on member details": "removed",
                "New style badges on member details": "False"
            },
            "message": "Merge branch 'master' into individualMemberPageNg2\n",
            "hash": "ea14483c1959dd271b64cbd2317911fda636c748",
            "merge": "d84a2e6f33 ecde1e8655",
            "author": "Will Simpson <w.simpson@orcid.org>",
            "date": "Mon Oct 8 06:51:01 2018"
        },
        {
            "title": "Resend claim email done",
            "flags": {
                "Admin actions NG2": "removed"
            },
            "message": "Resend claim email done\n",
            "hash": "f8fac39a02b41ffef19d1e2b952ec21e0d38e274",
            "author": "Angel Montenegro <angel.montenegro.jimenez@gmail.com>",
            "date": "Fri Sep 28 15:16:46 2018"
        },
        {
            "title": "Added back end stuff for pulling achievements from SalesForce.",
            "flags": {
                "Badges on member details": "removed",
                "New style badges on member details": "False"
            },
            "message": "Added back end stuff for pulling achievements from SalesForce.\n",
            "hash": "f0d092edc36448752d274d217c78354c78d8ab07",
            "author": "Will Simpson <w.simpson@orcid.org>",
            "date": "Fri Sep 28 11:24:26 2018"
        },
        {
            "title": "reloginAlert Fixes",
            "flags": {
                "Shows an alert message when a user goes to /signin and is already signed in\\n": "False"
            },
            "message": "reloginAlert Fixes\n\n- add RE_LOGGIN_ALERT togglz feature\n- removes Name.java to use NamesForm.java\n- changes english text\n- uses read only RecordNameManager for LoginController.java\n- makes css changes\n",
            "hash": "79c8a36dedeac9c5304e3f7717a6896bbc2f4fcb",
            "author": "leomendoza123 <leomendoza123@gmail.com>",
            "date": "Wed Sep 26 16:42:06 2018"
        },
        {
            "title": "Module dont display yt",
            "flags": {
                "Admin actions NG2": "False"
            },
            "message": "Module dont display yt\n",
            "hash": "d89d9bdc06a87d2f228fcb8fdb9a0850b10b9b0c",
            "author": "Angel Montenegro <angel.montenegro.jimenez@gmail.com>",
            "date": "Fri Sep 21 10:41:05 2018"
        },
        {
            "title": "Merge pull request #4933 from ORCID/zendeskWidget",
            "flags": {
                "Support migration UV to Zendesk": "False",
                "Grouping suggestions": "False"
            },
            "message": "Merge pull request #4933 from ORCID/zendeskWidget\n\nZendesk widget",
            "hash": "c5e39740d04312c9d29de01e0f7aaa02c37b2ec8",
            "merge": "5cab6dad14 96402049ee",
            "author": "Will Simpson <wjrsimpson@users.noreply.github.com>",
            "date": "Fri Sep 7 09:22:59 2018"
        },
        {
            "title": "Grouping suggestions now return null when feature toggled off",
            "flags": {
                "Grouping suggestions": "False"
            },
            "message": "Grouping suggestions now return null when feature toggled off\n",
            "hash": "5048e248f59ac7382ffaa843608c047e063e04b1",
            "author": "George Nash <bobcaprice@hotmail.com>",
            "date": "Thu Sep 6 12:24:17 2018"
        },
        {
            "title": "add zendesk support widget",
            "flags": {
                "Support migration UV to Zendesk": "False"
            },
            "message": "add zendesk support widget\n",
            "hash": "d7f8d36fb9cd18b93168e1a73b9f3adfaed0bc34",
            "author": "Liz Krznarich <ejkrznarich@gmail.com>",
            "date": "Wed Sep 5 12:09:12 2018"
        },
        {
            "title": "Merged master in",
            "flags": {
                "Reset password send email in all cases": "False",
                "Enable manual work grouping": "False",
                "Verbos work group logging": "False"
            },
            "message": "Merged master in\n",
            "hash": "756558021653f35f65b6f47f158d50175931fa68",
            "merge": "34a9d43ba1 ac8091f353",
            "author": "George Nash <bobcaprice@hotmail.com>",
            "date": "Fri Aug 17 07:03:10 2018"
        },
        {
            "title": "Merge pull request #4876 from ORCID/workInTwoGroups",
            "flags": {
                "Reset password send email in all cases": "False",
                "Verbos work group logging": "False"
            },
            "message": "Merge pull request #4876 from ORCID/workInTwoGroups\n\nWork in two groups",
            "hash": "ac8091f3532aa8ca70fc15375472d291e34fa3a6",
            "merge": "5fa6c8669d 0a181d2cc9",
            "author": "Will Simpson <wjrsimpson@users.noreply.github.com>",
            "date": "Fri Aug 17 05:00:51 2018"
        },
        {
            "title": "Verbose logging for work group debugging",
            "flags": {
                "Verbos work group logging": "False"
            },
            "message": "Verbose logging for work group debugging\n",
            "hash": "0a181d2cc9a397b6ab5f5fcdbd1c8e3f1af0482f",
            "author": "George Nash <bobcaprice@hotmail.com>",
            "date": "Wed Aug 15 04:44:04 2018"
        },
        {
            "title": "Basic infrastructure of toggle, checkboxes / UI components, sequence of modals / ng2 components",
            "flags": {
                "Enable manual work grouping": "False"
            },
            "message": "Basic infrastructure of toggle, checkboxes / UI components, sequence of modals / ng2 components\n",
            "hash": "ecf4a59a8e479be02d29950770029b3c006a2a11",
            "author": "George Nash <bobcaprice@hotmail.com>",
            "date": "Fri Aug 3 10:12:56 2018"
        },
        {
            "title": "password reset send email in all cases",
            "flags": {
                "Reset password send email in all cases": "False"
            },
            "message": "password reset send email in all cases\n",
            "hash": "743ba67b06cdb075ca92ec4ef77cf3ba547af834",
            "author": "Liz Krznarich <ejkrznarich@gmail.com>",
            "date": "Wed Aug 1 14:27:27 2018"
        },
        {
            "title": "clean up code and add togglz feature",
            "flags": {
                "Research resource actvities section in the UI": "False"
            },
            "message": "clean up code and add togglz feature\n",
            "hash": "91e06622ac6d2d65a6a0be3466ca89a778d09435",
            "author": "Liz Krznarich <ejkrznarich@gmail.com>",
            "date": "Fri Jul 20 14:41:20 2018"
        },
        {
            "title": "Working on manager",
            "flags": {
                "Enable group affiliations": "False"
            },
            "message": "Working on manager\n",
            "hash": "488972056ad874302ff8247c9d1146ce93e8629c",
            "author": "Angel Montenegro <angel.montenegro.jimenez@gmail.com>",
            "date": "Tue Jun 12 14:46:49 2018"
        },
        {
            "title": "It should be ready to go!",
            "flags": {
                "Download all my data": "removed"
            },
            "message": "It should be ready to go!\n",
            "hash": "7b2f17831029c4b74aae86d6acc0fa7dd1534362",
            "author": "Angel Montenegro <angel.montenegro.jimenez@gmail.com>",
            "date": "Wed Jun 6 10:35:48 2018"
        },
        {
            "title": "Removing REG_MULTI_EMAIL",
            "flags": {
                "Mutiple emails on register form": "removed"
            },
            "message": "Removing REG_MULTI_EMAIL\n",
            "hash": "5b7148a24a6298f1a816fb4bb1deed5db4971eef",
            "author": "Angel Montenegro <angel.montenegro.jimenez@gmail.com>",
            "date": "Mon Jun 4 11:08:55 2018"
        },
        {
            "title": "Fixing unit tests and removing GDPR related features",
            "flags": {
                "UI changes for GDPR compliance": "removed",
                "GDPR deactivate": "removed"
            },
            "message": "Fixing unit tests and removing GDPR related features\n",
            "hash": "c0e96ad95c497910fba76cbcd370f32d36a1a6c6",
            "author": "Angel Montenegro <angel.montenegro.jimenez@gmail.com>",
            "date": "Mon Jun 4 11:01:21 2018"
        },
        {
            "title": "Coding done, need to test",
            "flags": {
                "GDPR Email notifications": "removed"
            },
            "message": "Coding done, need to test\n",
            "hash": "c423537b8ebb33dbfe917feaec2d5feabbc35392",
            "author": "Angel Montenegro <angel.montenegro.jimenez@gmail.com>",
            "date": "Thu May 31 15:29:31 2018"
        },
        {
            "title": "GDPR changes for deactivate emails",
            "flags": {
                "GDPR deactivate": "False"
            },
            "message": "GDPR changes for deactivate emails\n",
            "hash": "2e09cf784282617820a926b993ddb4aa3ad18c32",
            "author": "Liz Krznarich <ejkrznarich@gmail.com>",
            "date": "Thu May 10 15:45:33 2018"
        },
        {
            "title": "Working on registration screen",
            "flags": {
                "GDPR Email notifications": "False"
            },
            "message": "Working on registration screen\n",
            "hash": "020576b5b2c2410a815b45998f674263a8037084",
            "author": "Angel Montenegro <angel.montenegro.jimenez@gmail.com>",
            "date": "Tue Apr 24 16:48:37 2018"
        },
        {
            "title": "Merge pull request #4511 from ORCID/Disable1.1API",
            "flags": {
                "Cookie policy banner": "False",
                "Disable 1.1 version from any API": "False"
            },
            "message": "Merge pull request #4511 from ORCID/Disable1.1API\n\nDisable1.1 api",
            "hash": "f88f198240afba55c108040a80ef69ac31a0223b",
            "merge": "bfc075bfaf b844b49208",
            "author": "Will Simpson <wjrsimpson@users.noreply.github.com>",
            "date": "Wed Apr 18 06:03:56 2018"
        },
        {
            "title": "add togglz feature",
            "flags": {
                "Cookie policy banner": "False"
            },
            "message": "add togglz feature\n",
            "hash": "ccf1a1eafaa1c4216c9d2c9e354f1dca84b31522",
            "author": "Liz Krznarich <ejkrznarich@gmail.com>",
            "date": "Tue Apr 17 11:59:44 2018"
        },
        {
            "title": "Add togglz",
            "flags": {
                "Disable 1.1 version from any API": "False"
            },
            "message": "Add togglz\n",
            "hash": "b844b49208c8e4ccec528a8aeeec6071c6424dab",
            "author": "Angel Montenegro <angel.montenegro.jimenez@gmail.com>",
            "date": "Tue Apr 17 08:31:13 2018"
        },
        {
            "title": "added togglz",
            "flags": {
                "Remove https://orcid.org from OpenID id_tokens": "False"
            },
            "message": "added togglz\n",
            "hash": "e7ccd536841b70699aa13e77b2c2c6bfde1ca23a",
            "author": "Tom Demeranville <tom@demeranville.com>",
            "date": "Thu Apr 12 07:35:26 2018"
        },
        {
            "title": "fix merge conflict",
            "flags": {
                "Download all my data": "False",
                "Check external id resolution in UI": "False"
            },
            "message": "fix merge conflict\n",
            "hash": "c055c13ed84866dc016e9ec8b528c4c36e09dd28",
            "merge": "b85785e847 8f115da875",
            "author": "rcpeters <info@rcpeters.com>",
            "date": "Fri Mar 23 20:48:03 2018"
        },
        {
            "title": "Merge branch 'master' into id-resolver-ui",
            "flags": {
                "Check external id resolution in UI": "False"
            },
            "message": "Merge branch 'master' into id-resolver-ui\n",
            "hash": "592eae27999b0c6147ceecd5d14f31924f062375",
            "merge": "eaa16a8660 149f2dc811",
            "author": "rcpeters <info@rcpeters.com>",
            "date": "Mon Mar 19 12:36:58 2018"
        },
        {
            "title": "UI done, need to test",
            "flags": {
                "Download all my data": "False"
            },
            "message": "UI done, need to test\n",
            "hash": "c194a4f368455016293d2e2ed83a57247c42fa46",
            "author": "Angel Montenegro <angel.montenegro.jimenez@gmail.com>",
            "date": "Fri Mar 16 13:48:16 2018"
        },
        {
            "title": "broken feature example",
            "flags": {
                "Check external id resolution in UI": "False"
            },
            "message": "broken feature example\n",
            "hash": "2e85900fe84a1331ebc09b109436c9a05707cc1e",
            "author": "Tom Demeranville <tom@demeranville.com>",
            "date": "Fri Mar 16 04:17:53 2018"
        },
        {
            "title": "Two new Togglz to disable 1.2 API on the pub and members API",
            "flags": {
                "Disable 1.2 API from the public API": "False",
                "Disable 1.2 API from the member API": "False"
            },
            "message": "Two new Togglz to disable 1.2 API on the pub and members API\n",
            "hash": "8f7dbfa7a5c5d5b2bbca588bb2c7a703d2acf59a",
            "author": "Angel Montenegro <angel.montenegro.jimenez@gmail.com>",
            "date": "Fri Feb 16 13:09:21 2018"
        },
        {
            "title": "Initial commit, working on qualifications",
            "flags": {
                "Display the new affiliation types in the workspace": "False"
            },
            "message": "Initial commit, working on qualifications\n",
            "hash": "477c295a402ac302dde529a4fc5df0652a04458b",
            "author": "Angel Montenegro <angel.montenegro.jimenez@gmail.com>",
            "date": "Tue Feb 13 15:21:22 2018"
        },
        {
            "title": "Merge pull request #4347 from ORCID/addOrgIdsToSelfService",
            "flags": {
                "Self service org ids": "False",
                "Set the 2.0 API as the default one in the members API": "False"
            },
            "message": "Merge pull request #4347 from ORCID/addOrgIdsToSelfService\n\nAdd org ids to self service",
            "hash": "377b2d43ed3023c0d984d8d3424bca5f9b9b1da5",
            "merge": "1c35e43937 c2843131f8",
            "author": "lizkrznarich <e.krznarich@orcid.org>",
            "date": "Thu Feb 8 09:23:59 2018"
        },
        {
            "title": "Merge branch 'master' into addOrgIdsToSelfService",
            "flags": {
                "Self service org ids": "False",
                "Set the 2.0 API as the default one in the public API": "False",
                "Disable reCAPTCHA": "False"
            },
            "message": "Merge branch 'master' into addOrgIdsToSelfService\n",
            "hash": "df16dc3f7e391e5a0fb079bf004f0d1f1c2c2c7c",
            "merge": "3dc3e87a3c 731bc7a082",
            "author": "Will Simpson <w.simpson@orcid.org>",
            "date": "Mon Feb 5 06:33:24 2018"
        },
        {
            "title": "Sync with latest master",
            "flags": {
                "Set the 2.0 API as the default one in the members API": "False",
                "Disable reCAPTCHA": "False"
            },
            "message": "Sync with latest master\n",
            "hash": "9c6d1ba4f38bffe720d5e20b6ef33f4b5d9f9a74",
            "merge": "d92291b765 a65fad9e0e",
            "author": "Angel Montenegro <angel.montenegro.jimenez@gmail.com>",
            "date": "Fri Feb 2 11:36:53 2018"
        },
        {
            "title": "Now the api version filter will work for both public and members API, however, each one of them will have a different togglz",
            "flags": {
                "Set the 2.0 API as the default one in the members API": "False"
            },
            "message": "Now the api version filter will work for both public and members API, however, each one of them will have a different togglz\n",
            "hash": "d92291b765cb1f0b54fbfac3a91721ef97ab5cf7",
            "author": "Angel Montenegro <angel.montenegro.jimenez@gmail.com>",
            "date": "Fri Feb 2 11:34:49 2018"
        },
        {
            "title": "Changed togglz flag for recaptcha to checking feature disables it rather than enables it",
            "flags": {
                "Show reCAPTCHA": "removed",
                "Disable reCAPTCHA": "False"
            },
            "message": "Changed togglz flag for recaptcha to checking feature disables it rather than enables it\n",
            "hash": "cb87ab8d84cec3c23ba63bb5371bf9d6ed44d964",
            "author": "George Nash <bobcaprice@hotmail.com>",
            "date": "Thu Feb 1 10:47:16 2018"
        },
        {
            "title": "Made recaptcha a togglz feature",
            "flags": {
                "Show reCAPTCHA": "False"
            },
            "message": "Made recaptcha a togglz feature\n",
            "hash": "671ecb86ebe6a29156d9f3a3be49352ccc720d11",
            "author": "George Nash <bobcaprice@hotmail.com>",
            "date": "Wed Jan 31 05:55:16 2018"
        },
        {
            "title": "First create a toggle that switch between 1.2 and 2.0",
            "flags": {
                "Set the 2.0 API as the default one in the public API": "False"
            },
            "message": "First create a toggle that switch between 1.2 and 2.0\n",
            "hash": "fdbd5dbdd647b18633b5c9712d900a3e69e971e1",
            "author": "Angel Montenegro <angel.montenegro.jimenez@gmail.com>",
            "date": "Fri Jan 19 12:51:59 2018"
        },
        {
            "title": "First attempt at hidden feature for org ids in self service.",
            "flags": {
                "Self service org ids": "False"
            },
            "message": "First attempt at hidden feature for org ids in self service.\n",
            "hash": "2600a16acccd20c3ebd285644ed4db0fdd89cc14",
            "author": "Will Simpson <w.simpson@orcid.org>",
            "date": "Thu Jan 18 03:34:02 2018"
        },
        {
            "title": "add togglz feature and properties changes",
            "flags": {
                "UI changes for GDPR compliance": "False"
            },
            "message": "add togglz feature and properties changes\n",
            "hash": "bcc087689d60c04ecffd932ec3ffee41654f9b94",
            "author": "Liz Krznarich <ejkrznarich@gmail.com>",
            "date": "Wed Jan 10 14:29:39 2018"
        },
        {
            "title": "Merge branch 'master' into removeOauth2ScreensTogglz",
            "flags": {
                "Arabic translation": "False",
                "Split oauth in 2 screens": "removed",
                "Turn on angular2 features that are ready for QA": "False",
                "Turn off angular1 features that are legacy": "False"
            },
            "message": "Merge branch 'master' into removeOauth2ScreensTogglz\n",
            "hash": "e6c0f5cddbf627b1333d79d4de66e300db8a7456",
            "merge": "77ad4b2c3b f2ade10e4e",
            "author": "Liz Krznarich <ejkrznarich@gmail.com>",
            "date": "Thu Dec 14 10:54:05 2017"
        },
        {
            "title": "add arabic translation feature to togglz",
            "flags": {
                "Arabic translation": "False"
            },
            "message": "add arabic translation feature to togglz\n",
            "hash": "04b2e12ea1bafc3fc9ba6d1c494b2039cb1a5226",
            "author": "Liz Krznarich <ejkrznarich@gmail.com>",
            "date": "Wed Dec 13 13:00:45 2017"
        },
        {
            "title": "ng2: qol improvements",
            "flags": {
                "Turn on angular2 features that are ready for QA": "False",
                "Turn off angular1 features that are legacy": "False"
            },
            "message": "ng2: qol improvements\n",
            "hash": "e61bd8a4ca3df0dd7794c8f65907eddd1b84d098",
            "author": "Manuel Calvo <m.calvo@ost.orcid.org>",
            "date": "Tue Dec 12 07:28:25 2017"
        },
        {
            "title": "remove 1 screen oauth templates and 2 screen togglz feature",
            "flags": {
                "Split oauth in 2 screens": "removed"
            },
            "message": "remove 1 screen oauth templates and 2 screen togglz feature\n",
            "hash": "dea43e0ff8b28a16f78aabca1d8dc12c3e9aeeef",
            "author": "Liz Krznarich <ejkrznarich@gmail.com>",
            "date": "Thu Nov 30 10:37:01 2017"
        },
        {
            "title": "fix merge conflict",
            "flags": {
                "Affiliations in search results": "False",
                "Turn on angular2 features that are on development": "False"
            },
            "message": "fix merge conflict\n",
            "hash": "8a1620390edc4679cc8363f7b3d6ded04d9f2dda",
            "merge": "409d6424e1 efa58fe980",
            "author": "Liz Krznarich <ejkrznarich@gmail.com>",
            "date": "Thu Nov 16 12:54:39 2017"
        },
        {
            "title": "remove ng2 search togglz feature",
            "flags": {
                "Ng2 search": "removed"
            },
            "message": "remove ng2 search togglz feature\n",
            "hash": "409d6424e1bfd6ee9f232daa24d5ca9b7aeb7ee7",
            "author": "Liz Krznarich <ejkrznarich@gmail.com>",
            "date": "Thu Nov 16 12:52:37 2017"
        },
        {
            "title": "add affiliations to registration duplicate check search results",
            "flags": {
                "Affiliations in search results": "False"
            },
            "message": "add affiliations to registration duplicate check search results\n",
            "hash": "9f4fcfd649ac0c5906f6403abf0fb59af6ed2fe7",
            "author": "Liz Krznarich <ejkrznarich@gmail.com>",
            "date": "Wed Nov 15 13:35:09 2017"
        },
        {
            "title": "feature flag for ng2 search",
            "flags": {
                "Ng2 search": "False"
            },
            "message": "feature flag for ng2 search\n",
            "hash": "0b7352442475b90fa19f535dd7a8fab2c1c59cd6",
            "author": "Liz Krznarich <ejkrznarich@gmail.com>",
            "date": "Tue Nov 14 06:57:28 2017"
        },
        {
            "title": "adding togglz for ng2 features currently in dev",
            "flags": {
                "Turn on angular2 features that are on development": "False"
            },
            "message": "adding togglz for ng2 features currently in dev\n",
            "hash": "f2c3b8f8893e4e329498a3ef745a3e508322efcf",
            "author": "Manuel Calvo <m.calvo@ost.orcid.org>",
            "date": "Thu Nov 9 14:29:15 2017"
        },
        {
            "title": "switch api version based on togglz",
            "flags": {
                "Https for links to iDs": "False"
            },
            "message": "switch api version based on togglz\n",
            "hash": "964b46d0d761dd135859ee0ef1693c43a9c22dc5",
            "author": "Liz Krznarich <ejkrznarich@gmail.com>",
            "date": "Fri Oct 27 09:29:19 2017"
        },
        {
            "title": "add features to email templates params  and update email templates to use https links to orcid records",
            "flags": {
                "Https for links to iDs": "False"
            },
            "message": "add features to email templates params  and update email templates to use https links to orcid records\n",
            "hash": "d83af595bdd2491e9bc5bef95ef9bcfbd6b6655d",
            "author": "Liz Krznarich <ejkrznarich@gmail.com>",
            "date": "Wed Oct 25 18:17:11 2017"
        },
        {
            "title": "use https id on my-orcid, oauth/authorize, /manage, /print and public record",
            "flags": {
                "Https for links to iDs": "False"
            },
            "message": "use https id on my-orcid, oauth/authorize, /manage, /print and public record\n",
            "hash": "9a5fd0602a82cae7acded126dae3de247937297c",
            "author": "Liz Krznarich <ejkrznarich@gmail.com>",
            "date": "Tue Oct 24 14:06:33 2017"
        },
        {
            "title": "togglz feature flag",
            "flags": {
                "Badges on member details": "False"
            },
            "message": "togglz feature flag\n",
            "hash": "cf0448a545abe61b52d37a426156f731e6ad2ebe",
            "author": "Liz Krznarich <ejkrznarich@gmail.com>",
            "date": "Tue Oct 10 20:06:51 2017"
        },
        {
            "title": "add togglz feature flag",
            "flags": {
                "Affiliation org ID in UI": "False"
            },
            "message": "add togglz feature flag\n",
            "hash": "b929fdf4a55477af19b7caa81b8ab90fab9e7574",
            "author": "Liz Krznarich <ejkrznarich@gmail.com>",
            "date": "Fri Sep 22 10:44:31 2017"
        },
        {
            "title": "Added new togglz feature for outputting API analytics debug",
            "flags": {
                "API analytics debug logging": "False"
            },
            "message": "Added new togglz feature for outputting API analytics debug\n",
            "hash": "d91953ff81cebc44b0edd5a11243cee782b9de81",
            "author": "George Nash <bobcaprice@hotmail.com>",
            "date": "Thu Sep 7 07:37:22 2017"
        },
        {
            "title": "add additional email field to registration (required for now)",
            "flags": {
                "Two factor authentication": "False",
                "Mutiple emails on register form": "False",
                "Revoke access token if authorization code is reused": "False"
            },
            "message": "add additional email field to registration (required for now)\n",
            "hash": "7c611ee6db9930aea19db876a16f525b334a944f",
            "author": "Liz Krznarich <ejkrznarich@gmail.com>",
            "date": "Tue Aug 1 11:23:04 2017"
        },
        {
            "title": "added exception catching back into controller to catch locked clients",
            "flags": {
                "Revoke access token if authorization code is reused": "False"
            },
            "message": "added exception catching back into controller to catch locked clients\n",
            "hash": "5bd86377116f6056f8787ea826787eda0d7ffbac",
            "author": "Tom <tom@Toms-MacBook-Pro-2.local>",
            "date": "Tue Jun 20 02:44:17 2017"
        },
        {
            "title": "Merged master into 2FA",
            "flags": {
                "New footer": "False",
                "Affiliation search": "False",
                "Two factor authentication": "False",
                "Survey link": "False"
            },
            "message": "Merged master into 2FA\n",
            "hash": "dba6a4a70f59173c5ff6693a0465f57e7eed83ef",
            "merge": "6ef4dfc94a 5ee516739f",
            "author": "George Nash <bobcaprice@hotmail.com>",
            "date": "Tue Jun 6 09:15:57 2017"
        },
        {
            "title": "feature flag for survey link",
            "flags": {
                "New footer": "False",
                "Affiliation search": "False",
                "Survey link": "False"
            },
            "message": "feature flag for survey link\n",
            "hash": "e4453d5b9f497e829a3a178b80a37a7929122262",
            "author": "Liz Krznarich <ejkrznarich@gmail.com>",
            "date": "Mon Jun 5 06:31:44 2017"
        },
        {
            "title": "Finished 2FA implementation and fixed lots of failing tests due to new structure of UsernamePasswordAuthenticationToken",
            "flags": {
                "Split oauth in 2 screens": "False",
                "Affiliation search": "False",
                "Two factor authentication": "False"
            },
            "message": "Finished 2FA implementation and fixed lots of failing tests due to new structure of UsernamePasswordAuthenticationToken\n",
            "hash": "c9c32fc485e4008a3eb89735740a7ce79b59e87e",
            "merge": "f1b85cb3aa 51cf6d5c7f",
            "author": "George Nash <bobcaprice@hotmail.com>",
            "date": "Fri Jun 2 16:41:34 2017"
        },
        {
            "title": "fix merge conflicts",
            "flags": {
                "Split oauth in 2 screens": "False",
                "Affiliation search": "False"
            },
            "message": "fix merge conflicts\n",
            "hash": "7531e2caddb369fa5ba4646e2f54faaa009903cd",
            "merge": "f6de159be0 031d4c02ae",
            "author": "Liz Krznarich <ejkrznarich@gmail.com>",
            "date": "Thu Jun 1 14:23:38 2017"
        },
        {
            "title": "Adding feature flag",
            "flags": {
                "Split oauth in 2 screens": "False"
            },
            "message": "Adding feature flag\n",
            "hash": "f6de159be03563a481ff94f7dd1b796b37353193",
            "author": "Angel Montenegro <angel.montenegro.jimenez@gmail.com>",
            "date": "Sun May 28 21:47:56 2017"
        },
        {
            "title": "fix merge conflict",
            "flags": {
                "Last modified": "False",
                "Affiliation search": "False"
            },
            "message": "fix merge conflict\n",
            "hash": "29344ab4c2c0c836f14fe92b6b8c693d6f75f74c",
            "merge": "937d22c6d9 0495114f80",
            "author": "Liz Krznarich <ejkrznarich@gmail.com>",
            "date": "Thu May 18 15:15:50 2017"
        },
        {
            "title": "add feature flag for affiliation search",
            "flags": {
                "Affiliation search": "False"
            },
            "message": "add feature flag for affiliation search\n",
            "hash": "937d22c6d9ea3c12c7021d617dfd24676b59a86b",
            "author": "Liz Krznarich <ejkrznarich@gmail.com>",
            "date": "Thu May 18 15:11:47 2017"
        },
        {
            "title": "add feature flag",
            "flags": {
                "Last modified": "False"
            },
            "message": "add feature flag\n",
            "hash": "5bdd933d14015fc2af7b558a11d9c07ace0ab0c6",
            "author": "Liz Krznarich <ejkrznarich@gmail.com>",
            "date": "Wed May 10 13:39:44 2017"
        },
        {
            "title": "Togglz integration",
            "flags": {
                "New footer": "False"
            },
            "message": "Togglz integration\n",
            "hash": "ec0ff80341d04186dbf03c142f5b1ca1f50f824f",
            "author": "Angel Montenegro <angel.montenegro.jimenez@gmail.com>",
            "date": "Mon Apr 24 10:07:40 2017"
        }
    ]
}