{
    "id": 8484604,
    "node_id": "MDEwOlJlcG9zaXRvcnk4NDg0NjA0",
    "name": "ORCID-Source",
    "full_name": "ORCID/ORCID-Source",
    "private": false,
    "description": "ORCID Open Source Project",
    "fork": false,
    "created_at": "2013-02-28T17:57:01Z",
    "updated_at": "2019-12-20T21:33:31Z",
    "pushed_at": "2019-12-20T21:33:30Z",
    "homepage": "https://orcid.org",
    "size": 142941,
    "stargazers_count": 189,
    "watchers_count": 189,
    "language": "Java",
    "has_issues": true,
    "has_projects": true,
    "has_downloads": true,
    "has_wiki": false,
    "has_pages": false,
    "forks_count": 73,
    "archived": false,
    "disabled": false,
    "open_issues_count": 6,
    "forks": 73,
    "open_issues": 6,
    "watchers": 189,
    "default_branch": "master",
    "temp_clone_token": "",
    "network_count": 73,
    "subscribers_count": 48,
    "languages": {
        "Java": 21682318,
        "JavaScript": 2477377,
        "FreeMarker": 1246901,
        "TypeScript": 878933,
        "CSS": 455904,
        "HTML": 214298,
        "Groovy": 10621,
        "PLpgSQL": 7505,
        "Shell": 2859,
        "XSLT": 1388
    }
}