{
    "date": "2019-12-20T18:25:04.186189",
    "commits": [
        {
            "title": "Revert \"Merge pull request #1715 from npm/marketing-sidebar-blob\"",
            "flags": {
                "NPMO": "removed"
            },
            "message": "Revert \"Merge pull request #1715 from npm/marketing-sidebar-blob\"\n\nThis reverts commit 0de3a4751b795045b28516b1698a97080abed00c, reversing\nchanges made to c406b6181a537b7f5b0d5c3346ada9f9e24ec9b1.\n",
            "hash": "b068de0b6aab74ecd08e11252e655e0de0ceb5e2",
            "author": "Aria Stewart",
            "date": "Fri Jan 8 12:43:08 2016"
        },
        {
            "title": "add tests for marketing sidebar blob feature flag",
            "flags": {
                "NPMO": "False"
            },
            "message": "add tests for marketing sidebar blob feature flag\n",
            "hash": "e2295b83ffbe24167f2b9ecea3202828247a0b22",
            "author": "isaacs",
            "date": "Wed Jan 6 15:23:09 2016"
        },
        {
            "title": "Merge pull request #1638 from npm/pagination-teams",
            "flags": {
                "ORG_BILLING": "removed"
            },
            "message": "Merge pull request #1638 from npm/pagination-teams\n\nMake sure up to 100 teams can show on an org page",
            "hash": "350814ca0fa95ec9514855ebd149877da0d2f06b",
            "merge": "dbf06ff7 584de112",
            "author": "Jeff Lembeck",
            "date": "Fri Dec 18 10:27:16 2015"
        },
        {
            "title": "Got rid of the feature flag for organizations and cleaned up. Fixes #1597.",
            "flags": {
                "ORG_BILLING": "removed"
            },
            "message": "Got rid of the feature flag for organizations and cleaned up. Fixes #1597.\n",
            "hash": "cf9e5b4bc01a0e44d1e12150aed53046e7c9234b",
            "author": "Jonathan Barronville",
            "date": "Wed Dec 16 17:37:48 2015"
        },
        {
            "title": "add tests for rendering error page with FEATURE_NPMO=false/true",
            "flags": {
                "NPMO": "False"
            },
            "message": "add tests for rendering error page with FEATURE_NPMO=false/true\n",
            "hash": "939b2eec279347686b20126846e8349269ca0251",
            "author": "nexdrew",
            "date": "Mon Dec 14 18:29:40 2015"
        },
        {
            "title": "Accessing the team creation page",
            "flags": {
                "ORG_BILLING": "False"
            },
            "message": "Accessing the team creation page\n",
            "hash": "7d056b6d23d7e6a7468fd2124f69274a65843b63",
            "author": "Jeffrey Lembeck",
            "date": "Fri Oct 23 13:57:31 2015"
        },
        {
            "title": "tests are good :-)",
            "flags": {
                "SNACK_TIME": "False",
                "SNAKE_TIME": "True",
                "NONEXISTENT": "False",
                "RAINBOWS": "False",
                "UNICORN_PAGE": "False",
                "BOOM": "False",
                "TADA": "False"
            },
            "message": "tests are good :-)\n",
            "hash": "e9a30c12dda9f278a3ef4076159bc79b7a169bcc",
            "author": "rockbot",
            "date": "Wed Oct 14 16:35:35 2015"
        },
        {
            "title": "Hide orgs on user profile page behind feature flag",
            "flags": {
                "ORG_BILLING": "False"
            },
            "message": "Hide orgs on user profile page behind feature flag\n",
            "hash": "3e270053c549876530d50b82d775c0e24500773e",
            "author": "Jeffrey Lembeck",
            "date": "Fri Sep 4 15:27:43 2015"
        },
        {
            "title": "Add regex: feature flag matches",
            "flags": {
                "UNICORN_PAGE": "False"
            },
            "message": "Add regex: feature flag matches\n",
            "hash": "beac34dadc490428f8d3aad34747409808e6d3c0",
            "author": "Aria Stewart",
            "date": "Wed Sep 2 14:10:25 2015"
        },
        {
            "title": "Merge pull request #1245 from npm/join-beta-link",
            "flags": {
                "ORG_BILLING": "False"
            },
            "message": "Merge pull request #1245 from npm/join-beta-link\n\nenables a /org?join-beta link for invited users (fixes #1205)",
            "hash": "37d4f5abe0f854c1289302aa27cad12108f7f077",
            "merge": "cb4cd231 45f859dc",
            "author": "Jeff Lembeck",
            "date": "Wed Sep 2 08:58:40 2015"
        },
        {
            "title": "enables a /org?join-beta link for invited users (fixes #1205)",
            "flags": {
                "ORG_BILLING": "False"
            },
            "message": "enables a /org?join-beta link for invited users (fixes #1205)\n",
            "hash": "45f859dc04f98059464c2d293da57de6b13bc047",
            "author": "rockbot",
            "date": "Tue Sep 1 17:04:50 2015"
        },
        {
            "title": "adds tests for when the org feature is disabled",
            "flags": {
                "ORG_BILLING": "True"
            },
            "message": "adds tests for when the org feature is disabled\n",
            "hash": "270ca81ed395ed935df250dec0e4e3058a2535d9",
            "author": "rockbot",
            "date": "Fri Aug 21 11:01:23 2015"
        },
        {
            "title": "Public routing for org should be properly handled",
            "flags": {
                "ORG_BILLING": "removed"
            },
            "message": "Public routing for org should be properly handled\n\nOnly specific logged in users work here\n",
            "hash": "35b3f335d2e45190247fa3f00298febcff687aa7",
            "author": "Jeffrey Lembeck",
            "date": "Wed Aug 12 14:08:20 2015"
        },
        {
            "title": "Revert 5a640a88c1d06f2e0b0688bec5fc7a116bd22d72",
            "flags": {
                "ORG_BILLING": "False"
            },
            "message": "Revert 5a640a88c1d06f2e0b0688bec5fc7a116bd22d72\n\nPartial revert!\n\nRevert \"Putting org_billing feature behind auth wall in bonbon\"\n\nThis reverts commit 5a640a88c1d06f2e0b0688bec5fc7a116bd22d72.\n\nAdding route fix for public\n",
            "hash": "636a2afab2f1800d7ad89591e039d450e99ff80a",
            "author": "Jeffrey Lembeck",
            "date": "Wed Aug 12 08:26:51 2015"
        },
        {
            "title": "Putting org_billing feature behind auth wall in bonbon",
            "flags": {
                "ORG_BILLING": "removed"
            },
            "message": "Putting org_billing feature behind auth wall in bonbon\n",
            "hash": "5a640a88c1d06f2e0b0688bec5fc7a116bd22d72",
            "author": "Jeffrey Lembeck",
            "date": "Tue Aug 11 13:23:12 2015"
        },
        {
            "title": "Put org auth'd page behind feature flag",
            "flags": {
                "ORG_BILLING": "False"
            },
            "message": "Put org auth'd page behind feature flag\n\nOrgs were moved to public to accomodate\n\nPut org auth'd page behind feature flag\n\nOrgs were moved to public\n",
            "hash": "be56a881f5d9836c1a8e17699ec577825f58b7ae",
            "author": "Jeffrey Lembeck",
            "date": "Tue Aug 11 12:51:14 2015"
        },
        {
            "title": "Beginning of testing org + users",
            "flags": {
                "ORG_BILLING": "False"
            },
            "message": "Beginning of testing org + users\n",
            "hash": "aa1eb8a6aa0b89498184b9e43b7b6248c0e68947",
            "author": "Jeffrey Lembeck",
            "date": "Fri Jul 17 08:53:26 2015"
        },
        {
            "title": "adds tests for org creation errors",
            "flags": {
                "ORG_BILLING": "False"
            },
            "message": "adds tests for org creation errors\n",
            "hash": "dea3babbd533969e07ca84ea8bb8fd6fea688da4",
            "author": "rockbot",
            "date": "Wed Jul 8 10:15:43 2015"
        },
        {
            "title": "removes feature flags that are no longer needed",
            "flags": {
                "ACCESS_PAGE": "removed",
                "BILLING_PAGE": "removed"
            },
            "message": "removes feature flags that are no longer needed\n",
            "hash": "d3c2007e29abd4b04225cb3c73af2d6fc4c6dba9",
            "author": "rockbot",
            "date": "Mon Jul 6 13:16:33 2015"
        },
        {
            "title": "tests! they're passing! OMG",
            "flags": {
                "ACCESS_PAGE": "True"
            },
            "message": "tests! they're passing! OMG\n",
            "hash": "41853f17a1c6df89f09861574c5ea08eb93ede87",
            "author": "rockbot",
            "date": "Tue May 19 14:28:10 2015"
        },
        {
            "title": "Disallow public scoped packages from being toggled to private if logged-in read-write collaborator is not a paying customer.",
            "flags": {
                "ACCESS_PAGE": "False"
            },
            "message": "Disallow public scoped packages from being toggled to private if logged-in read-write collaborator is not a paying customer.",
            "hash": "93fc546dca2260fd0ceef441db85e502517e2ce2",
            "author": "Zeke Sikelianos",
            "date": "Wed Apr 22 20:48:24 2015"
        },
        {
            "title": "adds logging for external apis, plus test fixes",
            "flags": {
                "STEALTH": "False",
                "ALPHA": "False",
                "BETA": "False",
                "COMMON": "False",
                "BILLING_PAGE": "False"
            },
            "message": "adds logging for external apis, plus test fixes\n",
            "hash": "3a8bb688c1273febcec88a2abef52930a734703b",
            "author": "rockbot",
            "date": "Fri Apr 10 16:36:37 2015"
        },
        {
            "title": "Merge branch 'master' into access-footgun-safety",
            "flags": {
                "ACCESS_PAGE": "False"
            },
            "message": "Merge branch 'master' into access-footgun-safety\n",
            "hash": "a3fa7e1577f837d56e3e86caef78ca31c014c2c7",
            "merge": "e6b111a0 7d6fcb34",
            "author": "Zeke Sikelianos",
            "date": "Thu Apr 9 09:31:28 2015"
        },
        {
            "title": "redirect unpaid collaborators to billing page when they try to view a private package access page",
            "flags": {
                "ACCESS_PAGE": "False"
            },
            "message": "redirect unpaid collaborators to billing page when they try to view a private package access page",
            "hash": "e6ad016cd2593f57808440e38cb079b8c5de3b4c",
            "author": "Zeke Sikelianos",
            "date": "Wed Apr 8 15:18:44 2015"
        },
        {
            "title": "apply new feature flagging technique to access and billing pages",
            "flags": {
                "BILLING_PAGE": "False"
            },
            "message": "apply new feature flagging technique to access and billing pages",
            "hash": "244b4f5a601f9361e2c9470b3eca0cd919e0b9f1",
            "author": "Zeke Sikelianos",
            "date": "Mon Apr 6 12:33:12 2015"
        },
        {
            "title": "update everything to use FEATURE_ACCESS_PAGE",
            "flags": {
                "ACCESS": "removed",
                "ACCESS_PAGE": "False"
            },
            "message": "update everything to use FEATURE_ACCESS_PAGE",
            "hash": "573ed566d55b81ccdfe59f1f7ea62db95579fc1a",
            "author": "Zeke Sikelianos",
            "date": "Mon Apr 6 12:08:38 2015"
        },
        {
            "title": "automatically add all feature flags to request object and ultimately to view context",
            "flags": {
                "ACCESS": "removed",
                "STEALTH": "False",
                "ALPHA": "False",
                "BETA": "False",
                "COMMON": "False",
                "SNAKE_TIME": "True"
            },
            "message": "automatically add all feature flags to request object and ultimately to view context",
            "hash": "2fe7dae4c5615fadfb42545d3ccdc78e9c56aaff",
            "author": "Zeke Sikelianos",
            "date": "Mon Apr 6 12:02:19 2015"
        },
        {
            "title": "first pass at new feature flag function",
            "flags": {
                "SNACK_TIME": "False",
                "SNAKE_TIME": "True",
                "NONEXISTENT": "False",
                "RAINBOWS": "False",
                "UNICORN_PAGE": "False"
            },
            "message": "first pass at new feature flag function",
            "hash": "bd01485924b962b318b8e3d87f41cf245e52ddcb",
            "author": "Zeke Sikelianos",
            "date": "Thu Apr 2 15:26:22 2015"
        },
        {
            "title": "Merge branch 'r2' into ceej/cache-user-object",
            "flags": {
                "ACCESS": "False"
            },
            "message": "Merge branch 'r2' into ceej/cache-user-object\n\nConflicts:\n\thandlers/package.js\n\ttest/handlers/package.js\n",
            "hash": "18f47b8ec5adb19b289580688943dbac50c7506f",
            "merge": "1e59078f 3e04d065",
            "author": "rockbot",
            "date": "Wed Apr 1 10:49:51 2015"
        },
        {
            "title": "Merge pull request #791 from npm/dependents",
            "flags": {
                "ACCESS": "True"
            },
            "message": "Merge pull request #791 from npm/dependents\n\ndisplay dependents on package page",
            "hash": "27c73e5fef1436d47d0025336a873c63526a6bfb",
            "merge": "bdd52c3d aa79ae2a",
            "author": "C J Silverio",
            "date": "Tue Mar 31 18:34:58 2015"
        },
        {
            "title": "brings access and package handlers up to speed with request.loggedInUser",
            "flags": {
                "ACCESS": "False"
            },
            "message": "brings access and package handlers up to speed with request.loggedInUser\n",
            "hash": "0da380b3780c50891a8ed59b95a14c81f4694bf6",
            "author": "rockbot",
            "date": "Tue Mar 31 13:54:54 2015"
        },
        {
            "title": "more specific feature flag check",
            "flags": {
                "ACCESS": "True"
            },
            "message": "more specific feature flag check\n",
            "hash": "9b104627f6e69e2fad6ef13c13bd4ccef279741e",
            "author": "Zeke Sikelianos",
            "date": "Mon Mar 30 14:53:10 2015"
        },
        {
            "title": "Merge branch 'r2' into access-page",
            "flags": {
                "ACCESS": "True"
            },
            "message": "Merge branch 'r2' into access-page\n",
            "hash": "8cdb9447261ccb85c22ec4683bd249f87cacc1dc",
            "merge": "135e677b fef47710",
            "author": "Zeke Sikelianos",
            "date": "Thu Mar 26 23:11:45 2015"
        },
        {
            "title": "enforce feature flag on billing pages",
            "flags": {
                "ACCESS": "False"
            },
            "message": "enforce feature flag on billing pages",
            "hash": "135e677be7d79580fcd1019dcf81650026a1cfda",
            "author": "Zeke Sikelianos",
            "date": "Thu Mar 26 23:04:49 2015"
        },
        {
            "title": "add feature flags to view context, so templates can decide what to render",
            "flags": {
                "ACCESS": "False"
            },
            "message": "add feature flags to view context, so templates can decide what to render",
            "hash": "f347850e0fa5bdd2328e463c698f028505dc7567",
            "author": "Zeke Sikelianos",
            "date": "Thu Mar 26 23:03:40 2015"
        },
        {
            "title": "being cute is fine but not in our booleans",
            "flags": {
                "ACCESS": "True"
            },
            "message": "being cute is fine but not in our booleans\n",
            "hash": "5635fccc281ae89266b7c99050f8115c9b09bf88",
            "author": "Zeke Sikelianos",
            "date": "Wed Mar 25 11:08:53 2015"
        },
        {
            "title": "enforce feature flag on global and scoped package access routes",
            "flags": {
                "ACCESS": "False"
            },
            "message": "enforce feature flag on global and scoped package access routes",
            "hash": "9e25fe1c3bad369234857fb1d7454416b41e14d9",
            "author": "Zeke Sikelianos",
            "date": "Mon Mar 16 16:10:43 2015"
        },
        {
            "title": "Merge pull request #702 from npm/remove-user-model-mock",
            "flags": {
                "ACCESS": "False"
            },
            "message": "Merge pull request #702 from npm/remove-user-model-mock\n\nRemove user model mock",
            "hash": "ee06365081b83282b9486ec17187063965dc41b3",
            "merge": "5160dddb b17877f4",
            "author": "Zeke Sikelianos",
            "date": "Tue Mar 3 17:12:24 2015"
        },
        {
            "title": "Merge pull request #699 from npm/access-feature-flag",
            "flags": {
                "ACCESS": "False"
            },
            "message": "Merge pull request #699 from npm/access-feature-flag\n\nhide the package nav behind FEATURE_ACCESS env var",
            "hash": "5160dddbf58e420335072879c13b1be99984d504",
            "merge": "eeaf6b8c d0e1c9f2",
            "author": "Raquel V\u00e9lez",
            "date": "Tue Mar 3 17:01:16 2015"
        },
        {
            "title": "test that a missing feature flag disables the package nav",
            "flags": {
                "ACCESS": "False"
            },
            "message": "test that a missing feature flag disables the package nav",
            "hash": "d0e1c9f2f193a62d2f11c60096351a6a9dab9dad",
            "author": "Zeke Sikelianos",
            "date": "Tue Mar 3 16:21:06 2015"
        },
        {
            "title": "hide the package nav behind FEATURE_ACCESS env var",
            "flags": {
                "ACCESS": "False"
            },
            "message": "hide the package nav behind FEATURE_ACCESS env var",
            "hash": "3b4d7cc24a4101a9068028db7c3ffdd16b86624d",
            "author": "Zeke Sikelianos",
            "date": "Tue Mar 3 11:26:38 2015"
        },
        {
            "title": "add tests for paid account deletion and displaying notices",
            "flags": {
                "R2": "removed"
            },
            "message": "add tests for paid account deletion and displaying notices\n",
            "hash": "2e849706fae25b33fe551257ea7ff42eb17bb7a9",
            "author": "Zeke Sikelianos",
            "date": "Thu Dec 18 16:22:04 2014"
        },
        {
            "title": "add tests for updating billing info",
            "flags": {
                "R2": "removed"
            },
            "message": "add tests for updating billing info",
            "hash": "ae4054cbcaac87fa9c4e823227eee2774f74ff61",
            "author": "Zeke Sikelianos",
            "date": "Wed Dec 17 15:40:59 2014"
        },
        {
            "title": "begin testing license API integration",
            "flags": {
                "R2": "True"
            },
            "message": "begin testing license API integration",
            "hash": "e5b45ed8a93c0d4fb78247758486e5116377fef1",
            "author": "Zeke Sikelianos",
            "date": "Wed Dec 17 14:19:11 2014"
        },
        {
            "title": "put r2 behind a feature flag",
            "flags": {
                "R2": "False"
            },
            "message": "put r2 behind a feature flag",
            "hash": "acd786764b102175117147a7677956c0df1589b0",
            "author": "Zeke Sikelianos",
            "date": "Mon Dec 15 12:31:57 2014"
        }
    ]
}