{
    "id": 51781230,
    "node_id": "MDEwOlJlcG9zaXRvcnk1MTc4MTIzMA==",
    "name": "newww",
    "full_name": "rafaeljesus/newww",
    "private": false,
    "description": "The npm website",
    "fork": false,
    "created_at": "2016-02-15T19:53:16Z",
    "updated_at": "2019-09-04T06:49:04Z",
    "pushed_at": "2016-02-15T21:32:32Z",
    "homepage": "http://npmjs.com",
    "size": 10545,
    "stargazers_count": 2,
    "watchers_count": 2,
    "language": "JavaScript",
    "has_issues": false,
    "has_projects": true,
    "has_downloads": true,
    "has_wiki": true,
    "has_pages": false,
    "forks_count": 42,
    "archived": false,
    "disabled": false,
    "open_issues_count": 0,
    "forks": 42,
    "open_issues": 0,
    "watchers": 2,
    "default_branch": "master",
    "temp_clone_token": "",
    "network_count": 42,
    "subscribers_count": 2,
    "languages": {
        "JavaScript": 988508,
        "HTML": 159024,
        "CSS": 57872,
        "Shell": 6263
    }
}