{
    "date": "2019-12-20T18:24:50.104683",
    "commits": [
        {
            "title": "Clean up feature flag no longer needed",
            "flags": {
                "BILLING_V2_ENABLED": "removed"
            },
            "message": "Clean up feature flag no longer needed\n\n(This is deployed since more than one year ago)\n",
            "hash": "4453f794fa632497316f3fa6e6550e352ace5778",
            "author": "Sergio Gil <sgilperez@gmail.com>",
            "date": "Fri Aug 2 03:05:49 2019"
        },
        {
            "title": "listen on all interfaces for docker solution",
            "flags": {
                "DOCKER": "False"
            },
            "message": "listen on all interfaces for docker solution\n\nre #6\n",
            "hash": "dbb160668d4f7ca2d36c694548591838dfd7c910",
            "author": "jaroslawsokol <jaroslaw@assembla.com>",
            "date": "Wed May 22 05:27:22 2019"
        },
        {
            "title": "slow endpoint for testing timeouts",
            "flags": {
                "SLOW_ENDPOINT_ENABLED": "True"
            },
            "message": "slow endpoint for testing timeouts\n",
            "hash": "6a6fa02b19a9e05518cfbed6f3c084058d0a9ab7",
            "author": "Igor Wiedler <igor@travis-ci.org>",
            "date": "Mon Sep 24 02:16:35 2018"
        },
        {
            "title": "Wrap GDPR endpoints on an env var",
            "flags": {
                "GDPR_ENABLED": "False"
            },
            "message": "Wrap GDPR endpoints on an env var\n",
            "hash": "b1897d4534e8dc81c8808ef19ab79b64d97fb256",
            "author": "Sergio Gil <sgilperez@gmail.com>",
            "date": "Mon Aug 20 08:43:59 2018"
        },
        {
            "title": "reduce nginx log volume",
            "flags": {
                "NGINX_LOG_REQUEST_TIME": "True"
            },
            "message": "reduce nginx log volume\n\nWe are not currently using the service times from nginx and they are producing a lot of extra log volume. So it would be good to support turning them off.",
            "hash": "11a7301021c3966dfbe5b48379b5fd3ab40d1e47",
            "author": "Igor <igorwwwwwwwwwwwwwwwwwwww@users.noreply.github.com>",
            "date": "Mon Jul 2 08:36:02 2018"
        },
        {
            "title": "support for reading librato config from travis_config",
            "flags": {
                "travis_config": "False",
                "LIBRATO_USER": "False"
            },
            "message": "support for reading librato config from travis_config\n",
            "hash": "0f2604078d1f2c2e27ea10d312ad6d5656ae6ddb",
            "author": "Igor Wiedler <igor@travis-ci.org>",
            "date": "Thu Jun 28 08:55:23 2018"
        },
        {
            "title": "Add skip_count to skip expensive count query (#778)",
            "flags": {
                "PAGINATION_COUNT_CACHE_ENABLED": "True"
            },
            "message": "Add skip_count to skip expensive count query (#778)\n\nThis is a temporary measure until pagination can be improved.",
            "hash": "1516bb813d010b2c4870e3a049f1a0351fb44ac7",
            "author": "Igor <igorwwwwwwwwwwwwwwwwwwww@users.noreply.github.com>",
            "date": "Wed May 30 07:12:12 2018"
        },
        {
            "title": "Use env variable as billing-v2 feature flag",
            "flags": {
                "BILLING_V2_ENABLED": "False"
            },
            "message": "Use env variable as billing-v2 feature flag\n",
            "hash": "f08c6d31260057e2e659a4d8e4779d91ba4d222b",
            "author": "Sergio Gil <sgilperez@gmail.com>",
            "date": "Wed Mar 28 03:03:19 2018"
        },
        {
            "title": "first draft of efficient pagination prototype",
            "flags": {
                "EFFICIENT_PAGINATION_ENABLED": "True",
                "PAGINATION_COUNT_CACHE_ENABLED": "True"
            },
            "message": "first draft of efficient pagination prototype\n\nrefs travis-ci/reliability#36\n",
            "hash": "efc24d6e52672549f87d4b6a23b92347a1cf32fd",
            "author": "Igor Wiedler <igor@travis-ci.org>",
            "date": "Wed Mar 21 10:46:15 2018"
        },
        {
            "title": "remove unused appsignal dep",
            "flags": {
                "APPSIGNAL_ENABLED_FOR_DYNOS": "removed"
            },
            "message": "remove unused appsignal dep\n",
            "hash": "ea7e6a8e98732e8a8704cb69409f9f1174cf7209",
            "author": "Igor Wiedler <igor@travis-ci.org>",
            "date": "Wed Mar 7 06:11:54 2018"
        },
        {
            "title": "pagination count cache",
            "flags": {
                "PAGINATION_COUNT_CACHE_ENABLED": "True"
            },
            "message": "pagination count cache\n",
            "hash": "47add0aede810b825f1f0422a3ce32b812395b64",
            "author": "Igor Wiedler <igor@travis-ci.org>",
            "date": "Fri Feb 23 09:17:40 2018"
        },
        {
            "title": "Revert \"Introduce V2.1 API (#639)\"",
            "flags": {
                "AUTH_TESTS_ADAPTER": "removed",
                "AUTH_TESTS_MODE": "removed"
            },
            "message": "Revert \"Introduce V2.1 API (#639)\"\n\nThis reverts commit 7e3cda68b426502b3b8a9cd3af3913de8b115b1b.\n\nWe want to first try it from a branch and only then merge to master\n",
            "hash": "a064be3d20a3a5f381bc97c3279819acd9ac29e2",
            "author": "Piotr Sarnacki <drogus@gmail.com>",
            "date": "Mon Feb 5 01:23:54 2018"
        },
        {
            "title": "Introduce V2.1 API (#639)",
            "flags": {
                "AUTH_TESTS_ADAPTER": "True",
                "AUTH_TESTS_MODE": "False"
            },
            "message": "Introduce V2.1 API (#639)\n\nThe purpose of V2.1 API is to change APIs behaviour in context of\r\nauthentication error codes for responses that may return public data\r\nwithout breaking v2. When using V2 on travis-ci.com, we will return 401\r\nstatus for most of the endpoints. In preparation for enabling public\r\nrepository access on travis-ci.com we realised that this will not work\r\nwell with endpoints that should be publicly accessible. For example when\r\nfetching a build, we should either return a build with a 200 response or\r\nreturn 404 when a build doesn't exist or when a user doesn't have access\r\nto the build. On API V2 on travis-ci.com, however, we will return a 401\r\nresponse if a user is not authenticated. Without API V2.1 we would have\r\nto break that behaviour and we're not sure if anyone's using it.\r\n\r\nSo in essence API V2.1 changes the status code we return for requests\r\nthat previously needed a valid auth token on API V2.",
            "hash": "7e3cda68b426502b3b8a9cd3af3913de8b115b1b",
            "author": "Piotr Sarnacki <drogus@gmail.com>",
            "date": "Mon Feb 5 01:21:57 2018"
        },
        {
            "title": "fix/tweak auth table",
            "flags": {
                "AUTH_TESTS_ADAPTER": "True",
                "AUTH_TESTS_BRANCH": "removed"
            },
            "message": "fix/tweak auth table\n",
            "hash": "c689a11071ff065f2f6cc86285987f52c107d022",
            "author": "Sven Fuchs <me@svenfuchs.com>",
            "date": "Sat Feb 3 07:36:24 2018"
        },
        {
            "title": "listen on a port instead of an nginx socket on Enterprise",
            "flags": {
                "DYNO": "False"
            },
            "message": "listen on a port instead of an nginx socket on Enterprise\n",
            "hash": "761a57e79a95d5177c84f561d9417580bf04aa5e",
            "author": "bnferguson <bnferguson@gmail.com>",
            "date": "Tue Jan 30 05:20:53 2018"
        },
        {
            "title": "add v1 auth specs for public mode",
            "flags": {
                "AUTH_TESTS_TARGET": "removed",
                "AUTH_TESTS_MODE": "False"
            },
            "message": "add v1 auth specs for public mode\n",
            "hash": "fd1d67a2b2909dbda1994d6277144e4c7bef42d3",
            "author": "Sven Fuchs <me@svenfuchs.com>",
            "date": "Mon Jan 29 07:25:20 2018"
        },
        {
            "title": "run auth tests against staging",
            "flags": {
                "AUTH_TESTS_TARGET": "False",
                "AUTH_TESTS_MODE": "False",
                "AUTH_TESTS_BRANCH": "False"
            },
            "message": "run auth tests against staging\n",
            "hash": "4af1ac9fdd2b073bbcf777c0bdb31e745e3ed264",
            "author": "Sven Fuchs <me@svenfuchs.com>",
            "date": "Sat Jan 27 11:15:53 2018"
        },
        {
            "title": "model-renderer-tracing: correlate sql queries with the fields in the model they originate from",
            "flags": {
                "MODEL_RENDERER_TRACING_ENABLED": "True"
            },
            "message": "model-renderer-tracing: correlate sql queries with the fields in the model they originate from\n\nthis helps track down n+1 queries, by showing a backtrace for where in the rendering process the query happened.\n",
            "hash": "4c64db466413ae3eab594a4f55f48d16434c284e",
            "author": "Igor Wiedler <igor@travis-ci.org>",
            "date": "Fri Dec 22 05:12:33 2017"
        },
        {
            "title": "marginalia: update to forked gem, make feature optional",
            "flags": {
                "QUERY_COMMENTS_ENABLED": "True"
            },
            "message": "marginalia: update to forked gem, make feature optional\n",
            "hash": "9340f3690c1ac21bd6aabbbc39774a93e2c34640",
            "author": "Igor Wiedler <igor@travis-ci.org>",
            "date": "Tue Dec 12 07:59:17 2017"
        },
        {
            "title": "streamline honeycomb configuration",
            "flags": {
                "HONEYCOMB_ENABLED_FOR_DYNOS": "removed"
            },
            "message": "streamline honeycomb configuration\n",
            "hash": "213bcf20b616a0818f89f79535d33bc487ef2986",
            "author": "Igor Wiedler <igor@travis-ci.org>",
            "date": "Thu Aug 10 07:51:48 2017"
        },
        {
            "title": "honeycomb integration",
            "flags": {
                "HONEYCOMB_ENABLED_FOR_DYNOS": "False"
            },
            "message": "honeycomb integration\n",
            "hash": "bc2a43d25234e4944a3b60b2e5a0b0b2ca28ffb8",
            "author": "Igor Wiedler <igor@travis-ci.org>",
            "date": "Tue Jul 25 05:00:21 2017"
        },
        {
            "title": "fix typo EANBLED => ENABLED",
            "flags": {
                "APPSIGNAL_EANBLED_FOR_DYNOS": "removed",
                "APPSIGNAL_ENABLED_FOR_DYNOS": "False"
            },
            "message": "fix typo EANBLED => ENABLED\n",
            "hash": "63c5c2582761b1729c07c356eec1c67a1e7e3471",
            "author": "Igor Wiedler <igor@travis-ci.org>",
            "date": "Tue Jul 25 04:55:31 2017"
        },
        {
            "title": "simplify gatekeeper redis switch",
            "flags": {
                "REDIS_GATEKEEPER_ENABLED": "True"
            },
            "message": "simplify gatekeeper redis switch\n",
            "hash": "2aea68d9230bae582a811266240bfc1dc995118b",
            "author": "Igor Wiedler <igor@travis-ci.org>",
            "date": "Mon Jul 10 08:31:32 2017"
        },
        {
            "title": "enqueue gatekeeper messages to separate redis",
            "flags": {
                "REDIS_GATEKEEPER_ENABLED": "True"
            },
            "message": "enqueue gatekeeper messages to separate redis\n",
            "hash": "63e9efc02e9f95fac89628dd5a8ad7aab37afb0e",
            "author": "Igor Wiedler <igor@travis-ci.org>",
            "date": "Mon Jul 10 08:05:29 2017"
        },
        {
            "title": "Add AppSignal",
            "flags": {
                "APPSIGNAL_EANBLED_FOR_DYNOS": "False"
            },
            "message": "Add AppSignal\n",
            "hash": "ac569d8367737733c2d6036f55c4720ffa999da0",
            "author": "Aakriti Gupta <aakriti@travis-ci.org>",
            "date": "Fri Jun 23 05:28:25 2017"
        },
        {
            "title": "pgbouncer: add password to default connection string",
            "flags": {
                "PGBOUNCER_URL": "removed"
            },
            "message": "pgbouncer: add password to default connection string\n",
            "hash": "0c7bbae19dff7b3717734b73265566606d3b9cdb",
            "author": "Igor Wiedler <igor@travis-ci.org>",
            "date": "Tue May 23 08:23:57 2017"
        },
        {
            "title": "pgbouncer: remove DATABASE_URL_* handling",
            "flags": {
                "DATABASE_URL_PGBOUNCER": "removed",
                "PGBOUNCER_URL": "False"
            },
            "message": "pgbouncer: remove DATABASE_URL_* handling\n",
            "hash": "da22259b7faa0d6f78bcfecd6866bde537b05122",
            "author": "Igor Wiedler <igor@travis-ci.org>",
            "date": "Tue May 23 07:36:11 2017"
        },
        {
            "title": "pgbouncer: use DATABASE_URL_PGBOUNCER env var",
            "flags": {
                "PGBOUNCER_URL": "removed",
                "DATABASE_URL": "removed",
                "DATABASE_URL_PGBOUNCER": "False"
            },
            "message": "pgbouncer: use DATABASE_URL_PGBOUNCER env var\n",
            "hash": "8b31349099676955e185d22492e0a5be9b63bbaf",
            "author": "Igor Wiedler <igor@travis-ci.org>",
            "date": "Tue May 23 07:32:58 2017"
        },
        {
            "title": "pgbouncer: base pgbouncer admin url on database_url",
            "flags": {
                "PGBOUNCER_URL": "False",
                "DATABASE_URL": "False"
            },
            "message": "pgbouncer: base pgbouncer admin url on database_url\n",
            "hash": "e73583d72a8fa1644ed4756894d3b034e5c1f222",
            "author": "Igor Wiedler <igor@travis-ci.org>",
            "date": "Tue May 23 07:07:49 2017"
        },
        {
            "title": "pgbouncer: bash is not ruby",
            "flags": {
                "PGBOUNCER_ENABLED": "removed"
            },
            "message": "pgbouncer: bash is not ruby\n",
            "hash": "1ca1564097916318b99a1b94be8872045d633130",
            "author": "Igor Wiedler <igor@travis-ci.org>",
            "date": "Tue May 23 06:45:03 2017"
        },
        {
            "title": "pgbouncer: launch monitor process from within script/server",
            "flags": {
                "PGBOUNCER_ENABLED": "True"
            },
            "message": "pgbouncer: launch monitor process from within script/server\n",
            "hash": "9ac766a7079c34f6b83a72bda59cd2e5d5d5a403",
            "author": "Igor Wiedler <igor@travis-ci.org>",
            "date": "Tue May 23 06:42:38 2017"
        },
        {
            "title": "rack/attack: remove feature flag on rack attack metrics, always enable instrumentation",
            "flags": {
                "RACK_ATTACK_METRICS_ENABLED": "removed"
            },
            "message": "rack/attack: remove feature flag on rack attack metrics, always enable instrumentation\n\nrefs travis-pro/team-teal#1025\n",
            "hash": "512d51ca55877507254c14a737bd20b7680a2a4d",
            "author": "Igor Wiedler <igor@travis-ci.org>",
            "date": "Mon May 8 04:09:57 2017"
        },
        {
            "title": "rack/attack: switch around env vars, introduce RACK_ATTACK_METRICS_ENABLED_FOR_DYNOS var",
            "flags": {
                "RACK_ATTACK_INSTRUMENT": "removed",
                "RACK_ATTACK_METRICS_ENABLED": "True"
            },
            "message": "rack/attack: switch around env vars, introduce RACK_ATTACK_METRICS_ENABLED_FOR_DYNOS var\n",
            "hash": "b764268d80cf10bc2d9e982cf1544458f68d4a8a",
            "author": "Igor Wiedler <igor@travis-ci.org>",
            "date": "Thu Mar 9 06:03:46 2017"
        },
        {
            "title": "rack/attack: collect metrics on rate limiting",
            "flags": {
                "RACK_ATTACK_INSTRUMENT": "True"
            },
            "message": "rack/attack: collect metrics on rate limiting\n\nThis patch introduces some instrumentation for rack/attack that collects\nthree types of metrics:\n\n* number of requests blocked by matched rule\n* blocked requests by ip\n* blocked requests by api endpoint\n\nThe metrics are reported to librato via metriks. The instrumentation\ncan be enabled and disabled via the RACK_ATTACK_INSTRUMENT env var.\n",
            "hash": "8c1c6d6fa4f089045d5bf50d21569578ea04e404",
            "author": "Igor Wiedler <igor@travis-ci.org>",
            "date": "Wed Mar 8 08:44:26 2017"
        },
        {
            "title": "turn script/web_concurrency into a bash script, heroku did not like the ruby script",
            "flags": {
                "DYNO": "removed"
            },
            "message": "turn script/web_concurrency into a bash script, heroku did not like the ruby script\n",
            "hash": "815d9e6e9bf56931a1c211663c571f2e6996ee7a",
            "author": "Konstantin Haase <konstantin.mailinglists@googlemail.com>",
            "date": "Fri Oct 9 00:13:46 2015"
        },
        {
            "title": "reinstate nginx, use it in development, add smare concurrency settings",
            "flags": {
                "DYNO": "False"
            },
            "message": "reinstate nginx, use it in development, add smare concurrency settings\n",
            "hash": "e03f79513a0e3bfc9a6071fa2e9056e5b890b43f",
            "author": "Konstantin Haase <konstantin.mailinglists@googlemail.com>",
            "date": "Thu Oct 8 04:57:49 2015"
        },
        {
            "title": "allow switching profiler mode",
            "flags": {
                "STACKPROF": "removed"
            },
            "message": "allow switching profiler mode\n",
            "hash": "9ec2ef7f5652a8cebbca9eb663118d38eaa14692",
            "author": "Konstantin Haase <konstantin.mailinglists@googlemail.com>",
            "date": "Mon May 11 08:51:43 2015"
        },
        {
            "title": "add stackprof",
            "flags": {
                "STACKPROF": "False"
            },
            "message": "add stackprof\n",
            "hash": "ea23fd3b7eb2820bf927f9c3eebdcf686f7d160e",
            "author": "Konstantin Haase <konstantin.mailinglists@googlemail.com>",
            "date": "Mon May 11 08:13:21 2015"
        },
        {
            "title": "only run Skylight for 20% of the dynos (rounding up if there are less than five)",
            "flags": {
                "SKYLIGHT_AUTHENTICATION": "removed"
            },
            "message": "only run Skylight for 20% of the dynos (rounding up if there are less than five)\n",
            "hash": "016afceeffd90cd4921f8d0cc6577f35688f72ab",
            "author": "Konstantin Haase <konstantin.mailinglists@googlemail.com>",
            "date": "Mon Jan 19 04:59:53 2015"
        },
        {
            "title": "remove obsolete file",
            "flags": {
                "SKYLIGHT_AUTHENTICATION": "removed"
            },
            "message": "remove obsolete file\n",
            "hash": "690c59820568bedf38e8a9fd8cc890a85c49ba6b",
            "author": "Konstantin Haase <konstantin.mailinglists@googlemail.com>",
            "date": "Wed Jan 14 04:43:55 2015"
        },
        {
            "title": "use skylight without their sinatra code",
            "flags": {
                "SKYLIGHT_AUTHENTICATION": "False"
            },
            "message": "use skylight without their sinatra code\n",
            "hash": "ea4a1c5bc4ee35284715e0f93b3e3ed8f8a2bc90",
            "author": "Konstantin Haase <konstantin.mailinglists@googlemail.com>",
            "date": "Wed Jan 14 04:41:31 2015"
        },
        {
            "title": "add conditional skylight tracking",
            "flags": {
                "SKYLIGHT_AUTHENTICATION": "False"
            },
            "message": "add conditional skylight tracking\n",
            "hash": "396a0f756cf9e5dfce511fbf1f261b6843b08e0f",
            "author": "Konstantin Haase <konstantin.mailinglists@googlemail.com>",
            "date": "Wed Jan 14 03:33:23 2015"
        },
        {
            "title": "Remove Skylight",
            "flags": {
                "SKYLIGHT_APPLICATION": "removed"
            },
            "message": "Remove Skylight\n",
            "hash": "192af7b1b77743176f161ff016a0930a4ccb675a",
            "author": "Henrik Hodne <henrik@travis-ci.com>",
            "date": "Tue Jul 29 02:21:15 2014"
        },
        {
            "title": "make touching /tmp/app-initialized depend on heroku env var",
            "flags": {
                "DYNO": "False"
            },
            "message": "make touching /tmp/app-initialized depend on heroku env var\n",
            "hash": "4a0bdaafe68c1aa2179c1834562f21f36ca58673",
            "author": "Sven Fuchs <me@svenfuchs.com>",
            "date": "Fri Jun 20 14:57:43 2014"
        },
        {
            "title": "skylight: extract probes from config.ru",
            "flags": {
                "SKYLIGHT_APPLICATION": "removed"
            },
            "message": "skylight: extract probes from config.ru\n",
            "hash": "162b5b0ccac05cedbf3569055c2947d87fac1cc2",
            "author": "Henrik Hodne <henrik@hodne.io>",
            "date": "Wed Apr 9 12:34:20 2014"
        },
        {
            "title": "skylight: refactor more into extension",
            "flags": {
                "SKYLIGHT_APPLICATION": "False"
            },
            "message": "skylight: refactor more into extension\n",
            "hash": "208a8248f757c8c876d25948939d774412af07f4",
            "author": "Henrik Hodne <henrik@hodne.io>",
            "date": "Wed Apr 9 04:07:25 2014"
        },
        {
            "title": "skylight: only load extension if skylight is available",
            "flags": {
                "SKYLIGHT_APPLICATION": "False"
            },
            "message": "skylight: only load extension if skylight is available\n",
            "hash": "749ee8b943c6c0d74013d25fc8217d27cc17d2e0",
            "author": "Henrik Hodne <henrik@hodne.io>",
            "date": "Wed Apr 9 02:14:19 2014"
        },
        {
            "title": "Add Skylight stuff",
            "flags": {
                "SKYLIGHT_APPLICATION": "False"
            },
            "message": "Add Skylight stuff\n",
            "hash": "37f21025135aea4391274fb7b99cb3b0b0b3b28e",
            "author": "Henrik Hodne <henrik@hodne.io>",
            "date": "Tue Apr 8 22:09:09 2014"
        }
    ]
}