{
    "id": 5096124,
    "node_id": "MDEwOlJlcG9zaXRvcnk1MDk2MTI0",
    "name": "travis-api",
    "full_name": "travis-ci/travis-api",
    "private": false,
    "description": "The Travis CI API",
    "fork": false,
    "created_at": "2012-07-18T12:55:46Z",
    "updated_at": "2019-12-20T11:07:19Z",
    "pushed_at": "2019-12-20T11:07:26Z",
    "homepage": "https://developer.travis-ci.com/",
    "size": 8371,
    "stargazers_count": 278,
    "watchers_count": 278,
    "language": "Ruby",
    "has_issues": false,
    "has_projects": true,
    "has_downloads": true,
    "has_wiki": false,
    "has_pages": false,
    "forks_count": 160,
    "archived": false,
    "disabled": false,
    "open_issues_count": 42,
    "forks": 160,
    "open_issues": 42,
    "watchers": 278,
    "default_branch": "master",
    "temp_clone_token": "",
    "network_count": 160,
    "subscribers_count": 45,
    "languages": {
        "Ruby": 2118124,
        "HTML": 404856,
        "Shell": 5087,
        "Makefile": 1422,
        "Dockerfile": 590
    }
}