{
    "id": 114645633,
    "node_id": "MDEwOlJlcG9zaXRvcnkxMTQ2NDU2MzM=",
    "name": "mobile-help-to-save",
    "full_name": "hmrc/mobile-help-to-save",
    "private": false,
    "description": null,
    "fork": false,
    "created_at": "2017-12-18T13:41:44Z",
    "updated_at": "2019-12-11T10:08:17Z",
    "pushed_at": "2019-12-11T10:15:15Z",
    "homepage": "",
    "size": 964,
    "stargazers_count": 0,
    "watchers_count": 0,
    "language": "Scala",
    "has_issues": true,
    "has_projects": true,
    "has_downloads": true,
    "has_wiki": true,
    "has_pages": false,
    "forks_count": 2,
    "archived": false,
    "disabled": false,
    "open_issues_count": 0,
    "forks": 2,
    "open_issues": 0,
    "watchers": 0,
    "default_branch": "master",
    "temp_clone_token": "",
    "network_count": 2,
    "subscribers_count": 15,
    "languages": {
        "Scala": 432685,
        "RAML": 7623
    }
}