{
    "date": "2019-12-20T17:57:50.109023",
    "commits": [
        {
            "title": "enable sticker send",
            "flags": {
                "stickerSend": "True"
            },
            "message": "enable sticker send\n",
            "hash": "d4a9a373aadcdff5b75825f6844374b147c9ad09",
            "author": "Michael Kirk <michael@signal.org>",
            "date": "Mon Dec 16 18:41:17 2019"
        },
        {
            "title": "Respond to CR.",
            "flags": {
                "filterLoggedSQLQueries": "removed"
            },
            "message": "Respond to CR.\n",
            "hash": "9298c08b57043699933df4d1d3d4334d8a32ce3c",
            "author": "Matthew Chen <matthew@signal.org>",
            "date": "Mon Dec 16 09:01:49 2019"
        },
        {
            "title": "Sort when enumerating unseen interactions.",
            "flags": {
                "filterLoggedSQLQueries": "False"
            },
            "message": "Sort when enumerating unseen interactions.\n",
            "hash": "ea95c81c286ee62acf1c75cdfb9b8d8d2a19d7f5",
            "author": "Matthew Chen <matthew@signal.org>",
            "date": "Mon Dec 16 05:21:40 2019"
        },
        {
            "title": "disable sticker send for beta",
            "flags": {
                "stickerSend": "False"
            },
            "message": "disable sticker send for beta\n",
            "hash": "adb9480692996624dd2b8b04239601601a5ebed4",
            "author": "Michael Kirk <michael@signal.org>",
            "date": "Fri Dec 13 13:32:09 2019"
        },
        {
            "title": "Enable sticker send feature flag.",
            "flags": {
                "stickerSend": "True"
            },
            "message": "Enable sticker send feature flag.\n",
            "hash": "05ae3589c483dce4110c2d5311648e225d58e5d2",
            "author": "Matthew Chen <matthew@signal.org>",
            "date": "Wed Dec 11 20:32:56 2019"
        },
        {
            "title": "Revert group and profile changes.",
            "flags": {
                "tryToCreateNewGroupsV2": "removed",
                "incomingGroupsV2": "removed",
                "tryToCreateGroupsV2": "False",
                "versionedProfiledFetches": "removed",
                "versionedProfiledUpdate": "removed"
            },
            "message": "Revert group and profile changes.\n",
            "hash": "29150102cbad3f4cab43a12a18d2e8bf5a4530c8",
            "author": "Matthew Chen <matthew@signal.org>",
            "date": "Wed Dec 11 20:07:26 2019"
        },
        {
            "title": "Reaction receive should be on for everyone",
            "flags": {
                "reactionReceive": "True"
            },
            "message": "Reaction receive should be on for everyone\n",
            "hash": "1812e134b46567267d9b8726f852baa2ba6e514b",
            "author": "Nora Trapp <nora@signal.org>",
            "date": "Fri Dec 6 11:59:24 2019"
        },
        {
            "title": "Update reaction feature flags",
            "flags": {
                "reactionReceive": "False",
                "reactionSend": "False"
            },
            "message": "Update reaction feature flags\n",
            "hash": "e7f3a445bcc3938189a6d0345e8e5e7bbf5fbe16",
            "author": "Nora Trapp <nora@signal.org>",
            "date": "Thu Dec 5 15:27:11 2019"
        },
        {
            "title": "Update storage service staging url, feature flags to reflect production availability of KBS and storage service",
            "flags": {
                "registrationLockV2": "False",
                "socialGraphOnServer": "False",
                "usernames": "False"
            },
            "message": "Update storage service staging url, feature flags to reflect production availability of KBS and storage service\n",
            "hash": "9bb849855fb3bd6a55e5211a4afea39a4af3dd81",
            "author": "Nora Trapp <nora@signal.org>",
            "date": "Wed Dec 4 15:58:30 2019"
        },
        {
            "title": "Rework new group new creation & group updates.",
            "flags": {
                "incomingGroupsV2": "False"
            },
            "message": "Rework new group new creation & group updates.\n",
            "hash": "05c8e674ee03cc69aa1fe0fcac036dfcba95cf2c",
            "author": "Matthew Chen <matthew@signal.org>",
            "date": "Wed Nov 27 14:46:10 2019"
        },
        {
            "title": "Rework new group new creation & group updates.",
            "flags": {
                "tryToCreateGroupsV2": "removed",
                "tryToCreateNewGroupsV2": "False"
            },
            "message": "Rework new group new creation & group updates.\n",
            "hash": "3d88f68cfb87532fcda995b14cf9149e67b81f80",
            "author": "Matthew Chen <matthew@signal.org>",
            "date": "Wed Nov 27 08:15:45 2019"
        },
        {
            "title": "Merge branch 'release/3.0.1'",
            "flags": {
                "uuidCapabilities": "False",
                "registrationLockV2": "False",
                "useOnlyModernContactDiscovery": "False",
                "socialGraphOnServer": "False",
                "usernames": "False",
                "reactionReceive": "False",
                "reactionSend": "False",
                "isUsingProductionService": "True",
                "versionedProfiledFetches": "False",
                "versionedProfiledUpdate": "False"
            },
            "message": "Merge branch 'release/3.0.1'\n",
            "hash": "d6fa8bcd0bddbf8eaef0141d8f042f8737868821",
            "merge": "251baf914 82b3476fb",
            "author": "Nora Trapp <nora@signal.org>",
            "date": "Mon Nov 25 10:38:27 2019"
        },
        {
            "title": "Update and fetch versioned profiles.",
            "flags": {
                "versionedProfiledFetches": "False",
                "versionedProfiledUpdate": "False"
            },
            "message": "Update and fetch versioned profiles.\n",
            "hash": "1817b6b395be9342d9c777b092be49fee295cbdd",
            "author": "Matthew Chen <matthew@signal.org>",
            "date": "Wed Nov 20 08:45:58 2019"
        },
        {
            "title": "Rework TSConstants.",
            "flags": {
                "uuidCapabilities": "False",
                "registrationLockV2": "False",
                "useOnlyModernContactDiscovery": "False",
                "socialGraphOnServer": "False",
                "usernames": "False",
                "isUsingProductionService": "True"
            },
            "message": "Rework TSConstants.\n",
            "hash": "5feb130032f7d9b8d94cddb63dd1e9210884882e",
            "author": "Matthew Chen <matthew@signal.org>",
            "date": "Thu Nov 14 09:13:25 2019"
        },
        {
            "title": "Handle incoming reactions",
            "flags": {
                "reactionReceive": "False",
                "reactionSend": "False"
            },
            "message": "Handle incoming reactions\n",
            "hash": "d7d471101eb6e88a04c0067adf90283a2b93c7e1",
            "author": "Nora Trapp <nora@signal.org>",
            "date": "Tue Nov 12 19:21:22 2019"
        },
        {
            "title": "Allow switching onboarding mode",
            "flags": {
                "linkedPhones": "False"
            },
            "message": "Allow switching onboarding mode\n",
            "hash": "f097ebaeda497520f7004e2532685daa666a7491",
            "author": "Nora Trapp <nora@signal.org>",
            "date": "Fri Nov 8 19:00:09 2019"
        },
        {
            "title": "Add GroupManager.",
            "flags": {
                "tryToCreateGroupsV2": "False"
            },
            "message": "Add GroupManager.\n",
            "hash": "7a9fc21149b13fdfe6253330c712e4682c583884",
            "author": "Matthew Chen <matthew@signal.org>",
            "date": "Wed Nov 6 07:44:35 2019"
        },
        {
            "title": "Preserve YDB in beta and production builds.",
            "flags": {
                "preserveYdb": "False"
            },
            "message": "Preserve YDB in beta and production builds.\n",
            "hash": "db46450d4f3653a5217baccbbdb57de9a2fce463",
            "author": "Matthew Chen <matthew@signal.org>",
            "date": "Thu Nov 7 10:02:07 2019"
        },
        {
            "title": "Clean up YDB files after migration to GRDB.",
            "flags": {
                "preserveYdb": "False"
            },
            "message": "Clean up YDB files after migration to GRDB.\n",
            "hash": "e4eeaf4b601c770f9ecff36f22dd0d1c2805e352",
            "author": "Matthew Chen <matthew@signal.org>",
            "date": "Thu Nov 7 07:18:02 2019"
        },
        {
            "title": "Adjust some feature flags that shouldn't be QA",
            "flags": {
                "messageRequest": "False",
                "profileDisplayChanges": "False"
            },
            "message": "Adjust some feature flags that shouldn't be QA\n",
            "hash": "0cb40f35bce7e3a49825edf10014ab2dd20504f4",
            "author": "Nora Trapp <nora@signal.org>",
            "date": "Wed Nov 6 20:27:31 2019"
        },
        {
            "title": "Message requests require social graph on server in order to support linked devices.",
            "flags": {
                "messageRequest": "False"
            },
            "message": "Message requests require social graph on server in order to support linked devices.\n",
            "hash": "6ff92594e5afab20f3cab32f8041d0ae80e8bb01",
            "author": "Nora Trapp <nora@signal.org>",
            "date": "Mon Nov 4 17:04:41 2019"
        },
        {
            "title": "Restrict all paths to calling on linked devices.",
            "flags": {
                "calling": "False"
            },
            "message": "Restrict all paths to calling on linked devices.\n",
            "hash": "b6a8e5685fc4d4a1c139c8fbb0b540cd798673c4",
            "author": "Nora Trapp <nora@signal.org>",
            "date": "Sat Oct 26 13:47:24 2019"
        },
        {
            "title": "Don't log SQL in internal or QA builds, only dev",
            "flags": {
                "logSQLQueries": "False"
            },
            "message": "Don't log SQL in internal or QA builds, only dev\n",
            "hash": "ee1dfd1e741a41cd113728e67563948029397f79",
            "author": "Michael Kirk <michael@signal.org>",
            "date": "Mon Oct 21 12:14:35 2019"
        },
        {
            "title": "log sql with regular logger, but only in dev-qa",
            "flags": {
                "logSQLQueries": "False"
            },
            "message": "log sql with regular logger, but only in dev-qa\n",
            "hash": "a1ebb6cf7604dfd72704996d5fc3d53efb874561",
            "author": "Michael Kirk <michael@signal.org>",
            "date": "Fri Oct 18 16:37:25 2019"
        },
        {
            "title": "Verbose about view.",
            "flags": {
                "verboseAboutView": "False"
            },
            "message": "Verbose about view.\n",
            "hash": "ea7e51f4d3d20d78765c697b9c3582579922f186",
            "author": "Matthew Chen <matthew@signal.org>",
            "date": "Thu Oct 17 07:47:35 2019"
        },
        {
            "title": "remove some unused columns",
            "flags": {
                "shouldPadAllOutgoingAttachments": "removed"
            },
            "message": "remove some unused columns\n",
            "hash": "6d73d01e013c45c54e1c4b1346d9d52d4b9cd1ba",
            "author": "Michael Kirk <michael@signal.org>",
            "date": "Thu Oct 10 15:50:13 2019"
        },
        {
            "title": "Merge remote-tracking branch 'private/release/2.44.0'",
            "flags": {
                "uuidCapabilities": "False",
                "canRevertToYDB": "False"
            },
            "message": "Merge remote-tracking branch 'private/release/2.44.0'\n",
            "hash": "d93dd0abe03c690f277f8d93f73834615519ec92",
            "merge": "735381905 0daaf9887",
            "author": "Matthew Chen <matthew@signal.org>",
            "date": "Fri Oct 11 11:49:19 2019"
        },
        {
            "title": "Prevent GRDB users from reverting to YDB.",
            "flags": {
                "canRevertToYDB": "False"
            },
            "message": "Prevent GRDB users from reverting to YDB.\n",
            "hash": "c4376503ec66972de871eb5be82c506d037978b8",
            "author": "Matthew Chen <matthew@signal.org>",
            "date": "Fri Oct 11 06:26:43 2019"
        },
        {
            "title": "Merge remote-tracking branch 'private/release/2.44.0'",
            "flags": {
                "uuidCapabilities": "False"
            },
            "message": "Merge remote-tracking branch 'private/release/2.44.0'\n",
            "hash": "8b53f669ee742253408156b985e422b7d03b782e",
            "merge": "cb810eeb8 67676dfd6",
            "author": "Matthew Chen <matthew@signal.org>",
            "date": "Fri Oct 4 12:33:27 2019"
        },
        {
            "title": "set uuid capable",
            "flags": {
                "uuidCapabilities": "False"
            },
            "message": "set uuid capable\n\nAlso includes parsing capabilities from profile fetch, though the value isn't yet used\n",
            "hash": "78233bbeb219abe7f8f53bd8ea78abe704e6c5b4",
            "author": "Michael Kirk <michael@signal.org>",
            "date": "Sun Sep 29 13:03:09 2019"
        },
        {
            "title": "Merge remote-tracking branch 'private/release/2.43.1'",
            "flags": {
                "preserveYdb": "True",
                "shouldPadAllOutgoingAttachments": "True",
                "stickerSharing": "True",
                "suppressBackgroundActivity": "False"
            },
            "message": "Merge remote-tracking branch 'private/release/2.43.1'\n",
            "hash": "6f88ffa61de3e461f1bdbea5128b7255b852e154",
            "merge": "069e72b50 460ebda40",
            "author": "Matthew Chen <matthew@signal.org>",
            "date": "Tue Sep 24 10:15:31 2019"
        },
        {
            "title": "Update sticker sharing domain.",
            "flags": {
                "stickerSharing": "True"
            },
            "message": "Update sticker sharing domain.\n",
            "hash": "2132564317736c1207bcdd09baf777b1c9df2547",
            "author": "Matthew Chen <matthew@signal.org>",
            "date": "Thu Sep 19 14:22:02 2019"
        },
        {
            "title": "Pad all outgoing attachments.",
            "flags": {
                "shouldPadAllOutgoingAttachments": "True"
            },
            "message": "Pad all outgoing attachments.\n",
            "hash": "7065eb91b828a12cb9bc585bdb5d138df8cae676",
            "author": "Matthew Chen <matthew@signal.org>",
            "date": "Thu Sep 19 13:53:21 2019"
        },
        {
            "title": "Add suppressBackgroundActivity feature flag.",
            "flags": {
                "suppressBackgroundActivity": "False"
            },
            "message": "Add suppressBackgroundActivity feature flag.\n",
            "hash": "6714932fca8975398665e5521a01dbe460665f35",
            "author": "Matthew Chen <matthew@signal.org>",
            "date": "Thu Sep 19 13:02:53 2019"
        },
        {
            "title": "Merge tag '2.43.0.17'",
            "flags": {
                "preserveYdb": "True"
            },
            "message": "Merge tag '2.43.0.17'\n",
            "hash": "8e4cd299bee8fed9d3be569aed8462a388100df6",
            "merge": "64c437590 cbea6702c",
            "author": "Matthew Chen <matthew@signal.org>",
            "date": "Mon Sep 23 08:19:18 2019"
        },
        {
            "title": "Merge tag '2.43.0.6'",
            "flags": {
                "preserveYdb": "True",
                "cameraFirstCaptureFlow": "True"
            },
            "message": "Merge tag '2.43.0.6'\n",
            "hash": "1ac93fd6b572497de024b054f27ab47d38314ff4",
            "merge": "e523be6c5 b61040ad8",
            "author": "Matthew Chen <matthew@signal.org>",
            "date": "Fri Sep 13 10:56:15 2019"
        },
        {
            "title": "Enable camera-first capture flow.",
            "flags": {
                "cameraFirstCaptureFlow": "True"
            },
            "message": "Enable camera-first capture flow.\n",
            "hash": "c47a9aae2556f6ec83f62479abcc851526cf5435",
            "author": "Matthew Chen <matthew@signal.org>",
            "date": "Fri Sep 13 10:00:56 2019"
        },
        {
            "title": "Clean up YDB.",
            "flags": {
                "preserveYdb": "True"
            },
            "message": "Clean up YDB.\n",
            "hash": "22d6c9e9eee25bf45b486e4b2bd0e72348b8ef1a",
            "author": "Matthew Chen <matthew@signal.org>",
            "date": "Mon Sep 2 12:38:15 2019"
        },
        {
            "title": "Merge branch 'release/2.42.0'",
            "flags": {
                "shouldPadAllOutgoingAttachments": "False",
                "grdbMigratesFreshDBEveryLaunch": "removed",
                "complainAboutSlowDBWrites": "True",
                "usernames": "False",
                "messageRequest": "False",
                "profileDisplayChanges": "False"
            },
            "message": "Merge branch 'release/2.42.0'\n",
            "hash": "129535f2d71d921ddf7f54a4dc2460e5f833871f",
            "merge": "3c14367ed c026575cc",
            "author": "Nora Trapp <nora@signal.org>",
            "date": "Thu Aug 29 15:02:31 2019"
        },
        {
            "title": "Restore old ~profile display",
            "flags": {
                "profileDisplayChanges": "False"
            },
            "message": "Restore old ~profile display\n",
            "hash": "b45516839ff94ee2f84f64c343623ac0e83d9361",
            "author": "Nora Trapp <nora@signal.org>",
            "date": "Wed Aug 28 18:51:40 2019"
        },
        {
            "title": "Restore contact offer",
            "flags": {
                "messageRequest": "False"
            },
            "message": "Restore contact offer\n",
            "hash": "686e43910606190a41eb1b7dae687fcf02f7ce90",
            "author": "Nora Trapp <nora@signal.org>",
            "date": "Wed Aug 28 20:29:01 2019"
        },
        {
            "title": "Put message request view behind a feature flag",
            "flags": {
                "messageRequest": "False"
            },
            "message": "Put message request view behind a feature flag\n",
            "hash": "85beb08bde5b0fe3f7fe89d90029f97f9c3cb888",
            "author": "Nora Trapp <nora@signal.org>",
            "date": "Wed Aug 28 17:39:31 2019"
        },
        {
            "title": "Fix issues with pure-GRDB mode.",
            "flags": {
                "alwaysLoadYDB": "removed"
            },
            "message": "Fix issues with pure-GRDB mode.\n",
            "hash": "2b31f07752dd01c52ec768466a816ce148365524",
            "author": "Matthew Chen <matthew@signal.org>",
            "date": "Mon Aug 26 09:41:02 2019"
        },
        {
            "title": "Merge remote-tracking branch 'private/release/2.42.0'",
            "flags": {
                "shouldPadAllOutgoingAttachments": "False",
                "grdbMigratesFreshDBEveryLaunch": "removed",
                "alwaysLoadYDB": "False",
                "complainAboutSlowDBWrites": "True",
                "usernames": "False"
            },
            "message": "Merge remote-tracking branch 'private/release/2.42.0'\n",
            "hash": "a5efaf8d16cbf4aec954f359af45361e3862ba7a",
            "merge": "416edec8c b29a7f449",
            "author": "Matthew Chen <matthew@signal.org>",
            "date": "Wed Aug 28 07:33:26 2019"
        },
        {
            "title": "Don't load YDB unless necessary.",
            "flags": {
                "alwaysLoadYDB": "False"
            },
            "message": "Don't load YDB unless necessary.\n\nDon't load YDB unless necessary.\n\nDon't load YDB unless necessary.\n\nDon't load YDB unless necessary.\n",
            "hash": "79b1d31f20857df2a010a7e5814139a4305e0b81",
            "author": "Matthew Chen <matthew@signal.org>",
            "date": "Fri Aug 23 06:06:00 2019"
        },
        {
            "title": "Add username creation flow.",
            "flags": {
                "usernames": "False"
            },
            "message": "Add username creation flow.\n",
            "hash": "5ce5264d074061080ea0eb7da31f3ae17226c384",
            "author": "Nora Trapp <nora@signal.org>",
            "date": "Tue Aug 13 12:38:56 2019"
        },
        {
            "title": "Revert \"Set feature flags for beta build.\"",
            "flags": {
                "isBetaBuild": "False"
            },
            "message": "Revert \"Set feature flags for beta build.\"\n\nThis reverts commit 0ad0fbcf60865be5fae1cf005e3316a37cfa9770.\n",
            "hash": "34d8e9f4a6908193d7bae62240b77b5459c95023",
            "author": "Matthew Chen <matthew@signal.org>",
            "date": "Wed Aug 14 14:07:15 2019"
        },
        {
            "title": "pre-write sync message data on background thread outside of write transaction",
            "flags": {
                "complainAboutSlowDBWrites": "True"
            },
            "message": "pre-write sync message data on background thread outside of write transaction\n",
            "hash": "4891375d5ea0a5dee365158a6ac3da1eff4b09f6",
            "author": "Michael Kirk <michael@signal.org>",
            "date": "Tue Aug 13 20:15:53 2019"
        },
        {
            "title": "Introduce storage coordinator.",
            "flags": {
                "shouldPadAllOutgoingAttachments": "False",
                "alwaysLoadYDB": "True",
                "grdbMigratesFreshDBEveryLaunch": "removed"
            },
            "message": "Introduce storage coordinator.\n",
            "hash": "2a5683b843346de517eaec3381e66ab1716ede8d",
            "author": "Matthew Chen <matthew@signal.org>",
            "date": "Mon Aug 12 11:17:51 2019"
        },
        {
            "title": "fix fallback lazy writes for consumable data sources",
            "flags": {
                "complainAboutSlowDBWrites": "False"
            },
            "message": "fix fallback lazy writes for consumable data sources\n",
            "hash": "bd3539f597a65d8f85f499940a71595c09a595f4",
            "author": "Michael Kirk <michael@signal.org>",
            "date": "Tue Aug 13 10:13:06 2019"
        },
        {
            "title": "enable new pin flow for qa and fix a bug",
            "flags": {
                "registrationLockV2": "False",
                "socialGraphOnServer": "False"
            },
            "message": "enable new pin flow for qa and fix a bug\n",
            "hash": "08d967d6f5178461f58d8943640fac2042c37f0b",
            "author": "Nora Trapp <nora@signal.org>",
            "date": "Thu Aug 8 18:02:58 2019"
        },
        {
            "title": "Update feature flags for QAS.",
            "flags": {
                "conversationSearch": "False",
                "stickerSharing": "False"
            },
            "message": "Update feature flags for QAS.\n",
            "hash": "5c98b44b3f1d8ae6c438a796248f7e772388e67d",
            "author": "Matthew Chen <matthew@signal.org>",
            "date": "Thu Aug 8 05:00:25 2019"
        },
        {
            "title": "Merge remote-tracking branch 'private/release/2.41.0'",
            "flags": {
                "useGRDB": "removed",
                "stickerSend": "False",
                "sendPerMessageExpiration": "removed",
                "viewOnceSending": "False",
                "isBetaBuild": "removed",
                "strictYDBExtensions": "False",
                "onlyModernNotificationClearance": "False",
                "allowUUIDOnlyContacts": "False",
                "useOnlyModernContactDiscovery": "False",
                "phoneNumberPrivacy": "False",
                "socialGraphOnServer": "False",
                "cameraFirstCaptureFlow": "False"
            },
            "message": "Merge remote-tracking branch 'private/release/2.41.0'\n",
            "hash": "eccfad0f4612f5669897caccaf94bbeac66775e5",
            "merge": "85739f46e 772073638",
            "author": "Matthew Chen <matthew@signal.org>",
            "date": "Tue Aug 6 08:12:39 2019"
        },
        {
            "title": "Set feature flags for beta build.",
            "flags": {
                "isBetaBuild": "True"
            },
            "message": "Set feature flags for beta build.\n",
            "hash": "0ad0fbcf60865be5fae1cf005e3316a37cfa9770",
            "author": "Matthew Chen <matthew@signal.org>",
            "date": "Fri Aug 2 12:25:25 2019"
        },
        {
            "title": "Set feature flags for production build.",
            "flags": {
                "viewOnceSending": "False",
                "isBetaBuild": "False"
            },
            "message": "Set feature flags for production build.\n",
            "hash": "1d3e5118c0a66e3541de8c86f88b060370824e68",
            "author": "Matthew Chen <matthew@signal.org>",
            "date": "Fri Aug 2 12:22:09 2019"
        },
        {
            "title": "Camera First flow",
            "flags": {
                "cameraFirstCaptureFlow": "False"
            },
            "message": "Camera First flow\n",
            "hash": "afd9d7781af026df8f6d4aef2228527a2eba605c",
            "author": "Michael Kirk <michael@signal.org>",
            "date": "Fri Jul 26 13:53:54 2019"
        },
        {
            "title": "Rework \"view once\" messages.",
            "flags": {
                "perMessageExpiration": "removed",
                "viewOnceSending": "True"
            },
            "message": "Rework \"view once\" messages.\n",
            "hash": "4f03f969fcd4b7c02cd15e01af932c842ac91683",
            "author": "Matthew Chen <matthew@signal.org>",
            "date": "Thu Aug 1 10:27:05 2019"
        },
        {
            "title": "Sync or restore manifest after registered and ready",
            "flags": {
                "socialGraphOnServer": "False"
            },
            "message": "Sync or restore manifest after registered and ready\n",
            "hash": "2ac19e04403694f71f99577fb3abc0e1c9e6431b",
            "author": "Nora Trapp <nora@signal.org>",
            "date": "Wed Jul 31 22:44:07 2019"
        },
        {
            "title": "Don't force profiles for existing conversations until phone number privacy rolls out",
            "flags": {
                "phoneNumberPrivacy": "False"
            },
            "message": "Don't force profiles for existing conversations until phone number privacy rolls out\n",
            "hash": "cfb5468b2cf29ac275c85181e31c9968d2b49c2c",
            "author": "Nora Trapp <nora@signal.org>",
            "date": "Wed Jul 31 13:17:37 2019"
        },
        {
            "title": "Revert \"prod build\"",
            "flags": {
                "isBetaBuild": "True"
            },
            "message": "Revert \"prod build\"\n\nThis reverts commit 77dcf5ffb6e31e1a14fc7ca5e3c93f28d48f749c.\n",
            "hash": "3bcd86cf03c033904949dfe0848fac6b6ff5d662",
            "author": "Michael Kirk <michael@signal.org>",
            "date": "Wed Jul 31 10:01:10 2019"
        },
        {
            "title": "prod build",
            "flags": {
                "isBetaBuild": "False"
            },
            "message": "prod build\n",
            "hash": "77dcf5ffb6e31e1a14fc7ca5e3c93f28d48f749c",
            "author": "Michael Kirk <michael@signal.org>",
            "date": "Wed Jul 31 09:55:46 2019"
        },
        {
            "title": "Remove profile banners",
            "flags": {
                "messageRequest": "removed"
            },
            "message": "Remove profile banners\n",
            "hash": "aedde9fde8429462c5f5e8d665d6ac4ddbd44ba1",
            "author": "Nora Trapp <nora@signal.org>",
            "date": "Fri Jul 26 14:54:27 2019"
        },
        {
            "title": "modern CDS vs. UUID",
            "flags": {
                "useOnlyModernContactDiscovery": "False"
            },
            "message": "modern CDS vs. UUID\n",
            "hash": "796b1ebb737ba1937c18c805d9a4abf19a5abdab",
            "author": "Michael Kirk <michael@signal.org>",
            "date": "Wed Jul 24 18:55:28 2019"
        },
        {
            "title": "toggle flag",
            "flags": {
                "perMessageExpiration": "False"
            },
            "message": "toggle flag\n",
            "hash": "5f3118fc1be0a262210c8fae80621241197cc2b7",
            "author": "Michael Kirk <michael@signal.org>",
            "date": "Tue Jul 23 09:42:17 2019"
        },
        {
            "title": "send permessage expiration should not be in beta yet",
            "flags": {
                "sendPerMessageExpiration": "False"
            },
            "message": "send permessage expiration should not be in beta yet\n",
            "hash": "3854dbc6d7c9f520917b8251c0b84b1d92c81dc2",
            "author": "Michael Kirk <michael@signal.org>",
            "date": "Fri Jul 19 11:40:48 2019"
        },
        {
            "title": "update flag name for clarity",
            "flags": {
                "perMessageExpiration": "removed",
                "sendPerMessageExpiration": "False"
            },
            "message": "update flag name for clarity\n",
            "hash": "0c6e6787ede68bb9b2e2f76f259e44aa39e7a33f",
            "author": "Michael Kirk <michael@signal.org>",
            "date": "Fri Jul 19 11:39:40 2019"
        },
        {
            "title": "To make things easier on the builder, rather than juggling multiple flags",
            "flags": {
                "useGRDB": "removed",
                "stickerSend": "False",
                "perMessageExpiration": "False",
                "isBetaBuild": "removed",
                "strictYDBExtensions": "False",
                "onlyModernNotificationClearance": "False",
                "pinsForEveryone": "removed",
                "messageRequest": "False"
            },
            "message": "To make things easier on the builder, rather than juggling multiple flags\nbetween builds, lets label our feature flags semantically and just have one\nflag that the builder toggles.\n",
            "hash": "3cf7cb6ae2c966a9ef9bf5e0bfde9330ecc6816f",
            "author": "Michael Kirk <michael@signal.org>",
            "date": "Fri Jul 19 10:19:35 2019"
        },
        {
            "title": "Make 'sticker send' feature flag 'debug only'.",
            "flags": {
                "stickerSend": "False"
            },
            "message": "Make 'sticker send' feature flag 'debug only'.\n",
            "hash": "1fd004d0d09b45c3532f2f455271c8cc95a89e58",
            "author": "Matthew Chen <matthew@signal.org>",
            "date": "Fri Jul 19 10:21:11 2019"
        },
        {
            "title": "Disable 'sticker send' feature flag.",
            "flags": {
                "stickerSend": "False"
            },
            "message": "Disable 'sticker send' feature flag.\n",
            "hash": "a0f029a53b912ff538acb6996aa34cb930f360ac",
            "author": "Matthew Chen <matthew@signal.org>",
            "date": "Fri Jul 19 07:16:53 2019"
        },
        {
            "title": "Show that a user is in system contacts in the conversation settings",
            "flags": {
                "messageRequest": "False"
            },
            "message": "Show that a user is in system contacts in the conversation settings\n",
            "hash": "4cd51e5a2c1458047dd74b8588b27904909877ef",
            "author": "Nora Trapp <nora@signal.org>",
            "date": "Wed Jul 17 16:50:55 2019"
        },
        {
            "title": "Merge branch 'release/2.41.0-with-uuid-address-unreverted' into mkirk/ri-2.41.0",
            "flags": {
                "perMessageExpiration": "False",
                "contactUUID": "removed",
                "allowUUIDOnlyContacts": "False",
                "pinsForEveryone": "False"
            },
            "message": "Merge branch 'release/2.41.0-with-uuid-address-unreverted' into mkirk/ri-2.41.0\n",
            "hash": "61949dda9d949efabf4b866ff0759d9330648b71",
            "merge": "bbbc17d9f 1f31103cb",
            "author": "Michael Kirk <michael@signal.org>",
            "date": "Tue Jul 16 17:00:24 2019"
        },
        {
            "title": "Revert \"Revert \"Merge branch 'mkirk/stub-uuid-receive'\"\"",
            "flags": {
                "contactUUID": "False"
            },
            "message": "Revert \"Revert \"Merge branch 'mkirk/stub-uuid-receive'\"\"\nThis reverts commit f143c693b34a604c9a2796d3022c413702fd030c.\n",
            "hash": "1f31103cba64587726505ecb533cf08f02a59a1b",
            "author": "Michael Kirk <michael@signal.org>",
            "date": "Tue Jul 16 16:45:35 2019"
        },
        {
            "title": "PIN Creation during registration / via interstitial",
            "flags": {
                "pinsForEveryone": "False"
            },
            "message": "PIN Creation during registration / via interstitial\n",
            "hash": "426331152ad85c1057550e2732b99a87c4f3f017",
            "author": "Nora Trapp <nora@signal.org>",
            "date": "Fri Jul 12 19:15:25 2019"
        },
        {
            "title": "Revert \"Enable per-message expiration.\"",
            "flags": {
                "perMessageExpiration": "False"
            },
            "message": "Revert \"Enable per-message expiration.\"\n\nThis reverts commit 37db0230b81b9abbc0e391140949123ff8605b9d.\n",
            "hash": "0eeae9343e8605252ba1e5c533463b413f01ab2f",
            "author": "Matthew Chen <matthew@signal.org>",
            "date": "Thu Jul 11 08:49:15 2019"
        },
        {
            "title": "Enable per-message expiration.",
            "flags": {
                "perMessageExpiration": "True"
            },
            "message": "Enable per-message expiration.\n",
            "hash": "37db0230b81b9abbc0e391140949123ff8605b9d",
            "author": "Matthew Chen <matthew@signal.org>",
            "date": "Thu Jul 11 08:48:51 2019"
        },
        {
            "title": "Enable UUID only contacts for debug builds pointed at staging",
            "flags": {
                "allowUUIDOnlyContacts": "False"
            },
            "message": "Enable UUID only contacts for debug builds pointed at staging\n",
            "hash": "2e92777f0252b20872dde053ef4aef6a7a07cb5b",
            "author": "Nora Trapp <nora@signal.org>",
            "date": "Wed Jul 10 21:52:01 2019"
        },
        {
            "title": "Create UUID message in DebugUI, rendering in homeview",
            "flags": {
                "contactUUID": "removed",
                "allowUUIDOnlyContacts": "False"
            },
            "message": "Create UUID message in DebugUI, rendering in homeview\n\nContactAvatarBuilder works with SignalServiceAddress\n\nCurrently this only functions with the GRDB adapter. There are other asserts\ntriggered in yap extensions.\n",
            "hash": "efafd6fb38c52f1ae4e221c0e6232d05846b3c82",
            "author": "Michael Kirk <michael@signal.org>",
            "date": "Thu Jun 27 12:47:24 2019"
        },
        {
            "title": "Enable sending disappearing photos in non-production builds.",
            "flags": {
                "perMessageExpiration": "False"
            },
            "message": "Enable sending disappearing photos in non-production builds.\n",
            "hash": "981937e0d3f59dcb84ba459e40d4bf8c1de4e6ec",
            "author": "Matthew Chen <matthew@signal.org>",
            "date": "Fri Jun 28 13:03:49 2019"
        },
        {
            "title": "Revert \"Merge branch 'mkirk/stub-uuid-receive'\"",
            "flags": {
                "contactUUID": "removed"
            },
            "message": "Revert \"Merge branch 'mkirk/stub-uuid-receive'\"\n\nThis reverts commit 4ba65bc7eaf681c117213a2d99b5aec22ded93d8, reversing\nchanges made to 70d97e11c56ff2a4d78a286afa5f3697274a961b.\n",
            "hash": "f143c693b34a604c9a2796d3022c413702fd030c",
            "author": "Matthew Chen <matthew@signal.org>",
            "date": "Fri Jun 28 06:52:18 2019"
        },
        {
            "title": "TSAccountManager holds uuid and red test for UUID work",
            "flags": {
                "contactUUID": "False"
            },
            "message": "TSAccountManager holds uuid and red test for UUID work\n",
            "hash": "c34b21fa6a081cc227099f3d25524ceaac7a8441",
            "author": "Michael Kirk <michael@signal.org>",
            "date": "Sun Jun 23 09:54:26 2019"
        },
        {
            "title": "Merge remote-tracking branch 'private/release/2.40.1'",
            "flags": {
                "sendingMediaWithOversizeText": "removed",
                "useCustomPhotoCapture": "removed",
                "stickerSend": "True",
                "ephemeralMessageSend": "removed",
                "perMessageExpiration": "False",
                "isBetaBuild": "True",
                "strictYDBExtensions": "False",
                "onlyModernNotificationClearance": "False",
                "registrationLockV2": "False"
            },
            "message": "Merge remote-tracking branch 'private/release/2.40.1'\n",
            "hash": "72d9763405a6cf46621a7ee28c36912ac3318f83",
            "merge": "0c7eca884 0f1924cdb",
            "author": "Matthew Chen <matthew@signal.org>",
            "date": "Mon Jun 24 06:50:32 2019"
        },
        {
            "title": "Set isBetaBuild flag.",
            "flags": {
                "isBetaBuild": "True"
            },
            "message": "Set isBetaBuild flag.\n",
            "hash": "9e838dece0c1d45e7932f3e05b7e537b943d9bdf",
            "author": "Matthew Chen <matthew@signal.org>",
            "date": "Fri Jun 21 13:10:42 2019"
        },
        {
            "title": "Revert \"See isBetaBuild flag.\"",
            "flags": {
                "isBetaBuild": "False"
            },
            "message": "Revert \"See isBetaBuild flag.\"\n\nThis reverts commit f93f8ff959704d915cd2ad59a098d00c60633c91.\n",
            "hash": "4adef2e6a5aeb915edafaa1e650d5c89da607fca",
            "author": "Matthew Chen <matthew@signal.org>",
            "date": "Sat Jun 22 05:53:06 2019"
        },
        {
            "title": "See isBetaBuild flag.",
            "flags": {
                "isBetaBuild": "True"
            },
            "message": "See isBetaBuild flag.\n",
            "hash": "f93f8ff959704d915cd2ad59a098d00c60633c91",
            "author": "Matthew Chen <matthew@signal.org>",
            "date": "Fri Jun 21 13:10:42 2019"
        },
        {
            "title": "Add onlyModernNotificationClearance feature flag.",
            "flags": {
                "isPrivateBeta": "removed",
                "isBetaBuild": "False",
                "strictYDBExtensions": "False",
                "onlyModernNotificationClearance": "False"
            },
            "message": "Add onlyModernNotificationClearance feature flag.\n",
            "hash": "781552e944f86ae30dc6a8f5d6068520bf239d14",
            "author": "Matthew Chen <matthew@signal.org>",
            "date": "Fri Jun 21 13:08:08 2019"
        },
        {
            "title": "Add onlyModernNotificationClearance feature flag.",
            "flags": {
                "isPrivateBeta": "False",
                "strictYDBExtensions": "False",
                "onlyModernNotificationClearance": "False"
            },
            "message": "Add onlyModernNotificationClearance feature flag.\n",
            "hash": "11b7879d787f355cdd22816c19240150d11afd8f",
            "author": "Matthew Chen <matthew@signal.org>",
            "date": "Fri Jun 21 13:00:43 2019"
        },
        {
            "title": "Revert \"Enable strict loading of db extensions.\"",
            "flags": {
                "strictYDBExtensions": "False"
            },
            "message": "Revert \"Enable strict loading of db extensions.\"\n\nThis reverts commit 559522df9eb5b5b7f6150a54c0fbfc3447025a50.\n",
            "hash": "b15e023e49f9ebd08b06229e99e4322d3a1bea20",
            "author": "Matthew Chen <matthew@signal.org>",
            "date": "Fri Jun 21 08:52:14 2019"
        },
        {
            "title": "Turn of registration lock v2 for now, the KBS server isn't quite ready",
            "flags": {
                "registrationLockV2": "False"
            },
            "message": "Turn of registration lock v2 for now, the KBS server isn't quite ready\n",
            "hash": "fbf369d31b9cd2452f7bb414e6544a741cde4f7d",
            "author": "Nora Trapp <nora@signal.org>",
            "date": "Wed Jun 19 12:54:01 2019"
        },
        {
            "title": "allow enabling / disabling reg lock v2 + verifying pin",
            "flags": {
                "registrationLockV2": "True"
            },
            "message": "allow enabling / disabling reg lock v2 + verifying pin\n",
            "hash": "ccae19102612e7719eab5ed56e4a9e3845a91c6b",
            "author": "Nora Trapp <nora@signal.org>",
            "date": "Tue Jun 18 20:51:42 2019"
        },
        {
            "title": "Merge remote-tracking branch 'private/release/2.40.0'",
            "flags": {
                "sendingMediaWithOversizeText": "removed",
                "useCustomPhotoCapture": "removed",
                "stickerSend": "True",
                "ephemeralMessageSend": "True",
                "perMessageExpiration": "True",
                "strictYDBExtensions": "True"
            },
            "message": "Merge remote-tracking branch 'private/release/2.40.0'\n",
            "hash": "307445213e3151f4f64832d4c5be92cb96a676e2",
            "merge": "6ab1f034c 3c688a95f",
            "author": "Matthew Chen <matthew@signal.org>",
            "date": "Tue Jun 18 12:36:48 2019"
        },
        {
            "title": "Add feature flag around per-message expiration.",
            "flags": {
                "perMessageExpiration": "True"
            },
            "message": "Add feature flag around per-message expiration.\n",
            "hash": "1d00c31fd08167e51c200770df1ae4dee95ed45d",
            "author": "Matthew Chen <matthew@signal.org>",
            "date": "Tue Jun 18 08:57:43 2019"
        },
        {
            "title": "Enable strict loading of db extensions.",
            "flags": {
                "strictYDBExtensions": "True"
            },
            "message": "Enable strict loading of db extensions.\n",
            "hash": "559522df9eb5b5b7f6150a54c0fbfc3447025a50",
            "author": "Matthew Chen <matthew@signal.org>",
            "date": "Mon Jun 17 12:17:44 2019"
        },
        {
            "title": "Be more robust to corrupt db views in production.",
            "flags": {
                "strictYDBExtensions": "False"
            },
            "message": "Be more robust to corrupt db views in production.\n",
            "hash": "004c2b8f2e6b8d6d3985726f6e1eae7258d60b75",
            "author": "Matthew Chen <matthew@signal.org>",
            "date": "Wed Jun 12 07:01:11 2019"
        },
        {
            "title": "Remove sendingMediaWithOversizeText feature flag.",
            "flags": {
                "sendingMediaWithOversizeText": "removed"
            },
            "message": "Remove sendingMediaWithOversizeText feature flag.\n",
            "hash": "a62376b3f954061a8a2c78fa291fb824c918a7f5",
            "author": "Matthew Chen <matthew@signal.org>",
            "date": "Fri Jun 14 11:55:09 2019"
        },
        {
            "title": "Merge tag '2.40.0.20'",
            "flags": {
                "useCustomPhotoCapture": "removed",
                "stickerSend": "True",
                "stickerAutoEnable": "True",
                "stickerSharing": "False",
                "ephemeralMessageSend": "True"
            },
            "message": "Merge tag '2.40.0.20'\n",
            "hash": "421d568bee034ed9c57dbf158784269e6a1e6811",
            "merge": "d95b84f78 1d38bdec0",
            "author": "Matthew Chen <matthew@signal.org>",
            "date": "Mon Jun 10 08:32:26 2019"
        },
        {
            "title": "Remove old UIPicker code",
            "flags": {
                "useCustomPhotoCapture": "removed"
            },
            "message": "Remove old UIPicker code\n",
            "hash": "c8ba6cb71e99debfbb04d1b9edf0a4c0d1bd4097",
            "author": "Michael Kirk <michael@signal.org>",
            "date": "Fri Jun 7 14:43:17 2019"
        },
        {
            "title": "Disable sticker pack sharing.",
            "flags": {
                "stickerSharing": "False"
            },
            "message": "Disable sticker pack sharing.\n",
            "hash": "73816b25dfd59e0a9bd115c4d1a8f441012fcd42",
            "author": "Nora Trapp <nora@signal.org>",
            "date": "Fri Jun 7 16:08:51 2019"
        },
        {
            "title": "Merge remote-tracking branch 'private/release/2.40.0'",
            "flags": {
                "stickerSend": "True",
                "stickerAutoEnable": "False",
                "testBuiltInStickerPacks": "removed",
                "ephemeralMessageSend": "True"
            },
            "message": "Merge remote-tracking branch 'private/release/2.40.0'\n",
            "hash": "0b4728ba3f4debcaa46ee9c8da7ebf37dc73bb59",
            "merge": "abb3df1e5 d3475849f",
            "author": "Matthew Chen <matthew@signal.org>",
            "date": "Fri May 24 08:17:02 2019"
        },
        {
            "title": "Remove test stickers.",
            "flags": {
                "testBuiltInStickerPacks": "removed"
            },
            "message": "Remove test stickers.\n",
            "hash": "5310810e1d0c919b8e1bd55b588f63bd84bfcad8",
            "author": "Matthew Chen <matthew@signal.org>",
            "date": "Wed May 22 11:33:54 2019"
        },
        {
            "title": "Revert feature flag changes.",
            "flags": {
                "stickerPackSharing": "removed",
                "stickerPackOrdering": "False",
                "testBuiltInStickerPacks": "False"
            },
            "message": "Revert feature flag changes.\n",
            "hash": "136c1eeadab773acea29fba35d5ce225bab73199",
            "author": "Matthew Chen <matthew@signal.org>",
            "date": "Tue May 21 07:04:51 2019"
        },
        {
            "title": "Revert feature flag changes.",
            "flags": {
                "stickerSend": "True",
                "stickerAutoEnable": "False",
                "stickerPackOrdering": "False",
                "stickerPackSharing": "True",
                "testBuiltInStickerPacks": "removed"
            },
            "message": "Revert feature flag changes.\n",
            "hash": "f3ec4549839c783653ea79e0613247cafbcbd3a8",
            "author": "Matthew Chen <matthew@signal.org>",
            "date": "Tue May 21 06:30:35 2019"
        },
        {
            "title": "Add EphemeralMedia model classes.",
            "flags": {
                "ephemeralMessageSend": "True"
            },
            "message": "Add EphemeralMedia model classes.\n",
            "hash": "a6629bfe63c337975cba71eb08195dca335f8eeb",
            "author": "Matthew Chen <matthew@signal.org>",
            "date": "Mon May 20 10:00:07 2019"
        },
        {
            "title": "Update feature flags for release branch.",
            "flags": {
                "stickerSend": "False",
                "stickerAutoEnable": "True",
                "stickerPackSharing": "removed",
                "testBuiltInStickerPacks": "False"
            },
            "message": "Update feature flags for release branch.\n",
            "hash": "24c8c0e501512513e37e55eecbf6a704f3314296",
            "author": "Matthew Chen <matthew@signal.org>",
            "date": "Thu May 16 14:54:55 2019"
        },
        {
            "title": "Rework sticker feature flags.",
            "flags": {
                "testBuiltInStickerPacks": "True"
            },
            "message": "Rework sticker feature flags.\n",
            "hash": "2a8a321c4b423fa185f695335cff770e24369210",
            "author": "Matthew Chen <matthew@signal.org>",
            "date": "Thu May 16 10:31:13 2019"
        },
        {
            "title": "Rework sticker feature flags.",
            "flags": {
                "testBuiltInStickerPacks": "False"
            },
            "message": "Rework sticker feature flags.\n",
            "hash": "e5e9721dc395018bf0d56ce1d80dc550a36ef7cb",
            "author": "Matthew Chen <matthew@signal.org>",
            "date": "Thu May 16 10:24:55 2019"
        },
        {
            "title": "Revert \"Disable stickerSend feature flag.\"",
            "flags": {
                "stickerSend": "True"
            },
            "message": "Revert \"Disable stickerSend feature flag.\"\n\nThis reverts commit 9733fe0104ad2e32bb552fba198f33b5adeddc99.\n",
            "hash": "1de3e6294ac0f9eee6ba0a446c7167764ba4f293",
            "author": "Matthew Chen <matthew@signal.org>",
            "date": "Tue May 14 12:27:11 2019"
        },
        {
            "title": "Disable stickerSend feature flag.",
            "flags": {
                "stickerSend": "False"
            },
            "message": "Disable stickerSend feature flag.\n",
            "hash": "b3233b36699eda839994a412bcefafa8e57d5280",
            "author": "Matthew Chen <matthew@signal.org>",
            "date": "Tue May 14 12:26:50 2019"
        },
        {
            "title": "Add feature flag around auto-enabling stickers.",
            "flags": {
                "stickerAutoEnable": "False"
            },
            "message": "Add feature flag around auto-enabling stickers.\n",
            "hash": "dc62b2db46d07745518a7b12618db06de1874f9d",
            "author": "Matthew Chen <matthew@signal.org>",
            "date": "Wed May 15 14:51:11 2019"
        },
        {
            "title": "Check sync transcript timestamps.",
            "flags": {
                "strictSyncTranscriptTimestamps": "False"
            },
            "message": "Check sync transcript timestamps.\n",
            "hash": "1c8aa09c49d74d90a9f9c63cab68a31fe6bfb556",
            "author": "Matthew Chen <matthew@signal.org>",
            "date": "Wed May 15 08:44:24 2019"
        },
        {
            "title": "Revert \"Disable stickerSend feature flag.\"",
            "flags": {
                "stickerSend": "True"
            },
            "message": "Revert \"Disable stickerSend feature flag.\"\n\nThis reverts commit 9733fe0104ad2e32bb552fba198f33b5adeddc99.\n",
            "hash": "1001600d59747cb6990b24909e93658b0a2abfd7",
            "author": "Matthew Chen <matthew@signal.org>",
            "date": "Tue May 14 12:27:11 2019"
        },
        {
            "title": "Disable stickerSend feature flag.",
            "flags": {
                "stickerSend": "False"
            },
            "message": "Disable stickerSend feature flag.\n",
            "hash": "d66fae4a5a5015f3be2b979626cc99c9a97b8677",
            "author": "Matthew Chen <matthew@signal.org>",
            "date": "Tue May 14 12:26:50 2019"
        },
        {
            "title": "Revert \"Disable stickerSend feature flag.\"",
            "flags": {
                "stickerSend": "True"
            },
            "message": "Revert \"Disable stickerSend feature flag.\"\n\nThis reverts commit 9733fe0104ad2e32bb552fba198f33b5adeddc99.\n",
            "hash": "62d3dff8e1f09fa06c9a5995a6f6b5d4b1e74d98",
            "author": "Matthew Chen <matthew@signal.org>",
            "date": "Tue May 14 12:27:11 2019"
        },
        {
            "title": "Disable stickerSend feature flag.",
            "flags": {
                "stickerSend": "False"
            },
            "message": "Disable stickerSend feature flag.\n",
            "hash": "e87ae3fd973fb39fb4761e5f5dd9c08f37a90de7",
            "author": "Matthew Chen <matthew@signal.org>",
            "date": "Tue May 14 12:26:50 2019"
        },
        {
            "title": "Revert \"Disable stickerSend feature flag.\"",
            "flags": {
                "stickerSend": "True"
            },
            "message": "Revert \"Disable stickerSend feature flag.\"\n\nThis reverts commit 9733fe0104ad2e32bb552fba198f33b5adeddc99.\n",
            "hash": "2d5ade75e7f333c34c7416c5eaafa8853580977c",
            "author": "Matthew Chen <matthew@signal.org>",
            "date": "Tue May 14 12:27:11 2019"
        },
        {
            "title": "Disable stickerSend feature flag.",
            "flags": {
                "stickerSend": "False"
            },
            "message": "Disable stickerSend feature flag.\n",
            "hash": "9733fe0104ad2e32bb552fba198f33b5adeddc99",
            "author": "Matthew Chen <matthew@signal.org>",
            "date": "Tue May 14 12:26:50 2019"
        },
        {
            "title": "Enable sticker sharing flag.",
            "flags": {
                "stickerPackSharing": "True"
            },
            "message": "Enable sticker sharing flag.\n",
            "hash": "8705b44909bd5fcc47bfb1042b5742d18be197d4",
            "author": "Matthew Chen <matthew@signal.org>",
            "date": "Tue May 14 08:45:02 2019"
        },
        {
            "title": "Disable sticker search feature flag.",
            "flags": {
                "stickerSearch": "False"
            },
            "message": "Disable sticker search feature flag.\n",
            "hash": "a5fdef4bb8831dfa011b8079972b50c5efd8dff5",
            "author": "Matthew Chen <matthew@signal.org>",
            "date": "Tue May 14 06:52:18 2019"
        },
        {
            "title": "always pad outgoing stickers",
            "flags": {
                "shouldPadAllOutgoingAttachments": "False"
            },
            "message": "always pad outgoing stickers\n",
            "hash": "781741de8e3af1fe3e73d3b518d4a532c8532d22",
            "author": "Michael Kirk <michael@signal.org>",
            "date": "Mon May 13 09:44:54 2019"
        },
        {
            "title": "Rework sticker pack view.",
            "flags": {
                "stickerPackOrdering": "False"
            },
            "message": "Rework sticker pack view.\n",
            "hash": "75d4159f3f3ca51f930e0cf2f302fddde4547aec",
            "author": "Matthew Chen <matthew@signal.org>",
            "date": "Thu May 9 12:49:36 2019"
        },
        {
            "title": "Rework sticker pack view.",
            "flags": {
                "stickerPackSharing": "False"
            },
            "message": "Rework sticker pack view.\n",
            "hash": "5aeb9e205a572cee1f3548e326f96ad2daf98470",
            "author": "Matthew Chen <matthew@signal.org>",
            "date": "Thu May 9 12:10:41 2019"
        },
        {
            "title": "Fix various issues.",
            "flags": {
                "grdbMigratesFreshDBEveryLaunch": "True"
            },
            "message": "Fix various issues.\n",
            "hash": "26f2ea6bf3800d9d5f794296a2cd39c1c1fe8d92",
            "author": "Matthew Chen <matthew@signal.org>",
            "date": "Fri May 10 08:16:33 2019"
        },
        {
            "title": "Merge tag '2.39.0.8'",
            "flags": {
                "useGRDB": "False",
                "grdbMigratesFreshDBEveryLaunch": "True",
                "stickerReceive": "True",
                "stickerSend": "True",
                "stickerSearch": "True"
            },
            "message": "Merge tag '2.39.0.8'\n",
            "hash": "dafa3f12be3d655c29a3a41cad66193aa2b53308",
            "merge": "87de30a36 3cea9b352",
            "author": "Michael Kirk <michael@signal.org>",
            "date": "Wed May 1 13:34:15 2019"
        },
        {
            "title": "Respond to CR.",
            "flags": {
                "stickerSearch": "True"
            },
            "message": "Respond to CR.\n",
            "hash": "06b85e4c24781118f1d06a051655a4a6783987b5",
            "author": "Matthew Chen <matthew@signal.org>",
            "date": "Wed May 1 07:04:09 2019"
        },
        {
            "title": "Update proto schema to reflect stickers. Sketch out the Sticker model classes.",
            "flags": {
                "stickerReceive": "True",
                "stickerSend": "True"
            },
            "message": "Update proto schema to reflect stickers. Sketch out the Sticker model classes.\n",
            "hash": "509bc57401218bdfee1588b25e5ca008c76ecbe0",
            "author": "Matthew Chen <matthew@signal.org>",
            "date": "Tue Apr 16 10:40:58 2019"
        },
        {
            "title": "Use SDSSerialization to create tables and insert in migration",
            "flags": {
                "grdbMigratesFreshDBEveryLaunch": "True"
            },
            "message": "Use SDSSerialization to create tables and insert in migration\n",
            "hash": "47e12556aa1c6105e96c8c8c89946b1e7c389f27",
            "author": "Michael Kirk <michael@signal.org>",
            "date": "Wed Apr 10 15:58:56 2019"
        },
        {
            "title": "GRDB adapter for message mapping",
            "flags": {
                "grdbMigratesFreshDBEveryLaunch": "False"
            },
            "message": "GRDB adapter for message mapping\n",
            "hash": "ee3697793aee008565794c4a1a4c450d1551d201",
            "author": "Michael Kirk <michael@signal.org>",
            "date": "Tue Apr 9 14:34:38 2019"
        },
        {
            "title": "Database Singleton, type erased transaction",
            "flags": {
                "useGRDB": "False"
            },
            "message": "Database Singleton, type erased transaction\n",
            "hash": "54311df296adb9b5a6c4c5045e5f662ded8ef6ac",
            "author": "Michael Kirk <michael@signal.org>",
            "date": "Thu Apr 4 13:12:51 2019"
        },
        {
            "title": "Merge tag '2.38.0.11'",
            "flags": {
                "conversationSearch": "False"
            },
            "message": "Merge tag '2.38.0.11'\n",
            "hash": "07e88009e42e2cf114d5594b73cd825839a0b902",
            "merge": "0a43d6c6e 3b0d6991e",
            "author": "Michael Kirk <michael@signal.org>",
            "date": "Mon Apr 1 13:04:43 2019"
        },
        {
            "title": "put conversation search behind feature flag",
            "flags": {
                "conversationSearch": "False"
            },
            "message": "put conversation search behind feature flag\n",
            "hash": "e69494450b0ce05c63bd16f90b6830b5ed5a7627",
            "author": "Michael Kirk <michael@signal.org>",
            "date": "Mon Apr 1 12:56:20 2019"
        },
        {
            "title": "Photo/Movie Capture",
            "flags": {
                "useCustomPhotoCapture": "False"
            },
            "message": "Photo/Movie Capture\n",
            "hash": "284357137fb357b403c331139253dcbee16b586c",
            "author": "Michael Kirk <michael@signal.org>",
            "date": "Thu Mar 7 21:05:58 2019"
        },
        {
            "title": "feature flag approval sending",
            "flags": {
                "sendingMediaWithOversizeText": "False"
            },
            "message": "feature flag approval sending\n",
            "hash": "b7989e9384f07e7ef87a8439e2973bcf576ae50f",
            "author": "Michael Kirk <michael@signal.org>",
            "date": "Fri Feb 22 16:07:24 2019"
        }
    ]
}