{
    "date": "2019-12-20T17:58:43.780046",
    "commits": [
        {
            "title": "ref(pagerduty): Remove feature-flagging (#16064)",
            "flags": {
                "organizations:pagerduty-v2": "removed"
            },
            "message": "ref(pagerduty): Remove feature-flagging (#16064)\n\n* ref(pagerduty): Remove feature-flagging\r\n\r\n* remove flag itself\r\n",
            "hash": "01c679342d373664e0280828a7b4f37662f75125",
            "author": "MeredithAnya <meredith.a.heller@gmail.com>",
            "date": "Thu Dec 12 10:59:11 2019"
        },
        {
            "title": "ref(pagerduty): Add org feature flag (#15809)",
            "flags": {
                "organizations:pagerduty-v2": "False"
            },
            "message": "ref(pagerduty): Add org feature flag (#15809)\n\n",
            "hash": "d934222cc6170778c56a2d0bb9fab73ddbc55e3b",
            "author": "MeredithAnya <meredith.a.heller@gmail.com>",
            "date": "Tue Nov 26 10:34:56 2019"
        },
        {
            "title": "feat(discover2) Add a feature flag for tranaction views (#15034)",
            "flags": {
                "organizations:sentry10": "removed"
            },
            "message": "feat(discover2) Add a feature flag for tranaction views (#15034)\n\nThis feature flag will be used to hide APM views from a set of customers\r\nthat we want to give discover2 to, but not expose transaction views to.\r\n\r\nThe current alpha users will also be given this feature so they continue\r\nto get what they have now.\r\n\r\nRefs SEN-1153\r\n",
            "hash": "c0bceffb06e256c3b429c31fc510a6fd52f7a6d7",
            "author": "Mark Story <mark@sentry.io>",
            "date": "Tue Oct 15 11:41:25 2019"
        },
        {
            "title": "feat(discover2) Remove the discover query builder flag (#14866)",
            "flags": {
                "organizations:discover-v2-query-builder": "removed"
            },
            "message": "feat(discover2) Remove the discover query builder flag (#14866)\n\nRemove the discover2 query builder flag and only show version=2 queries\r\nin the sidebar. I've not yet ironed out all the compatibility between\r\nold and new discover queries. Until that is fixed we'll hide old\r\ndiscover queries.\r\n\r\nFix all fields being linked. Only the first field should be linked.\r\nAlso fix going from edit mode into another edit mode.\r\n\r\nRefs SEN-1060\r\n",
            "hash": "00622ec1d53bc2261a424f4f22c3d3c37859e368",
            "author": "Mark Story <mark@sentry.io>",
            "date": "Wed Oct 2 07:07:41 2019"
        },
        {
            "title": "feat(debug_files): Feature flag external symbol servers separately (#14747)",
            "flags": {
                "organizations:custom-symbol-sources": "True"
            },
            "message": "feat(debug_files): Feature flag external symbol servers separately (#14747)\n\n",
            "hash": "83186a40c0fd606ed8a33feee07de9ade8313f5f",
            "author": "Jan Michael Auer <jan.auer@sentry.io>",
            "date": "Tue Sep 17 10:45:46 2019"
        },
        {
            "title": "feat: Enable new grouping (#14750)",
            "flags": {
                "organizations:tweak-grouping-config": "True"
            },
            "message": "feat: Enable new grouping (#14750)\n\n",
            "hash": "4436712da9dfefa5e51307997eec509320400bc5",
            "author": "Armin Ronacher <armin.ronacher@active-4.com>",
            "date": "Tue Sep 17 09:58:16 2019"
        },
        {
            "title": "feat: Flip sampling defaults to false (#14627)",
            "flags": {
                "projects:sample-events": "False"
            },
            "message": "feat: Flip sampling defaults to false (#14627)\n\nThis only affects open source users as \"projects:sample-events\"\r\nshould already always be false for all SaaS users on sentry.io.\r\n\r\nWe should follow up by removing all of the associated sampling code.",
            "hash": "d01a0f0fad888d67249bb95ff61ab9dd3ab78d53",
            "author": "Lyn Nagara <lyn.nagara@gmail.com>",
            "date": "Mon Sep 16 10:49:28 2019"
        },
        {
            "title": "ref(native): Enable symbol servers for all accounts (#14712)",
            "flags": {
                "organizations:symbol-sources": "True"
            },
            "message": "ref(native): Enable symbol servers for all accounts (#14712)\n\nThis enables symbol server project options for all accounts.\r\n",
            "hash": "ce47280bfbc4a7aaafe7049de1676b0a90782011",
            "author": "Jan Michael Auer <jan.auer@sentry.io>",
            "date": "Mon Sep 16 04:56:24 2019"
        },
        {
            "title": "feat(discover2): Add feature-flag for query builder (#14550)",
            "flags": {
                "organizations:discover-v2-query-builder": "False"
            },
            "message": "feat(discover2): Add feature-flag for query builder (#14550)\n\n- New flag: `organization:discover-v2-query-builder`\r\n\r\nRefs SEN-954",
            "hash": "01eff693c50d3a9d45ddab5b65a1c06814e6afb7",
            "author": "Danny Lee <dlee@sentry.io>",
            "date": "Tue Sep 3 16:43:01 2019"
        },
        {
            "title": "ref(features): Remove require-2fa from feature flags (#14537)",
            "flags": {
                "organizations:require-2fa": "removed"
            },
            "message": "ref(features): Remove require-2fa from feature flags (#14537)\n\n",
            "hash": "c9cca5dc1120f0e30838b4f1c1d5a0dce32c174b",
            "author": "Evan Purkhiser <evanpurkhiser@gmail.com>",
            "date": "Thu Aug 29 14:43:50 2019"
        },
        {
            "title": "chore: Make sure incident tasks are imported in celery",
            "flags": {
                "organizations:org-saved-searches": "False"
            },
            "message": "chore: Make sure incident tasks are imported in celery\n\nThese are likely getting imported by chance via other modules. Just including here so that incident\ntasks don't mysteriously break at some point.\n",
            "hash": "b3e49dda1c5c3c6785679f295483ca9d8012e51a",
            "author": "Dan Fuller <dfuller@sentry.io>",
            "date": "Fri Aug 23 13:44:40 2019"
        },
        {
            "title": "Feat(app-platform): Remove org sentry apps feature flag (#14436)",
            "flags": {
                "organizations:org-saved-searches": "False",
                "organizations:sentry-apps": "removed"
            },
            "message": "Feat(app-platform): Remove org sentry apps feature flag (#14436)\n\n",
            "hash": "4e9955da4060180a9bf764260b72355482d71019",
            "author": "Stephen Cefali <scefali@sentry.io>",
            "date": "Mon Aug 19 14:29:22 2019"
        },
        {
            "title": "chore: blacken take 2 (#14360)",
            "flags": {
                "auth:register": "True",
                "organizations:advanced-search": "True",
                "organizations:api-keys": "False",
                "organizations:boolean-search": "False",
                "organizations:create": "True",
                "organizations:discover": "False",
                "organizations:event-attachments": "False",
                "organizations:symbol-sources": "False",
                "organizations:events": "False",
                "organizations:events-v2": "False",
                "organizations:global-views": "False",
                "organizations:grouping-info": "False",
                "organizations:tweak-grouping-config": "False",
                "organizations:set-grouping-config": "False",
                "organizations:incidents": "False",
                "organizations:integrations-issue-basic": "True",
                "organizations:integrations-issue-sync": "True",
                "organizations:integrations-event-hooks": "False",
                "organizations:internal-catchall": "False",
                "organizations:invite-members": "True",
                "organizations:org-saved-searches": "False",
                "organizations:sentry-apps": "False",
                "organizations:relay": "False",
                "organizations:require-2fa": "False",
                "organizations:sentry10": "True",
                "organizations:sso-basic": "True",
                "organizations:sso-saml2": "True",
                "organizations:sso-rippling": "False",
                "projects:custom-inbound-filters": "False",
                "projects:data-forwarding": "True",
                "projects:discard-groups": "False",
                "projects:dsym": "False",
                "projects:minidump": "True",
                "projects:plugins": "True",
                "projects:rate-limits": "True",
                "projects:sample-events": "True",
                "projects:servicehooks": "False",
                "projects:kafka-ingest": "False"
            },
            "message": "chore: blacken take 2 (#14360)\n\n#skipsentry",
            "hash": "95767d455b8004ec4b4c5026d84b64b6348e6d37",
            "author": "josh <josh@jrl.ninja>",
            "date": "Thu Aug 15 17:04:20 2019"
        },
        {
            "title": "ref(date-picker): Add disabled feature to date picker (#13680)",
            "flags": {
                "organizations:extended-data-retention": "removed"
            },
            "message": "ref(date-picker): Add disabled feature to date picker (#13680)\n\n\r\n",
            "hash": "9754de0b92bdc6267f465a018fd801318c03e5d5",
            "author": "Megan Heskett <meg.heskett@gmail.com>",
            "date": "Fri Jun 21 11:30:04 2019"
        },
        {
            "title": "feat(app-platform): Add error.created hook event (#13462)",
            "flags": {
                "organizations:integrations-event-hooks": "False"
            },
            "message": "feat(app-platform): Add error.created hook event (#13462)\n\n* feat(app-platform): Add error.created hook event\r\n\r\n\r\n",
            "hash": "b3bb5d41246107cf50d713eedf920b23920bc457",
            "author": "MeredithAnya <meredith@getsentry.com>",
            "date": "Thu Jun 13 13:02:23 2019"
        },
        {
            "title": "ref(features): Add extended-data-retention (#13572)",
            "flags": {
                "organizations:extended-data-retention": "True"
            },
            "message": "ref(features): Add extended-data-retention (#13572)\n\n",
            "hash": "c3a13d6f80206f801e9b33c17e6aa91edbc14ac4",
            "author": "Megan Heskett <meg.heskett@gmail.com>",
            "date": "Thu Jun 13 10:31:35 2019"
        },
        {
            "title": "feat(grouping): Added basic grouping update button (#13388)",
            "flags": {
                "organizations:tweak-grouping-config": "False"
            },
            "message": "feat(grouping): Added basic grouping update button (#13388)\n\n",
            "hash": "fb8d415cb75e7ce797f2558d32634f64d451d9f7",
            "author": "Armin Ronacher <armin.ronacher@active-4.com>",
            "date": "Tue Jun 4 13:55:57 2019"
        },
        {
            "title": "chore(sentry10): Move all users to Sentry 10 (#13022)",
            "flags": {
                "organizations:sentry10": "True"
            },
            "message": "chore(sentry10): Move all users to Sentry 10 (#13022)\n\nThis PR forces all users onto Sentry 10 and turns off support for the\r\ndeprecated single project based views. It will be merged and take effect\r\non May 17th.\r\n\r\nIt removes the \"disable new visibility features\" option for hosted\r\nusers.\r\n\r\nFrom that point on, open source users who are not running the Snuba service\r\nshould use the releases/9.1.x branch until the next major version of Sentry\r\nversion is released.\r\n\r\nNeeds to be deployed together with https://github.com/getsentry/getsentry/pull/2882",
            "hash": "cb6dbe954adb2051f518800eae01d692557b50c6",
            "author": "Lyn Nagara <lyn.nagara@gmail.com>",
            "date": "Fri May 31 13:05:17 2019"
        },
        {
            "title": "feat(events-v2): Add feature flag for events v2 (#13226)",
            "flags": {
                "organizations:events-v2": "False"
            },
            "message": "feat(events-v2): Add feature flag for events v2 (#13226)\n\nAdd feature flag for events v2 and render new views if flag is active",
            "hash": "d7292be4ae3320e38c7b55a731598d649b51b3ed",
            "author": "Lyn Nagara <lyn.nagara@gmail.com>",
            "date": "Wed May 15 13:39:55 2019"
        },
        {
            "title": "feat(search): Added boolean terms to Search Grammar (#12935)",
            "flags": {
                "organizations:boolean-search": "False"
            },
            "message": "feat(search): Added boolean terms to Search Grammar (#12935)\n\n* Added feature flag. not sure if I'm trying to change things in the right place\r\n\r\n* Added feature flag.\r\n\r\n* removed reduce function linter added.\r\n\r\n* Added tests\r\n\r\n* saving place.\r\n\r\n* Added boolean terms to grammer\r\n\r\n* Added changes to event_search\r\n\r\n* reverted changes to test_simple test\r\n\r\n* Reverted changes to raw search\r\n\r\n* Fixed boolean tests without parenthesis.\r\n\r\n* Removed group-related code\r\n\r\n* Causes parser to fail in issue search.\r\nwhen boolean operators are used.\r\n\r\n* small clean up changes.\r\n\r\n* removing reduce again.\r\n\r\n* Added feature flag changes to this PR.\r\n\r\n* updated group index tests.'\r\n\r\n* Fixed raw search back from merge conflict.\r\n\r\n* made sure longer boolean statements worked.\r\n\r\n* changed spacing on things.\r\n\r\n* Added order of operation to the boolean parser.\r\n\r\n* changed boolean operators to only upper case.\r\n\r\n* Removed unnecessary while loop. Added a test that the parser must handle the empty query string.\r\n\r\n* removed visit_nested_boolean\r\n\r\n* Update tests/sentry/api/test_event_search.py\r\n\r\nCo-Authored-By: lauryndbrown <lauryndbrown@gmail.com>\r\n\r\n* Changed name to build_boolean_tree_branch\r\n",
            "hash": "4cea625cc989b53742f0f8a39cbb645e09853667",
            "author": "Lauryn Brown <lauryndbrown@gmail.com>",
            "date": "Tue May 7 10:23:16 2019"
        },
        {
            "title": "chore: Remove unused/always on features (#12918)",
            "flags": {
                "organizations:new-teams": "removed",
                "organizations:repos": "removed",
                "organizations:suggested-commits": "removed",
                "organizations:unreleased-changes": "removed"
            },
            "message": "chore: Remove unused/always on features (#12918)\n\nThese feature switches are either always on or have no checks attached\r\nto them. I've also checked getsentry as that that repo often has feature\r\nswitch references as well.",
            "hash": "06b4a8d79b85691a55b16fee63cb404aab61a7ff",
            "author": "Mark Story <mark@sentry.io>",
            "date": "Thu Apr 25 08:55:41 2019"
        },
        {
            "title": "clean(features) Merge recent-searches into org-saved-searches (#12916)",
            "flags": {
                "organizations:recent-searches": "removed"
            },
            "message": "clean(features) Merge recent-searches into org-saved-searches (#12916)\n\nCombine these feature switches as we're planning on shipping them\r\ntogether.\r\n\r\nRefs SEN-470",
            "hash": "edf151f4251e4b9e4169d784d1d4a4e4d6191591",
            "author": "Mark Story <mark@sentry.io>",
            "date": "Wed Apr 24 13:32:09 2019"
        },
        {
            "title": "feat(incidents): Add feature flag for \"Incidents\" (#12911)",
            "flags": {
                "organizations:incidents": "False"
            },
            "message": "feat(incidents): Add feature flag for \"Incidents\" (#12911)\n\nFixes SEN-524",
            "hash": "0951bb08921b2b6851c0afcca32a728035a58c23",
            "author": "Billy Vong <billyvg@users.noreply.github.com>",
            "date": "Wed Apr 24 11:27:40 2019"
        },
        {
            "title": "feat(symbolicator): Allow configuration of custom S3 sources (#12680)",
            "flags": {
                "organizations:symbol-sources": "False"
            },
            "message": "feat(symbolicator): Allow configuration of custom S3 sources (#12680)\n\nAdds project options and preliminary UI for external symbol sources in the debug\r\nfiles settings screen. There will be a refactor of the settings UI that replaces\r\nthe JSON input box. The sources are validated with a JSON schema that currently\r\nonly allows S3 buckets to be configured. ",
            "hash": "328a6224188e12c7fb78061eceef552f92f4e10c",
            "author": "Jan Michael Auer <account@jauer.org>",
            "date": "Tue Apr 9 00:14:56 2019"
        },
        {
            "title": "[feat] Enable loader interface (#12644)",
            "flags": {
                "organizations:js-loader": "removed"
            },
            "message": "[feat] Enable loader interface (#12644)\n\nThis enables the loader interface to be visible to everyone. Also bumps @sentry/browser to latest version.",
            "hash": "1fe6d1515604dc3bc965762cd5d134a7a7f00f97",
            "author": "Daniel Griesser <daniel.griesser.86@gmail.com>",
            "date": "Mon Apr 8 01:28:12 2019"
        },
        {
            "title": "fix(integrations): Enable issue tracking integrations by default",
            "flags": {
                "organizations:integrations-issue-basic": "True",
                "organizations:integrations-issue-sync": "True"
            },
            "message": "fix(integrations): Enable issue tracking integrations by default\n",
            "hash": "873ccb8a897662082f8bb029b20b17f7e3d32fda",
            "author": "David Cramer <dcramer@gmail.com>",
            "date": "Fri Feb 22 10:56:42 2019"
        },
        {
            "title": "feat(grouping): Add project option to force grouping and persist it (#12432)",
            "flags": {
                "organizations:set-grouping-config": "False"
            },
            "message": "feat(grouping): Add project option to force grouping and persist it (#12432)\n\n* feat(grouping): Add project option to force grouping and persit it\r\n\r\n* feat(grouping): Expose the grouping config forcing through the api\r\n\r\n* ref: Improved grouping config selectiong\r\n\r\n* feat(grouping): Add grouping config to the UI (feature flagged)\r\n\r\n* meta: Bump semaphore to 0.4.20\r\n\r\n* ref: Move grouping config freeze into normalize and change apis\r\n\r\n* ref: Cleaned up config code\r\n\r\n* ref: Add config ID to the grouping info output\r\n\r\n* fix(api): Fix bug where parser didn't allow dates ending in `Z`, and didn't correctly report the parse fail to the user (ISSUE-376)\r\n\r\nOur parser didn't allow for dates with `Z` at the end, so updated the regex to allow. Also fixed a\r\nbug where if a date started with a valid date but ended with invalid input then we'd create a search\r\nfilter from the valid input, then shove the invalid input into `message` rather than raising a parse\r\nerror.\r\n\r\nFixes (ISSUE-376)\r\n\r\n* Add enhanced privacy to feedback (#12418)\r\n\r\n* feat(app-platform): Issue Link UI (#12345)\r\n\r\nThis change takes care of dynamically rendering the Link and Create\r\nforms for Sentry Apps that support Issue Link components.\r\n\r\n* add project to payload (#12407)\r\n\r\n* feat: Added grouping selector on grouping info page\r\n\r\n* feat: Added tooltip\r\n\r\n* test: Improve test coverage for grouping\r\n\r\n* ref: Slightly improved native grouping\r\n\r\n* ref: More cleanup in new grouping algorithm\r\n\r\n* ref: rename a misnamed function\r\n",
            "hash": "1fcc598de36461c7d6223abcf39cdada8ba1acce",
            "author": "Armin Ronacher <armin.ronacher@active-4.com>",
            "date": "Wed Mar 20 11:33:31 2019"
        },
        {
            "title": "feat(features): Add org saved searches [SEN-355] (#12441)",
            "flags": {
                "organizations:global-views": "False",
                "organizations:grouping-info": "False",
                "organizations:sentry-apps": "False",
                "organizations:org-saved-searches": "False",
                "organizations:recent-searches": "False"
            },
            "message": "feat(features): Add org saved searches [SEN-355] (#12441)\n\nThis will also include pinned searches and recent searches\r\n\r\nFixes SEN-355",
            "hash": "07c59fa2fd0383c3f817167f14116a22e9bfd42a",
            "author": "Billy Vong <billyvg@users.noreply.github.com>",
            "date": "Mon Mar 18 16:41:17 2019"
        },
        {
            "title": "feat(grouping): Grouping Information Information (#12270)",
            "flags": {
                "organizations:grouping-info": "False"
            },
            "message": "feat(grouping): Grouping Information Information (#12270)\n\nThis adds information about group hashes to the event UI behind a feature flag.",
            "hash": "516e1575100ff8098d0614a21f7fb7fd2bad5afc",
            "author": "Armin Ronacher <armin.ronacher@active-4.com>",
            "date": "Thu Mar 7 02:53:09 2019"
        },
        {
            "title": "feat: Add options to use Kafka for preprocess/process/event_save tasks (#12309)",
            "flags": {
                "projects:kafka-ingest": "False"
            },
            "message": "feat: Add options to use Kafka for preprocess/process/event_save tasks (#12309)\n\n* feat: Add options to use Kafka for preprocess/process/event_save tasks\r\n\r\nTry number 2. Had to revert to fix SENTRY-9TF.\r\n\r\n* Maybe fix all the AttributeErrors but who knows it's Python\r\n",
            "hash": "f5998e667adb39907fb58db9fe66f1b2482db263",
            "author": "Brett Hoerner <brett@bretthoerner.com>",
            "date": "Wed Mar 6 13:17:50 2019"
        },
        {
            "title": "Revert \"feat: Add options to use Kafka for preprocess/process/event_save tasks (#12159)\"",
            "flags": {
                "projects:kafka-ingest": "removed"
            },
            "message": "Revert \"feat: Add options to use Kafka for preprocess/process/event_save tasks (#12159)\"\n\nThis reverts commit 37447344a796caa1359ec20e361ad7cb57cb5721.\n",
            "hash": "593db4b87c072fcfd0427a78cbb9731956a308ed",
            "author": "Brett Hoerner <brett@bretthoerner.com>",
            "date": "Tue Mar 5 15:39:58 2019"
        },
        {
            "title": "feat: Add options to use Kafka for preprocess/process/event_save tasks (#12159)",
            "flags": {
                "projects:kafka-ingest": "False"
            },
            "message": "feat: Add options to use Kafka for preprocess/process/event_save tasks (#12159)\n\n",
            "hash": "37447344a796caa1359ec20e361ad7cb57cb5721",
            "author": "Brett Hoerner <brett@bretthoerner.com>",
            "date": "Tue Mar 5 14:05:27 2019"
        },
        {
            "title": "fix: Rename advanced_search feature to advanced-search for consistency",
            "flags": {
                "organizations:advanced-search": "True"
            },
            "message": "fix: Rename advanced_search feature to advanced-search for consistency\n",
            "hash": "688c67eb120791875a28a102adc1ae1f0311b5e6",
            "author": "Dan Fuller <dfuller@sentry.io>",
            "date": "Wed Feb 20 17:33:19 2019"
        },
        {
            "title": "ref(app-platform): Add organizations:sentry-apps feature flag (#12073)",
            "flags": {
                "organizations:sentry-apps": "False"
            },
            "message": "ref(app-platform): Add organizations:sentry-apps feature flag (#12073)\n\n* ref(app-platform): Add organizations:sentry-apps feature flag\r\n",
            "hash": "3eb30b96d11af34609f96fd668cc053a7dad2411",
            "author": "MeredithAnya <meredith.a.heller@gmail.com>",
            "date": "Fri Feb 15 09:26:49 2019"
        },
        {
            "title": "feat(events): Events access is controlled by by events flag (#11651)",
            "flags": {
                "organizations:events": "False"
            },
            "message": "feat(events): Events access is controlled by by events flag (#11651)\n\nPreviously this was linked to global views, however we want to give more\r\nusers (even those without multi project access) access to this view.\r\n",
            "hash": "ae9917a6a3f5a1c950b2edc18b0fbb139b43cc96",
            "author": "Lyn Nagara <lyn.nagara@gmail.com>",
            "date": "Tue Jan 22 15:20:19 2019"
        },
        {
            "title": "chore: Remove unused feature flag (#11535)",
            "flags": {
                "organizations:jira-server-integration": "removed"
            },
            "message": "chore: Remove unused feature flag (#11535)\n\nJira server no longer reads this feature flag.",
            "hash": "82feb8eb8cb1cd1c0767dd2bdbb4b8ba1bcab041",
            "author": "Mark Story <mark@mark-story.com>",
            "date": "Tue Jan 15 10:55:23 2019"
        },
        {
            "title": "chore: Remove group-unmerge flag (#11431)",
            "flags": {
                "organizations:group-unmerge": "removed"
            },
            "message": "chore: Remove group-unmerge flag (#11431)\n\nThis feature is turned on for everybody",
            "hash": "1d8db13e03f73f6c3bcf86bd90ec3d592f4fd5b9",
            "author": "Lyn Nagara <lyn.nagara@gmail.com>",
            "date": "Wed Jan 9 10:46:03 2019"
        },
        {
            "title": "feat(sentry10): Add organizations:sentry10 feature switch",
            "flags": {
                "organizations:sentry10": "False"
            },
            "message": "feat(sentry10): Add organizations:sentry10 feature switch\n",
            "hash": "930be1ce290bc7e3231630482593a34e07428482",
            "author": "Lyn Nagara <lyn.nagara@gmail.com>",
            "date": "Tue Dec 11 11:29:43 2018"
        },
        {
            "title": "ref(health): Remove health \u2620\ufe0f (#10953)",
            "flags": {
                "organizations:health": "removed"
            },
            "message": "ref(health): Remove health \u2620\ufe0f (#10953)\n\n:wave:",
            "hash": "98c53b2db68fcfbda858105a69bf3a88d3555b9b",
            "author": "Billy Vong <billyvg@users.noreply.github.com>",
            "date": "Fri Dec 7 10:28:06 2018"
        },
        {
            "title": "ref(ui): Remove Project Events UI (#10956)",
            "flags": {
                "projects:global-events": "removed"
            },
            "message": "ref(ui): Remove Project Events UI (#10956)\n\nRemoves \"global-events\" flag and UI components/routes.",
            "hash": "9178343bac4f895dfa59c98786f9d8075666c6d8",
            "author": "Billy Vong <billyvg@users.noreply.github.com>",
            "date": "Fri Dec 7 10:27:33 2018"
        },
        {
            "title": "chore: Release gitlab to all users (#10932)",
            "flags": {
                "organizations:gitlab-integration": "removed"
            },
            "message": "chore: Release gitlab to all users (#10932)\n\nEnable gitlab to all users :tada:\r\n\r\nRefs APP-866",
            "hash": "5f3490dec99a08a48ed1b95b27523bd1c68fb1e5",
            "author": "Mark Story <mark@mark-story.com>",
            "date": "Fri Dec 7 07:54:10 2018"
        },
        {
            "title": "ref(org-events): Rename feature flag to use \"global-views\" (#10659)",
            "flags": {
                "organizations:events-stream": "removed",
                "organizations:global-views": "False"
            },
            "message": "ref(org-events): Rename feature flag to use \"global-views\" (#10659)\n\n",
            "hash": "91d8d24bf16ed382fcbeb42a0e1aa32fabc65be6",
            "author": "Billy Vong <billyvg@users.noreply.github.com>",
            "date": "Mon Nov 19 14:18:25 2018"
        },
        {
            "title": "Added jira server feature handler (#10642)",
            "flags": {
                "organizations:jira-server-integration": "False"
            },
            "message": "Added jira server feature handler (#10642)\n\n",
            "hash": "8b83606fca67ac69272f344dcef514d429de76aa",
            "author": "Lauryn Brown <lauryndbrown@gmail.com>",
            "date": "Mon Nov 19 11:20:33 2018"
        },
        {
            "title": "chore(features) Remove new-issue-ui feature checks. (#10490)",
            "flags": {
                "organizations:new-issue-ui": "removed"
            },
            "message": "chore(features) Remove new-issue-ui feature checks. (#10490)\n\nRemove the new-issue-ui feature registration and all places it was\r\nchecked. This feature has been mainlined for a while.\r\n\r\nRefs APP-729",
            "hash": "3d6c472df133d5abda21ebdca7b83981dd848c7c",
            "author": "Mark Story <mark@mark-story.com>",
            "date": "Fri Nov 9 06:47:09 2018"
        },
        {
            "title": "feat(gitlab) Move gitlab to an organization feature (#10423)",
            "flags": {
                "organizations:gitlab-integration": "False"
            },
            "message": "feat(gitlab) Move gitlab to an organization feature (#10423)\n\nGitlab is pretty much complete so we'd like to move it roll it out to\r\nthe early adopter group. Before we can do this it needs to be gated by\r\nan organization feature switch.\r\n\r\nI've made the FeatureNotRegistered exception a bit more verbose as\r\nI spent some time trying to decipher why my feature wasn't registered\r\ndespite having updated several places in getsentry.\r\n\r\nRefs APP-728",
            "hash": "8c275c9ef886b7987062a6096d0b22ef5325d93c",
            "author": "Mark Story <mark@mark-story.com>",
            "date": "Tue Nov 6 07:13:17 2018"
        },
        {
            "title": "ref(features): Normalize feature names with sentry.io plan features (#10156)",
            "flags": {
                "organizations:sso": "removed",
                "organizations:sso-rippling": "False",
                "organizations:sso-basic": "True"
            },
            "message": "ref(features): Normalize feature names with sentry.io plan features (#10156)\n\n",
            "hash": "e46a5ab83bc9ac17392e20ba8dd7489b4af0f458",
            "author": "Evan Purkhiser <evanpurkhiser@gmail.com>",
            "date": "Wed Oct 17 13:36:09 2018"
        },
        {
            "title": "ref(features): Clean up feature flag module (#10141)",
            "flags": {
                "organizations:discover": "False",
                "organizations:repos": "True",
                "organizations:sso": "True",
                "organizations:sso-saml2": "True",
                "organizations:sso-rippling": "False",
                "organizations:events-stream": "False",
                "organizations:invite-members": "True",
                "organizations:require-2fa": "False",
                "organizations:internal-catchall": "False",
                "organizations:new-issue-ui": "True",
                "organizations:health": "False",
                "organizations:js-loader": "False",
                "organizations:unreleased-changes": "False",
                "organizations:suggested-commits": "True",
                "projects:global-events": "False",
                "projects:plugins": "True",
                "projects:dsym": "False",
                "projects:sample-events": "True",
                "projects:custom-inbound-filters": "False",
                "projects:rate-limits": "True"
            },
            "message": "ref(features): Clean up feature flag module (#10141)\n\n - Added documentation to the features.manager module.\r\n\r\n - Removes the Feature.has method. No Feature classes have been declared\r\n   that provide a has function, and this simply adds to the complexity\r\n   of how features work.\r\n\r\n - Sorts and groups feature flags in both the features module where they\r\n   are registered, as well as in the conf.server module where defaults\r\n   are set.\r\n\r\n - Adds descriptions to all feature flag definitions in the\r\n   conf.server.SENTRY_FEATURES module variable.\r\n\r\n - Improves Organization and Project serializers by automatically\r\n   pulling organization and project scopped features from the manager.\r\n\r\n   NOTE: Not all project and organization feature flags were previously\r\n         exposed on the serializer, presumably because they were not\r\n         needed by the frontend.\r\n\r\n   The following flags are now exposed on the organization.features\r\n   after serialization\r\n\r\n   - organizations:invite-members\r\n   - organizations:release-commits\r\n   - organizations:sso-saml2\r\n\r\n   The following flags are now exposed on the project.features after\r\n   serialization.\r\n\r\n   - projects:sample-events\r\n   - projects:servicehooks\r\n   - projects:similarity-indexing\r\n   - projects:custom-inbound-filters\r\n   - projects:minidump\r\n",
            "hash": "bca953f2a8babfaf0d265171dbf3a14b7337fea9",
            "author": "Evan Purkhiser <evanpurkhiser@gmail.com>",
            "date": "Tue Oct 16 15:59:43 2018"
        },
        {
            "title": "ref(integrations): Remove integration flags that are defaulted to on",
            "flags": {
                "organizations:github-apps": "removed",
                "organizations:github-enterprise": "removed",
                "organizations:bitbucket-integration": "removed",
                "organizations:jira-integration": "removed",
                "organizations:vsts-integration": "removed"
            },
            "message": "ref(integrations): Remove integration flags that are defaulted to on\n",
            "hash": "e1ec756c202246773085adcac54f3594cbf5f9ac",
            "author": "Jess MacQueen <jessmacqueen@gmail.com>",
            "date": "Thu Oct 11 12:10:15 2018"
        },
        {
            "title": "feat(feature-flag): Add \"events-stream\" feature flag (#10085)",
            "flags": {
                "organizations:events-stream": "False"
            },
            "message": "feat(feature-flag): Add \"events-stream\" feature flag (#10085)\n\nFeature flag for organization wide events stream",
            "hash": "bb3a6c20f26759c53f040eb20ad394873468c2dc",
            "author": "Billy Vong <billyvg@users.noreply.github.com>",
            "date": "Thu Oct 11 15:54:38 2018"
        },
        {
            "title": "enabled vsts and bitbucket to everyone (#9700)",
            "flags": {
                "organizations:bitbucket-integration": "True",
                "organizations:vsts-integration": "True"
            },
            "message": "enabled vsts and bitbucket to everyone (#9700)\n\n",
            "hash": "db1b194ecd5c597c7b18846e0b8cf18ad00564c0",
            "author": "Lauryn Brown <lauryndbrown@gmail.com>",
            "date": "Mon Sep 17 14:16:52 2018"
        },
        {
            "title": "feat(environments) Remove server code for environment hiding (#9753)",
            "flags": {
                "organizations:environments": "removed"
            },
            "message": "feat(environments) Remove server code for environment hiding (#9753)\n\nRemove the server code that hides environment related features.\r\n\r\nRefs APP-506",
            "hash": "3165ed959b7d47e456d131f5cbc14abbce1c353a",
            "author": "Mark Story <mark@mark-story.com>",
            "date": "Fri Sep 14 13:08:43 2018"
        },
        {
            "title": "ref(settings) Remove feature checks for new-settings",
            "flags": {
                "organizations:new-settings": "removed"
            },
            "message": "ref(settings) Remove feature checks for new-settings\n\nOld settings are no longer a thing for any customers, we can remove\nfeature checks as they aren't doing much.\n",
            "hash": "d94c94a6769b8a186f2e1b924e249d4653f56348",
            "author": "Mark Story <mark@sentry.io>",
            "date": "Thu Sep 13 12:25:29 2018"
        },
        {
            "title": "feat(environments) Flip environments feature on for everyone",
            "flags": {
                "organizations:environments": "True"
            },
            "message": "feat(environments) Flip environments feature on for everyone\n\nRefs APP-506\n",
            "hash": "dd529e1597247f429aa7e416774eb78d9768c558",
            "author": "Mark Story <mark@sentry.io>",
            "date": "Thu Sep 13 17:29:59 2018"
        },
        {
            "title": "feat: Loader UI (#9693)",
            "flags": {
                "organizations:js-loader": "False"
            },
            "message": "feat: Loader UI (#9693)\n\n* feat: Add jsloader feature flag, Add selector for sdk version\r\n\r\n* feat: Calculate browser SDK version\r\n\r\n* feat: Set default version to latest\r\n\r\n* feat: Default is highest number.x version for new DSN\r\n\r\n* fix: Add 4.x as default\r\n\r\n* fix: Tests\r\n\r\n* fix: Tests\r\n\r\n* feat: Make showReportDialog forceload optional\r\n\r\n* feat: Make calls to init optional\r\n\r\n* feat: Add check for %s in config var\r\n",
            "hash": "db1fb15e9864a27857b91cd040f6d8e2ae600ffb",
            "author": "Daniel Griesser <daniel.griesser.86@gmail.com>",
            "date": "Thu Sep 13 02:12:30 2018"
        },
        {
            "title": "feat(integrations): Release jira, gh, ghe to everyone",
            "flags": {
                "organizations:github-apps": "True",
                "organizations:new-issue-ui": "True",
                "organizations:github-enterprise": "True",
                "organizations:jira-integration": "True"
            },
            "message": "feat(integrations): Release jira, gh, ghe to everyone\n",
            "hash": "d68b1faba9d54ca72ac6a7ede7b3d184c2e363eb",
            "author": "Jess MacQueen <jessmacqueen@gmail.com>",
            "date": "Tue Sep 4 17:27:12 2018"
        },
        {
            "title": "vsts flag. (#9584)",
            "flags": {
                "organizations:vsts-integration": "False"
            },
            "message": "vsts flag. (#9584)\n\n",
            "hash": "89a664d43b66dc3914994f5c0cd0e18e0735480f",
            "author": "Lauryn Brown <lauryndbrown@gmail.com>",
            "date": "Fri Aug 31 09:45:03 2018"
        },
        {
            "title": "feat(integrations): Feature gate issue sync and issue basic (#9553)",
            "flags": {
                "organizations:integrations-issue-basic": "False",
                "organizations:integrations-issue-sync": "False"
            },
            "message": "feat(integrations): Feature gate issue sync and issue basic (#9553)\n\n",
            "hash": "d619aef852680ac44686de268f9e7fc741f0670c",
            "author": "Jess MacQueen <macqueen@users.noreply.github.com>",
            "date": "Thu Aug 30 11:20:02 2018"
        },
        {
            "title": "feat(discover): Add sidebar icon behind feature flag (#9492)",
            "flags": {
                "organizations:discover": "False"
            },
            "message": "feat(discover): Add sidebar icon behind feature flag (#9492)\n\nAdd organization:discover feature flag and sidebar icon",
            "hash": "b06d3aa33377de7d5c525fb2108c31b1e102fa93",
            "author": "Lyn Nagara <lyn.nagara@gmail.com>",
            "date": "Thu Aug 23 16:08:21 2018"
        },
        {
            "title": "feat(jira): Add feature flag for new jira integration",
            "flags": {
                "organizations:jira-integration": "False"
            },
            "message": "feat(jira): Add feature flag for new jira integration\n",
            "hash": "856c6935f9b169c0c9cee1f02d5ea050fd64d52f",
            "author": "Jess MacQueen <jessmacqueen@gmail.com>",
            "date": "Wed Aug 22 16:39:44 2018"
        },
        {
            "title": "ref(integrations): Remove unused integration-v3 feature (#9424)",
            "flags": {
                "organizations:integrations-v3": "removed"
            },
            "message": "ref(integrations): Remove unused integration-v3 feature (#9424)\n\n",
            "hash": "74d11e6dca153958b83efd1e0cf2e7b392e0a33a",
            "author": "Evan Purkhiser <evanpurkhiser@gmail.com>",
            "date": "Mon Aug 20 18:21:22 2018"
        },
        {
            "title": "feat(bitbucket): Add feature flag (#9427)",
            "flags": {
                "organizations:bitbucket-integration": "False"
            },
            "message": "feat(bitbucket): Add feature flag (#9427)\n\n",
            "hash": "0489db0e6dfe69bcb475f98304b5fe4e30e590de",
            "author": "Evan Purkhiser <evanpurkhiser@gmail.com>",
            "date": "Mon Aug 20 11:59:41 2018"
        },
        {
            "title": "feat(integrations): Add feature flag for GHE and new issue ui (#9211)",
            "flags": {
                "organizations:new-issue-ui": "False",
                "organizations:github-enterprise": "False"
            },
            "message": "feat(integrations): Add feature flag for GHE and new issue ui (#9211)\n\n* feat(integrations): Add feature flag for GHE and new issue ui\r\n\r\n* another flag check\r\n",
            "hash": "0bacd2facf05abe234fd42ea3e003835070e78f9",
            "author": "MeredithAnya <meredith.a.heller@gmail.com>",
            "date": "Mon Jul 30 13:31:52 2018"
        },
        {
            "title": "feat: Enable saml2 SSO by default",
            "flags": {
                "organizations:sso-saml2": "True"
            },
            "message": "feat: Enable saml2 SSO by default\n\nGiven this is now stable (and launched in production), this makes the feature available by default. This primarily will affect open source users of Sentry.\n",
            "hash": "08d00555ddaa05108afb37a60e5dbb4bd01da45e",
            "author": "David Cramer <dcramer@gmail.com>",
            "date": "Thu Jul 5 09:41:32 2018"
        },
        {
            "title": "feat: Add initial support for attachments",
            "flags": {
                "organizations:event-attachments": "False"
            },
            "message": "feat: Add initial support for attachments\n\nAdd support for storing event attachments using the existing filestorage service and a new EventAttachment model.\n\nWhile you can currently on read attachments (there's no way to write them), this restricts those reads to the 'organizations:event-attachments' feature.\n\nThis also resolves some minor issues with deletions and cascades.\n",
            "hash": "44c69f25b9c5b8d149bff21bc235c4a4a31e4e96",
            "author": "David Cramer <dcramer@gmail.com>",
            "date": "Mon Jul 2 14:43:09 2018"
        },
        {
            "title": "feat(feature-tag): Add \"organizations:health\" feature tag (#8869)",
            "flags": {
                "organizations:health": "False"
            },
            "message": "feat(feature-tag): Add \"organizations:health\" feature tag (#8869)\n\n",
            "hash": "95957bef86f1a899a31ed2d53662053acc89d25c",
            "author": "Billy Vong <billyvg@users.noreply.github.com>",
            "date": "Thu Jun 28 15:31:15 2018"
        },
        {
            "title": "fix(api): Actually check for feature flag on service hook API",
            "flags": {
                "projects:servicehooks": "False"
            },
            "message": "fix(api): Actually check for feature flag on service hook API\n",
            "hash": "83b4746fc6d3be863aafa82e43b52efcd3b6456d",
            "author": "Matt Robenolt <matt@ydekproductions.com>",
            "date": "Wed Jun 6 14:18:01 2018"
        },
        {
            "title": "chore(code-owners): Remove code owners feature flag (#8662)",
            "flags": {
                "organizations:code-owners": "removed"
            },
            "message": "chore(code-owners): Remove code owners feature flag (#8662)\n\nThis is the default now, we don't need to support users without this feature",
            "hash": "1dce79d1b71dfdc69b5474efa63c62dc7100b974",
            "author": "Lyn Nagara <lyn.nagara@gmail.com>",
            "date": "Wed Jun 6 10:35:16 2018"
        },
        {
            "title": "feat(integrations): Add feature flag for GitHub Apps (#8602)",
            "flags": {
                "organizations:github-apps": "False"
            },
            "message": "feat(integrations): Add feature flag for GitHub Apps (#8602)\n\n* feat(integrations): Add feature flag for GitHub Apps\r\n\r\n* refactor\r\n\r\n* org integration config\r\n\r\n* correctly display integrations\r\n",
            "hash": "54dbdcf09431437d891b3eb25ce288fdbe8bdeb5",
            "author": "MeredithAnya <meredith.a.heller@gmail.com>",
            "date": "Thu May 31 12:54:07 2018"
        },
        {
            "title": "chore: Remove old dashboard and feature flag (#8569)",
            "flags": {
                "organizations:dashboard": "removed"
            },
            "message": "chore: Remove old dashboard and feature flag (#8569)\n\nNot removing the old sidebar completely just yet, it seems to be still used by getsentry views",
            "hash": "01460dac84ca561da54ffb14303440a70e2b7cec",
            "author": "Lyn Nagara <lyn.nagara@gmail.com>",
            "date": "Thu May 31 12:25:14 2018"
        },
        {
            "title": "feat: Turn on sentry 9 (#8409)",
            "flags": {
                "organizations:new-settings": "True",
                "organizations:new-teams": "True",
                "organizations:code-owners": "True",
                "organizations:dashboard": "True",
                "organizations:suggested-commits": "True"
            },
            "message": "feat: Turn on sentry 9 (#8409)\n\n",
            "hash": "c9a922765fb97c966d2298ab9204c9f41a9ed554",
            "author": "Jess MacQueen <macqueen@users.noreply.github.com>",
            "date": "Fri May 11 09:31:44 2018"
        },
        {
            "title": "feat(relay): Add basic SDK loader (#8163)",
            "flags": {
                "organizations:relay": "False"
            },
            "message": "feat(relay): Add basic SDK loader (#8163)\n\n",
            "hash": "17967c198949b46cabfc65433233e9c95b62e98f",
            "author": "Daniel Griesser <daniel.griesser.86@gmail.com>",
            "date": "Mon May 7 01:48:20 2018"
        },
        {
            "title": "feat: Add feature flag for new dashboard (#8103)",
            "flags": {
                "organizations:dashboard": "False"
            },
            "message": "feat: Add feature flag for new dashboard (#8103)\n\n",
            "hash": "8947b667307680e763096a4ccf928fe356008439",
            "author": "Lyn Nagara <lyn.nagara@gmail.com>",
            "date": "Thu Apr 19 10:40:18 2018"
        },
        {
            "title": "ref(minidump): Remove the minidump feature flag (#7803)",
            "flags": {
                "projects:minidump": "True"
            },
            "message": "ref(minidump): Remove the minidump feature flag (#7803)\n\n* ref(minidump): Remove the minidump feature flag\r\n\r\n* ref(minidump): Restore the feature and default to true\r\n",
            "hash": "91bbe216e9be4575fc321230bd73b73ec5186acc",
            "author": "Jan Michael Auer <account@jauer.org>",
            "date": "Tue Apr 3 01:30:19 2018"
        },
        {
            "title": "feat(owners): Overhaul unreleased changes",
            "flags": {
                "organizations:unreleased-changes": "False"
            },
            "message": "feat(owners): Overhaul unreleased changes\n\n- Add LatestRelease schema and begin begin filling it\n- Move to dashboard behind 'organizations:unreleased-changes' feature\n- Automatically create ReleaseHeadCommit rows when commit list is passed manually\n",
            "hash": "e0b7ebd221f75c7386d61b2f416af6f3be33b451",
            "author": "David Cramer <dcramer@gmail.com>",
            "date": "Wed Mar 21 14:22:47 2018"
        },
        {
            "title": "ref: Use code-owners feature flag for owners",
            "flags": {
                "organizations:code-owners": "False"
            },
            "message": "ref: Use code-owners feature flag for owners\n",
            "hash": "b47f93595c31a14806c00fa020d8715eb2343660",
            "author": "Jess MacQueen <jessmacqueen@gmail.com>",
            "date": "Wed Mar 14 21:09:52 2018"
        },
        {
            "title": "ref(features): Add a new flag for team/project changes",
            "flags": {
                "organizations:new-teams": "False"
            },
            "message": "ref(features): Add a new flag for team/project changes\n",
            "hash": "e12327667d6c0c44a01af87f430110ef1211ee9c",
            "author": "Jess MacQueen <jessmacqueen@gmail.com>",
            "date": "Tue Mar 13 15:32:34 2018"
        },
        {
            "title": "ref(features): Add a catchall internal feature flag",
            "flags": {
                "organizations:internal-catchall": "False"
            },
            "message": "ref(features): Add a catchall internal feature flag\n",
            "hash": "00ea77fe7c204b13d740d938187d2f679c2d2f20",
            "author": "Jess MacQueen <jessmacqueen@gmail.com>",
            "date": "Fri Feb 2 14:01:55 2018"
        },
        {
            "title": "fix(repos): Maintain feature flag",
            "flags": {
                "organizations:repos": "True"
            },
            "message": "fix(repos): Maintain feature flag\n",
            "hash": "860c5c5341c2b6ef8be8e6355fef6bdca1147db6",
            "author": "David Cramer <dcramer@gmail.com>",
            "date": "Tue Sep 26 11:04:52 2017"
        },
        {
            "title": "feat: Add organizations:environments feature flag (#6921)",
            "flags": {
                "organizations:environments": "False"
            },
            "message": "feat: Add organizations:environments feature flag (#6921)\n\n",
            "hash": "a5358f4ee41671b28ce44de40f02d86ed36d33c4",
            "author": "Lyn Nagara <lyn.nagara@gmail.com>",
            "date": "Tue Jan 9 11:46:43 2018"
        },
        {
            "title": "feat(api): Add 2FA api endpoint and enforce 2FA checkbox to organization settings new and old (#6812)",
            "flags": {
                "organizations:require-2fa": "False"
            },
            "message": "feat(api): Add 2FA api endpoint and enforce 2FA checkbox to organization settings new and old (#6812)\n\n* Working on tests\r\n\r\n* Added require 2FA to both old and new settings forms.\r\n\r\n* Added UI tests to org settings.\r\n\r\n* Got the 2FA switch to work in the case for admin.\r\n\r\n* Moved API tests from frontend to api endpoints.\r\n\r\n* Removed spelling error\r\n\r\n* Removed typo from old sentry UI settings page and ensured it worked.\r\n\r\n* Removed uneeded tests from frontend tests.\r\n\r\n* Revised tests in test_org_details.\r\n\r\n* Added a switch to sentry for 2FA in both new and old settings.\r\n\r\n* Removed console.logs\r\n\r\n* Added tests that use the feature switch and removed bug from code\r\n\r\n* Added check to ensure checkbox doesn't show up  without feature enabled and refactored settingsForm js to make it more relisiant to code changes.\r\n\r\n* Removed unneeded code from orgsettingsform old jsx and added test to test when the feature is turned off\r\n\r\n* Updated user-facing references of 2FA to be consistent in format.\r\n\r\n* Refactored how require2fa is added to the settings array in js. sent an error to the user when trying to enable 2fa and not having 2fa.\r\n\r\n* Revised organization settings 2fa acceptance tests\r\n\r\n* Removed references to new settings\r\n",
            "hash": "75796a746182c4b71343e37e2cbd40aae6d1c115",
            "author": "Lauryn Brown <lauryndbrown@gmail.com>",
            "date": "Thu Jan 4 13:49:55 2018"
        },
        {
            "title": "ref(discard): Rename feature flag from custom-filters to discard-groups",
            "flags": {
                "projects:custom-filters": "removed",
                "projects:discard-groups": "False"
            },
            "message": "ref(discard): Rename feature flag from custom-filters to discard-groups\n",
            "hash": "04764e494fc7c47ca93df1a01b8f2a79cfd77bc6",
            "author": "Jess MacQueen <jess@getsentry.com>",
            "date": "Thu Nov 2 11:30:43 2017"
        },
        {
            "title": "feat(feature-flag): New settings flag + reserve \"settings\" slug (#6552)",
            "flags": {
                "organizations:new-settings": "False"
            },
            "message": "feat(feature-flag): New settings flag + reserve \"settings\" slug (#6552)\n\n",
            "hash": "ba2b8c63cafe6ef28d4577b79c5e36fe4310ebac",
            "author": "Billy Vong <billyvg@users.noreply.github.com>",
            "date": "Wed Nov 15 11:17:46 2017"
        },
        {
            "title": "feat(api):restrict member invite  (#6418)",
            "flags": {
                "organizations:invite-members": "True"
            },
            "message": "feat(api):restrict member invite  (#6418)\n\n* restrict-member-invite based on flag, defaults to true\r\n",
            "hash": "8f09f4b3e69383c127bdb9607f0a1065b54cb1ff",
            "author": "Max Bittker <maxbittker@gmail.com>",
            "date": "Wed Oct 25 11:07:52 2017"
        },
        {
            "title": "feat: Implement minidump ingestion without symbolication (#6416)",
            "flags": {
                "projects:minidump": "False"
            },
            "message": "feat: Implement minidump ingestion without symbolication (#6416)\n\n* feat: Support chunked transfer encoding\r\n\r\n* feat(minidump): Implement a most basic minidump event endpoint\r\n\r\n* feat(minidump): Upload minidumps on event creation\r\n\r\n* feat(minidump): Leave the minidump GUID in the extra dict\r\n\r\n* ref(minidump): Move minidump upload to the coreapi helper\r\n\r\n* feat(minidump): Parse minidumps into an event interface on upload\r\n\r\n* feat(minidump): Display the same UI for minidump and cocoa\r\n\r\n* feat(minidump): Display the minidump endpoint in the UI\r\n\r\n* ref(minidump): Remove stacktraces from the crashed thread\r\n\r\n* fix(minidump): Make allowed content_types a tuple in MinidumpView\r\n\r\n* feat(minidump): Add feature flags to hide the minidump endpoint UI\r\n\r\n* build(minidump): Require a more recent symbolic version\r\n\r\n* feat(minidump): Add a platform constant for \"native\"\r\n",
            "hash": "8f9648df60040b89c1c95ca07b70b1007e5ed31b",
            "author": "Jan Michael Auer <account@jauer.org>",
            "date": "Wed Oct 25 02:47:26 2017"
        },
        {
            "title": "ref(auth): Clean up auth provider feature flags",
            "flags": {
                "organizations:saml2": "removed",
                "organizations:sso-saml2": "False",
                "organizations:sso-rippling": "False"
            },
            "message": "ref(auth): Clean up auth provider feature flags\n\n - Allow providers to specify what feature they require\r\n - Verify a provider is enabled during setup\r\n - Adds sso-rippling as it's own feature",
            "hash": "18a8600610866d22b71f420c52b04272581c7799",
            "author": "Evan Purkhiser <evanpurkhiser@gmail.com>",
            "date": "Wed Oct 18 15:59:09 2017"
        },
        {
            "title": "ref(api): Remove `projects:stream-hit-counts` feature flag (#6085)",
            "flags": {
                "projects:stream-hit-counts": "removed"
            },
            "message": "ref(api): Remove `projects:stream-hit-counts` feature flag (#6085)\n\n",
            "hash": "92680862fef11b62f0d0f151be8bfc5cb0b51b00",
            "author": "ted kaemming <ted@kaemming.com>",
            "date": "Fri Sep 22 11:58:15 2017"
        },
        {
            "title": "chore: remove callsigns feature check since they are 100% active (#5835)",
            "flags": {
                "organizations:callsigns": "removed"
            },
            "message": "chore: remove callsigns feature check since they are 100% active (#5835)\n\n",
            "hash": "ab8fe8d50726dad9bff581a1de36f1aea8474aa8",
            "author": "Billy Vong <billyvg@users.noreply.github.com>",
            "date": "Fri Sep 22 10:38:32 2017"
        },
        {
            "title": "feat(workflow): Render disabled feature component for small orgs (#6063)",
            "flags": {
                "projects:additional-data-filters": "removed",
                "projects:custom-inbound-filters": "False"
            },
            "message": "feat(workflow): Render disabled feature component for small orgs (#6063)\n\n",
            "hash": "eff9e513f5841154b3ab17c8533dfbe552918b1b",
            "author": "Katie Lundsgaard <katie@getsentry.com>",
            "date": "Wed Sep 13 13:05:29 2017"
        },
        {
            "title": "auth: add feature switch for SAML2",
            "flags": {
                "organizations:saml2": "False"
            },
            "message": "auth: add feature switch for SAML2\n",
            "hash": "3f48c33b1c08819237b2f7d2d25298a91deccc9d",
            "author": "Matt Robenolt <matt@ydekproductions.com>",
            "date": "Wed Aug 23 13:14:03 2017"
        },
        {
            "title": "Disable similarity view by default. (#5944)",
            "flags": {
                "projects:similarity-view": "removed"
            },
            "message": "Disable similarity view by default. (#5944)\n\n",
            "hash": "fff03677a4fe7855a33a8e7f4abc8dc0757cca83",
            "author": "ted kaemming <ted@kaemming.com>",
            "date": "Tue Aug 22 11:05:10 2017"
        },
        {
            "title": "Additional project filters (#5748)",
            "flags": {
                "projects:additional-data-filters": "False"
            },
            "message": "Additional project filters (#5748)\n\n\r\n",
            "hash": "8da18db4f28ce2d55e63e1ce9ad6e31248d832e1",
            "author": "Katie Lundsgaard <katie@getsentry.com>",
            "date": "Tue Aug 8 12:49:42 2017"
        },
        {
            "title": "add support for github integrations (#5461)",
            "flags": {
                "organizations:integrations-v3": "False"
            },
            "message": "add support for github integrations (#5461)\n\n* add model, basic api endpoint for organization installations\r\n\r\n* regenerate migration\r\n\r\n* add post to org installations endpoint, add tests\r\n\r\n* create repos from installation\r\n\r\n* get very basic ui added\r\n\r\n* fix test\r\n\r\n* regenerate migration\r\n\r\n* regenerate migration\r\n\r\n* support multiple github ids/secrets\r\n\r\n* update UI to something somewhat useable\r\n\r\n* fix test\r\n\r\n* remove app_id, change index to be unique for provider\r\n\r\n* improve UI slightly, move some stuff into serializer\r\n\r\n* remove todo\r\n\r\n* camel case api params\r\n\r\n* matt feedback\r\n\r\n* possibly get options working\r\n\r\n* regenerate migration\r\n\r\n* move option registry to plugins\r\n\r\n* fix next redirect\r\n\r\n* update changes\r\n\r\n* add a test for when user doesn't have access to integration\r\n\r\n* update models to work for integrations other than github\r\n\r\n* get apis and UI working with new integration models\r\n\r\n* regenerate migration\r\n\r\n* switch up api to make it less crappy, fix tests\r\n\r\n* get rid of rogue CHANGES update\r\n\r\n* fix the ui to work w new api\r\n\r\n* fix a few things to support github integrations\r\n\r\n* remove re-added code from bad merge, fix test\r\n\r\n* address most feedback, put behind feature flag\r\n\r\n* add auth url to integrations page\r\n\r\n* add repository integration id index concurrently\r\n\r\n* add some tests for provider auth methods to improve coverage\r\n\r\n* correct feature flag name in server.py\r\n",
            "hash": "a3d3466f18c9ea3bed24f59db5ba3cb3c7df2b22",
            "author": "Jess MacQueen <macqueen@users.noreply.github.com>",
            "date": "Thu Aug 3 13:19:19 2017"
        },
        {
            "title": "Merge branch 'master' into similarity-api",
            "flags": {
                "projects:similarity-view": "True"
            },
            "message": "Merge branch 'master' into similarity-api\n",
            "hash": "91b45b1da1f1fbc021203844b6adb91cb9cbe23e",
            "merge": "92ec08d1d1 dafcb1267f",
            "author": "Billy Vong <billyvg@gmail.com>",
            "date": "Wed Jul 26 12:50:32 2017"
        },
        {
            "title": "Merge branch 'master' into similarity-api",
            "flags": {
                "organizations:repos": "removed",
                "organizations:callsigns": "True",
                "organizations:release-commits": "removed",
                "organizations:group-unmerge": "False",
                "projects:similarity-view": "True",
                "workflow:release-emails": "removed",
                "projects:data-forwarding": "True",
                "projects:rate-limits": "True",
                "projects:custom-filters": "False",
                "projects:stream-hit-counts": "False"
            },
            "message": "Merge branch 'master' into similarity-api\n",
            "hash": "4a6f88295ea734e0e9b077622c2655ace99cf87d",
            "merge": "e3783f8336 cc81fff31d",
            "author": "Billy Vong <billyvg@gmail.com>",
            "date": "Wed Jul 19 11:01:14 2017"
        },
        {
            "title": "Merge branch 'master' into discard-group",
            "flags": {
                "projects:custom-filters": "False",
                "projects:stream-hit-counts": "False"
            },
            "message": "Merge branch 'master' into discard-group\n",
            "hash": "a2f76d456246696ba6f80c119dc5c06f707ac45c",
            "merge": "092c5e30f7 43ec0e2c34",
            "author": "Jess MacQueen <jess@getsentry.com>",
            "date": "Mon Jul 17 18:01:36 2017"
        },
        {
            "title": "api: add hits to issue search endpoint (gated)",
            "flags": {
                "projects:stream-hit-counts": "False"
            },
            "message": "api: add hits to issue search endpoint (gated)\n",
            "hash": "6abc4163636ee84730e9040725bd7f877bc0fd71",
            "author": "David Cramer <dcramer@gmail.com>",
            "date": "Fri Jul 7 14:55:37 2017"
        },
        {
            "title": "add feature gating to discard workflow",
            "flags": {
                "projects:custom-filters": "False"
            },
            "message": "add feature gating to discard workflow\n",
            "hash": "faf0aa281dc2fcc45ee42c8183755ba10b75a6d0",
            "author": "Jess MacQueen <jess@getsentry.com>",
            "date": "Thu Jul 6 15:34:36 2017"
        },
        {
            "title": "Merge branch 'master' into feature/proguard",
            "flags": {
                "organizations:group-unmerge": "False"
            },
            "message": "Merge branch 'master' into feature/proguard\n",
            "hash": "351c49934695031aad534ab7e493f0e617cb13b0",
            "merge": "930dd2553e 40059d92b3",
            "author": "Armin Ronacher <armin.ronacher@active-4.com>",
            "date": "Mon Jun 19 06:31:01 2017"
        },
        {
            "title": "Add feature flagged \"hashes\" tab with unmerge button to issue detail view. (#5549)",
            "flags": {
                "organizations:group-unmerge": "False"
            },
            "message": "Add feature flagged \"hashes\" tab with unmerge button to issue detail view. (#5549)\n\n",
            "hash": "1bd28dadf51473eba81670fea66dfeb8c1970c25",
            "author": "ted kaemming <ted@kaemming.com>",
            "date": "Fri Jun 9 12:23:28 2017"
        },
        {
            "title": "[quotas] add rate limits to project keys (#5405)",
            "flags": {
                "projects:rate-limits": "True"
            },
            "message": "[quotas] add rate limits to project keys (#5405)\n\n- add per-key rate limits\r\n- add stats for events per key\r\n- fix acceptance tests predictability",
            "hash": "ec86dc56a386546a355f84b98dded53a5ce288db",
            "author": "David Cramer <dcramer@gmail.com>",
            "date": "Fri May 19 14:55:57 2017"
        },
        {
            "title": "add projects:data-forwarding feature flag",
            "flags": {
                "projects:data-forwarding": "True"
            },
            "message": "add projects:data-forwarding feature flag\n",
            "hash": "6ea892fcfdde4116c15305d5be8ffcfe3c5e31d8",
            "author": "David Cramer <dcramer@gmail.com>",
            "date": "Mon May 8 11:40:51 2017"
        },
        {
            "title": "remove release-commits and repos feature flags (#5341)",
            "flags": {
                "organizations:repos": "removed",
                "organizations:release-commits": "removed"
            },
            "message": "remove release-commits and repos feature flags (#5341)\n\n",
            "hash": "b305a84b9f797147c497e92ed2c1515afd82ec99",
            "author": "Jess MacQueen <macqueen@users.noreply.github.com>",
            "date": "Fri May 5 11:20:34 2017"
        },
        {
            "title": "enable releases by default, show overview page to everone (#5309)",
            "flags": {
                "organizations:repos": "True",
                "organizations:release-commits": "True"
            },
            "message": "enable releases by default, show overview page to everone (#5309)\n\n",
            "hash": "603278a5c9e1743b1d4fe13daa1f2d1758764f06",
            "author": "Jess MacQueen <macqueen@users.noreply.github.com>",
            "date": "Mon May 1 10:21:26 2017"
        },
        {
            "title": "enable callsigns for everyone, get rid of release-emails feature check (#5194)",
            "flags": {
                "organizations:callsigns": "True",
                "workflow:release-emails": "removed"
            },
            "message": "enable callsigns for everyone, get rid of release-emails feature check (#5194)\n\n",
            "hash": "d15de25969b4ff18658ef88183e7a403df798af5",
            "author": "Jess MacQueen <jessmacqueen@gmail.com>",
            "date": "Tue Apr 4 15:25:11 2017"
        },
        {
            "title": "flag works per-project",
            "flags": {
                "organizations:similarity-view": "removed",
                "projects:similarity-view": "True"
            },
            "message": "flag works per-project\n",
            "hash": "529f3f441b93278c1c11dcec59ec4e92cbcb0e0a",
            "author": "maxbittker <maxbittker@gmail.com>",
            "date": "Fri Mar 3 14:55:17 2017"
        },
        {
            "title": "hacky feature flag for similarity view",
            "flags": {
                "organizations:similarity-view": "True"
            },
            "message": "hacky feature flag for similarity view\n",
            "hash": "d556880c6269ae361d09d344a3996f0ae8bb02e3",
            "author": "maxbittker <maxbittker@gmail.com>",
            "date": "Wed Mar 1 18:45:42 2017"
        },
        {
            "title": "Release commits view (#4766)",
            "flags": {
                "organizations:release-commits": "False"
            },
            "message": "Release commits view (#4766)\n\n",
            "hash": "b93958f1a3a084a0b06fb6f2277ae2eb82718e11",
            "author": "Ben Vinegar <benvinegar@users.noreply.github.com>",
            "date": "Tue Jan 17 17:34:36 2017"
        },
        {
            "title": "[api] disable deprecated api-keys feature by default (#4776)",
            "flags": {
                "organizations:api-keys": "False"
            },
            "message": "[api] disable deprecated api-keys feature by default (#4776)\n\n",
            "hash": "9f41641a7a9414b7df409d621c9151bfb26490b0",
            "author": "David Cramer <dcramer@gmail.com>",
            "date": "Tue Jan 17 17:21:25 2017"
        },
        {
            "title": "[events] allow control of sampling via feature flag (#4756)",
            "flags": {
                "projects:sample-events": "True"
            },
            "message": "[events] allow control of sampling via feature flag (#4756)\n\n",
            "hash": "e1598f1748d299cafccb43c05bdbf661c0bb2f26",
            "author": "David Cramer <dcramer@gmail.com>",
            "date": "Thu Jan 12 12:39:01 2017"
        },
        {
            "title": "[quotas] configurable rate limits (#4732)",
            "flags": {
                "projects:quotas": "removed"
            },
            "message": "[quotas] configurable rate limits (#4732)\n\n* [quotas] configurable rate limits\r\n\r\n- add per-hour account (org) limits\r\n- add configurable windows to quota implementations\r\n- remove deprecated project quotas\r\n\r\n* remove useless check\r\n\r\n* invalid comment\r\n\r\n* fix 1hr window\r\n",
            "hash": "e7124a9a59ee7c9d99a80f18a9d6fb03001bf21c",
            "author": "David Cramer <dcramer@gmail.com>",
            "date": "Mon Jan 9 14:59:31 2017"
        },
        {
            "title": "[vcs] add repository management (#4495)",
            "flags": {
                "organizations:repos": "False"
            },
            "message": "[vcs] add repository management (#4495)\n\n",
            "hash": "b19aa76f4b2a43184be6de9ba670c3df77a9810b",
            "author": "David Cramer <dcramer@gmail.com>",
            "date": "Mon Nov 28 15:04:30 2016"
        },
        {
            "title": "[mail] push release emails behind feature flag",
            "flags": {
                "workflow:release-emails": "False"
            },
            "message": "[mail] push release emails behind feature flag\n",
            "hash": "c74b7c2e512464b9eeb6a0ffc49da9824f282ef1",
            "author": "David Cramer <dcramer@gmail.com>",
            "date": "Sun Oct 16 19:24:16 2016"
        },
        {
            "title": "Merge pull request #3646 from getsentry/security-improvements",
            "flags": {
                "auth:twofactor": "removed"
            },
            "message": "Merge pull request #3646 from getsentry/security-improvements\n\nImprovements to security flows",
            "hash": "5f46f6abd66e725085fb878017818da907e426ac",
            "merge": "12719c531c 1cdd20c9b4",
            "author": "David Cramer <dcramer@gmail.com>",
            "date": "Wed Jul 6 11:53:56 2016"
        },
        {
            "title": "Improvements to security flows",
            "flags": {
                "auth:twofactor": "removed"
            },
            "message": "Improvements to security flows\n\n- Move mfa to Security settings under account\n- Require password confirmation on email change\n- Improve managed user flows\n- Remove feature flag for mfa\n- Remove sudo on various account settings\n\n/cc @getsentry/infrastructure @getsentry/security\n",
            "hash": "1cdd20c9b4c2f7481311e9360f634680037dc6a4",
            "author": "David Cramer <dcramer@gmail.com>",
            "date": "Tue Jul 5 16:48:31 2016"
        },
        {
            "title": "Remove old-style tracebacks",
            "flags": {
                "organizations:new-tracebacks": "removed"
            },
            "message": "Remove old-style tracebacks\n\nThis removes old-traceback/OldFrame, as well as the 'new-tracebacks' flag.\n\n@getsentry/ui\n",
            "hash": "38fb7fcfd53aa461acd63b53f9d2efe8df68ba93",
            "author": "David Cramer <dcramer@gmail.com>",
            "date": "Fri Jun 24 12:58:34 2016"
        },
        {
            "title": "Enable new stacktraces by default",
            "flags": {
                "organizations:new-tracebacks": "True"
            },
            "message": "Enable new stacktraces by default\n",
            "hash": "299993d8fe35453ff1ded210dfdaeff178738a60",
            "author": "David Cramer <dcramer@gmail.com>",
            "date": "Fri Jun 24 10:06:09 2016"
        },
        {
            "title": "Enable twofactor",
            "flags": {
                "auth:twofactor": "True"
            },
            "message": "Enable twofactor\n",
            "hash": "34bb10599d9ed42416e8d6ba62a2a5f020c1cd8e",
            "author": "Armin Ronacher <armin.ronacher@active-4.com>",
            "date": "Wed Jun 22 11:43:28 2016"
        },
        {
            "title": "Added feature flag for new and old frame rendering",
            "flags": {
                "organizations:new-tracebacks": "False"
            },
            "message": "Added feature flag for new and old frame rendering\n",
            "hash": "51a7a3c3da3f78680a71399139f13107f8f2993d",
            "author": "Armin Ronacher <armin.ronacher@active-4.com>",
            "date": "Tue Jun 14 15:31:06 2016"
        },
        {
            "title": "Remove project:breadcrumbs feature switch",
            "flags": {
                "projects:breadcrumbs": "removed"
            },
            "message": "Remove project:breadcrumbs feature switch\n\n@getsentry/infrastructure\n@getsentry/ui\n",
            "hash": "84d4cb15948e7b90377e657798dbb036c03aaa56",
            "author": "David Cramer <dcramer@gmail.com>",
            "date": "Thu Jun 9 15:19:53 2016"
        },
        {
            "title": "Feature flag twofactor away",
            "flags": {
                "auth:twofactor": "False"
            },
            "message": "Feature flag twofactor away\n",
            "hash": "a5c1ec09fce513c94ac5b12caf32603e89f45c29",
            "author": "Armin Ronacher <armin.ronacher@active-4.com>",
            "date": "Tue May 17 14:00:43 2016"
        },
        {
            "title": "Add API tokens management",
            "flags": {
                "organizations:api-keys": "True"
            },
            "message": "Add API tokens management\n\nThis deprecates (pending OAuth) organization API keys, and instead promotes new authentication tokens (user-bound).\n\n@getsentry/api\n",
            "hash": "17f697b92d9bd5f05cbb5fd3564be9a0ed9767d3",
            "author": "David Cramer <dcramer@gmail.com>",
            "date": "Fri May 13 16:52:06 2016"
        },
        {
            "title": "Enable breadcrumbs by default",
            "flags": {
                "projects:breadcrumbs": "True"
            },
            "message": "Enable breadcrumbs by default\n",
            "hash": "afb3f910f8319cf1f7235f88b00e56818d6f5a5e",
            "author": "Armin Ronacher <armin.ronacher@active-4.com>",
            "date": "Wed May 4 09:41:26 2016"
        },
        {
            "title": "Make User Feedback public",
            "flags": {
                "projects:user-reports": "removed"
            },
            "message": "Make User Feedback public\n\nRemove the feature switch our user reports/feedback.\n\n/cc @getsentry/team\n",
            "hash": "28ec7d8b917a95720ea7235df346891786257e36",
            "author": "David Cramer <dcramer@gmail.com>",
            "date": "Wed Apr 20 15:54:44 2016"
        },
        {
            "title": "Make event-types feature public",
            "flags": {
                "projects:event-types": "removed"
            },
            "message": "Make event-types feature public\n\nRemoves the event-types feature switch\n\n/cc @getsentry/team\n",
            "hash": "8ce0ac7de4d679cdb34294d6b943ba13f0baa341",
            "author": "David Cramer <dcramer@gmail.com>",
            "date": "Wed Apr 20 15:58:00 2016"
        },
        {
            "title": "Put callsigns behind feature flag",
            "flags": {
                "organizations:callsigns": "False"
            },
            "message": "Put callsigns behind feature flag\n",
            "hash": "60cbafd8c6f87c42aa2f04fec4b066e6ed395db5",
            "author": "Armin Ronacher <armin.ronacher@active-4.com>",
            "date": "Sun Mar 6 15:37:18 2016"
        },
        {
            "title": "This adds an event type abstraction which will cache type-based metadata on an individual issue/group. This allows us to begin customizing the UI around the core event type.",
            "flags": {
                "projects:event-types": "False"
            },
            "message": "This adds an event type abstraction which will cache type-based metadata on an individual issue/group. This allows us to begin customizing the UI around the core event type.\n\nThis implements the basics of stream rendering behind a switch so we can test it.\n\nIn the future this would:\n\n- Deprecate Group.message\n- Add React components for customizing UI in more places\n- Add bits to customize mail\n",
            "hash": "fd798fe81d6578f790a508b663f63e7132ce2d51",
            "author": "David Cramer <dcramer@gmail.com>",
            "date": "Fri Feb 19 14:13:46 2016"
        },
        {
            "title": "Merge branch 'master' into feature/dsym",
            "flags": {
                "projects:dsym": "False"
            },
            "message": "Merge branch 'master' into feature/dsym\n",
            "hash": "57d493d453c0ed3f38c6522946120a14779e5e1c",
            "merge": "28f634134c b5dd2f541b",
            "author": "Armin Ronacher <armin.ronacher@active-4.com>",
            "date": "Fri Feb 26 13:01:28 2016"
        },
        {
            "title": "Merge branch 'master' into feature/dsym",
            "flags": {
                "projects:dsym": "False"
            },
            "message": "Merge branch 'master' into feature/dsym\n",
            "hash": "fa8abc9a367f0df1d18516e8335147ca169d4d06",
            "merge": "31843458bd 54d6344868",
            "author": "Armin Ronacher <armin.ronacher@active-4.com>",
            "date": "Fri Feb 26 11:53:43 2016"
        },
        {
            "title": "Put debug symbol link behind feature flag",
            "flags": {
                "projects:dsym": "False"
            },
            "message": "Put debug symbol link behind feature flag\n",
            "hash": "4ee95b0381efd1577b36126e1c1b40c12238355b",
            "author": "Armin Ronacher <armin.ronacher@active-4.com>",
            "date": "Thu Feb 25 07:25:46 2016"
        },
        {
            "title": "Merge pull request #2507 from getsentry/static",
            "flags": {
                "organizations:dashboard": "removed"
            },
            "message": "Merge pull request #2507 from getsentry/static\n\nCache static files by default",
            "hash": "afcb2f8f04f75f4b31cd72c041d224667a1af641",
            "merge": "5693cddc34 779be71ebf",
            "author": "Matt Robenolt <matt@ydekproductions.com>",
            "date": "Mon Jan 4 22:04:12 2016"
        },
        {
            "title": "Enable Dashboard for all users",
            "flags": {
                "organizations:dashboard": "removed"
            },
            "message": "Enable Dashboard for all users\n",
            "hash": "10eb656b9bb8d93a8a14da31cbf388883ce2991a",
            "author": "David Cramer <dcramer@gmail.com>",
            "date": "Mon Jan 4 17:52:43 2016"
        },
        {
            "title": "Push dashboard behind default-off feature",
            "flags": {
                "organizations:dashboard": "False"
            },
            "message": "Push dashboard behind default-off feature\n",
            "hash": "cd9b1337dd6c7b95940f3435ecb854c5262c2e88",
            "author": "David Cramer <dcramer@gmail.com>",
            "date": "Thu Dec 17 14:42:41 2015"
        },
        {
            "title": "Disable user reports by default",
            "flags": {
                "projects:user-reports": "False"
            },
            "message": "Disable user reports by default\n",
            "hash": "141aeaa0485c432f7fadf7cae64de5b0c679f014",
            "author": "David Cramer <dcramer@gmail.com>",
            "date": "Wed Dec 16 13:30:18 2015"
        },
        {
            "title": "Move events tab behind project feature",
            "flags": {
                "organizations:events": "removed",
                "projects:global-events": "False"
            },
            "message": "Move events tab behind project feature\n",
            "hash": "e5a2f01112e5dc864b70ec6f2eb3d665838a37c2",
            "author": "David Cramer <dcramer@gmail.com>",
            "date": "Wed Dec 16 13:28:59 2015"
        },
        {
            "title": "Add basic events tab",
            "flags": {
                "organizations:events": "False"
            },
            "message": "Add basic events tab\n",
            "hash": "deff62d7fa9aa56408bbb792fa4d17bb690a4cd8",
            "author": "David Cramer <dcramer@gmail.com>",
            "date": "Fri Dec 11 14:51:49 2015"
        },
        {
            "title": "Remove gate behind \"My Issues\"",
            "flags": {
                "organizations:my-issues": "removed"
            },
            "message": "Remove gate behind \"My Issues\"\n",
            "hash": "aeedafd6c62fee05756255a662f110aa4d3f698f",
            "author": "David Cramer <dcramer@gmail.com>",
            "date": "Sun Dec 6 20:05:41 2015"
        },
        {
            "title": "Stuff my issues behind feature switch",
            "flags": {
                "organizations:my-issues": "False"
            },
            "message": "Stuff my issues behind feature switch\n",
            "hash": "553a67327302048c18abde4111f1f34e36b6e26f",
            "author": "David Cramer <dcramer@gmail.com>",
            "date": "Thu Dec 3 18:37:50 2015"
        },
        {
            "title": "Enable SSO features by default",
            "flags": {
                "organizations:sso": "True"
            },
            "message": "Enable SSO features by default\n",
            "hash": "f8c24305bb34eb27308df9a99cd5dc8907695a1b",
            "author": "David Cramer <dcramer@gmail.com>",
            "date": "Tue Sep 29 10:21:13 2015"
        },
        {
            "title": "Added projects:plugins feature",
            "flags": {
                "projects:plugins": "True"
            },
            "message": "Added projects:plugins feature\n",
            "hash": "5fe57f0a33d115ca6cb062dde492e0637c6d6371",
            "author": "Armin Ronacher <armin.ronacher@active-4.com>",
            "date": "Wed Sep 23 14:20:05 2015"
        },
        {
            "title": "Merge branch 'master' into redesign/react",
            "flags": {
                "projects:release-tracking": "removed",
                "teams:create": "removed",
                "projects:user-reports": "True"
            },
            "message": "Merge branch 'master' into redesign/react\n\nConflicts:\n\tsrc/sentry/api/endpoints/project_group_index.py\n",
            "hash": "d3a74cd8712f8d079588f8dcd5fae4779b0538ac",
            "merge": "7096d5d45c a20aafeed1",
            "author": "David Cramer <dcramer@gmail.com>",
            "date": "Tue Aug 18 11:53:59 2015"
        },
        {
            "title": "Some initial UI / API support for user reports",
            "flags": {
                "projects:user-reports": "True"
            },
            "message": "Some initial UI / API support for user reports\n",
            "hash": "88eec9592895fe88bb9e58e6dfc0a2f18342390f",
            "author": "David Cramer <dcramer@gmail.com>",
            "date": "Wed Aug 12 15:56:09 2015"
        },
        {
            "title": "Remove various permission hooks (unused/invalid)",
            "flags": {
                "teams:create": "removed"
            },
            "message": "Remove various permission hooks (unused/invalid)\n",
            "hash": "367a68792e9f61cd2e315c6a8a0e21ff15e909cc",
            "author": "David Cramer <dcramer@gmail.com>",
            "date": "Wed Aug 12 10:44:59 2015"
        },
        {
            "title": "Release tracking feature no longer optional",
            "flags": {
                "projects:release-tracking": "removed"
            },
            "message": "Release tracking feature no longer optional\n",
            "hash": "564ed5d23672230f408a2b864ab5af8fb11e6305",
            "author": "David Cramer <dcramer@gmail.com>",
            "date": "Mon Aug 10 13:20:01 2015"
        },
        {
            "title": "Merge branch 'master' into redesign/react",
            "flags": {
                "projects:release-tracking": "True"
            },
            "message": "Merge branch 'master' into redesign/react\n\nConflicts:\n\tsrc/sentry/static/sentry/less/sentry.less\n\tsrc/sentry/templates/sentry/projects/manage.html\n\tsrc/sentry/web/urls.py\n",
            "hash": "af2dea04ca85ea494ba4d84196ca848fd3ebf096",
            "merge": "65dae4b4d7 c6c03c3823",
            "author": "David Cramer <dcramer@gmail.com>",
            "date": "Mon May 11 23:20:24 2015"
        },
        {
            "title": "Basic release tracking plugin API",
            "flags": {
                "projects:release-tracking": "True"
            },
            "message": "Basic release tracking plugin API\n",
            "hash": "dcbde3a39ff2473d4a2a18fb8cbceec123bc92a1",
            "author": "David Cramer <dcramer@gmail.com>",
            "date": "Mon May 11 14:01:59 2015"
        },
        {
            "title": "Merge branch 'master' into redesign/react",
            "flags": {
                "social-auth:register": "removed",
                "projects:quotas": "True"
            },
            "message": "Merge branch 'master' into redesign/react\n\nConflicts:\n\tsrc/sentry/api/endpoints/organization_details.py\n\tsrc/sentry/api/serializers/models/group.py\n\tsrc/sentry/conf/server.py\n\tsrc/sentry/models/user.py\n\tsrc/sentry/static/sentry/less/sentry.less\n\tsrc/sentry/static/sentry/scripts/app.js\n\tsrc/sentry/static/sentry/scripts/charts.js\n\tsrc/sentry/templates/sentry/account/recover/index.html\n\tsrc/sentry/templates/sentry/bases/admin.html\n\tsrc/sentry/templates/sentry/layout.html\n\tsrc/sentry/templates/sentry/login.html\n\tsrc/sentry/templates/sentry/organization-auth-provider-settings.html\n\tsrc/sentry/templates/sentry/organization-settings.html\n\tsrc/sentry/templates/sentry/plugins/bases/issue/create_issue.html\n\tsrc/sentry/templates/sentry/projects/manage.html\n\tsrc/sentry/templates/sentry/projects/rules/new.html\n\tsrc/sentry/templates/sentry/register.html\n\ttests/sentry/api/endpoints/test_project_group_index.py\n",
            "hash": "d7e3b04c634c91acd43a1a05a77f34359e541f07",
            "merge": "1ed90b1a79 02c840121a",
            "author": "David Cramer <dcramer@gmail.com>",
            "date": "Sat Apr 18 10:41:01 2015"
        },
        {
            "title": "Remove all uses of social auth",
            "flags": {
                "social-auth:register": "removed"
            },
            "message": "Remove all uses of social auth\n",
            "hash": "6a0ac8235a4fc44b65973b995da7bf28befe19a2",
            "author": "David Cramer <dcramer@gmail.com>",
            "date": "Mon Apr 6 21:40:18 2015"
        },
        {
            "title": "Merge branch 'master' into celery-31",
            "flags": {
                "projects:quotas": "True"
            },
            "message": "Merge branch 'master' into celery-31\n\nConflicts:\n\tsrc/sentry/conf/server.py\n",
            "hash": "336044cb2d1729a6c116b6fb73986c63eda66513",
            "merge": "3ebc21fd3b 95e9fa49f8",
            "author": "David Cramer <dcramer@gmail.com>",
            "date": "Thu Apr 9 05:57:54 2015"
        },
        {
            "title": "Allow quotas to be disabled via feature flag",
            "flags": {
                "projects:quotas": "True"
            },
            "message": "Allow quotas to be disabled via feature flag\n\nThis currently does not completely disable the setting (i.e. if a value was already present).\n",
            "hash": "55749932db998ea495b47b4bfe34dbabbeacbbd9",
            "author": "David Cramer <dcramer@gmail.com>",
            "date": "Fri Apr 3 12:32:09 2015"
        },
        {
            "title": "Merge branch 'master' into celery-31",
            "flags": {
                "auth:register": "True",
                "social-auth:register": "True",
                "organizations:create": "True",
                "organizations:sso": "False",
                "teams:create": "True"
            },
            "message": "Merge branch 'master' into celery-31\n\nConflicts:\n\tsetup.py\n",
            "hash": "3ebc21fd3b8e6b2ddf214aab46b5caa0d47ca46b",
            "merge": "f750d9876d b2bb843db2",
            "author": "David Cramer <dcramer@gmail.com>",
            "date": "Wed Mar 25 14:48:30 2015"
        },
        {
            "title": "Merge branch 'master' into redesign/react",
            "flags": {
                "auth:register": "True",
                "social-auth:register": "True",
                "organizations:create": "True",
                "organizations:sso": "False",
                "teams:create": "True"
            },
            "message": "Merge branch 'master' into redesign/react\n\nConflicts:\n\tpackage.json\n\tsrc/sentry/api/bases/project.py\n\tsrc/sentry/api/endpoints/group_notes.py\n\tsrc/sentry/api/endpoints/project_stats.py\n\tsrc/sentry/api/endpoints/team_details.py\n\tsrc/sentry/api/serializers/models/event.py\n\tsrc/sentry/conf/server.py\n\tsrc/sentry/nodestore/riak/backend.py\n\tsrc/sentry/static/sentry/less/sentry.less\n\tsrc/sentry/templates/sentry/layout.html\n\tsrc/sentry/templates/sentry/organization-audit-log.html\n\tsrc/sentry/templates/sentry/organization-members.html\n",
            "hash": "87596c0a1b3ed2e13aab8e8d97e4eb90cd2f6787",
            "merge": "4b324eb340 9f6a5695a2",
            "author": "David Cramer <dcramer@gmail.com>",
            "date": "Wed Feb 25 23:59:21 2015"
        },
        {
            "title": "Disable SSO by default",
            "flags": {
                "organizations:sso": "False"
            },
            "message": "Disable SSO by default\n",
            "hash": "539f024cfaf49cbd54b9a62f822e3be1ed269689",
            "author": "David Cramer <dcramer@gmail.com>",
            "date": "Tue Feb 24 14:17:21 2015"
        },
        {
            "title": "Feature gate SSO",
            "flags": {
                "organizations:sso": "True"
            },
            "message": "Feature gate SSO\n",
            "hash": "9b0eb2dce763b74bb3a19054b50de93846d2b575",
            "author": "David Cramer <dcramer@gmail.com>",
            "date": "Tue Feb 24 10:47:46 2015"
        },
        {
            "title": "Add teams:create feature",
            "flags": {
                "teams:create": "True"
            },
            "message": "Add teams:create feature\n",
            "hash": "a4e3df9d5d88e606e3b8023feb1906e340e57a08",
            "author": "David Cramer <dcramer@gmail.com>",
            "date": "Tue Feb 24 10:42:09 2015"
        },
        {
            "title": "Merge branch 'features'",
            "flags": {
                "auth:register": "True",
                "social-auth:register": "True",
                "organizations:create": "True"
            },
            "message": "Merge branch 'features'\n",
            "hash": "ceb453f262005ec8034935fae6c8dc2ffff424af",
            "merge": "4ef831ec76 67b0f909d3",
            "author": "David Cramer <dcramer@gmail.com>",
            "date": "Tue Feb 24 10:38:20 2015"
        },
        {
            "title": "Move organization create into feature check",
            "flags": {
                "organizations:create": "True"
            },
            "message": "Move organization create into feature check\n",
            "hash": "4db9e0cc7d78e75f76583f18998bbf99b7351700",
            "author": "David Cramer <dcramer@gmail.com>",
            "date": "Tue Feb 24 10:36:33 2015"
        },
        {
            "title": "Add feature abstraction",
            "flags": {
                "auth:register": "True",
                "social-auth:register": "True"
            },
            "message": "Add feature abstraction\n\nThis adds a new abstraction for determining if a feature is enabled. This will slowly expand to encompass a number of things, and will provide a second layer hook to permissions.\n\nFor example, getsentry.com might want to say \"this organization cannot create teams\". That's not so much permission related (and the permission system isn't great). This also makes it much simpler to provide a layer that would abstract this into something like Gargoyle.\n",
            "hash": "7a23af1f6bf6a8fc9de42216724357da3d5bef66",
            "author": "David Cramer <dcramer@gmail.com>",
            "date": "Mon Feb 23 13:45:34 2015"
        }
    ]
}