{
    "date": "2019-12-20T17:56:58.361006",
    "commits": [
        {
            "title": "turn on demo navigation buttons on kouka",
            "flags": {
                "htmlformentryui_simpleform_navbuttons": "False"
            },
            "message": "turn on demo navigation buttons on kouka\n",
            "hash": "de6ca6a3d8cf0d44155691eb63b388daa7fe2666",
            "author": "mgoodrich",
            "date": "Thu Mar 14 08:33:04 2019"
        },
        {
            "title": "tweaks to pwa confirm",
            "flags": {
                "pwa_pih_liberia_enabled": "removed"
            },
            "message": "tweaks to pwa confirm\n",
            "hash": "5a3550b1f45f85f8b0fafde500e4e9e5c8c3c202",
            "author": "mgoodrich",
            "date": "Mon Nov 5 09:31:23 2018"
        },
        {
            "title": "add new pwa setup to base openmrs setup",
            "flags": {
                "pwa_pih_liberia": "removed",
                "pwa_pih_liberia_enabled": "False"
            },
            "message": "add new pwa setup to base openmrs setup\n",
            "hash": "22c81ec34c2d64f226839368c4e5e82468f2734b",
            "author": "mgoodrich",
            "date": "Fri Nov 2 14:50:39 2018"
        },
        {
            "title": "add deployment of new Liberia PWA",
            "flags": {
                "pwa_pih_liberia": "False"
            },
            "message": "add deployment of new Liberia PWA\n",
            "hash": "0ea03a9d6add223be4ad3c267fd2719f25a237c9",
            "author": "mgoodrich",
            "date": "Fri Nov 2 14:06:30 2018"
        },
        {
            "title": "remove all feature toggles",
            "flags": {
                "primary_care_note": "removed",
                "relationships": "removed",
                "fingerprints": "removed",
                "zika": "removed",
                "ncd_program": "removed",
                "receipt_number": "removed",
                "socio_economics": "removed",
                "death_note": "removed",
                "hiv": "removed",
                "vct": "removed",
                "chw_mgmt_app": "removed",
                "lab_tracking": "removed",
                "patient_documents": "removed",
                "condition_list": "removed",
                "programs_list": "removed"
            },
            "message": "remove all feature toggles\n",
            "hash": "e0021031b4e70ce4198241769cc2b22e1a58a7ba",
            "author": "mgoodrich",
            "date": "Fri Nov 2 13:38:11 2018"
        },
        {
            "title": "add cron to letsencrypt, refactor take 10",
            "flags": {
                "ssl_install_cert": "removed"
            },
            "message": "add cron to letsencrypt, refactor take 10\n",
            "hash": "d2ba49e7fad2aef8f6eabfb9b492b40540451670",
            "author": "mgoodrich",
            "date": "Tue Apr 24 12:11:57 2018"
        },
        {
            "title": "make \"letsencrypt\" the default install",
            "flags": {
                "ssl_install_cert": "False"
            },
            "message": "make \"letsencrypt\" the default install\n",
            "hash": "3ced5bd7ca9a5128fc602ab5246d5216a9c36b04",
            "author": "mgoodrich",
            "date": "Tue Apr 24 10:02:30 2018"
        },
        {
            "title": "switch ami to use letsencrypt certs",
            "flags": {
                "ssl_install_cert": "True"
            },
            "message": "switch ami to use letsencrypt certs\n",
            "hash": "a123bb6672f73634330720ea3e356d38f9040ab4",
            "author": "mgoodrich",
            "date": "Mon Apr 23 11:35:09 2018"
        },
        {
            "title": "remove apparently unused notifiable diseases feature toggle",
            "flags": {
                "notifiable_diseases_report": "removed"
            },
            "message": "remove apparently unused notifiable diseases feature toggle\n",
            "hash": "b9ab8c35e9ab0c7d833239d5fa10f925b5445cbd",
            "author": "mgoodrich",
            "date": "Fri Apr 6 09:06:51 2018"
        },
        {
            "title": "remove some feature toggles",
            "flags": {
                "primary_care_note": "True",
                "notifiable_diseases_report": "False",
                "radiology_contrast_studies": "False",
                "appointmentscheduling_confidential": "False",
                "additional_haiti_identifiers": "False",
                "reportingui_ad_hoc_analysis": "False",
                "programs_list": "False",
                "patient_documents": "False"
            },
            "message": "remove some feature toggles\n",
            "hash": "5d6c5e806378b2db96e4f9be735f2eee466168ba",
            "author": "mgoodrich",
            "date": "Thu Apr 5 13:23:42 2018"
        },
        {
            "title": "remove some feature toggles",
            "flags": {
                "relationships": "True",
                "receipt_number": "True",
                "socio_economics": "True",
                "vct": "False",
                "reportingui_ad_hoc_analysis": "False",
                "additional_haiti_identifiers": "False"
            },
            "message": "remove some feature toggles\n",
            "hash": "aeee9091412f59662de0fad126d3500b72b021fd",
            "author": "mgoodrich",
            "date": "Thu Apr 5 12:59:59 2018"
        },
        {
            "title": "prepping for removal of some feature toggles",
            "flags": {
                "zika": "True",
                "ncd_program": "True",
                "death_note": "False",
                "hiv": "False"
            },
            "message": "prepping for removal of some feature toggles\n",
            "hash": "3dedc9586bdbf15b46f4371d40de739bd143711c",
            "author": "mgoodrich",
            "date": "Thu Apr 5 12:41:13 2018"
        },
        {
            "title": "turn on fingerprinting everywhere (we can toggle now via component)",
            "flags": {
                "fingerprints": "True"
            },
            "message": "turn on fingerprinting everywhere (we can toggle now via component)\n",
            "hash": "336f4218f499971f70cf80a954694e9b513255ed",
            "author": "mgoodrich",
            "date": "Tue Mar 27 11:44:11 2018"
        },
        {
            "title": "remove test patient feature toggle",
            "flags": {
                "register_test_patient": "removed"
            },
            "message": "remove test patient feature toggle\n",
            "hash": "1201aef41f64d8b60b8ab56c2a37ce468553c326",
            "author": "mgoodrich",
            "date": "Fri Mar 9 13:56:09 2018"
        },
        {
            "title": "Merge remote-tracking branch 'origin/master'",
            "flags": {
                "ncd_program": "removed"
            },
            "message": "Merge remote-tracking branch 'origin/master'\n",
            "hash": "b37dda5db1f7729915ca27c1d5719e9445bffebd",
            "merge": "5b2521d 539726f",
            "author": "mgoodrich",
            "date": "Fri Feb 16 11:52:06 2018"
        },
        {
            "title": "turn on ncd on hum training and hum prod",
            "flags": {
                "ncd_program": "removed"
            },
            "message": "turn on ncd on hum training and hum prod\n",
            "hash": "5b2521dd120156700f542c2ae87d4b9100d1ee3a",
            "author": "mgoodrich",
            "date": "Fri Feb 16 11:51:58 2018"
        },
        {
            "title": "Added socio_economics component",
            "flags": {
                "socio_economics": "False"
            },
            "message": "Added socio_economics component\n",
            "hash": "539726f85831037eb1ea330076515ce2c2de59c8",
            "author": "lnball",
            "date": "Fri Feb 16 07:16:40 2018"
        },
        {
            "title": "add feature toggle to fingerprints",
            "flags": {
                "fingerprints": "False"
            },
            "message": "add feature toggle to fingerprints\n",
            "hash": "29f31b7904074b3db09e40d30381fcf5b8eedf92",
            "author": "mgoodrich",
            "date": "Wed Feb 14 08:59:30 2018"
        },
        {
            "title": "Added vct",
            "flags": {
                "vct": "False"
            },
            "message": "Added vct\n",
            "hash": "0f0a4d58efd7904fe64a454129d8dc80ec4e95c9",
            "author": "lnball",
            "date": "Mon Jan 22 15:18:20 2018"
        },
        {
            "title": "add feature toggle for condition list and enable on humci: fix typo",
            "flags": {
                "condtion_list": "removed",
                "condition_list": "False"
            },
            "message": "add feature toggle for condition list and enable on humci: fix typo\n",
            "hash": "fa0485a81329c33ca36fa0b28591fee0150c7b91",
            "author": "mgoodrich",
            "date": "Thu Jan 4 16:15:09 2018"
        },
        {
            "title": "add feature toggle for condition list and enable on humci",
            "flags": {
                "condtion_list": "False"
            },
            "message": "add feature toggle for condition list and enable on humci\n",
            "hash": "908fca207ee608ed185c17cc34150694868bb8bc",
            "author": "mgoodrich",
            "date": "Thu Jan 4 15:57:02 2018"
        },
        {
            "title": "set NCD program toggle to false in common.yaml",
            "flags": {
                "ncd_program": "False"
            },
            "message": "set NCD program toggle to false in common.yaml\n",
            "hash": "c56888bae6c02481239b6082a645e30fbcb50af1",
            "author": "mogoodrich",
            "date": "Thu Nov 9 10:23:27 2017"
        },
        {
            "title": "remove feature toggles for old and new active visits and ed triage",
            "flags": {
                "ed_triage": "removed",
                "new_active_visits": "removed",
                "old_active_visits": "removed"
            },
            "message": "remove feature toggles for old and new active visits and ed triage\n",
            "hash": "1d0efd13531de81dc6f7c733141d090da7c31148",
            "author": "mogoodrich",
            "date": "Mon Nov 6 08:28:51 2017"
        },
        {
            "title": "add feature toggle for lab tracking; enable on HUM training and humdemo",
            "flags": {
                "lab_tracking": "False"
            },
            "message": "add feature toggle for lab tracking; enable on HUM training and humdemo\n",
            "hash": "bac40db346c1176c7c16fd62757e632c9a05fc27",
            "author": "mogoodrich",
            "date": "Mon Nov 6 08:16:44 2017"
        },
        {
            "title": "add toggle for NCD program",
            "flags": {
                "ncd_program": "False"
            },
            "message": "add toggle for NCD program\n",
            "hash": "f436362f96e71ad2736d8582b7b2bf69c9ab22fa",
            "author": "mogoodrich",
            "date": "Mon Nov 6 08:06:14 2017"
        },
        {
            "title": "UHM-3079, add CHW app to the home page",
            "flags": {
                "chw_mgmt_app": "False"
            },
            "message": "UHM-3079, add CHW app to the home page\n",
            "hash": "557a01271f585b552dfd78477266cd6031348379",
            "author": "Cosmin Ioan",
            "date": "Wed Oct 4 08:03:30 2017"
        },
        {
            "title": "UHM-3013: Display/edit HIV EMR identifiers",
            "flags": {
                "additional_haiti_identifiers": "False"
            },
            "message": "UHM-3013: Display/edit HIV EMR identifiers\nI added a feature toggle for the new \"additional identifiers\" section\n",
            "hash": "54c5f637f89d5b12515038fa748896c0bc87a6dc",
            "author": "mgoodrich",
            "date": "Mon Sep 18 14:48:04 2017"
        },
        {
            "title": "add feature toggle for patient documents",
            "flags": {
                "old_active_visits": "False",
                "patient_documents": "False"
            },
            "message": "add feature toggle for patient documents\n",
            "hash": "e00056acbb1cced607abf6e2cd3365bd40a1fe2d",
            "author": "mgoodrich",
            "date": "Fri Aug 18 15:14:15 2017"
        },
        {
            "title": "turn off old active visits everywhere, enable new active visits",
            "flags": {
                "old_active_visits": "removed",
                "new_active_visits": "True"
            },
            "message": "turn off old active visits everywhere, enable new active visits\n",
            "hash": "56bf48ee03e6b719ad51a9d4f7c862511064c446",
            "author": "mgoodrich",
            "date": "Wed Aug 2 08:44:35 2017"
        },
        {
            "title": "feature toggle active visits",
            "flags": {
                "new_active_visits": "False"
            },
            "message": "feature toggle active visits\n",
            "hash": "cc699179c1a8100cf624e18ff6812eb5ad57c58e",
            "author": "mgoodrich",
            "date": "Mon Jul 31 08:16:33 2017"
        },
        {
            "title": "feature toggle active visits",
            "flags": {
                "old_active_visits": "True"
            },
            "message": "feature toggle active visits\n",
            "hash": "42380b9303c4771861ab8792daeda0d5746476c0",
            "author": "mgoodrich",
            "date": "Mon Jul 31 08:04:55 2017"
        },
        {
            "title": "turn on hiv on ci.pih-emr.org",
            "flags": {
                "hiv": "False"
            },
            "message": "turn on hiv on ci.pih-emr.org\n",
            "hash": "430d3a0bb6f65e0ae60c2e9ee51f44e11e41b51f",
            "author": "mgoodrich",
            "date": "Mon Jun 5 11:55:51 2017"
        },
        {
            "title": "add feature toggle for zika program, enable on humci",
            "flags": {
                "zika": "False"
            },
            "message": "add feature toggle for zika program, enable on humci\n",
            "hash": "293d57333ab8b79bfc2391e338e77b7ff0ee5d71",
            "author": "mgoodrich",
            "date": "Wed May 17 11:30:59 2017"
        },
        {
            "title": "remove program_summary toggle",
            "flags": {
                "program_summary": "removed"
            },
            "message": "remove program_summary toggle\n",
            "hash": "76090a1644424b20b72ab6f14fd870cb94d75500",
            "author": "mgoodrich",
            "date": "Fri May 12 08:28:41 2017"
        },
        {
            "title": "turn on relationships everywhere",
            "flags": {
                "relationships": "True"
            },
            "message": "turn on relationships everywhere\n",
            "hash": "a6da2804234651882d4f0be337c638dfa031d751",
            "author": "mgoodrich",
            "date": "Thu May 11 11:42:48 2017"
        },
        {
            "title": "turn on ED Triage everywhere",
            "flags": {
                "ed_triage": "True"
            },
            "message": "turn on ED Triage everywhere\n",
            "hash": "1df436e81581ef8881c4c252a3b8c63850f61a03",
            "author": "mgoodrich",
            "date": "Thu May 11 11:37:05 2017"
        },
        {
            "title": "add feature toggles for programs sections, turn on on ci.pih-emr.org",
            "flags": {
                "program_summary": "False",
                "programs_list": "False"
            },
            "message": "add feature toggles for programs sections, turn on on ci.pih-emr.org\n",
            "hash": "541d0c9961926d5cdca851edb4f11046902dd208",
            "author": "mgoodrich",
            "date": "Wed Apr 26 15:01:01 2017"
        },
        {
            "title": "add relationships toggle and turn on in humci",
            "flags": {
                "relationships": "False"
            },
            "message": "add relationships toggle and turn on in humci\n",
            "hash": "5c0c188e5f186a7118dcbf1589d0b0ef4ff98288",
            "author": "mgoodrich",
            "date": "Wed Mar 22 11:22:00 2017"
        },
        {
            "title": "remove feature toggles for chief complaint and request appointments",
            "flags": {
                "chief_complaint": "removed",
                "request_appointments": "removed"
            },
            "message": "remove feature toggles for chief complaint and request appointments\n",
            "hash": "f7852bc297393f52ac730b8b21b2117324b8cfb4",
            "author": "mgoodrich",
            "date": "Fri Feb 24 13:42:29 2017"
        },
        {
            "title": "turn on feature toggles everywhere but Mirebalais production",
            "flags": {
                "primary_care_note": "True"
            },
            "message": "turn on feature toggles everywhere but Mirebalais production\n",
            "hash": "b16855122ec0e2d8b2a3b108f4fedeefa939d4b8",
            "author": "mgoodrich",
            "date": "Fri Feb 24 11:07:10 2017"
        },
        {
            "title": "Removed procedure toggle",
            "flags": {
                "procedures": "removed"
            },
            "message": "Removed procedure toggle\n",
            "hash": "80e718c6dfac7e36d6b498a7b72c36e2b2b4fd76",
            "author": "lnball",
            "date": "Wed Oct 19 08:39:28 2016"
        },
        {
            "title": "toggle one procedurese on humci",
            "flags": {
                "procedures": "False"
            },
            "message": "toggle one procedurese on humci\n",
            "hash": "1cdc9f263db7668035dfcad8b860f7787d7170ac",
            "author": "mgoodrich",
            "date": "Wed Oct 12 09:33:02 2016"
        },
        {
            "title": "set up feature toggle for insurance collection",
            "flags": {
                "insurance_collection": "True"
            },
            "message": "set up feature toggle for insurance collection\n",
            "hash": "4651a443c0d228d189ed732fa83ea0df1ced02ae",
            "author": "mgoodrich",
            "date": "Tue Sep 20 13:58:55 2016"
        },
        {
            "title": "add feature toggle for ed triage",
            "flags": {
                "ed_triage": "False"
            },
            "message": "add feature toggle for ed triage\n",
            "hash": "38f1259f1637ca2696d6b0bf78fc7d3641724702",
            "author": "mgoodrich",
            "date": "Thu Aug 4 10:23:08 2016"
        },
        {
            "title": "remove ubuntu node",
            "flags": {
                "permit_root_login": "removed"
            },
            "message": "remove ubuntu node\n",
            "hash": "e23f22e7906f48466049ad82815fdca2ee0372d3",
            "author": "mogoodrich",
            "date": "Wed Jun 1 08:56:12 2016"
        },
        {
            "title": "make permitting root login true by default",
            "flags": {
                "permit_root_login": "True"
            },
            "message": "make permitting root login true by default\n",
            "hash": "1025d0c672aa4dc5e2db40f68ea33f3ef12d019b",
            "author": "mogoodrich",
            "date": "Wed Jun 1 07:26:46 2016"
        },
        {
            "title": "refactor ubuntu node",
            "flags": {
                "restrict_root_login": "removed"
            },
            "message": "refactor ubuntu node\n",
            "hash": "a57cdcb3ad5db15f71e833284590be46294690cb",
            "author": "mogoodrich",
            "date": "Tue May 17 14:14:30 2016"
        },
        {
            "title": "add ubuntu node for basic ubuntu configuration",
            "flags": {
                "restrict_root_login": "True"
            },
            "message": "add ubuntu node for basic ubuntu configuration\n",
            "hash": "45331c2a8c45cb2b8dd1821d98e84180447c195a",
            "author": "mogoodrich",
            "date": "Tue May 17 13:25:04 2016"
        },
        {
            "title": "remove checkIn toggle",
            "flags": {
                "new_check_in": "removed"
            },
            "message": "remove checkIn toggle\n",
            "hash": "b8b7add927cf1d53f259902dab5493bd454e5f86",
            "author": "mogoodrich",
            "date": "Wed Feb 17 08:11:09 2016"
        },
        {
            "title": "revert: delete new_check_in toggle",
            "flags": {
                "new_check_in": "True"
            },
            "message": "revert: delete new_check_in toggle\n",
            "hash": "7b7e60d71cc8347a7f5b9f18a8ea381b8342a519",
            "author": "mogoodrich",
            "date": "Tue Feb 16 13:49:38 2016"
        },
        {
            "title": "delete new check-in feature toggle",
            "flags": {
                "new_check_in": "removed"
            },
            "message": "delete new check-in feature toggle\n",
            "hash": "184fb192e54cb93273abb6612e2e48035ae5472b",
            "author": "mogoodrich",
            "date": "Tue Feb 16 11:17:30 2016"
        },
        {
            "title": "turn on appt requests to all mirebalais servers",
            "flags": {
                "request_appointments": "True"
            },
            "message": "turn on appt requests to all mirebalais servers\n",
            "hash": "60dbd66efc6dc1a1462342b6cd9236a41628a2db",
            "author": "mogoodrich",
            "date": "Sun Nov 8 15:36:45 2015"
        },
        {
            "title": "Merge branch 'malawi' of https://github.com/PIH/mirebalais-puppet",
            "flags": {
                "new_check_in": "True"
            },
            "message": "Merge branch 'malawi' of https://github.com/PIH/mirebalais-puppet\n",
            "hash": "bc53e25410970c0f3b5e73e175c9406847c4ed67",
            "merge": "a03fbce a045ee0",
            "author": "mogoodrich",
            "date": "Wed Oct 21 08:33:38 2015"
        },
        {
            "title": "turn on new check-in everywhere",
            "flags": {
                "new_check_in": "True"
            },
            "message": "turn on new check-in everywhere\n",
            "hash": "65033811323bc801f7103afc9e727aa7615d881e",
            "author": "mogoodrich",
            "date": "Wed Sep 16 13:53:02 2015"
        },
        {
            "title": "remove oncology feature toggle (we now toggle it via component)",
            "flags": {
                "oncology_note": "removed"
            },
            "message": "remove oncology feature toggle (we now toggle it via component)\n",
            "hash": "b96c154675828039a1e17f278b922273d7991520",
            "author": "mogoodrich",
            "date": "Fri Aug 14 10:49:41 2015"
        },
        {
            "title": "Merge branch 'tomcat_upgrade'",
            "flags": {
                "my_account_feature": "removed"
            },
            "message": "Merge branch 'tomcat_upgrade'\n",
            "hash": "fed48aca6f833bd6aacbcc76dc1c45a1f9ae9fea",
            "merge": "f86d769 74d5a54",
            "author": "mogoodrich",
            "date": "Wed Jul 1 06:48:45 2015"
        },
        {
            "title": "remove my account feature toggle",
            "flags": {
                "my_account_feature": "removed"
            },
            "message": "remove my account feature toggle\n",
            "hash": "f86d7697d5d6790b6bdcc1c739220ad01c806581",
            "author": "mogoodrich",
            "date": "Tue Jun 30 14:16:30 2015"
        },
        {
            "title": "Merge branch 'master' of https://github.com/PIH/mirebalais-puppet",
            "flags": {
                "new_check_in": "False"
            },
            "message": "Merge branch 'master' of https://github.com/PIH/mirebalais-puppet\n",
            "hash": "074f3c402df85e0119b04d2a01210f2b2b59942f",
            "merge": "2d50b84 1c04300",
            "author": "mogoodrich",
            "date": "Wed Jun 17 15:03:38 2015"
        },
        {
            "title": "add feature toggle for new check in, turn on on bamboo",
            "flags": {
                "new_check_in": "False"
            },
            "message": "add feature toggle for new check in, turn on on bamboo\n",
            "hash": "2d50b845949065c3887549153270a4d74a7dd207",
            "author": "mogoodrich",
            "date": "Wed Jun 17 15:03:22 2015"
        },
        {
            "title": "adding feature toggle for oncology note",
            "flags": {
                "oncology_note": "False"
            },
            "message": "adding feature toggle for oncology note\n",
            "hash": "966109c2fea3666e15405b4f283d1d539e9e5e70",
            "author": "mogoodrich",
            "date": "Fri Jun 12 07:24:29 2015"
        },
        {
            "title": "turn an my account app (per Dave DeSimone request)",
            "flags": {
                "my_account_feature": "True"
            },
            "message": "turn an my account app (per Dave DeSimone request)\n",
            "hash": "9d08d0b175ac9208e1846afd17c60473daca7b4c",
            "author": "Cosmin Ioan",
            "date": "Thu Jun 11 06:32:31 2015"
        },
        {
            "title": "Merge changes",
            "flags": {
                "schedule_reports": "removed"
            },
            "message": "Merge changes\n",
            "hash": "e30f3909fc5452d95432ed1d97584cc953e0b9eb",
            "merge": "a8dc588 37fbb56",
            "author": "lnball",
            "date": "Thu May 21 14:04:41 2015"
        },
        {
            "title": "Simplify and remove unused toggles",
            "flags": {
                "schedule_reports": "removed"
            },
            "message": "Simplify and remove unused toggles\n",
            "hash": "0da6e93cff8068c2fd9bf2b84f4f774b2db1b9b7",
            "author": "lnball",
            "date": "Thu May 21 12:49:57 2015"
        },
        {
            "title": "turn on chief complaint everywhere",
            "flags": {
                "chief_complaint": "True"
            },
            "message": "turn on chief complaint everywhere\n",
            "hash": "7298c8ee483d51ef39364704855476f1308769e7",
            "author": "mogoodrich",
            "date": "Tue May 19 14:28:06 2015"
        },
        {
            "title": "add feature toggle for receipt number",
            "flags": {
                "receipt_number": "False"
            },
            "message": "add feature toggle for receipt number\n",
            "hash": "b67c23dd106078c5a25dfe257f51b293e539241f",
            "author": "mogoodrich",
            "date": "Thu Apr 23 07:33:18 2015"
        },
        {
            "title": "toggle chief complaint",
            "flags": {
                "chief_complaint": "False"
            },
            "message": "toggle chief complaint\n",
            "hash": "f7c3dcf0e49b6d9fb101c25da21aa5cf13e2641f",
            "author": "mogoodrich",
            "date": "Wed Apr 22 06:50:24 2015"
        },
        {
            "title": "remove CDI feature toggle",
            "flags": {
                "cdi": "removed"
            },
            "message": "remove CDI feature toggle\n",
            "hash": "b3ecf4c5622ec65504be4ad4b8f5e03214511069",
            "author": "mogoodrich",
            "date": "Mon Mar 30 12:03:06 2015"
        },
        {
            "title": "turn on CDI in all environments",
            "flags": {
                "cdi": "True"
            },
            "message": "turn on CDI in all environments\n",
            "hash": "1b6f3b2bdae386a86e2c3f2a93f1b61e82cbb0e2",
            "author": "mogoodrich",
            "date": "Fri Mar 27 12:35:14 2015"
        },
        {
            "title": "remove edit contact info and edit demographics feature toggles",
            "flags": {
                "hide_edit_patient_demographics_button": "removed",
                "hide_edit_patient_contact_info_button": "removed"
            },
            "message": "remove edit contact info and edit demographics feature toggles\n",
            "hash": "a52119d68f2d0c2e5fbe63112f708059e0680413",
            "author": "mogoodrich",
            "date": "Mon Dec 8 13:14:07 2014"
        },
        {
            "title": "removed feature toggle for wristband and printable surgical note",
            "flags": {
                "printable_surgical_note": "removed",
                "print_wristband": "removed"
            },
            "message": "removed feature toggle for wristband and printable surgical note\n",
            "hash": "2c64c7797a17fb275a3eb2e075dd215f3d988f05",
            "author": "mogoodrich",
            "date": "Fri Oct 31 10:48:00 2014"
        },
        {
            "title": "enable printable surgical note in all environments",
            "flags": {
                "printable_surgical_note": "True"
            },
            "message": "enable printable surgical note in all environments\n",
            "hash": "d46574d9324215a9a7e5aa905c9d5d2fb6a575a8",
            "author": "mogoodrich",
            "date": "Fri Oct 24 11:36:34 2014"
        },
        {
            "title": "added feature toggle for CDI",
            "flags": {
                "cdi": "False"
            },
            "message": "added feature toggle for CDI\n",
            "hash": "f07d6017572b241da222c6b153272c0a87a91da8",
            "author": "mogoodrich",
            "date": "Tue Oct 21 13:41:00 2014"
        },
        {
            "title": "turn on wristbands in production",
            "flags": {
                "print_wristband": "True"
            },
            "message": "turn on wristbands in production\n",
            "hash": "2d9b2ef47ffc245de43720af4e57b06353d70414",
            "author": "mogoodrich",
            "date": "Wed Oct 8 12:23:42 2014"
        },
        {
            "title": "Toggle on confidential appointments on bamboo",
            "flags": {
                "appointmentscheduling_confidential": "False"
            },
            "message": "Toggle on confidential appointments on bamboo\n",
            "hash": "346b3a8a05ba38ef980579e2c56d8b627ecd1456",
            "author": "Darius Jazayeri",
            "date": "Fri Sep 26 21:38:11 2014"
        },
        {
            "title": "added new feature toggle for requesting appointments; toggled off everywhere but bamboo",
            "flags": {
                "request_appointments": "False"
            },
            "message": "added new feature toggle for requesting appointments; toggled off everywhere but bamboo\n",
            "hash": "e9fe771023938bf433be7563a850129e09802f74",
            "author": "mogoodrich",
            "date": "Fri Sep 19 06:30:21 2014"
        },
        {
            "title": "added schedule_reports custom property; set it false everywhere but bamboo",
            "flags": {
                "schedule_reports": "False"
            },
            "message": "added schedule_reports custom property; set it false everywhere but bamboo\n",
            "hash": "d32a9d5c7e71bb53801a56f6024789e7a91b51f8",
            "author": "mogoodrich",
            "date": "Wed Sep 3 12:43:46 2014"
        },
        {
            "title": "UHM-1341: Remove \"Awaiting admissions\" feature toggle",
            "flags": {
                "awaiting_admission": "removed"
            },
            "message": "UHM-1341: Remove \"Awaiting admissions\" feature toggle\n",
            "hash": "059b19083b2a9c18123b3443b7ca2c6ff286bbf0",
            "author": "mogoodrich",
            "date": "Fri Aug 29 11:47:11 2014"
        },
        {
            "title": "UHM-1454: Remove \"newPatientSearchWidget\" feature toggle",
            "flags": {
                "new_patient_search_widget": "removed"
            },
            "message": "UHM-1454: Remove \"newPatientSearchWidget\" feature toggle\n",
            "hash": "79e84aa6cfe8104f3792aab72acf3e9ee24c63d9",
            "author": "mogoodrich",
            "date": "Fri Aug 29 10:46:51 2014"
        },
        {
            "title": "turn on admissions in production",
            "flags": {
                "awaiting_admission": "True"
            },
            "message": "turn on admissions in production\n",
            "hash": "50e28deacbf0ba6ccae831adaf529fe5fdf29ba5",
            "author": "mogoodrich",
            "date": "Wed Aug 13 12:46:14 2014"
        },
        {
            "title": "added feature toglgle for new printable surgical note and turned on on bamboo",
            "flags": {
                "printable_surgical_note": "False"
            },
            "message": "added feature toglgle for new printable surgical note and turned on on bamboo\n",
            "hash": "9b56cb1399adc6bb013ef1ab47543448edfe2128",
            "author": "mogoodrich",
            "date": "Fri Aug 8 09:44:21 2014"
        },
        {
            "title": "Merge branch 'master' of https://github.com/PIH/mirebalais-puppet",
            "flags": {
                "new_patient_search_widget": "True"
            },
            "message": "Merge branch 'master' of https://github.com/PIH/mirebalais-puppet\n",
            "hash": "5be803edb63e65c31249dc43c53dfc15d1ed2cf3",
            "merge": "d3b7dcc 8577a2f",
            "author": "mogoodrich",
            "date": "Fri Aug 1 06:22:32 2014"
        },
        {
            "title": " turn new patient search on everywhere; turn off awaiting admission on humdemo; turn on wristbands on training",
            "flags": {
                "new_patient_search_widget": "True"
            },
            "message": " turn new patient search on everywhere; turn off awaiting admission on humdemo; turn on wristbands on training\n",
            "hash": "d3b7dccb20a900841b86e28d8503207cdca615ca",
            "author": "mogoodrich",
            "date": "Fri Aug 1 06:22:11 2014"
        },
        {
            "title": "UHM-1492 - Feature toggle for death note",
            "flags": {
                "death_note": "False"
            },
            "message": "UHM-1492 - Feature toggle for death note\n",
            "hash": "8577a2ff0196d972d25080dac20fffadcb20ce4f",
            "author": "Darius Jazayeri",
            "date": "Wed Jul 30 14:54:17 2014"
        },
        {
            "title": "added feature toggle for print wristband functionality; turned on on bamboo",
            "flags": {
                "print_wristband": "False"
            },
            "message": "added feature toggle for print wristband functionality; turned on on bamboo\n",
            "hash": "19167c5705f773cfbe3bf9e8f0465fdbb0144ae3",
            "author": "mogoodrich",
            "date": "Wed Jul 16 09:01:24 2014"
        },
        {
            "title": "removed a bunch of old feature toggles",
            "flags": {
                "consult_note_confirm_diagnoses": "removed",
                "consult_note_dispositions": "removed",
                "emergency_checkin": "removed",
                "surgical_operative_note": "removed",
                "inpatients_list": "removed",
                "no_active_visit_view": "removed",
                "edit_visit_dates": "removed",
                "live_checkin": "removed",
                "import_mpi_patients": "removed",
                "order_radiology_retrospective": "removed",
                "edit_consult_notes": "removed",
                "edit_transfer_and_discharge_notes": "removed",
                "enter_retrospective_consult_note_in_active_visit": "removed",
                "enable_new_patient_header": "removed",
                "dispense_medicine": "removed",
                "new_paper_record_label_template": "removed",
                "new_appointment_scheduling_ui": "removed",
                "appointment_scheduling_old_ui": "removed"
            },
            "message": "removed a bunch of old feature toggles\n",
            "hash": "82bcfd5b8963186b041602d86938916bd01e744f",
            "author": "mogoodrich",
            "date": "Mon Jul 7 11:51:42 2014"
        },
        {
            "title": "add feature toggle for new patient search, turn off everywhere but bamboo",
            "flags": {
                "new_patient_search_widget": "False"
            },
            "message": "add feature toggle for new patient search, turn off everywhere but bamboo\n",
            "hash": "3c6e9b0320b960ac94ed024b96ce8b0265e6f33c",
            "author": "mogoodrich",
            "date": "Thu Jun 26 12:27:49 2014"
        },
        {
            "title": "turn on scheduling everywhere, and awaiting admission everywhere but prod",
            "flags": {
                "new_appointment_scheduling_ui": "True"
            },
            "message": "turn on scheduling everywhere, and awaiting admission everywhere but prod\n",
            "hash": "9e1a712865683d198088019aac9627d7237a40bf",
            "author": "mogoodrich",
            "date": "Sat May 10 15:42:10 2014"
        },
        {
            "title": "turn on new paper record label templates in production",
            "flags": {
                "new_paper_record_label_template": "True"
            },
            "message": "turn on new paper record label templates in production\n",
            "hash": "811480115a3ae08697f423b57f8af55b7d55e4f5",
            "author": "mogoodrich",
            "date": "Sun Apr 6 18:02:27 2014"
        },
        {
            "title": "Revert \"added feature toggle for new paper record label template\"",
            "flags": {
                "new_paper_record_label_template": "removed"
            },
            "message": "Revert \"added feature toggle for new paper record label template\"\n\nThis reverts commit a738a3a822b242d558cef0f7f19213f98e505a80.\n",
            "hash": "8a7305e821631f43d4b50901fbaab763fdd1ee0f",
            "author": "mogoodrich",
            "date": "Tue Apr 1 15:15:31 2014"
        },
        {
            "title": "added feature toggle for new paper record label template",
            "flags": {
                "new_paper_record_label_template": "False"
            },
            "message": "added feature toggle for new paper record label template\n",
            "hash": "a738a3a822b242d558cef0f7f19213f98e505a80",
            "author": "mogoodrich",
            "date": "Tue Apr 1 12:19:39 2014"
        },
        {
            "title": "added feature toggle for radiology contrast orders and toggled on in bamboo",
            "flags": {
                "radiology_contrast_studies": "False"
            },
            "message": "added feature toggle for radiology contrast orders and toggled on in bamboo\n",
            "hash": "42aad64af6bfe696ddba871e86b182dabddacbf2",
            "author": "mogoodrich",
            "date": "Wed Mar 26 09:43:42 2014"
        },
        {
            "title": "added feature toggle for radiology contrast studies; turned on in bamboo",
            "flags": {
                "radiology_contrast_studies": "False"
            },
            "message": "added feature toggle for radiology contrast studies; turned on in bamboo\n",
            "hash": "466b240bc29fbf1645d5faba33b7f565a1bd17e7",
            "author": "mogoodrich",
            "date": "Wed Mar 26 09:43:42 2014"
        },
        {
            "title": "Added feature toggle for new paper record label template",
            "flags": {
                "new_paper_record_label_template": "False"
            },
            "message": "Added feature toggle for new paper record label template\n",
            "hash": "ef7ce9bf451cb1cd1403c0f20283a7a459ec50ed",
            "author": "mogoodrich",
            "date": "Wed Mar 19 14:29:35 2014"
        },
        {
            "title": "turn on dispensing app in production",
            "flags": {
                "reportingui_ad_hoc_analysis": "False",
                "dispense_medicine": "True"
            },
            "message": "turn on dispensing app in production\n",
            "hash": "34c72a779a96e520c70ea50be6a52b309a7248d5",
            "author": "mogoodrich",
            "date": "Mon Mar 10 13:25:05 2014"
        },
        {
            "title": "removed clinician_retro_consult_note and schedule_appointment feature toggles (which are no longer used)",
            "flags": {
                "clinician_create_retro_consult_note": "removed",
                "schedule_appointment": "removed"
            },
            "message": "removed clinician_retro_consult_note and schedule_appointment feature toggles (which are no longer used)\n",
            "hash": "4ddab89a99e1d19bf9d9d51588ce6f72f370f132",
            "author": "mogoodrich",
            "date": "Mon Feb 10 07:11:32 2014"
        },
        {
            "title": "UHM-937 Add feature toggle for appointment scheduling ui module",
            "flags": {
                "new_appointment_scheduling_ui": "False"
            },
            "message": "UHM-937 Add feature toggle for appointment scheduling ui module\n\nThe new_appointment_scheduling_ui was added, but so far the functionalities from this module are not activated.",
            "hash": "f310951744812f5b0d60fde326e7ef7f2ead82a3",
            "author": "Pamela",
            "date": "Thu Jan 30 07:07:47 2014"
        },
        {
            "title": "HUM-917, enable awaiting admission app on the bamboo server",
            "flags": {
                "awaiting_admission": "False"
            },
            "message": "HUM-917, enable awaiting admission app on the bamboo server\n",
            "hash": "d9139562482a5eff8f36e3c79f5ad52f9e7a6b93",
            "author": "cioan <cioan123>",
            "date": "Wed Jan 29 06:17:35 2014"
        },
        {
            "title": "Added feature toggle for Ad Hoc Analysis tool",
            "flags": {
                "reportingui_ad_hoc_analysis": "False"
            },
            "message": "Added feature toggle for Ad Hoc Analysis tool\n",
            "hash": "57b248ae1ad2735e9b8489b80bf7d86fd5a93502",
            "author": "Darius Jazayeri",
            "date": "Fri Jan 17 15:10:59 2014"
        },
        {
            "title": "turn on restrictions on clinician consult note retro entry everywhere",
            "flags": {
                "clinician_create_retro_consult_note": "True"
            },
            "message": "turn on restrictions on clinician consult note retro entry everywhere\n",
            "hash": "d785e86fcca4f0d3d2cc9c6199346654e8dbf2fb",
            "author": "mogoodrich",
            "date": "Thu Jan 16 14:34:03 2014"
        },
        {
            "title": "corrected name of clinician create retro consult note toggle",
            "flags": {
                "clinician_create_consult_note": "removed",
                "clinician_create_retro_consult_note": "False"
            },
            "message": "corrected name of clinician create retro consult note toggle\n",
            "hash": "2c24abd153bdd4c0a554e83e50dd438f0a277a0c",
            "author": "mogoodrich",
            "date": "Wed Jan 15 11:32:21 2014"
        },
        {
            "title": "turned on clinician create consult note on bamboo",
            "flags": {
                "clinician_create_consult_note": "False"
            },
            "message": "turned on clinician create consult note on bamboo\n",
            "hash": "3428e3c74b36bf0e3c28ba3744b0d4f577f22e4f",
            "author": "mogoodrich",
            "date": "Tue Jan 14 16:38:27 2014"
        },
        {
            "title": "turned on appointment scheduling administration app on bamboo; turned off scheduling appointment on consult note everywhere",
            "flags": {
                "appointment_scheduling_old_ui": "False"
            },
            "message": "turned on appointment scheduling administration app on bamboo; turned off scheduling appointment on consult note everywhere\n",
            "hash": "7fc5adba6e1ead0ba8dde7656e40d9813af901fd",
            "author": "mogoodrich",
            "date": "Fri Jan 10 07:33:43 2014"
        },
        {
            "title": "turn on new patient dashboard in production",
            "flags": {
                "enable_new_patient_header": "True"
            },
            "message": "turn on new patient dashboard in production\n",
            "hash": "359ef9c2bcfd92fa33f2eac7b309dd652414ed8b",
            "author": "mogoodrich",
            "date": "Tue Dec 17 12:03:14 2013"
        },
        {
            "title": "added feature toggle for new scheduling functionality",
            "flags": {
                "dispense_medicine": "False",
                "schedule_appointment": "False"
            },
            "message": "added feature toggle for new scheduling functionality\n",
            "hash": "ec5a083f1a735fb1ffaf0159b14dd08e5bf3a24a",
            "author": "mogoodrich",
            "date": "Thu Nov 14 13:49:37 2013"
        },
        {
            "title": "#829 - creates dispenseMedicine feature toggle.",
            "flags": {
                "dispense_medicine": "False"
            },
            "message": "#829 - creates dispenseMedicine feature toggle.\n",
            "hash": "16e7b909086f9e5f7a0f0a1da4a194ca785dfc92",
            "author": "Ce\u0301sar Henrique Vortmann",
            "date": "Thu Sep 5 11:58:38 2013"
        },
        {
            "title": "enabling new patient header on bamboo",
            "flags": {
                "enable_new_patient_header": "False"
            },
            "message": "enabling new patient header on bamboo\n",
            "hash": "095b3a00d80931321f79ee6bfa2e10371e0906d6",
            "author": "Glauber Ramos",
            "date": "Wed Sep 4 11:57:08 2013"
        },
        {
            "title": "toggled on in prod: entering retro radiology orders, editing transfer and admission notes, editing consult notes, editing retro consult notes during an active visit",
            "flags": {
                "order_radiology_retrospective": "True",
                "edit_consult_notes": "True",
                "edit_transfer_and_discharge_notes": "True",
                "enter_retrospective_consult_note_in_active_visit": "True"
            },
            "message": "toggled on in prod: entering retro radiology orders, editing transfer and admission notes, editing consult notes, editing retro consult notes during an active visit\n",
            "hash": "27a9e568c6cdd352e864a080c3ca75f2d025ef28",
            "author": "mogoodrich",
            "date": "Mon Aug 12 17:30:48 2013"
        },
        {
            "title": "turned on retrospective consult note during active visit in bamboo",
            "flags": {
                "enter_retrospective_consult_note_in_active_visit": "True"
            },
            "message": "turned on retrospective consult note during active visit in bamboo",
            "hash": "a6157d3af0054fdac0252b1d6dde8cf98c0e3cee",
            "author": "Mark Goodrich",
            "date": "Tue Aug 6 08:35:00 2013"
        },
        {
            "title": "added feature toggle for entering retro consult notes for an active visit",
            "flags": {
                "enter_retrospective_consult_note_in_active_visit": "False"
            },
            "message": "added feature toggle for entering retro consult notes for an active visit\n",
            "hash": "98793357c8601089d61b1fcbd620bb349c76ef56",
            "author": "mogoodrich",
            "date": "Mon Aug 5 14:43:20 2013"
        },
        {
            "title": "added feature toggle for editing transfer and discharge notes; removed toggle for admission notes",
            "flags": {
                "edit_admission_note": "removed",
                "edit_transfer_and_discharge_notes": "False"
            },
            "message": "added feature toggle for editing transfer and discharge notes; removed toggle for admission notes\n",
            "hash": "e730fb589b8a465bbeebd76cd4c736eb54c3f546",
            "author": "mogoodrich",
            "date": "Sun Aug 4 17:15:08 2013"
        },
        {
            "title": "adding feature toggle edit_consult_notes",
            "flags": {
                "edit_consult_notes": "False"
            },
            "message": "adding feature toggle edit_consult_notes\n",
            "hash": "def239aaa4b05325539fd0f27f2fa6fbac222375",
            "author": "djazayeri",
            "date": "Tue Jul 30 15:23:33 2013"
        },
        {
            "title": "turn on retrospective radiology orders on bamboo",
            "flags": {
                "order_radiology_retrospective": "False"
            },
            "message": "turn on retrospective radiology orders on bamboo\n",
            "hash": "6fbee5268b56677f6a67da65e1fcaedb3c0fc7c3",
            "author": "mogoodrich",
            "date": "Mon Jul 29 14:46:42 2013"
        },
        {
            "title": "toggle on editing of admission note",
            "flags": {
                "edit_admission_note": "True"
            },
            "message": "toggle on editing of admission note\n",
            "hash": "f81333e88d5cb7e711f90021a839edad4bbef70f",
            "author": "mogoodrich",
            "date": "Fri Jul 26 08:01:12 2013"
        },
        {
            "title": "removed delete encounters feature toggle now that it has been removed from the code",
            "flags": {
                "delete_encounter": "removed"
            },
            "message": "removed delete encounters feature toggle now that it has been removed from the code\n",
            "hash": "8612c32c066583598ce91d4149bb4e4787ea204a",
            "author": "mogoodrich",
            "date": "Fri Jul 26 07:49:39 2013"
        },
        {
            "title": "toggle on import_mpi_patients in production",
            "flags": {
                "import_mpi_patients": "True"
            },
            "message": "toggle on import_mpi_patients in production\n",
            "hash": "8f8030a79c39a1c1f1c87839dc4c4bd33956898d",
            "author": "cospih",
            "date": "Tue Jul 23 17:43:12 2013"
        },
        {
            "title": "Added ability to toggle editing admission note; toggled off everywhere but bamboo",
            "flags": {
                "edit_admission_note": "False"
            },
            "message": "Added ability to toggle editing admission note; toggled off everywhere but bamboo\n",
            "hash": "20d4588504b4e37045132e754c673fbf92d05db9",
            "author": "mogoodrich",
            "date": "Mon Jul 15 11:09:17 2013"
        },
        {
            "title": "toggled on edit visits and new check-in in all environments",
            "flags": {
                "edit_visit_dates": "True",
                "live_checkin": "True"
            },
            "message": "toggled on edit visits and new check-in in all environments\n",
            "hash": "72c35e9927783a7c908b842679e717fd42f4cd48",
            "author": "mogoodrich",
            "date": "Wed Jul 3 16:07:47 2013"
        },
        {
            "title": "toggle on edit visit and new check-in app in production",
            "flags": {
                "register_test_patient": "False",
                "my_account_feature": "False",
                "notifiable_diseases_report": "False",
                "import_mpi_patients": "False",
                "radiology_tab": "removed",
                "live_checkin": "False"
            },
            "message": "toggle on edit visit and new check-in app in production\n",
            "hash": "243fb7a860642abeca7249145f9fe023a857c34a",
            "author": "mogoodrich",
            "date": "Tue Jul 2 18:02:52 2013"
        },
        {
            "title": "Added feature toggles for edit buttons on patient dashboard",
            "flags": {
                "hide_edit_patient_demographics_button": "True",
                "hide_edit_patient_contact_info_button": "True"
            },
            "message": "Added feature toggles for edit buttons on patient dashboard\n",
            "hash": "80e67bcc2ec0174ea40f10703025716af2e42407",
            "author": "mogoodrich",
            "date": "Mon Jul 1 12:21:16 2013"
        },
        {
            "title": "story#695- toggle off live check-in app",
            "flags": {
                "live_checkin": "False"
            },
            "message": "story#695- toggle off live check-in app\n",
            "hash": "019b873a10d3825c09e98afec1f6a61b878d7dab",
            "author": "cospih",
            "date": "Mon Jul 1 12:01:15 2013"
        },
        {
            "title": "toggling edit visit dates on bamboo",
            "flags": {
                "edit_visit_dates": "False"
            },
            "message": "toggling edit visit dates on bamboo\n",
            "hash": "0ac46b484af516e9df2a43128985918056c8af8b",
            "author": "Fernando Freire",
            "date": "Wed Jun 26 16:08:43 2013"
        },
        {
            "title": "added new mirth channel to receive messages from Mirth Boston",
            "flags": {
                "inpatients_list": "True",
                "no_active_visit_view": "True"
            },
            "message": "added new mirth channel to receive messages from Mirth Boston\n",
            "hash": "7c64ae574cc6aa8fd0ba40fad3b4c9c25213558e",
            "author": "mogoodrich",
            "date": "Tue Jun 18 10:33:48 2013"
        },
        {
            "title": "adding no active visit view feature",
            "flags": {
                "no_active_visit_view": "False"
            },
            "message": "adding no active visit view feature\n",
            "hash": "94b689ed3551fde97a1877e2d071a9ae96c0ab36",
            "author": "Fernando Freire",
            "date": "Tue May 28 20:47:53 2013"
        },
        {
            "title": "turning on dispositions on all nodes",
            "flags": {
                "consult_note_dispositions": "True"
            },
            "message": "turning on dispositions on all nodes\n",
            "hash": "b84e8cc924d73c0a4a773e563999bdba8c4b166b",
            "author": "Fernando Freire",
            "date": "Thu May 23 15:59:39 2013"
        },
        {
            "title": "story#246, toggle inpatiens list",
            "flags": {
                "inpatients_list": "False"
            },
            "message": "story#246, toggle inpatiens list\n",
            "hash": "d8a55976a1b5461087377dd2e4b04e36f508d8ae",
            "author": "cospih",
            "date": "Thu May 23 06:04:25 2013"
        },
        {
            "title": "toggled on surgerical operative note in production",
            "flags": {
                "surgical_operative_note": "True"
            },
            "message": "toggled on surgerical operative note in production\n",
            "hash": "39d8a6583c1b59cfc14bfb828cfaa2455c458ed1",
            "author": "mogoodrich",
            "date": "Wed May 22 12:11:57 2013"
        },
        {
            "title": "toggling on emergency check-in",
            "flags": {
                "emergency_checkin": "True"
            },
            "message": "toggling on emergency check-in\n",
            "hash": "51bb272ce80586e758232dfa9e00cc8f2a45b02d",
            "author": "mogoodrich",
            "date": "Tue May 21 10:50:59 2013"
        },
        {
            "title": "Adding feature toggle for Dispositions #500",
            "flags": {
                "consult_note_dispositions": "False"
            },
            "message": "Adding feature toggle for Dispositions #500\n",
            "hash": "e36ca666e516753d518714dcd3f316b61f3bffc8",
            "author": "djazayeri",
            "date": "Tue May 14 14:36:16 2013"
        },
        {
            "title": "added feature toggle for surgical operative note",
            "flags": {
                "surgical_operative_note": "False"
            },
            "message": "added feature toggle for surgical operative note\n",
            "hash": "892fd1b2d6c3931c76419c6a85cf14badf544ac0",
            "author": "mogoodrich",
            "date": "Fri May 10 13:09:46 2013"
        },
        {
            "title": "adding emergency check in as feature toggle",
            "flags": {
                "emergency_checkin": "False"
            },
            "message": "adding emergency check in as feature toggle\n",
            "hash": "2af0cf9f494cc17bdc02cc70082094a8332c9d01",
            "author": "Fernando Freire",
            "date": "Thu May 9 14:48:50 2013"
        },
        {
            "title": "added feature toggle for radiology tab (toggled on on bamboo, off everywhere else)",
            "flags": {
                "radiology_tab": "False"
            },
            "message": "added feature toggle for radiology tab (toggled on on bamboo, off everywhere else)\n",
            "hash": "80a6f7be0599f90287a4763dd505bc3dbec3c216",
            "author": "mogoodrich",
            "date": "Wed May 8 11:20:30 2013"
        },
        {
            "title": "toggle import patient feature",
            "flags": {
                "import_mpi_patients": "False"
            },
            "message": "toggle import patient feature\n",
            "hash": "1e87ec9eecb07a0ecbb2ea30345f4912d00eca81",
            "author": "cospih",
            "date": "Fri May 3 13:38:16 2013"
        },
        {
            "title": "toggled on delete encounters and consult note inprovements",
            "flags": {
                "consult_note_confirm_diagnoses": "True",
                "delete_encounter": "True"
            },
            "message": "toggled on delete encounters and consult note inprovements\n",
            "hash": "520e76f34d5ca579611f9d1ecf6415752222928c",
            "author": "mogoodrich",
            "date": "Fri May 3 12:17:17 2013"
        },
        {
            "title": "default false toggle for notifiable_diseases_report feature",
            "flags": {
                "notifiable_diseases_report": "False"
            },
            "message": "default false toggle for notifiable_diseases_report feature",
            "hash": "ec44c12e0aeff7d95b0fd37daba7f6bf2a4ec35c",
            "author": "Darius Jazayeri",
            "date": "Fri Apr 26 11:11:45 2013"
        },
        {
            "title": "removed feature toggle configuration for navigator checkmarks",
            "flags": {
                "navigator_question_checkmarks": "removed"
            },
            "message": "removed feature toggle configuration for navigator checkmarks\n",
            "hash": "588a4d8784d0da2e5afc9f315fdf4382418ed0f7",
            "author": "mogoodrich",
            "date": "Mon Apr 22 14:45:40 2013"
        },
        {
            "title": "#503 creating feature toogle for delete encounter",
            "flags": {
                "delete_encounter": "False"
            },
            "message": "#503 creating feature toogle for delete encounter",
            "hash": "197619e501375c32a1685375895662b56df360b7",
            "author": "M\u00e1rio Areias",
            "date": "Fri Apr 19 11:49:20 2013"
        },
        {
            "title": "#470 - Adding feature toggle for confirmed diagnoses",
            "flags": {
                "consult_note_confirm_diagnoses": "False"
            },
            "message": "#470 - Adding feature toggle for confirmed diagnoses",
            "hash": "fe9c17602fd4b6dfd104c3a92af8f4c8b4303812",
            "author": "Darius Jazayeri",
            "date": "Wed Apr 17 18:04:00 2013"
        },
        {
            "title": "Update common.yaml",
            "flags": {
                "my_account_feature": "False"
            },
            "message": "Update common.yaml",
            "hash": "f5cf2019f43b0b6a4546a7f6cd0312b9ad82d571",
            "author": "M\u00e1rio Areias",
            "date": "Tue Mar 26 10:32:43 2013"
        },
        {
            "title": "adding bamboo specific configurations",
            "flags": {
                "navigator_question_checkmarks": "False"
            },
            "message": "adding bamboo specific configurations\n",
            "hash": "6ab34c1eb280923f60e52e960a4af0c99f8a3865",
            "author": "Fernando Freire",
            "date": "Mon Mar 25 10:44:20 2013"
        },
        {
            "title": "added feature toggling for new navigator_question_checkmarks feature",
            "flags": {
                "navigator_question_checkmarks": "True"
            },
            "message": "added feature toggling for new navigator_question_checkmarks feature\n",
            "hash": "7fcf477c45a238e7def786d8c6633223c3bd5492",
            "author": "mogoodrich",
            "date": "Sat Mar 23 08:58:28 2013"
        },
        {
            "title": "removing the feature toggle for register_test_patient, it should be on only for bamboo",
            "flags": {
                "register_test_patient": "False"
            },
            "message": "removing the feature toggle for register_test_patient, it should be on only for bamboo\n",
            "hash": "ed1730c2d32ea57028e0d96f4da812fcd2fd29cf",
            "author": "Fernando Freire",
            "date": "Thu Mar 21 14:02:26 2013"
        },
        {
            "title": "adding the feature_toggle file",
            "flags": {
                "register_test_patient": "True"
            },
            "message": "adding the feature_toggle file\n",
            "hash": "f3cdded72b6c251fe7a35a0f8f6b82623573735d",
            "author": "Fernando Freire",
            "date": "Thu Mar 21 13:15:42 2013"
        }
    ]
}