{
    "id": 173772043,
    "node_id": "MDEwOlJlcG9zaXRvcnkxNzM3NzIwNDM=",
    "name": "javascript",
    "full_name": "Yoast/javascript",
    "private": false,
    "description": "Monorepo for all the JavaScript within Yoast",
    "fork": false,
    "created_at": "2019-03-04T15:35:49Z",
    "updated_at": "2019-12-17T15:00:07Z",
    "pushed_at": "2019-12-20T14:15:05Z",
    "homepage": null,
    "size": 34577,
    "stargazers_count": 45,
    "watchers_count": 45,
    "language": "JavaScript",
    "has_issues": true,
    "has_projects": true,
    "has_downloads": true,
    "has_wiki": true,
    "has_pages": false,
    "forks_count": 13,
    "archived": false,
    "disabled": false,
    "open_issues_count": 116,
    "license": null,
    "forks": 13,
    "open_issues": 116,
    "watchers": 45,
    "default_branch": "develop",
    "temp_clone_token": "",
    "network_count": 13,
    "subscribers_count": 15,
    "languages": {
        "JavaScript": 6214207,
        "HTML": 1382359,
        "CSS": 55528,
        "Shell": 1213,
        "TypeScript": 71
    }
}