{
    "date": "2019-12-20T18:24:48.847320",
    "commits": [
        {
            "title": "Add CURP identifier to CES (#41)",
            "flags": {
                "additionalHaitiIdentifiers": "False"
            },
            "message": "Add CURP identifier to CES (#41)\n\n",
            "hash": "59805bad41bda70b074b66c444c8ab32aa5766c2",
            "author": "Brandon Istenes",
            "date": "Tue Apr 16 09:35:30 2019"
        },
        {
            "title": "Refactor RegistrationApp, make no functional changes to anything other than Mexico (#21)",
            "flags": {
                "insuranceCollection": "False",
                "relationships": "removed",
                "additionalHaitiIdentifiers": "False"
            },
            "message": "Refactor RegistrationApp, make no functional changes to anything other than Mexico (#21)\n\n",
            "hash": "1ace8bcf0ce8f9d271494564b5c2e65f094f7f38",
            "author": "Brandon Istenes",
            "date": "Fri Sep 14 06:37:33 2018"
        },
        {
            "title": "remove some feature toggles",
            "flags": {
                "chwApp": "removed",
                "primaryCareNote": "removed",
                "labTracking": "removed",
                "programsList": "removed",
                "relationships": "removed",
                "patientDocuments": "removed",
                "conditionList": "removed"
            },
            "message": "remove some feature toggles\n",
            "hash": "5824ee7dfa7d1f7e06b6646bffdaa1aac22b9c5b",
            "author": "mgoodrich",
            "date": "Thu Apr 5 13:23:22 2018"
        },
        {
            "title": "remove some feature toggles",
            "flags": {
                "deathNote": "removed",
                "relationships": "removed",
                "ncdProgram": "removed",
                "vct": "removed",
                "socioEconomics": "removed",
                "hiv": "removed",
                "zika": "removed",
                "hideLeftIndex": "removed",
                "hideRightIndex": "removed"
            },
            "message": "remove some feature toggles\n",
            "hash": "b2a3dfb3ab304f7b4e0411f0866db56bbc4372a6",
            "author": "mgoodrich",
            "date": "Thu Apr 5 12:59:38 2018"
        },
        {
            "title": "remove feature toggle for fingerprints (we can \"toggle\" fine just using components)",
            "flags": {
                "fingerprints": "removed"
            },
            "message": "remove feature toggle for fingerprints (we can \"toggle\" fine just using components)\n",
            "hash": "03dbc586c67218d128a309ec16106d6018559a84",
            "author": "mgoodrich",
            "date": "Tue Mar 27 11:40:53 2018"
        },
        {
            "title": "remove register test patient functionality",
            "flags": {
                "registerTestPatient": "removed"
            },
            "message": "remove register test patient functionality\n",
            "hash": "f68e6ea322bbf01e6d994641aa49b402518e89eb",
            "author": "mgoodrich",
            "date": "Mon Mar 12 13:45:11 2018"
        },
        {
            "title": "add some feature toggles to fingers collected in case we need to change on the fly",
            "flags": {
                "hideLeftIndex": "False",
                "hideRightIndex": "False"
            },
            "message": "add some feature toggles to fingers collected in case we need to change on the fly\n",
            "hash": "37b12eabf0f989524ff13ef5746386c49428dfff",
            "author": "mgoodrich",
            "date": "Fri Feb 23 08:30:20 2018"
        },
        {
            "title": "Fixed bread crumbs for Socioeconomics, HIV and VCT forms",
            "flags": {
                "socio_economics": "removed",
                "socioEconomics": "False"
            },
            "message": "Fixed bread crumbs for Socioeconomics, HIV and VCT forms\n",
            "hash": "9cd9fd2c6b540fcfc241c68509f850b549413e08",
            "author": "lnball",
            "date": "Fri Feb 16 10:17:47 2018"
        },
        {
            "title": "UHM-1683 UHM-2892 Added Socioeconomics form (instead of section)",
            "flags": {
                "vct": "False",
                "socio_economics": "False"
            },
            "message": "UHM-1683 UHM-2892 Added Socioeconomics form (instead of section)\n",
            "hash": "949f337e8ed4e7e917f20155abfd982e0e8f529c",
            "author": "lnball",
            "date": "Thu Feb 15 12:57:44 2018"
        },
        {
            "title": "add feature toggle to fingerprint functionality",
            "flags": {
                "fingerprints": "False"
            },
            "message": "add feature toggle to fingerprint functionality\n",
            "hash": "5a18723e9bdf0f0f3df309fc33a500c2ff016a91",
            "author": "mgoodrich",
            "date": "Wed Feb 14 08:58:55 2018"
        },
        {
            "title": "UHM-2868 Added VCT form",
            "flags": {
                "vct": "False"
            },
            "message": "UHM-2868 Added VCT form\n",
            "hash": "e28d9a45e53fe3661b050a4aa75d97ec88932deb",
            "author": "lnball",
            "date": "Fri Jan 5 13:56:00 2018"
        },
        {
            "title": "UHM-3174: Add conditionui module to PIH EMR distro",
            "flags": {
                "conditionList": "False"
            },
            "message": "UHM-3174: Add conditionui module to PIH EMR distro\n",
            "hash": "769fd5320fbd1a6a864e2d803cb5f72420f2a5d0",
            "author": "mgoodrich",
            "date": "Fri Jan 5 10:07:35 2018"
        },
        {
            "title": "fix NPE if programs list app not enabled",
            "flags": {
                "programsList": "False"
            },
            "message": "fix NPE if programs list app not enabled\n",
            "hash": "cf25ba8144cd876d093a7c7ba56b59c1fe7838fb",
            "author": "mgoodrich",
            "date": "Thu Nov 30 13:49:55 2017"
        },
        {
            "title": "UHM-3140: Add Weight & CD4 Count graphs to HIV Dashboard",
            "flags": {
                "hiv": "False"
            },
            "message": "UHM-3140: Add Weight & CD4 Count graphs to HIV Dashboard\nUHM-3139: Add Core Indicators Widget to HIV Dashboard\n",
            "hash": "0f990a95cc80f54b1d9567d705440c5d36630b1e",
            "author": "mogoodrich",
            "date": "Wed Nov 15 14:43:10 2017"
        },
        {
            "title": "add NCD program dashboard and NCD summary program dashboard",
            "flags": {
                "ncdProgram": "False"
            },
            "message": "add NCD program dashboard and NCD summary program dashboard\n",
            "hash": "2bce6c04d70d1808898eb8ac3ec0b99543406af5",
            "author": "mogoodrich",
            "date": "Wed Nov 8 14:24:44 2017"
        },
        {
            "title": "removed feature toggles from iSante HIV component, added comment",
            "flags": {
                "hiv": "removed"
            },
            "message": "removed feature toggles from iSante HIV component, added comment\n",
            "hash": "2fc35844a80bbe6eeaba19f783064652593bfd6c",
            "author": "mogoodrich",
            "date": "Wed Nov 8 11:58:09 2017"
        },
        {
            "title": "UHM-3132 Added enableHIViSantePlus component to turn off the iSantePlus HIV forms.",
            "flags": {
                "hiv": "False"
            },
            "message": "UHM-3132 Added enableHIViSantePlus component to turn off the iSantePlus HIV forms.\n",
            "hash": "0c46f5282dfe3839d62241b508ea7c5eeb10aa07",
            "author": "lnball",
            "date": "Wed Nov 8 11:40:42 2017"
        },
        {
            "title": "remove feature toggle for old and new active visits",
            "flags": {
                "oldActiveVisits": "removed",
                "newActiveVisits": "removed"
            },
            "message": "remove feature toggle for old and new active visits\n",
            "hash": "fc91d0856615ec928567e48fc68df9fa91892189",
            "author": "mogoodrich",
            "date": "Mon Nov 6 08:28:16 2017"
        },
        {
            "title": "remove ed triage feature toggle",
            "flags": {
                "edTriage": "removed"
            },
            "message": "remove ed triage feature toggle\n",
            "hash": "beb824ffce070ee2b6241f2b3b1a3211793c240f",
            "author": "mogoodrich",
            "date": "Mon Nov 6 08:23:02 2017"
        },
        {
            "title": "add lab tracking component to mirebalais production, but also add feature toggle",
            "flags": {
                "labTracking": "False"
            },
            "message": "add lab tracking component to mirebalais production, but also add feature toggle\n",
            "hash": "29c115cde25291c99c5a1c385adadcc569678d2f",
            "author": "mogoodrich",
            "date": "Mon Nov 6 08:12:47 2017"
        },
        {
            "title": "UHM-3210: Add Zika summary dashboard",
            "flags": {
                "ncdProgram": "False",
                "zika": "False"
            },
            "message": "UHM-3210: Add Zika summary dashboard\n",
            "hash": "c48df2eff2172fdf0b0075865dc874aa9e297da7",
            "author": "mogoodrich",
            "date": "Fri Nov 3 11:02:12 2017"
        },
        {
            "title": "Merge remote-tracking branch 'origin/master'",
            "flags": {
                "hiv": "False"
            },
            "message": "Merge remote-tracking branch 'origin/master'\n",
            "hash": "170830e6e7638f59650c3262c22f2a56d3bc4f32",
            "merge": "cf772fa3 3b91f506",
            "author": "lnball",
            "date": "Tue Oct 31 12:33:12 2017"
        },
        {
            "title": "UHM-3112 Renamed intake and followup to use non-age specific encounter type.",
            "flags": {
                "hiv": "False"
            },
            "message": "UHM-3112 Renamed intake and followup to use non-age specific encounter type.\n",
            "hash": "cf772fa3bb3288396437b89c55a47b1411efc77e",
            "author": "lnball",
            "date": "Tue Oct 31 12:33:00 2017"
        },
        {
            "title": "UHM-3112 Setup HIV followup template/form/encounters",
            "flags": {
                "hiv": "False"
            },
            "message": "UHM-3112 Setup HIV followup template/form/encounters\n",
            "hash": "fcce201e4f5e49b7f24f80dbbc489f1e2abdce7f",
            "author": "lnball",
            "date": "Fri Oct 27 12:34:04 2017"
        },
        {
            "title": "UHM-3081: HIV Program Summary Page",
            "flags": {
                "hiv": "False",
                "zika": "False"
            },
            "message": "UHM-3081: HIV Program Summary Page\n",
            "hash": "af4c71430c914bdf665a4a04fbbe93792761bee7",
            "author": "mogoodrich",
            "date": "Thu Oct 26 11:11:00 2017"
        },
        {
            "title": "UHM-3079, add CHW app to the home page",
            "flags": {
                "chwApp": "False"
            },
            "message": "UHM-3079, add CHW app to the home page\n",
            "hash": "2ae2776f00721ec63b5a9f2beaeaaa696dd01682",
            "author": "Cosmin Ioan",
            "date": "Wed Oct 4 08:06:38 2017"
        },
        {
            "title": "identifiers summary section should only be available when additional identifiers are enabled",
            "flags": {
                "additionalHaitiIdentifiers": "False"
            },
            "message": "identifiers summary section should only be available when additional identifiers are enabled\n",
            "hash": "ab8be32b93918ce8f75c27a58bcf347b41165750",
            "author": "mgoodrich",
            "date": "Wed Sep 27 06:33:28 2017"
        },
        {
            "title": "slight reorganization of identifiers and print id card sections of registration app",
            "flags": {
                "additionalHaitiIdentifiers": "removed"
            },
            "message": "slight reorganization of identifiers and print id card sections of registration app\n",
            "hash": "1e2f57a4028095a49ccf2088dea7510c48c5347b",
            "author": "mgoodrich",
            "date": "Tue Sep 26 15:14:59 2017"
        },
        {
            "title": "slight reorganization of identifiers and print id card sections of registration app",
            "flags": {
                "additionalHaitiIdentifiers": "False"
            },
            "message": "slight reorganization of identifiers and print id card sections of registration app\n",
            "hash": "7b3c544c3957ea4cf0db10f011b5adbe157d856d",
            "author": "mgoodrich",
            "date": "Tue Sep 26 14:28:36 2017"
        },
        {
            "title": "UHM-3013: Display/edit HIV EMR identifiers",
            "flags": {
                "additionalHaitiIdentifiers": "False"
            },
            "message": "UHM-3013: Display/edit HIV EMR identifiers\nadd section for registering identifiers\n",
            "hash": "19d475287d3108e67c34bc872822151df03da559",
            "author": "mgoodrich",
            "date": "Mon Sep 18 14:47:20 2017"
        },
        {
            "title": "UHM-3021: Add basic configuration for Visit Documents",
            "flags": {
                "patientDocuments": "False"
            },
            "message": "UHM-3021: Add basic configuration for Visit Documents\n",
            "hash": "39678f6534184810bb2adcc77ca115a4191c3cd8",
            "author": "mgoodrich",
            "date": "Fri Aug 18 15:11:21 2017"
        },
        {
            "title": "add visit toggles to the two active visit pages",
            "flags": {
                "oldActiveVisits": "False",
                "newActiveVisits": "False"
            },
            "message": "add visit toggles to the two active visit pages\n",
            "hash": "0af5297960dd751e279ca94e1c8511e870a98c42",
            "author": "mgoodrich",
            "date": "Mon Jul 31 07:26:29 2017"
        },
        {
            "title": "update programs widget to restrict to supported programs",
            "flags": {
                "hiv": "False",
                "zika": "False"
            },
            "message": "update programs widget to restrict to supported programs\n",
            "hash": "976f32b529fbdd1cb8e0212ffc7700da23367c21",
            "author": "mgoodrich",
            "date": "Thu Jul 27 11:22:56 2017"
        },
        {
            "title": "Add fingerprint widget to humci configuration for testing and evaluation",
            "flags": {
                "biometrics": "removed"
            },
            "message": "Add fingerprint widget to humci configuration for testing and evaluation\n",
            "hash": "e2fd0129ac8728c10d663e82ede7b611cbc80fd2",
            "author": "mseaton",
            "date": "Fri Jul 21 11:56:29 2017"
        },
        {
            "title": "Remove reference to pihcore biometrics widget for refactoring",
            "flags": {
                "biometrics": "False"
            },
            "message": "Remove reference to pihcore biometrics widget for refactoring\n",
            "hash": "34e3967b76db2172accaf2c3cb09c39e46b50c65",
            "author": "mseaton",
            "date": "Fri Jun 23 07:04:50 2017"
        },
        {
            "title": "add basic HIV dashboard",
            "flags": {
                "hiv": "False"
            },
            "message": "add basic HIV dashboard\n",
            "hash": "3f7c78bb2cd29f34b6f8929486271934a0fc90ce",
            "author": "mgoodrich",
            "date": "Fri Jun 23 06:58:42 2017"
        },
        {
            "title": "Added visit template style for hiv adult intake form",
            "flags": {
                "hiv": "False"
            },
            "message": "Added visit template style for hiv adult intake form\n",
            "hash": "100f7c06be9a86906b6e9ddf8419da37f1505e69",
            "author": "lnball",
            "date": "Wed May 31 17:00:36 2017"
        },
        {
            "title": "Added iSantePlus HIV forms",
            "flags": {
                "hiv": "False"
            },
            "message": "Added iSantePlus HIV forms\n",
            "hash": "0db88d588347f7d26b6f6d00a97d086032270d62",
            "author": "lnball",
            "date": "Fri May 19 11:26:30 2017"
        },
        {
            "title": "Zika wip (#8)",
            "flags": {
                "zika": "False"
            },
            "message": "Zika wip (#8)\n\n* add zika program\r\n* refactor \"addToDashboard\" utility methods",
            "hash": "71782d8115be9f6c191fc0ce716cb4a21c45186a",
            "author": "Mark Goodrich",
            "date": "Wed May 17 12:30:16 2017"
        },
        {
            "title": "add program support and work-in-progress Zikap program",
            "flags": {
                "programSummary": "removed"
            },
            "message": "add program support and work-in-progress Zikap program\n",
            "hash": "347765437490e41c6abe2274872def7eb98cbf10",
            "author": "mgoodrich",
            "date": "Thu May 11 13:49:44 2017"
        },
        {
            "title": "remove relationships section from the patient relationship app",
            "flags": {
                "relationships": "False"
            },
            "message": "remove relationships section from the patient relationship app\n",
            "hash": "cbd4eb2599117dd9c50e7643acbf4643858187b1",
            "author": "mgoodrich",
            "date": "Mon May 8 08:26:33 2017"
        },
        {
            "title": "add program widgets, enable on Haiit servers (with feature toggles)",
            "flags": {
                "programsList": "False",
                "programSummary": "False"
            },
            "message": "add program widgets, enable on Haiit servers (with feature toggles)\n",
            "hash": "d5cd568c5f94b5c71121e5cf0ed0d59c27b85669",
            "author": "mgoodrich",
            "date": "Wed Apr 26 12:24:06 2017"
        },
        {
            "title": "fix to only add relationships feature toggle if relationship enabled",
            "flags": {
                "relationships": "False"
            },
            "message": "fix to only add relationships feature toggle if relationship enabled\n",
            "hash": "53f493a57863d04cca4cc67094ef7d218c10eed9",
            "author": "mgoodrich",
            "date": "Fri Apr 21 12:38:57 2017"
        },
        {
            "title": "change relationships in registration workflow to be configured by new component",
            "flags": {
                "relationships": "False"
            },
            "message": "change relationships in registration workflow to be configured by new component\nturn on relationships at all Haiti sites (still feature toggled)\n",
            "hash": "e048995c4e8eab0a72968003867299bd8a656c0e",
            "author": "mgoodrich",
            "date": "Fri Apr 21 07:59:13 2017"
        },
        {
            "title": "Revert: limit relationships to Haiti, non-mental health",
            "flags": {
                "relationships": "False"
            },
            "message": "Revert: limit relationships to Haiti, non-mental health\n",
            "hash": "190bd886807fa358ea41127f3d7883c8846d0c18",
            "author": "mgoodrich",
            "date": "Wed Mar 22 14:27:43 2017"
        },
        {
            "title": "limit relationships to Haiti, non-mental health",
            "flags": {
                "relationships": "False"
            },
            "message": "limit relationships to Haiti, non-mental health\n",
            "hash": "d2130789910b86da2249494b2bcea1d28d28f8ef",
            "author": "mgoodrich",
            "date": "Wed Mar 22 14:25:58 2017"
        },
        {
            "title": "UHM-1307: Link baby born in Hospital to mother",
            "flags": {
                "relationships": "False"
            },
            "message": "UHM-1307: Link baby born in Hospital to mother\nadd built-in OpenMRS relationship handler\n",
            "hash": "e2d8288eb4d50988d5761c5e3a43cfc069f62d19",
            "author": "mgoodrich",
            "date": "Wed Mar 22 11:16:22 2017"
        },
        {
            "title": "remove feature toggle for request appointment",
            "flags": {
                "requestAppointments": "removed"
            },
            "message": "remove feature toggle for request appointment\n",
            "hash": "1dfb514c3875c5785d9bdcf34553d2ba00b7fd42",
            "author": "mgoodrich",
            "date": "Fri Feb 24 13:41:54 2017"
        },
        {
            "title": "UHM-2785: Feature Toggle Primary Care Note",
            "flags": {
                "primaryCareNote": "False"
            },
            "message": "UHM-2785: Feature Toggle Primary Care Note\n",
            "hash": "6cc548dfc873d9c489f74887c0d35c54bc635e73",
            "author": "mgoodrich",
            "date": "Fri Feb 24 10:15:32 2017"
        },
        {
            "title": "feature toggle insurance section",
            "flags": {
                "insurance": "removed",
                "insuranceCollection": "False"
            },
            "message": "feature toggle insurance section\n",
            "hash": "50193188eac69eb6894b37b65d6acff5dcc9d08e",
            "author": "mgoodrich",
            "date": "Tue Sep 20 13:55:32 2016"
        },
        {
            "title": "feature toggle insurance section",
            "flags": {
                "insurance": "False"
            },
            "message": "feature toggle insurance section\n",
            "hash": "4b1439246e6e3d2152bb2608ddc144531ac183cd",
            "author": "mgoodrich",
            "date": "Tue Sep 20 13:49:51 2016"
        },
        {
            "title": "add feature toggle to ED Triage information",
            "flags": {
                "edTriage": "False"
            },
            "message": "add feature toggle to ED Triage information\n",
            "hash": "503bfdb1aaa793364641c1c11bad2e2eeaddcc21",
            "author": "mgoodrich",
            "date": "Thu Aug 4 09:48:03 2016"
        },
        {
            "title": "remove mental health feature toggle, enable on humci",
            "flags": {
                "mentalHealth": "removed"
            },
            "message": "remove mental health feature toggle, enable on humci\n",
            "hash": "33c1209531ba09eda160abc8bbc763f78dddb773",
            "author": "mogoodrich",
            "date": "Fri Mar 4 08:22:17 2016"
        },
        {
            "title": "add feature toggle to mental health form",
            "flags": {
                "mentalHealth": "False"
            },
            "message": "add feature toggle to mental health form\n",
            "hash": "588c9cb891750cd00a3babe4c9f94af6f7d185fc",
            "author": "mogoodrich",
            "date": "Fri Mar 4 08:16:58 2016"
        },
        {
            "title": "remove \"newCheckin\" feature toggle (and config for old checkin)",
            "flags": {
                "newCheckin": "removed"
            },
            "message": "remove \"newCheckin\" feature toggle (and config for old checkin)\n",
            "hash": "72adb0e0742e79b40600892025b4ab9f9cc9f391",
            "author": "mogoodrich",
            "date": "Fri Feb 12 11:41:42 2016"
        },
        {
            "title": "Added Oncology intake form",
            "flags": {
                "chemotherapyTreatment": "removed"
            },
            "message": "Added Oncology intake form\n",
            "hash": "ce69c0356e1ab51d7b1b9991e59080dc4740f209",
            "author": "lnball",
            "date": "Fri Aug 28 09:54:52 2015"
        },
        {
            "title": "Tried again to add Chemotherapy session to dashboard.",
            "flags": {
                "chemotherapyTreatment": "False"
            },
            "message": "Tried again to add Chemotherapy session to dashboard.\n",
            "hash": "b0867f1da4dcb8e297614f57172e46e9bc156ede",
            "author": "lnball",
            "date": "Mon Aug 24 16:17:37 2015"
        },
        {
            "title": "Added Chemotherapy form to dashboard",
            "flags": {
                "oncologyNote": "removed",
                "chemotherapyTreatment": "False"
            },
            "message": "Added Chemotherapy form to dashboard\n",
            "hash": "1f4c9793952ea496d42fa34e016671cf2ff455e2",
            "merge": "c28bb83c ecc1713f",
            "author": "lnball",
            "date": "Mon Aug 24 14:20:58 2015"
        },
        {
            "title": "Added Chemotherapy session to dashboard.",
            "flags": {
                "chemotherapyTreatment": "False"
            },
            "message": "Added Chemotherapy session to dashboard.\n",
            "hash": "c28bb83c140281affae4cd3e14971bed0a578a62",
            "author": "lnball",
            "date": "Mon Aug 24 13:53:47 2015"
        },
        {
            "title": "remove use of oncology note feature toggle, since we can now handle this via components",
            "flags": {
                "oncologyNote": "removed"
            },
            "message": "remove use of oncology note feature toggle, since we can now handle this via components\n",
            "hash": "fbc4a18af7d047d66177ced68260180c88d1bc1a",
            "author": "mogoodrich",
            "date": "Fri Aug 14 10:42:54 2015"
        },
        {
            "title": "Merge remote-tracking branch 'origin/master'",
            "flags": {
                "oncologyNote": "False"
            },
            "message": "Merge remote-tracking branch 'origin/master'\n",
            "hash": "a4d9191614d60b8885f2c1f91750f1e984948cb3",
            "merge": "6cc85e79 92947afc",
            "author": "mogoodrich",
            "date": "Mon Aug 10 14:55:24 2015"
        },
        {
            "title": "UHM-x Added NCD consult form to the API.",
            "flags": {
                "oncologyNote": "False"
            },
            "message": "UHM-x Added NCD consult form to the API.\n",
            "hash": "8962df50f57fd43b848e2be9365f9b196661b5a0",
            "author": "lnball",
            "date": "Fri Aug 7 14:16:18 2015"
        },
        {
            "title": "Merge branch 'chart_search'",
            "flags": {
                "oncologyNote": "False"
            },
            "message": "Merge branch 'chart_search'\n\nConflicts:\n\tapi/src/main/java/org/openmrs/module/mirebalais/apploader/CustomAppLoaderFactory.java\n\tapi/src/main/resources/config/pih-config-mirebalais-staging.json\n\tapi/src/main/resources/messages.properties\n",
            "hash": "eb661942b55977aa469cfab6a2b09df6b45944e8",
            "merge": "df16cc1e b32920fa",
            "author": "mogoodrich",
            "date": "Fri Aug 7 11:18:40 2015"
        },
        {
            "title": "Added the Lab results section to the same places as the oncology form.",
            "flags": {
                "oncologyNote": "False"
            },
            "message": "Added the Lab results section to the same places as the oncology form.\n",
            "hash": "fc119ec13e531eaed2d0849ed517e28971116e24",
            "author": "lnball",
            "date": "Tue Aug 4 14:51:28 2015"
        },
        {
            "title": "remove diagnoses from clinicial dashboard, add appointments, change columns",
            "flags": {
                "requestAppointments": "False"
            },
            "message": "remove diagnoses from clinicial dashboard, add appointments, change columns\n",
            "hash": "4d1f50efc9a6f2ccf7fb11db55088e62ec20a9c8",
            "author": "mogoodrich",
            "date": "Tue Jul 28 10:00:02 2015"
        },
        {
            "title": "remove my account feature toggle",
            "flags": {
                "myAccountFeature": "removed"
            },
            "message": "remove my account feature toggle\n",
            "hash": "76faa2b80933416d2f00d928d93f8cfc4ccca3d8",
            "author": "mogoodrich",
            "date": "Tue Jun 30 14:14:52 2015"
        },
        {
            "title": "UHM-2008: Support for Paper Record management in Core system",
            "flags": {
                "newCheckin": "False"
            },
            "message": "UHM-2008: Support for Paper Record management in Core system\n",
            "hash": "f3ad49b823103b133e9b5d7a5528784746a0879f",
            "author": "mogoodrich",
            "date": "Wed Jun 17 13:36:13 2015"
        },
        {
            "title": "UHM-1886: Integrate oncology form into app",
            "flags": {
                "oncologyNote": "False"
            },
            "message": "UHM-1886: Integrate oncology form into app\nUHM-2011: Enable new Registration module in Bamboo\n",
            "hash": "02dae7c10461d49679db7169631d466741f6cacf",
            "author": "mogoodrich",
            "date": "Fri Jun 12 07:22:37 2015"
        },
        {
            "title": "UHM-1964: App Framework not configured properly on initial startup",
            "flags": {
                "cdi": "removed"
            },
            "message": "UHM-1964: App Framework not configured properly on initial startup\n",
            "hash": "1df375c894aa35196c8252356b9dd87ae33df073",
            "author": "mogoodrich",
            "date": "Thu Jun 4 10:29:50 2015"
        },
        {
            "title": "no longer toggle appointment dashboard tab via request appointments feature",
            "flags": {
                "requestAppointments": "removed"
            },
            "message": "no longer toggle appointment dashboard tab via request appointments feature\n",
            "hash": "18cb0831ebfd7d921feb202fcc11e10e6ed2c99f",
            "author": "mogoodrich",
            "date": "Thu Apr 23 08:46:39 2015"
        },
        {
            "title": "UHM-1645: Remove CDI feature toggle once CDI is deployed",
            "flags": {
                "cdi": "False"
            },
            "message": "UHM-1645: Remove CDI feature toggle once CDI is deployed\n",
            "hash": "8fca5b281586d98b74afde77c35b810a4a2fe8c4",
            "author": "mogoodrich",
            "date": "Mon Mar 30 12:00:21 2015"
        },
        {
            "title": "Changes needed if we merge in the metadata-descriptors branch from mirebalaismetadata",
            "flags": {
                "cdi": "False"
            },
            "message": "Changes needed if we merge in the metadata-descriptors branch from mirebalaismetadata\n",
            "hash": "107cd5c896ef3f802898b86e618f63d64af50413",
            "author": "mseaton",
            "date": "Fri Mar 27 06:25:05 2015"
        },
        {
            "title": "updated wristband generator to include space between prefix and value for paper record identifier",
            "flags": {
                "cdi": "True"
            },
            "message": "updated wristband generator to include space between prefix and value for paper record identifier\n",
            "hash": "623c42c7b7053d230fc59f62af05cf2bcf802e3f",
            "author": "mogoodrich",
            "date": "Tue Jan 20 13:27:38 2015"
        },
        {
            "title": "add feature toggle for CDI sequential generator",
            "flags": {
                "cdi": "False"
            },
            "message": "add feature toggle for CDI sequential generator\n",
            "hash": "5252a7272b283e229d1484d53d1ccbc6effc7d15",
            "author": "mogoodrich",
            "date": "Tue Jan 20 06:54:25 2015"
        },
        {
            "title": "UHM-1747: CDI dossier numbers should be issued with the prefix \"CDI\"",
            "flags": {
                "cdi": "False"
            },
            "message": "UHM-1747: CDI dossier numbers should be issued with the prefix \"CDI\"\n",
            "hash": "7ccccc7cfdf4bf44a36a9961e243580b2f3c14bc",
            "author": "mogoodrich",
            "date": "Thu Jan 15 08:41:36 2015"
        },
        {
            "title": "refactored much of Mirebalais Activator into separate Setup classes",
            "flags": {
                "cdi": "False"
            },
            "message": "refactored much of Mirebalais Activator into separate Setup classes\n",
            "hash": "8e9e62aba37a5c7e32afb969c8c94bb0c629e14b",
            "author": "mogoodrich",
            "date": "Wed Nov 12 13:43:06 2014"
        },
        {
            "title": "added ability to customize welcome message and locations based on site",
            "flags": {
                "cdi": "False"
            },
            "message": "added ability to customize welcome message and locations based on site\n",
            "hash": "d08ecba38fd7706ee377398a915ba1575bcc269a",
            "author": "mogoodrich",
            "date": "Mon Nov 10 14:03:08 2014"
        },
        {
            "title": "added new Config class and base configs for mirebalais and clinic environments",
            "flags": {
                "deathNote": "False",
                "reporting_adHocAnalysis": "False",
                "requestAppointments": "False",
                "registerTestPatient": "False",
                "myAccountFeature": "False"
            },
            "message": "added new Config class and base configs for mirebalais and clinic environments\nrefactored app, extension and extension point constants\n",
            "hash": "9dedb3cfd4b5cd5b3cb8c3d3974344238791602d",
            "author": "mogoodrich",
            "date": "Wed Nov 5 12:41:49 2014"
        },
        {
            "title": "UHM-1639 :Add ability to configure what apps are enabled",
            "flags": {
                "deathNote": "False"
            },
            "message": "UHM-1639 :Add ability to configure what apps are enabled\nFinished first pass at configuring apps programmatically\n",
            "hash": "a5c2c2b0e1a52ec3b94a46de1bd6f203933592cf",
            "author": "mogoodrich",
            "date": "Mon Nov 3 12:43:36 2014"
        },
        {
            "title": "UHM-1639: Add ability to configure what apps are enabled",
            "flags": {
                "reporting_adHocAnalysis": "False"
            },
            "message": "UHM-1639: Add ability to configure what apps are enabled\nadded reports & other missing apps\n",
            "hash": "281ca05fda0a6bb2d5c905fae58d874ceae93b96",
            "author": "mogoodrich",
            "date": "Fri Oct 31 10:21:23 2014"
        },
        {
            "title": "UHM-1639: Add ability to configure what apps are enabled",
            "flags": {
                "deathNote": "False",
                "requestAppointments": "False",
                "registerTestPatient": "False",
                "myAccountFeature": "False"
            },
            "message": "UHM-1639: Add ability to configure what apps are enabled\nrefactoring into multiple files\n",
            "hash": "b7a674725352d8836db31a544814a3cd439300b8",
            "author": "mogoodrich",
            "date": "Thu Oct 30 14:50:19 2014"
        },
        {
            "title": "UHM-1639: Add ability to configure what apps are enabled",
            "flags": {
                "deathNote": "False",
                "requestAppointments": "False",
                "registerTestPatient": "False",
                "myAccountFeature": "False"
            },
            "message": "UHM-1639: Add ability to configure what apps are enabled\nrefactoring into multiple files\n",
            "hash": "dfa47b7ebefcc7c7e8c084d3b8fe9127421f82bd",
            "author": "mogoodrich",
            "date": "Thu Oct 30 14:40:31 2014"
        },
        {
            "title": "UHM-1575: Add Location hierarchy for CDI",
            "flags": {
                "cdi": "False"
            },
            "message": "UHM-1575: Add Location hierarchy for CDI\n",
            "hash": "284cfc522a196191571a1cc4670167d062db6fec",
            "author": "mogoodrich",
            "date": "Wed Oct 22 11:52:11 2014"
        },
        {
            "title": "UHM-1454: Remove \"newPatientSearchWidget\" feature toggle",
            "flags": {
                "newPatientSearchWidget": "removed"
            },
            "message": "UHM-1454: Remove \"newPatientSearchWidget\" feature toggle\n",
            "hash": "125e852307d6026955b25ed7c064e0682f089db2",
            "author": "mogoodrich",
            "date": "Fri Aug 29 10:46:00 2014"
        },
        {
            "title": "UHM-1460: Start a clinic visit, Dispensing Module and Capture Vitals app should use new patient search",
            "flags": {
                "newPatientSearchWidget": "False"
            },
            "message": "UHM-1460: Start a clinic visit, Dispensing Module and Capture Vitals app should use new patient search\nBug fix\n",
            "hash": "fcffad50272939d1b80c716775a0fa8b11716919",
            "author": "mogoodrich",
            "date": "Mon Jul 7 14:24:28 2014"
        },
        {
            "title": "UHM-1460: Start a clinic visit, Dispensing Module and Capture Vitals app should use new patient search",
            "flags": {
                "newPatientSearchWidget": "False"
            },
            "message": "UHM-1460: Start a clinic visit, Dispensing Module and Capture Vitals app should use new patient search\nChanged vitals and check in to use new search\n",
            "hash": "4cb9d5b0d8b6c5d3b8ed0eab6685471b4d013f13",
            "author": "mogoodrich",
            "date": "Thu Jul 3 14:07:38 2014"
        },
        {
            "title": "UHM-1445:New Patient Search--implement \"scan & select\" functionality we have with the old patient search",
            "flags": {
                "newPatientSearchWidget": "False"
            },
            "message": "UHM-1445:New Patient Search--implement \"scan & select\" functionality we have with the old patient search\n",
            "hash": "782a5d22ebba6bb3fc398b2658011b70f161370b",
            "author": "mogoodrich",
            "date": "Fri Jun 27 13:03:10 2014"
        },
        {
            "title": "UHM-1420: Replace patient search widget with latest one",
            "flags": {
                "newPatientSearchWidget": "False"
            },
            "message": "UHM-1420: Replace patient search widget with latest one\nUHM-904: Add the ability to hide the main patient search widget based on privileges\n",
            "hash": "e1ce2c1268d8c08d964fa5c7852c5fdb2114283a",
            "author": "mogoodrich",
            "date": "Thu Jun 26 12:26:58 2014"
        },
        {
            "title": "adding feature toggle to emergency checkin and giving archivist permission to use it",
            "flags": {
                "myAccountFeature": "removed"
            },
            "message": "adding feature toggle to emergency checkin and giving archivist permission to use it\n",
            "hash": "faede5634be4014fd6909cf926883f7eceaa9e36",
            "author": "Fernando Freire",
            "date": "Thu May 9 15:26:24 2013"
        },
        {
            "title": "#524 Small fix in hiding my account app",
            "flags": {
                "myAccountFeature": "False"
            },
            "message": "#524 Small fix in hiding my account app\n",
            "hash": "ef27a1abeb077f07572272605b925aadc0afddd4",
            "author": "rkorytkowski",
            "date": "Mon May 6 07:17:09 2013"
        },
        {
            "title": "Upgrade Mirebalais to use App Framework 2.0 - CARD-524",
            "flags": {
                "myAccountFeature": "False"
            },
            "message": "Upgrade Mirebalais to use App Framework 2.0 - CARD-524\n",
            "hash": "96c71da485dd1cb37706d8407eb026cbb0cbd9b7",
            "author": "wluyima",
            "date": "Wed Apr 24 17:42:07 2013"
        },
        {
            "title": "Undoing auto format changes",
            "flags": {
                "myAccountFeature": "False"
            },
            "message": "Undoing auto format changes",
            "hash": "f7acdd4313aee5b777492636f2c41046a62d993e",
            "author": "wluyima",
            "date": "Thu Apr 18 18:21:58 2013"
        },
        {
            "title": "Applying auto format changes",
            "flags": {
                "myAccountFeature": "False"
            },
            "message": "Applying auto format changes",
            "hash": "b576b89bed9a142a4669676bd0059387c67a4f2e",
            "author": "wluyima",
            "date": "Thu Apr 18 17:14:02 2013"
        },
        {
            "title": "#113 adding feature toogle for my account app",
            "flags": {
                "myAccountFeature": "False"
            },
            "message": "#113 adding feature toogle for my account app\n",
            "hash": "33c9ac56bd6b4699973c7e9c47a9509ef0101797",
            "author": "M\u00e1rio",
            "date": "Tue Mar 26 09:48:00 2013"
        }
    ]
}