{
    "date": "2019-12-20T17:57:47.685760",
    "commits": [
        {
            "title": "feature(Payment): add civica pay, success screen and feature toggle",
            "flags": {
                "CivicaPay": "True"
            },
            "message": "feature(Payment): add civica pay, success screen and feature toggle\n",
            "hash": "6298764b57a4f2fa5ea6e3949bd38beec1db647b",
            "author": "Elena Secara <elena.secara@stockport.gov.uk>",
            "date": "Thu Dec 19 06:50:22 2019"
        },
        {
            "title": "chore(toggles): set Newsroom to live in prod",
            "flags": {
                "Newsroom": "True"
            },
            "message": "chore(toggles): set Newsroom to live in prod\n",
            "hash": "4e350ffa243d0e370c6b8811b8c347dac32813fb",
            "author": "Colin Lees <colin.lees@stockport.gov.uk>",
            "date": "Thu Oct 10 06:53:24 2019"
        },
        {
            "title": "chore(feature-toggle): enable news and media homepage in stage and qa",
            "flags": {
                "Newsroom": "True"
            },
            "message": "chore(feature-toggle): enable news and media homepage in stage and qa\n",
            "hash": "2b4e76378bae055d017a829c75b23593d9cf64c4",
            "author": "Colin Lees <colin.lees@stockport.gov.uk>",
            "date": "Thu Oct 10 02:40:40 2019"
        },
        {
            "title": "chore(feature toggle): amend feature toggle for newsroom",
            "flags": {
                "Newsroom": "True"
            },
            "message": "chore(feature toggle): amend feature toggle for newsroom\n",
            "hash": "0405869d4aaf06b93afd8cd21d63caff06590e90",
            "author": "Colin Lees <colin.lees@stockport.gov.uk>",
            "date": "Thu Sep 19 03:27:55 2019"
        },
        {
            "title": "reafactor(Showcase): removed feature for semantic showcase",
            "flags": {
                "SemanticShowcase": "removed"
            },
            "message": "reafactor(Showcase): removed feature for semantic showcase\n",
            "hash": "c0fd16ba2d0374924e7c12e05f74fe4c00844b6e",
            "author": "Elliott Humphreys <elliott.humphreys@stockport.gov.uk>",
            "date": "Tue Feb 12 04:01:55 2019"
        },
        {
            "title": "feeature(Showcase): turning on semantic showcase toggle for stage",
            "flags": {
                "SemanticShowcase": "True"
            },
            "message": "feeature(Showcase): turning on semantic showcase toggle for stage\n",
            "hash": "b5b1a32915e999c18da916075b02adbd6133b2d0",
            "author": "Elliott Humphreys <elliott.humphreys@stockport.gov.uk>",
            "date": "Tue Feb 12 02:10:50 2019"
        },
        {
            "title": "chore(FeatureToggles): turned on ContactusArea in prod",
            "flags": {
                "ContactUsArea": "True"
            },
            "message": "chore(FeatureToggles): turned on ContactusArea in prod\n",
            "hash": "122f409c7493534dacf1e3984ade48924075d994",
            "author": "stephen.lally <stephen.lally.smbc@gmail.com>",
            "date": "Wed Feb 6 03:50:09 2019"
        },
        {
            "title": "revert(Showcase): Added the semantic showcase feature toggles back in",
            "flags": {
                "SemanticShowcase": "True"
            },
            "message": "revert(Showcase): Added the semantic showcase feature toggles back in\n",
            "hash": "afba7359aca75ad39e07b4e5097da1bc9047a7a0",
            "author": "Lydia Gray <lydia.gray@stockport.gov.uk>",
            "date": "Thu Jan 31 02:45:53 2019"
        },
        {
            "title": "refactor(Showcase): Removed feature toggles and added missing fields to Showcase model",
            "flags": {
                "SemanticShowcase": "removed"
            },
            "message": "refactor(Showcase): Removed feature toggles and added missing fields to Showcase model\n",
            "hash": "e89e3096354e55505ddc94518c6724114003518b",
            "author": "David Meek <david.meek@stockport.gov.uk>",
            "date": "Wed Jan 30 07:37:38 2019"
        },
        {
            "title": "fix(UI Tests): Fixed UI Tests related to Profile.",
            "flags": {
                "SemanticProfile": "removed"
            },
            "message": "fix(UI Tests): Fixed UI Tests related to Profile.\n",
            "hash": "47293833d63e108be0abfb8cd429bb80f0b59b26",
            "author": "Elliott Humphreys <elliott.humphreys@stockport.gov.uk>",
            "date": "Wed Jan 30 04:24:08 2019"
        },
        {
            "title": "Feature(Profile): Turned feature toggle on",
            "flags": {
                "SemanticProfile": "True"
            },
            "message": "Feature(Profile): Turned feature toggle on\n",
            "hash": "75c647ac01ccccefb95dfae4b02ea5c0d94991b6",
            "author": "Lydia Gray <lydia.gray@stockport.gov.uk>",
            "date": "Mon Jan 28 06:23:04 2019"
        },
        {
            "title": "feature(Showcase): Added ProfileHeading and ProfileLink to showcase models",
            "flags": {
                "SemanticLayout": "True",
                "SemanticProfile": "True",
                "SemanticInlineAlert": "True",
                "SemanticShowcase": "True"
            },
            "message": "feature(Showcase): Added ProfileHeading and ProfileLink to showcase models\n",
            "hash": "a259bfc7a2d31ff4b52b6442a59a93227257ef2d",
            "author": "David Meek <david.meek@stockport.gov.uk>",
            "date": "Tue Jan 22 05:09:25 2019"
        },
        {
            "title": "chore(FeatureToggles): Turned ContactusArea on in stage",
            "flags": {
                "ContactUsArea": "True"
            },
            "message": "chore(FeatureToggles): Turned ContactusArea on in stage\n",
            "hash": "22c157b06c601a4939a2bca029b6ea26bc6dadcf",
            "author": "stephen.lally <stephen.lally.smbc@gmail.com>",
            "date": "Wed Jan 16 03:44:17 2019"
        },
        {
            "title": "DYK Profile/Showcase changes WIP",
            "flags": {
                "SemanticShowcase": "True"
            },
            "message": "DYK Profile/Showcase changes WIP\n",
            "hash": "3af0afcc6ad3c5333724b43ce849d9f6a538d021",
            "author": "Josh Adesoba <josh.adesoba@stockport.gov.uk>",
            "date": "Thu Jan 10 09:41:57 2019"
        },
        {
            "title": "feature(Profile Semantic): Added js to html",
            "flags": {
                "SemanticInlineAlert": "True"
            },
            "message": "feature(Profile Semantic): Added js to html\n",
            "hash": "dedaa30c4c26e9e3af62e4f5e562fd65c33bebd7",
            "author": "David Meek <david.meek@stockport.gov.uk>",
            "date": "Tue Jan 8 07:16:49 2019"
        },
        {
            "title": "refactor(Profile): Added semantic view for Profiles and added SemanticProfile feature toggle",
            "flags": {
                "SemanticProfile": "True"
            },
            "message": "refactor(Profile): Added semantic view for Profiles and added SemanticProfile feature toggle\n",
            "hash": "65e3341a74b6848d75081facf716aaf7d5116902",
            "author": "Lydia Gray <lydia.gray@stockport.gov.uk>",
            "date": "Thu Jan 3 07:26:01 2019"
        },
        {
            "title": "Merge branch 'master' into dot-net-core-upgrade",
            "flags": {
                "ContactUsArea": "True",
                "GroupDetailsPage": "True"
            },
            "message": "Merge branch 'master' into dot-net-core-upgrade\n",
            "hash": "cff45d739df511fd2a11070a4dd8865f8903d1ff",
            "merge": "77d94f58 54f09ab6",
            "author": "Elliott Humphreys <elliott.humphreys@stockport.gov.uk>",
            "date": "Fri Dec 21 05:21:36 2018"
        },
        {
            "title": "fix(FeatureToggles): changed order to correctly apply override for qa",
            "flags": {
                "ContactUsArea": "True"
            },
            "message": "fix(FeatureToggles): changed order to correctly apply override for qa\n",
            "hash": "cf444b72066a1f23a8f7174359a4f7f90e32272c",
            "author": "stephen.lally <stephen.lally.smbc@gmail.com>",
            "date": "Thu Dec 20 01:56:29 2018"
        },
        {
            "title": "fixing merge conflicts",
            "flags": {
                "ContactUsArea": "True",
                "GroupDetailsPage": "True"
            },
            "message": "fixing merge conflicts\n",
            "hash": "d67b1c175230bacec506e9571852d189229888c2",
            "merge": "51369f45 325ac575",
            "author": "Elliott Humphreys <elliott.humphreys@stockport.gov.uk>",
            "date": "Wed Dec 19 01:43:10 2018"
        },
        {
            "title": "test(ContactUsArea): Aded controller test, Removed unused config",
            "flags": {
                "ContactUsArea": "True"
            },
            "message": "test(ContactUsArea): Aded controller test, Removed unused config\n",
            "hash": "5e5e550b9abfd49b65f797d5695e9e7820567004",
            "author": "stephen.lally <stephen.lally.smbc@gmail.com>",
            "date": "Mon Dec 17 09:50:51 2018"
        },
        {
            "title": "tests(UI Tests): added feature toggle for GroupDetailsPage for test env",
            "flags": {
                "GroupDetailsPage": "True"
            },
            "message": "tests(UI Tests): added feature toggle for GroupDetailsPage for test env\n",
            "hash": "68875714c485d7dbfc07bc3678d64bfd01c6523b",
            "author": "Lydia Gray <lydia.gray@stockport.gov.uk>",
            "date": "Thu Dec 13 02:31:04 2018"
        },
        {
            "title": "JonC featuretoggle semantic smart answers into prod",
            "flags": {
                "SemanticLayout": "True"
            },
            "message": "JonC featuretoggle semantic smart answers into prod\n",
            "hash": "70bfb1b29bbf0e81a3cb0d8616d3a8ddc6303c93",
            "author": "Jon Chiles <jonchiles@yahoo.com>",
            "date": "Thu Nov 1 02:39:32 2018"
        },
        {
            "title": "SimonE/StephenL created work on semantic for smart answers",
            "flags": {
                "SemanticLayout": "True"
            },
            "message": "SimonE/StephenL created work on semantic for smart answers\n",
            "hash": "cd498da188c3b53679e9e0aa550016db55c5554b",
            "author": "Simon Estill <simon.estill@stockport.gov.uk>",
            "date": "Mon Sep 24 09:23:31 2018"
        },
        {
            "title": "Lukasz/Colin/Mo - Set GroupArchiveEmails feature toggle to true.",
            "flags": {
                "GroupArchiveEmails": "True"
            },
            "message": "Lukasz/Colin/Mo - Set GroupArchiveEmails feature toggle to true.\n",
            "hash": "5e96d26114b5e09e472be38883ffc5d7ee555408",
            "author": "Lukasz Romerowicz <lukasz.romerowicz@stockport.gov.uk>",
            "date": "Wed Mar 7 05:29:59 2018"
        },
        {
            "title": "Zico - Feature toggles",
            "flags": {
                "SiaSystem": "removed"
            },
            "message": "Zico - Feature toggles\n",
            "hash": "c5ecfc9e2bca7687434f0b74ef1451e344ceb499",
            "author": "Zico Harris <zico.harris@stockport.gov.uk>",
            "date": "Mon Feb 19 08:41:22 2018"
        },
        {
            "title": "Zico - New groups features toggled on in prod",
            "flags": {
                "NameInHeader": "True",
                "EditGroupUploadImage": "True",
                "GroupDetailsPage": "True"
            },
            "message": "Zico - New groups features toggled on in prod\n",
            "hash": "fbb43ed0257274fd84766e6fc5d394aa45dc137a",
            "author": "Zico Harris <zico.harris@stockport.gov.uk>",
            "date": "Tue Feb 13 03:41:13 2018"
        },
        {
            "title": "JonC Feature Toggle around SIA views",
            "flags": {
                "SiaSystem": "True"
            },
            "message": "JonC Feature Toggle around SIA views\n",
            "hash": "9fde6933327a6267cd1d4172216b5b40e4f46009",
            "author": "Jon Chiles <jonchiles@yahoo.com>",
            "date": "Tue Feb 6 01:32:34 2018"
        },
        {
            "title": "Zico - Feature toggle - Group redesign on (stage)",
            "flags": {
                "GroupArchiveEmails": "True",
                "NameInHeader": "True",
                "EditGroupUploadImage": "True",
                "GroupDetailsPage": "True"
            },
            "message": "Zico - Feature toggle - Group redesign on (stage)\n",
            "hash": "49851062eecc75c566831e23569d85031b0d888e",
            "author": "Zico Harris <zico.harris@stockport.gov.uk>",
            "date": "Mon Jan 15 07:23:49 2018"
        },
        {
            "title": "Mohammed/Josh #235 Changes to the group page design",
            "flags": {
                "GroupDetailsPage": "True"
            },
            "message": "Mohammed/Josh #235 Changes to the group page design\n",
            "hash": "0eac64efb94eabdc137e1d14a516cd3cdc1e1bfe",
            "author": "Mohammed <mohammed.ntambiye@stockport.gov.uk>",
            "date": "Thu Jan 4 03:18:34 2018"
        },
        {
            "title": "Neil #224 - added image upload to edit group page",
            "flags": {
                "EditGroupUploadImage": "True"
            },
            "message": "Neil #224 - added image upload to edit group page\n",
            "hash": "59ac92467a6258548bcee0ec7dd67dcd8ac517e5",
            "author": "Neil Redfern <neil.redfern@stockport.gov.uk>",
            "date": "Wed Dec 20 07:57:32 2017"
        },
        {
            "title": "Neil #139 - added logged in name to the site header",
            "flags": {
                "NameInHeader": "True"
            },
            "message": "Neil #139 - added logged in name to the site header\n",
            "hash": "9d337ed96c1ad25688f5098525040ffa89070762",
            "author": "Neil Redfern <neil.redfern@stockport.gov.uk>",
            "date": "Wed Dec 13 07:57:35 2017"
        },
        {
            "title": "Neil - removed some feature toggles",
            "flags": {
                "MultiStepForm": "removed"
            },
            "message": "Neil - removed some feature toggles\n",
            "hash": "03b110375356e8e54f185ec3528681a6e1c6763b",
            "author": "Neil Redfern <neil.redfern@stockport.gov.uk>",
            "date": "Thu Dec 7 06:28:14 2017"
        },
        {
            "title": "harsha - healthystockportEvents and Multiforms turned on prod",
            "flags": {
                "MultiStepForm": "True"
            },
            "message": "harsha - healthystockportEvents and Multiforms turned on prod\n",
            "hash": "85463b490e48bfd83271d55b107cdc54ad818570",
            "author": "Harsha Reddy <harsha.reddy@stockport.gov.uk>",
            "date": "Thu Nov 23 02:46:30 2017"
        },
        {
            "title": "David/Gary #45 - Refactoring emails and adding group archive scheduluer",
            "flags": {
                "GroupArchiveEmails": "True",
                "MultiStepForm": "True"
            },
            "message": "David/Gary #45 - Refactoring emails and adding group archive scheduluer\n",
            "hash": "81daca265cb4f3e756d3cdfdcccf1611899e8e08",
            "merge": "5e389dae a0e6d803",
            "author": "davidmeekstockport <david.meek@stockport.gov.uk>",
            "date": "Mon Nov 20 08:20:58 2017"
        },
        {
            "title": "Gary/David #45 refactor to use httpemailclient",
            "flags": {
                "GroupArchiveEmails": "True"
            },
            "message": "Gary/David #45 refactor to use httpemailclient\n",
            "hash": "5e389dae6f1584d8236a4f8ad6b4cdc610020f4a",
            "author": "Gary Holland <gary.holland@stockport.gov.uk>",
            "date": "Mon Nov 20 08:13:26 2017"
        },
        {
            "title": "Harsha - HealthyStockportHomepageEvents & MultiStepForm toggled on stage.",
            "flags": {
                "MultiStepForm": "True"
            },
            "message": "Harsha - HealthyStockportHomepageEvents & MultiStepForm toggled on stage.\n",
            "hash": "0757b19a8446431129d8aeab5d13a3fdff035a2c",
            "author": "Harsha Reddy <harsha.reddy@stockport.gov.uk>",
            "date": "Mon Nov 20 03:12:05 2017"
        },
        {
            "title": "Neil/Gary #134 - added a feature toggle",
            "flags": {
                "MultiStepForm": "True"
            },
            "message": "Neil/Gary #134 - added a feature toggle\n",
            "hash": "8609af682d3c90db07ee99966c5548cd192f5e9c",
            "author": "Neil Redfern <neil.redfern@stockport.gov.uk>",
            "date": "Wed Nov 15 04:41:13 2017"
        },
        {
            "title": "David/JonC #1324 - Removed feature toggles",
            "flags": {
                "AccessibleTransport": "removed"
            },
            "message": "David/JonC #1324 - Removed feature toggles\n",
            "hash": "d0e081f3d83a0c394b4a23fadc3fcd1ffab35027",
            "author": "davidmeekstockport <david.meek@stockport.gov.uk>",
            "date": "Tue Oct 24 05:45:37 2017"
        },
        {
            "title": "David/JonC #1324 - Removed feature toggles",
            "flags": {
                "ShowcaseRedesign": "removed"
            },
            "message": "David/JonC #1324 - Removed feature toggles\n",
            "hash": "e21bfca005a26a57282f9b66d385023a10055429",
            "author": "davidmeekstockport <david.meek@stockport.gov.uk>",
            "date": "Tue Oct 24 04:10:32 2017"
        },
        {
            "title": "Harsha - Accessibility transport toggled on prod.",
            "flags": {
                "AccessibleTransport": "True"
            },
            "message": "Harsha - Accessibility transport toggled on prod.\n",
            "hash": "1a0cb52754f4df2791b10cd16de13ccd93e11fd8",
            "author": "Harsha Reddy <harsha.reddy@stockport.gov.uk>",
            "date": "Fri Sep 29 02:26:33 2017"
        },
        {
            "title": "Mohammed/Raj #1111 - Fixing unit tests",
            "flags": {
                "AccessibleTransport": "True"
            },
            "message": "Mohammed/Raj #1111 - Fixing unit tests\n",
            "hash": "13aa9893676a448d45c29a2b81da97604cdc9ef2",
            "author": "Mohammed <mohammed.ntambiye@stockport.gov.uk>",
            "date": "Tue Sep 26 00:52:04 2017"
        },
        {
            "title": " Mohammed/David  #1111 Add accessible transport options to maps on group details page",
            "flags": {
                "AccessibleTransport": "True"
            },
            "message": " Mohammed/David  #1111 Add accessible transport options to maps on group details page\n",
            "hash": "03313a17e18f957e3417a7b9bb75c17b28685c45",
            "author": "Mohammed <mohammed.ntambiye@stockport.gov.uk>",
            "date": "Mon Sep 25 09:00:12 2017"
        },
        {
            "title": "harsha - showcase feature toggled on prod",
            "flags": {
                "ShowcaseRedesign": "True"
            },
            "message": "harsha - showcase feature toggled on prod\n",
            "hash": "c52b00c10f65192c7298e3ab2e1671ef64bb8eb2",
            "author": "Harsha Reddy <harsha.reddy@stockport.gov.uk>",
            "date": "Wed Sep 20 02:56:50 2017"
        },
        {
            "title": "new group homepage toggled on prod",
            "flags": {
                "ShowcaseRedesign": "True"
            },
            "message": "new group homepage toggled on prod\n",
            "hash": "8701d58564ce5e0ed5bc825e160d00ab52750503",
            "author": "Harsha Reddy <harsha.reddy@stockport.gov.uk>",
            "date": "Fri Sep 15 01:56:57 2017"
        },
        {
            "title": "Merge branch 'master' of github.com:smbc-digital/iag-webapp",
            "flags": {
                "NewHomepageLayout": "removed",
                "PrimaryItems": "removed",
                "DisplayNewEventPageFeatures": "removed"
            },
            "message": "Merge branch 'master' of github.com:smbc-digital/iag-webapp\n",
            "hash": "aba3e739c8f2d74638a39b83d4ca3ce669607bcd",
            "merge": "9d7d7e58 726a91f1",
            "author": "Raj Paili <raj.paili@stockport.gov.uk>",
            "date": "Fri Sep 15 00:50:50 2017"
        },
        {
            "title": "Mohammed/Raj #1217 Removed feature toggles-NewHomepageLayout, DisplayNewEventPageFeatures & Primaryitems",
            "flags": {
                "NewHomepageLayout": "removed",
                "PrimaryItems": "removed",
                "DisplayNewEventPageFeatures": "removed"
            },
            "message": "Mohammed/Raj #1217 Removed feature toggles-NewHomepageLayout, DisplayNewEventPageFeatures & Primaryitems\n",
            "hash": "9d7d7e58893b32a2bf61df12ad35f0c12ff96833",
            "author": "Raj Paili <raj.paili@stockport.gov.uk>",
            "date": "Fri Sep 15 00:46:23 2017"
        },
        {
            "title": "David/Stephen #1222 - Added primary items to showcase",
            "flags": {
                "ShowcaseRedesign": "True"
            },
            "message": "David/Stephen #1222 - Added primary items to showcase\n",
            "hash": "7341f9efd33542dc5678e7f3e306c083828b3d9c",
            "author": "davidmeekstockport <david.meek@stockport.gov.uk>",
            "date": "Wed Sep 13 06:14:32 2017"
        },
        {
            "title": "harsha - new event page/smart answers toggled on prod",
            "flags": {
                "DisplayNewEventPageFeatures": "True"
            },
            "message": "harsha - new event page/smart answers toggled on prod\n",
            "hash": "7631293c22a8df2b80a4e681ce28269d99a44093",
            "author": "Harsha Reddy <harsha.reddy@stockport.gov.uk>",
            "date": "Thu Aug 24 03:15:27 2017"
        },
        {
            "title": "harsha - Group favourites, smart answers toggled on stage",
            "flags": {
                "NewHomepageLayout": "True",
                "DisplayNewEventPageFeatures": "False"
            },
            "message": "harsha - Group favourites, smart answers toggled on stage\n",
            "hash": "c433baeddf5fe4d6b5ffe3747a374b6b97899396",
            "author": "Harsha Reddy <harsha.reddy@stockport.gov.uk>",
            "date": "Tue Aug 22 03:34:44 2017"
        },
        {
            "title": "#1169 Nick / Raj - Removes ExportGroupEventsToCalendar and EditGroupWYSIWYG Feature Toggles",
            "flags": {
                "NewHomepageLayout": "True",
                "EditGroupWYSIWYG": "removed",
                "DisplayNewEventPageFeatures": "False",
                "ExportGroupEventsToCalendar": "removed"
            },
            "message": "#1169 Nick / Raj - Removes ExportGroupEventsToCalendar and EditGroupWYSIWYG Feature Toggles\n",
            "hash": "7ee49db3376963d1805e8bdc11c459e6d0b5566a",
            "author": "Raj Paili <raj.paili@stockport.gov.uk>",
            "date": "Fri Aug 18 07:13:47 2017"
        },
        {
            "title": "1073 Mohammed/Rajj -Removing feature toggles for groupManagement, manageYourGroupButton and contactUsIds",
            "flags": {
                "ContactUsIds": "removed",
                "GroupManagement": "removed",
                "ManageYourGroupButton": "removed"
            },
            "message": "1073 Mohammed/Rajj -Removing feature toggles for groupManagement, manageYourGroupButton and contactUsIds\n",
            "hash": "976592d20a288fc1a47f353a2acacabe96861f80",
            "author": "Mohammed <mohammed.ntambiye@stockport.gov.uk>",
            "date": "Thu Aug 3 07:07:50 2017"
        },
        {
            "title": "Neil - fixed feature toggles",
            "flags": {
                "DisplayNewEventPageFeatures": "True"
            },
            "message": "Neil - fixed feature toggles\n",
            "hash": "13653192acf0b0bbeae8b870dd2af104a29c279e",
            "author": "Neil Redfern <neil.redfern@stockport.gov.uk>",
            "date": "Fri Jul 28 08:11:08 2017"
        },
        {
            "title": "Stephen/David - new branch",
            "flags": {
                "DisplayNewEventPageFeatures": "True"
            },
            "message": "Stephen/David - new branch\n",
            "hash": "655cbb348387e9ac9e8b64df53fb7b59f83ce60b",
            "author": "Stephen Lally <stephen.lally@stockport.gov.uk>",
            "date": "Fri Jul 28 08:06:23 2017"
        },
        {
            "title": "Zico - feature toggle neweventfeatures true on stage",
            "flags": {
                "PrimaryItems": "True",
                "ExportGroupEventsToCalendar": "removed",
                "DisplayNewEventPageFeatures": "True"
            },
            "message": "Zico - feature toggle neweventfeatures true on stage\n",
            "hash": "d67ba2c37caa0325a729f2094d9f0fefb32a6cc8",
            "author": "zico.harris <zico.harris@stockport.gov.uk>",
            "date": "Fri Jul 28 04:05:16 2017"
        },
        {
            "title": "David #1094 - Added javascript for refine by bar",
            "flags": {
                "DisplayNewEventPageFeatures": "True"
            },
            "message": "David #1094 - Added javascript for refine by bar\n",
            "hash": "7435856009bd7f2234e37dc7f97b35b12b499d74",
            "author": "davidmeekstockport <david.meek@stockport.gov.uk>",
            "date": "Wed Jul 26 07:10:14 2017"
        },
        {
            "title": "David #1094 - Added drop down boxes to refine bar",
            "flags": {
                "DisplayNewEventPageFeatures": "False"
            },
            "message": "David #1094 - Added drop down boxes to refine bar\n",
            "hash": "6a36fbd4c0c24f8233825061a7f14688fafdc1ae",
            "author": "davidmeekstockport <david.meek@stockport.gov.uk>",
            "date": "Wed Jul 26 05:55:50 2017"
        },
        {
            "title": "Toggling event features back on for int",
            "flags": {
                "DisplayNewEventPageFeatures": "True"
            },
            "message": "Toggling event features back on for int\n",
            "hash": "bfc00783685ee4c26d7d44a6c16485055e8078fc",
            "author": "Nick Lewis <nicholaslewis@hotmail.com>",
            "date": "Tue Jul 25 01:13:00 2017"
        },
        {
            "title": "Raj/Stephen #1093 FeatureToggle for SmartAnswers",
            "flags": {
                "DisplayNewEventPageFeatures": "False"
            },
            "message": "Raj/Stephen #1093 FeatureToggle for SmartAnswers\n",
            "hash": "00f56e883706e652c334a425a5beeb341c12e207",
            "author": "Stephen Lally <stephen.lally@stockport.gov.uk>",
            "date": "Fri Jul 21 02:41:54 2017"
        },
        {
            "title": "#1084 Nick / Mohammed New events search filter bar",
            "flags": {
                "ExportGroupToPdf": "removed",
                "NewHomepageLayout": "True",
                "EditGroupWYSIWYG": "True",
                "ExportGroupEventsToCalendar": "True",
                "DisplayNewEventPageFeatures": "True",
                "PrimaryItems": "removed"
            },
            "message": "#1084 Nick / Mohammed New events search filter bar\n",
            "hash": "26feb513e39645ac8733bc6866ddefd70fee6ba9",
            "merge": "e1cb107f 7535fc8b",
            "author": "Mohammed <mohammed.ntambiye@stockport.gov.uk>",
            "date": "Thu Jul 20 07:31:09 2017"
        },
        {
            "title": "#1084 Nick / Mohammed New events search filter bar",
            "flags": {
                "DisplayNewEventPageFeatures": "True"
            },
            "message": "#1084 Nick / Mohammed New events search filter bar\n",
            "hash": "e1cb107fc7a80559a71e73ef578cbf26dae0a890",
            "author": "Mohammed <mohammed.ntambiye@stockport.gov.uk>",
            "date": "Thu Jul 20 07:25:19 2017"
        },
        {
            "title": "#1081 Raj Removed exportGroupToPdf from feature toggles",
            "flags": {
                "ExportGroupToPdf": "removed"
            },
            "message": "#1081 Raj Removed exportGroupToPdf from feature toggles\n",
            "hash": "9a13ddcfd335a43eaac2c80034aab7ddee59f64e",
            "author": "Raj Paili <raj.paili@stockport.gov.uk>",
            "date": "Wed Jul 19 05:52:41 2017"
        },
        {
            "title": "harsha homepage, wysiwyg, primary items features toggled on prod",
            "flags": {
                "NewHomepageLayout": "True",
                "EditGroupWYSIWYG": "True",
                "ExportGroupEventsToCalendar": "True",
                "PrimaryItems": "removed"
            },
            "message": "harsha homepage, wysiwyg, primary items features toggled on prod\n",
            "hash": "565c43051066efb8a447fe7669dae710e4474ddd",
            "author": "Harsha Reddy <harsha.reddy@stockport.gov.uk>",
            "date": "Tue Jul 18 01:17:22 2017"
        },
        {
            "title": "Zico - Toggle PrimaryItems to true on stage",
            "flags": {
                "PrimaryItems": "True"
            },
            "message": "Zico - Toggle PrimaryItems to true on stage\n",
            "hash": "bd3cd73aca007b72a68e259f88b1f7d27fae94b1",
            "author": "zico.harris <zico.harris@stockport.gov.uk>",
            "date": "Fri Jul 14 02:49:56 2017"
        },
        {
            "title": "Zico - Toggle NewHomepageLayout to true on stage",
            "flags": {
                "NewHomepageLayout": "True"
            },
            "message": "Zico - Toggle NewHomepageLayout to true on stage\n",
            "hash": "75fa78559b6c1ee02b976425c393b031a244fffa",
            "author": "zico.harris <zico.harris@stockport.gov.uk>",
            "date": "Thu Jul 13 03:25:23 2017"
        },
        {
            "title": "fixed merge conflict",
            "flags": {
                "ExportGroupEventsToCalendar": "True"
            },
            "message": "fixed merge conflict\n",
            "hash": "32509a5d1edb6c29ef71772653f9e53157f7ecfa",
            "author": "Raj Paili <raj.paili@stockport.gov.uk>",
            "date": "Wed Jul 12 08:10:05 2017"
        },
        {
            "title": "merge fix",
            "flags": {
                "PrimaryItems": "True"
            },
            "message": "merge fix\n",
            "hash": "80dda3a4db9819c631b029a0b0be5ba668e71cb8",
            "author": "Gary Holland <gary.holland@stockport.gov.uk>",
            "date": "Wed Jul 12 01:57:31 2017"
        },
        {
            "title": "harsha - new homepage design toggled off in QA",
            "flags": {
                "NewHomepageLayout": "True"
            },
            "message": "harsha - new homepage design toggled off in QA\n",
            "hash": "24e27ce482c9d1673a0577813ec1a9b4c34c8ed7",
            "author": "unknown <harsha.reddy@131446L.stockport.gov.uk>",
            "date": "Wed Jul 12 01:56:15 2017"
        },
        {
            "title": "1040 Nick / Jay New homepage design",
            "flags": {
                "NewHomepageLayout": "True",
                "EditGroupWYSIWYG": "True"
            },
            "message": "1040 Nick / Jay New homepage design\n",
            "hash": "24ef20dc3c49920cdd4337d4ee804f58387822b8",
            "merge": "6aeecbc7 5d66f8cd",
            "author": "Nick Lewis <nicholaslewis@hotmail.com>",
            "date": "Mon Jul 10 09:01:46 2017"
        },
        {
            "title": "1040 Nick / Jay New homepage design",
            "flags": {
                "NewHomepageLayout": "True"
            },
            "message": "1040 Nick / Jay New homepage design\n",
            "hash": "6aeecbc7fb3334bc8a9d9477baf3a41caf8c72a6",
            "author": "Nick Lewis <nicholaslewis@hotmail.com>",
            "date": "Mon Jul 10 08:58:29 2017"
        },
        {
            "title": "Mo/Gary 985 feature Toggles Editer",
            "flags": {
                "EditGroupWYSIWYG": "True"
            },
            "message": "Mo/Gary 985 feature Toggles Editer\n",
            "hash": "5d66f8cdb6e0fb2800324209b67eee2a07218a94",
            "author": "Gary Holland <gary.holland@stockport.gov.uk>",
            "date": "Mon Jul 10 04:22:26 2017"
        },
        {
            "title": "Harsha - GroupManagement, ManageYourGroupButton toggled on prod",
            "flags": {
                "GroupManagement": "True",
                "ManageYourGroupButton": "True"
            },
            "message": "Harsha - GroupManagement, ManageYourGroupButton toggled on prod\n",
            "hash": "9422b3f9b8c185282f6c8a3472251af85a8878f1",
            "author": "unknown <harsha.reddy@131446L.stockport.gov.uk>",
            "date": "Tue Jul 4 01:45:03 2017"
        },
        {
            "title": "#1024 - removing feature toggles and fixing bug in manage groups displaying wrong permissions",
            "flags": {
                "GroupsAutoCompleteLocation": "removed",
                "ShowcaseConsultations": "removed"
            },
            "message": "#1024 - removing feature toggles and fixing bug in manage groups displaying wrong permissions\n",
            "hash": "cf2f1db60740c1f14db5d99054452582c231ab2b",
            "author": "Nick Lewis <nick.lewis@stockport.gov.uk>",
            "date": "Mon Jul 3 06:15:45 2017"
        },
        {
            "title": "harsha - ExportGroupToPdf toggled on prod",
            "flags": {
                "ExportGroupToPdf": "True"
            },
            "message": "harsha - ExportGroupToPdf toggled on prod\n",
            "hash": "f0db50dcc62dae5d8bcb8a57839cb3fcefc18426",
            "author": "unknown <harsha.reddy@131446L.stockport.gov.uk>",
            "date": "Fri Jun 30 04:04:17 2017"
        },
        {
            "title": "harsha - contact-us ids toggled on prod.",
            "flags": {
                "ContactUsIds": "True"
            },
            "message": "harsha - contact-us ids toggled on prod.\n",
            "hash": "2e03755b3e08beb24ec0ecef18c1bf37e72fa0b1",
            "author": "unknown <harsha.reddy@131446L.stockport.gov.uk>",
            "date": "Wed Jun 28 07:27:08 2017"
        },
        {
            "title": "harsha - export to PDF toggled on stage.",
            "flags": {
                "ExportGroupToPdf": "True"
            },
            "message": "harsha - export to PDF toggled on stage.\n",
            "hash": "66d4a5819fbf51855cb7b4df487003ad977f3213",
            "author": "unknown <harsha.reddy@131446L.stockport.gov.uk>",
            "date": "Mon Jun 26 03:40:23 2017"
        },
        {
            "title": "harsha - ShowcaseConsultations:true on prod",
            "flags": {
                "ShowcaseConsultations": "True"
            },
            "message": "harsha - ShowcaseConsultations:true on prod\n",
            "hash": "da31445540688486827068b2a807832652c358be",
            "author": "harsha.reddy <harsha.reddy@stockport.gov.uk>",
            "date": "Wed Jun 7 08:11:41 2017"
        },
        {
            "title": "harsha - GroupexporttoPdf feature turned on QA",
            "flags": {
                "ExportGroupToPdf": "True"
            },
            "message": "harsha - GroupexporttoPdf feature turned on QA\n",
            "hash": "c1694a499500ce274804a65bfd3bc825818de09a",
            "author": "harsha.reddy <harsha.reddy@stockport.gov.uk>",
            "date": "Wed Jun 7 06:06:59 2017"
        },
        {
            "title": "harsha - ShowcaseConsultations feature toggled on stage",
            "flags": {
                "ShowcaseConsultations": "True",
                "ContactUsIds": "True"
            },
            "message": "harsha - ShowcaseConsultations feature toggled on stage\n",
            "hash": "919df58422649c44533b6f6d069813760fdd5471",
            "author": "harsha.reddy <harsha.reddy@stockport.gov.uk>",
            "date": "Mon Jun 5 07:43:41 2017"
        },
        {
            "title": "Neil #886 - added feature toggle and download as pdf button",
            "flags": {
                "ExportGroupToPdf": "True"
            },
            "message": "Neil #886 - added feature toggle and download as pdf button\n",
            "hash": "f2bf7649371400f31cf4bfd7179cc0181d561dbc",
            "author": "Neil Redfern <neil.redfern@stockport.gov.uk>",
            "date": "Fri Jun 2 08:23:47 2017"
        },
        {
            "title": "#970 David / Nick Adding consultations to Showcases after conflict",
            "flags": {
                "ShowcaseConsultations": "True",
                "ContactUsIds": "True"
            },
            "message": "#970 David / Nick Adding consultations to Showcases after conflict\n",
            "hash": "a0bb38d265bf1796e64c2027cb3e8438c3967d85",
            "merge": "d3a1087d e1353c11",
            "author": "Nick Lewis <nick.lewis@stockport.gov.uk>",
            "date": "Thu Jun 1 02:25:35 2017"
        },
        {
            "title": "#970 David / Nick Adding consultations to Showcases",
            "flags": {
                "ShowcaseConsultations": "True"
            },
            "message": "#970 David / Nick Adding consultations to Showcases\n",
            "hash": "d3a1087d513a42ddfcd29f5d789fa6afb4fd53ae",
            "author": "Nick Lewis <nick.lewis@stockport.gov.uk>",
            "date": "Thu Jun 1 02:24:29 2017"
        },
        {
            "title": "#968 Raj/Gary Refactored forms to remove email ids",
            "flags": {
                "ContactUsIds": "True"
            },
            "message": "#968 Raj/Gary Refactored forms to remove email ids\n",
            "hash": "e1353c110f365c8a4b1c29c9ad3231397214d628",
            "author": "Gary Holland <gary.holland@stockport.gov.uk>",
            "date": "Wed May 31 08:52:26 2017"
        },
        {
            "title": "Harsha GroupManagement,ManageYourGroup features toggled in stage",
            "flags": {
                "GroupManagement": "True",
                "ManageYourGroupButton": "True"
            },
            "message": "Harsha GroupManagement,ManageYourGroup features toggled in stage\n",
            "hash": "61c63199d796b32dc368a5aefe3557da59872558",
            "author": "harsha.reddy <harsha.reddy@stockport.gov.uk>",
            "date": "Tue May 30 02:10:11 2017"
        },
        {
            "title": "harsha - groupsLocationautocomplete feature toggled on prod",
            "flags": {
                "GroupsAutoCompleteLocation": "True"
            },
            "message": "harsha - groupsLocationautocomplete feature toggled on prod\n",
            "hash": "eed9fd07d85ec1f9205e12031849dbf8246c4642",
            "author": "harsha.reddy <harsha.reddy@stockport.gov.uk>",
            "date": "Thu May 25 05:56:45 2017"
        },
        {
            "title": "#963 Added manage your group section",
            "flags": {
                "ManageYourGroupButton": "True",
                "GroupsAutoCompleteLocation": "True"
            },
            "message": "#963 Added manage your group section\n",
            "hash": "40ef638cec47821c6acd967e0341706a92bd7ea3",
            "author": "Raj Paili <raj.paili@stockport.gov.uk>",
            "date": "Wed May 24 08:47:54 2017"
        },
        {
            "title": "#947 Nick / Gary Create group management view and route with feature toggle",
            "flags": {
                "GroupsAutoCompleteLocation": "False",
                "GroupManagement": "True"
            },
            "message": "#947 Nick / Gary Create group management view and route with feature toggle\n",
            "hash": "3fd7821a8be45a53fc5fb3c2af4a1720d0b20a5c",
            "author": "Nick Lewis <nick.lewis@stockport.gov.uk>",
            "date": "Wed May 24 05:45:38 2017"
        },
        {
            "title": "Zico - GroupsAutoCompleteLocation feature toggled on prod",
            "flags": {
                "GroupsAutoCompleteLocation": "True"
            },
            "message": "Zico - GroupsAutoCompleteLocation feature toggled on prod\n",
            "hash": "85c44c78d1b17b15278e0e2ea53504285617c34f",
            "author": "Zico Harris <zico.harris@stockport.gov.uk>",
            "date": "Wed May 24 03:43:15 2017"
        },
        {
            "title": "#942 Nick/Gary Removed feature toggles from code",
            "flags": {
                "TopicPageImages": "removed",
                "SinglePayment": "removed",
                "HSFooter": "removed",
                "GroupButtonOnHomePage": "removed",
                "GroupsAutoCompleteLocation": "True"
            },
            "message": "#942 Nick/Gary Removed feature toggles from code\n",
            "hash": "2d8c4a2eb40fc1cda6490a1fbf153e9f2a7797e5",
            "author": "Nick Lewis <nick.lewis@stockport.gov.uk>",
            "date": "Tue May 23 06:39:45 2017"
        },
        {
            "title": "harsha - GroupsAutoCompleteLocation true on stage",
            "flags": {
                "GroupsAutoCompleteLocation": "True"
            },
            "message": "harsha - GroupsAutoCompleteLocation true on stage\n",
            "hash": "eb785725e2e976eb3f05eeee622d45935d7e1e1c",
            "author": "harsha.reddy <harsha.reddy@stockport.gov.uk>",
            "date": "Tue May 23 06:27:21 2017"
        },
        {
            "title": "Neil - fixed conflicts",
            "flags": {
                "GroupButtonOnHomePage": "True",
                "GroupsAutoCompleteLocation": "True"
            },
            "message": "Neil - fixed conflicts\n",
            "hash": "a0c760942cbc2faf267c330e88317846adfed3a9",
            "merge": "29010e33 9b45145d",
            "author": "Neil Redfern <neil.redfern@stockport.gov.uk>",
            "date": "Thu May 18 07:38:35 2017"
        },
        {
            "title": "harsha- homepageGroupButton toggled on prod",
            "flags": {
                "GroupButtonOnHomePage": "True"
            },
            "message": "harsha- homepageGroupButton toggled on prod\n",
            "hash": "49ba8fc4bffadb4889339ef791a70223ac44dd87",
            "author": "harsha.reddy <harsha.reddy@stockport.gov.uk>",
            "date": "Thu May 18 07:31:03 2017"
        },
        {
            "title": "Neil - #916 - merged primary filter into one reponsive html and css filter",
            "flags": {
                "GroupsAutoCompleteLocation": "True"
            },
            "message": "Neil - #916 - merged primary filter into one reponsive html and css filter\n",
            "hash": "29010e330f5cfaab0c253539776b2b2f27178b64",
            "author": "Neil Redfern <neil.redfern@stockport.gov.uk>",
            "date": "Thu May 18 07:30:32 2017"
        },
        {
            "title": "Neil - toggled off location search",
            "flags": {
                "GroupsAutoCompleteLocation": "False"
            },
            "message": "Neil - toggled off location search\n",
            "hash": "57e759920de507ec7727956f8e1ff50d70e13606",
            "author": "Neil Redfern <neil.redfern@stockport.gov.uk>",
            "date": "Thu May 18 02:48:04 2017"
        },
        {
            "title": "Neil #916 - added group location search atuo complete to desktop and feature toggle",
            "flags": {
                "GroupButtonOnHomePage": "False",
                "GroupsAutoCompleteLocation": "True"
            },
            "message": "Neil #916 - added group location search atuo complete to desktop and feature toggle\n",
            "hash": "b22e086218f5d016f189c2231170bd7b19743dfd",
            "author": "Neil Redfern <neil.redfern@stockport.gov.uk>",
            "date": "Tue May 16 09:19:40 2017"
        },
        {
            "title": "Neil #931 - removed various groups feature toggles",
            "flags": {
                "GroupStartPage": "removed",
                "GroupResultsPage": "removed",
                "GroupBreadCrumb": "removed",
                "GroupPrimaryFilter": "removed"
            },
            "message": "Neil #931 - removed various groups feature toggles\n",
            "hash": "ed8ea494e213dc39463b38b250ba2b006a692f06",
            "author": "Neil Redfern <neil.redfern@stockport.gov.uk>",
            "date": "Tue May 9 07:12:16 2017"
        },
        {
            "title": "Harsha HS footer feature toggled on stage",
            "flags": {
                "HSFooter": "True"
            },
            "message": "Harsha HS footer feature toggled on stage\n",
            "hash": "5a3cebd216cda8405661a6bc104edc3760209152",
            "author": "harsha.reddy <harsha.reddy@stockport.gov.uk>",
            "date": "Tue May 2 01:47:00 2017"
        },
        {
            "title": "harsha HS footer toggled on stage",
            "flags": {
                "HSFooter": "True"
            },
            "message": "harsha HS footer toggled on stage\n",
            "hash": "5a5c6532265c600141210b5fcd77369113e737a5",
            "author": "harsha.reddy <harsha.reddy@stockport.gov.uk>",
            "date": "Thu Apr 27 05:48:15 2017"
        },
        {
            "title": "gary toggle primary filter on for prod and update google api key",
            "flags": {
                "GroupPrimaryFilter": "True"
            },
            "message": "gary toggle primary filter on for prod and update google api key\n",
            "hash": "a6c9fc8020e97e036dfc315b93a831eca786eec0",
            "author": "Gary Holland <gary.holland@stockport.gov.uk>",
            "date": "Wed Apr 26 01:17:11 2017"
        },
        {
            "title": "gary 878 made healthy stockport footer content-managed",
            "flags": {
                "HSFooter": "True"
            },
            "message": "gary 878 made healthy stockport footer content-managed\n",
            "hash": "2313afb4ef44904b14aa99269618d2e8b1ec721f",
            "author": "Gary Holland <gary.holland@stockport.gov.uk>",
            "date": "Tue Apr 25 06:38:35 2017"
        },
        {
            "title": "Harsha - groups filter toggled on stage",
            "flags": {
                "GroupPrimaryFilter": "True"
            },
            "message": "Harsha - groups filter toggled on stage\n",
            "hash": "2e1405878b595d26c55c332d0e9f6c2dc515673e",
            "author": "harsha.reddy <harsha.reddy@stockport.gov.uk>",
            "date": "Tue Apr 25 00:47:09 2017"
        },
        {
            "title": "harsha - groupPrimaryFiler toggled on QA env.",
            "flags": {
                "GroupPrimaryFilter": "True"
            },
            "message": "harsha - groupPrimaryFiler toggled on QA env.\n",
            "hash": "5d43171bd90c180f842e46ae063df17fcbde30f3",
            "author": "unknown <harsha.reddy@131446L.stockport.gov.uk>",
            "date": "Thu Apr 20 05:17:00 2017"
        },
        {
            "title": "gary/raj #851 added feature toggle",
            "flags": {
                "GroupPrimaryFilter": "True"
            },
            "message": "gary/raj #851 added feature toggle\n",
            "hash": "62d3f88988b6d72b34755149c0a6bd4043566412",
            "author": "Gary Holland <gary.holland@stockport.gov.uk>",
            "date": "Thu Apr 13 03:00:06 2017"
        },
        {
            "title": "Harsha - groups start page, breadcrumb,results toggled on prod",
            "flags": {
                "GroupStartPage": "removed",
                "GroupResultsPage": "removed",
                "GroupBreadCrumb": "removed"
            },
            "message": "Harsha - groups start page, breadcrumb,results toggled on prod\n",
            "hash": "3e9185cceca9fa7dbe3151a9515dfcada78ce474",
            "author": "unknown <harsha.reddy@131446L.stockport.gov.uk>",
            "date": "Tue Apr 11 01:20:23 2017"
        },
        {
            "title": "#867 SimonE/Raj Added breadcrumbs to a group detail page",
            "flags": {
                "GroupBreadCrumb": "True"
            },
            "message": "#867 SimonE/Raj Added breadcrumbs to a group detail page\n",
            "hash": "9fbaade96a3ccdde7b3e874a20511a9dade1d1ad",
            "author": "Raj Paili <raj.paili@stockport.gov.uk>",
            "date": "Fri Apr 7 07:29:21 2017"
        },
        {
            "title": "Harsha - GroupStartPage ,GroupResultsPage toggled on stage.",
            "flags": {
                "GroupStartPage": "True",
                "GroupResultsPage": "True"
            },
            "message": "Harsha - GroupStartPage ,GroupResultsPage toggled on stage.\n",
            "hash": "8a89fac49a8c9202baec92d111ac12e7ff80c469",
            "author": "unknown <harsha.reddy@131446L.stockport.gov.uk>",
            "date": "Fri Apr 7 02:29:35 2017"
        },
        {
            "title": "David/Gary #845 - Removed sensitive links from json",
            "flags": {
                "GroupStartPage": "True",
                "GroupResultsPage": "True"
            },
            "message": "David/Gary #845 - Removed sensitive links from json\n",
            "hash": "2d5f2f7d3a81f40abebf68482d1a4fbc653e4207",
            "author": "Gary Holland <gary.holland@stockport.gov.uk>",
            "date": "Thu Apr 6 04:25:42 2017"
        },
        {
            "title": "Harsha - Topic page images feature turned on prod.",
            "flags": {
                "TopicPageImages": "True"
            },
            "message": "Harsha - Topic page images feature turned on prod.\n",
            "hash": "596878b0e24b04c15e4a5d02e1601d8d8c9e780e",
            "author": "unknown <harsha.reddy@131446L.stockport.gov.uk>",
            "date": "Mon Apr 3 04:22:19 2017"
        },
        {
            "title": "David/JonC #810 Feature toggled on payments",
            "flags": {
                "SinglePayment": "True"
            },
            "message": "David/JonC #810 Feature toggled on payments\n",
            "hash": "7c7cc3df1ddee48514dcb8f7010ad8503d9cc083",
            "author": "Jon Chiles <jonchiles@yahoo.com>",
            "date": "Thu Mar 30 07:18:44 2017"
        },
        {
            "title": "Neil - removed events feature toggle",
            "flags": {
                "EventsPagination": "removed"
            },
            "message": "Neil - removed events feature toggle\n",
            "hash": "06f10efb3670975434f552ccda220c0993512a79",
            "author": "Neil Redfern <neil.redfern@stockport.gov.uk>",
            "date": "Fri Mar 17 07:59:46 2017"
        },
        {
            "title": "Neil - remove feature toggles",
            "flags": {
                "NewsroomPagination": "removed",
                "GroupLinkOnEvent": "removed",
                "SinglePayment": "removed"
            },
            "message": "Neil - remove feature toggles\n",
            "hash": "4dfa9af4af1edb25cb9ed11abc643883cc58c872",
            "author": "Neil Redfern <neil.redfern@stockport.gov.uk>",
            "date": "Fri Mar 17 07:13:46 2017"
        },
        {
            "title": "Merge branch 'master' of github.com:smbc-digital/iag-webapp",
            "flags": {
                "FooterCache": "removed",
                "NewsCustomDateSearch": "removed",
                "EventCustomDateSearch": "removed",
                "SinglePayment": "True"
            },
            "message": "Merge branch 'master' of github.com:smbc-digital/iag-webapp\n",
            "hash": "1308d7b953b2e6d0edec4554390e170c3644b07b",
            "merge": "c039b8fd 6609cd3a",
            "author": "Neil Redfern <neil.redfern@stockport.gov.uk>",
            "date": "Fri Mar 17 06:05:25 2017"
        },
        {
            "title": "Neil - removed some feature toggles",
            "flags": {
                "FooterCache": "removed",
                "NewsCustomDateSearch": "removed",
                "EventCustomDateSearch": "removed"
            },
            "message": "Neil - removed some feature toggles\n",
            "hash": "c039b8fd59ff990cb752b309ce98e8c53a34f3e7",
            "author": "Neil Redfern <neil.redfern@stockport.gov.uk>",
            "date": "Fri Mar 17 05:05:20 2017"
        },
        {
            "title": "Changed feature toggle in qa",
            "flags": {
                "SinglePayment": "True"
            },
            "message": "Changed feature toggle in qa\n",
            "hash": "6609cd3ab6a47aa37c957aa2cfd4a884daef1dec",
            "author": "Raj Paili <raj.paili@stockport.gov.uk>",
            "date": "Fri Mar 17 04:46:05 2017"
        },
        {
            "title": "SimonE/Raj #809 Added feature toggle in payments",
            "flags": {
                "SinglePayment": "True"
            },
            "message": "SimonE/Raj #809 Added feature toggle in payments\n",
            "hash": "92b0d141c593a1570b786ac36fcf06d3882b99b3",
            "author": "Raj Paili <raj.paili@stockport.gov.uk>",
            "date": "Thu Mar 16 03:22:25 2017"
        },
        {
            "title": "harsha- pagination feature toggled on prod",
            "flags": {
                "NewsroomPagination": "True",
                "EventsPagination": "True",
                "GroupLinkOnEvent": "True"
            },
            "message": "harsha- pagination feature toggled on prod\n",
            "hash": "c05d1ade811f01683503e7b2890a7eefd5d14464",
            "author": "Harsha Reddy <harsha.reddy@stockport.gov.uk>",
            "date": "Tue Feb 28 08:27:04 2017"
        },
        {
            "title": "Harsha Toggled pagination,GroupLinkOnEvent,TopicPageImages on stage",
            "flags": {
                "GroupLinkOnEvent": "True",
                "NewsroomPagination": "True",
                "EventsPagination": "True",
                "TopicPageImages": "True",
                "NewsCustomDateSearch": "removed"
            },
            "message": "Harsha Toggled pagination,GroupLinkOnEvent,TopicPageImages on stage\n",
            "hash": "f273b2cacb2c3e697d22970b4f24cc9a137ceb2c",
            "author": "unknown <harsha.reddy@131446L.stockport.gov.uk>",
            "date": "Mon Feb 27 06:42:25 2017"
        },
        {
            "title": "David/SimonE #756 - Adding feature toggle to group link on event page",
            "flags": {
                "GroupLinkOnEvent": "True"
            },
            "message": "David/SimonE #756 - Adding feature toggle to group link on event page\n",
            "hash": "0848173115b246fe2978daa3cae611aea810242e",
            "author": "David Meek <david.meek@stockport.gov.uk>",
            "date": "Mon Feb 27 02:53:59 2017"
        },
        {
            "title": "Neil/Raj #795 Finalised image in topic page mobile view",
            "flags": {
                "EventCustomDateSearch": "True",
                "TopicPageImages": "True",
                "NewsCustomDateSearch": "True"
            },
            "message": "Neil/Raj #795 Finalised image in topic page mobile view\n",
            "hash": "e86784c652223de666018abb27c1f0c291fc673a",
            "author": "Raj Paili <raj.paili@stockport.gov.uk>",
            "date": "Fri Feb 24 07:31:17 2017"
        },
        {
            "title": "David/SimonE #672 - Adding pagination to Events Calendar",
            "flags": {
                "EventsPagination": "True"
            },
            "message": "David/SimonE #672 - Adding pagination to Events Calendar\n",
            "hash": "46f327f7fbc7fab73ed490dde74987232f09132d",
            "author": "David Meek <david.meek@stockport.gov.uk>",
            "date": "Fri Feb 24 04:02:05 2017"
        },
        {
            "title": "David/SimonE #672 - Adding featuretoggle to Newsroom Pagination",
            "flags": {
                "NewsroomPagination": "True"
            },
            "message": "David/SimonE #672 - Adding featuretoggle to Newsroom Pagination\n",
            "hash": "0311fd0fd0d9accdc9e8a5f6dc91de0618cf1159",
            "author": "David Meek <david.meek@stockport.gov.uk>",
            "date": "Thu Feb 23 08:45:43 2017"
        },
        {
            "title": "Harsha - NewsCustomDateFilter feature toggled on prod",
            "flags": {
                "NewsCustomDateSearch": "True"
            },
            "message": "Harsha - NewsCustomDateFilter feature toggled on prod\n",
            "hash": "c2f02d9e04c2b17b9d1e35da37c8e32b58d68a79",
            "author": "unknown <harsha.reddy@131446L.stockport.gov.uk>",
            "date": "Thu Feb 23 05:38:56 2017"
        },
        {
            "title": "Neil - injected datecalculator and changed property names, clean up code in view",
            "flags": {
                "EventCustomDateSearch": "removed"
            },
            "message": "Neil - injected datecalculator and changed property names, clean up code in view\n",
            "hash": "959dc47749f51779438e75a25b9e59b563f3e45a",
            "author": "Neil Redfern <neil.redfern@stockport.gov.uk>",
            "date": "Wed Feb 22 03:38:21 2017"
        },
        {
            "title": "harsha - eventscustomdatesearch toggled on prod",
            "flags": {
                "FooterCache": "removed",
                "EventCustomDateSearch": "True"
            },
            "message": "harsha - eventscustomdatesearch toggled on prod\n",
            "hash": "61e51dde6c8e315cf7d90af41d7f10e4d3d78adc",
            "author": "unknown <harsha.reddy@131446L.stockport.gov.uk>",
            "date": "Tue Feb 14 07:13:51 2017"
        },
        {
            "title": "Neil/Gary - #614 started adding in custom news date filter",
            "flags": {
                "NewsCustomDateSearch": "True"
            },
            "message": "Neil/Gary - #614 started adding in custom news date filter\n",
            "hash": "2bc0c623288a8039a46e907b0c9c8d925aa11591",
            "author": "Gary Holland <gary.holland@stockport.gov.uk>",
            "date": "Mon Feb 13 09:15:33 2017"
        },
        {
            "title": "Harsha - Footer cache turned on prod",
            "flags": {
                "FooterCache": "True"
            },
            "message": "Harsha - Footer cache turned on prod\n",
            "hash": "6122239838d61032ed94fc65c2476af17107751a",
            "author": "unknown <harsha.reddy@131446L.stockport.gov.uk>",
            "date": "Mon Feb 13 03:57:53 2017"
        },
        {
            "title": "Harsha - custom date feature toggled on stage",
            "flags": {
                "EventCustomDateSearch": "True"
            },
            "message": "Harsha - custom date feature toggled on stage\n",
            "hash": "d819d739e651e8ae0e9216c74196382865d77bed",
            "author": "unknown <harsha.reddy@131446L.stockport.gov.uk>",
            "date": "Thu Feb 9 03:33:11 2017"
        },
        {
            "title": "Raj/David #739 - Added feature toggle for events custom date filter",
            "flags": {
                "EventCustomDateSearch": "True"
            },
            "message": "Raj/David #739 - Added feature toggle for events custom date filter\n",
            "hash": "1cc1ed3dd1c898a7acb9ba3ebebf40339044a6ac",
            "author": "Raj Paili <raj.paili@stockport.gov.uk>",
            "date": "Wed Feb 8 04:44:36 2017"
        },
        {
            "title": "Neil/SimonE Remove unneeded feature toggles",
            "flags": {
                "EventCalendar": "removed",
                "SecurityHeaders": "removed",
                "EventSubmission": "removed",
                "LatestEventsHomepage": "removed",
                "MyAccountHeaderButton": "removed"
            },
            "message": "Neil/SimonE Remove unneeded feature toggles\n",
            "hash": "9a7f4d73f4b012881f12dc38e54f055a85cc45f5",
            "author": "Neil Redfern <neil.redfern@stockport.gov.uk>",
            "date": "Tue Feb 7 08:51:18 2017"
        },
        {
            "title": "Neil/Simon #750 - added footer cache feature toggle",
            "flags": {
                "FooterCache": "True"
            },
            "message": "Neil/Simon #750 - added footer cache feature toggle\n",
            "hash": "71c3b833926655a3e171b20f82b321fc8b882675",
            "author": "Neil Redfern <neil.redfern@stockport.gov.uk>",
            "date": "Tue Feb 7 06:43:03 2017"
        },
        {
            "title": "harsha - MyAccountHeaderButton feature toggled on prod",
            "flags": {
                "MyAccountHeaderButton": "True"
            },
            "message": "harsha - MyAccountHeaderButton feature toggled on prod\n",
            "hash": "3894299c11ce83cf575fd354074cc763d15e938e",
            "author": "unknown <harsha.reddy@131446L.stockport.gov.uk>",
            "date": "Fri Feb 3 03:25:11 2017"
        },
        {
            "title": "Neil/David #544 - added my account button into the header",
            "flags": {
                "MyAccountHeaderButton": "True"
            },
            "message": "Neil/David #544 - added my account button into the header\n",
            "hash": "e7773c32bf482d932f91778c4ea00afa8a56bbe7",
            "author": "Neil Redfern <neil.redfern@stockport.gov.uk>",
            "date": "Wed Feb 1 08:52:59 2017"
        },
        {
            "title": "harsha - EventCalendar,LatestEventsHomepage,EventSubmission: true on prod",
            "flags": {
                "EventCalendar": "True",
                "EventSubmission": "True",
                "LatestEventsHomepage": "True"
            },
            "message": "harsha - EventCalendar,LatestEventsHomepage,EventSubmission: true on prod\n",
            "hash": "b4112308cbfccceb40a76f3134b096f0d10e112f",
            "author": "unknown <harsha.reddy@131446L.stockport.gov.uk>",
            "date": "Wed Feb 1 06:57:21 2017"
        },
        {
            "title": "Harsha - EventCalendar,LatestEventsHomepage,EventSubmission toggled on stage",
            "flags": {
                "EventCalendar": "True",
                "LatestEventsHomepage": "True",
                "EventSubmission": "True"
            },
            "message": "Harsha - EventCalendar,LatestEventsHomepage,EventSubmission toggled on stage\n",
            "hash": "7a34119c20f3c644a407df66a6ea79fcc9a86c37",
            "author": "unknown <harsha.reddy@131446L.stockport.gov.uk>",
            "date": "Wed Feb 1 03:10:09 2017"
        },
        {
            "title": "harsha - events feature toggled off in prod",
            "flags": {
                "EventCalendar": "False",
                "EventSubmission": "False",
                "LatestEventsHomepage": "False"
            },
            "message": "harsha - events feature toggled off in prod\n",
            "hash": "f17c39c99988ee4e8d5df03738a5421218f7e016",
            "author": "unknown <harsha.reddy@131446L.stockport.gov.uk>",
            "date": "Wed Feb 1 02:46:10 2017"
        },
        {
            "title": "harsha -  EventCalendar,EventSubmission,LatestEventsHomepage toggled on prod",
            "flags": {
                "EventCalendar": "True",
                "EventSubmission": "True",
                "LatestEventsHomepage": "True"
            },
            "message": "harsha -  EventCalendar,EventSubmission,LatestEventsHomepage toggled on prod\n",
            "hash": "6dc08bcb116a80eabf05bb05d6502c85b375a4f2",
            "author": "unknown <harsha.reddy@131446L.stockport.gov.uk>",
            "date": "Tue Jan 31 08:41:14 2017"
        },
        {
            "title": "Harsha - features LatestEventsHomepage/EventSubmission toggled on stage",
            "flags": {
                "EventSubmission": "True",
                "LatestEventsHomepage": "True"
            },
            "message": "Harsha - features LatestEventsHomepage/EventSubmission toggled on stage\n",
            "hash": "96a66093de2de990e55ac78dcc4111e7e0f1d4c8",
            "author": "unknown <harsha.reddy@131446L.stockport.gov.uk>",
            "date": "Mon Jan 30 02:48:50 2017"
        },
        {
            "title": "Neil/Gary #706 - added feature toggle for events listing on the homepage",
            "flags": {
                "LatestEventsHomepage": "True"
            },
            "message": "Neil/Gary #706 - added feature toggle for events listing on the homepage\n",
            "hash": "a6ee9d1179d4abcb88e215192fc04b75efe52489",
            "author": "Neil Redfern <neil.redfern@stockport.gov.uk>",
            "date": "Wed Jan 25 04:31:58 2017"
        },
        {
            "title": "Neil/Simon #603 - added submit event endpoints",
            "flags": {
                "EventSubmission": "True"
            },
            "message": "Neil/Simon #603 - added submit event endpoints\n",
            "hash": "f9416677d97ebcda51dcde4b9a90ea969facead8",
            "author": "Neil Redfern <neil.redfern@stockport.gov.uk>",
            "date": "Fri Jan 13 08:28:39 2017"
        },
        {
            "title": "JonH/JonCraw - #FeatureToggles - Remove dynamic contacts us feature toggle",
            "flags": {
                "DynamicContactUsForm": "removed"
            },
            "message": "JonH/JonCraw - #FeatureToggles - Remove dynamic contacts us feature toggle\n",
            "hash": "f01c47db2c8c9515d67775da39bb826e55621976",
            "author": "Jon Crawford <jonathan.crawford@stockport.gov.uk>",
            "date": "Thu Jan 12 08:26:20 2017"
        },
        {
            "title": "JonH/JonCraw - #FeatureToggles - Removes Search feature toggles",
            "flags": {
                "Search": "removed"
            },
            "message": "JonH/JonCraw - #FeatureToggles - Removes Search feature toggles\n",
            "hash": "47a3c360858d44a960d6b1418a7b5515e15891aa",
            "author": "Jon Crawford <jonathan.crawford@stockport.gov.uk>",
            "date": "Thu Jan 12 07:56:54 2017"
        },
        {
            "title": "Jon Craw / Jon H - #FeatureToggles - Removes live chat feature toggles",
            "flags": {
                "LiveChat": "removed"
            },
            "message": "Jon Craw / Jon H - #FeatureToggles - Removes live chat feature toggles\n",
            "hash": "b892f9618c03c9d58be89838f7841ba3d4ed5308",
            "author": "Jon Crawford <jonathan.crawford@stockport.gov.uk>",
            "date": "Thu Jan 12 07:29:12 2017"
        },
        {
            "title": "Harsha - security Header feature toggled on prod",
            "flags": {
                "SecurityHeaders": "True"
            },
            "message": "Harsha - security Header feature toggled on prod\n",
            "hash": "ecd2b6ed15de10b7ea8ba845986491e1250d99b8",
            "author": "unknown <harsha.reddy@131446L.stockport.gov.uk>",
            "date": "Wed Jan 11 03:06:38 2017"
        },
        {
            "title": "Harsha - Event Callender toggled in stage. Security headers turned on QA.",
            "flags": {
                "EventCalendar": "True",
                "SecurityHeaders": "True"
            },
            "message": "Harsha - Event Callender toggled in stage. Security headers turned on QA.\n",
            "hash": "237663ff5dedf65e0d0606462e64d191c648cac2",
            "author": "unknown <harsha.reddy@131446L.stockport.gov.uk>",
            "date": "Mon Jan 9 03:23:05 2017"
        },
        {
            "title": "Raj #691 added Content security policy header",
            "flags": {
                "SecurityHeaders": "True"
            },
            "message": "Raj #691 added Content security policy header\n",
            "hash": "b0c686a8971a17d47bce2f1e890b6d8dd6509658",
            "author": "Raj Paili <raj.paili@stockport.gov.uk>",
            "date": "Fri Jan 6 05:40:27 2017"
        },
        {
            "title": "Clare #691 Reverting security-header work",
            "flags": {
                "SecurityHeaders": "removed"
            },
            "message": "Clare #691 Reverting security-header work\n",
            "hash": "7b414fcf38e0acc97a42433e68da2893633893b5",
            "author": "SCN\\clare.sudbery <clare.sudbery@thoughtworks.gov.uk>",
            "date": "Wed Jan 4 10:45:41 2017"
        },
        {
            "title": "#691 JonH/Raj Added Security header middleware for Http strict transport security",
            "flags": {
                "SecurityHeaders": "True"
            },
            "message": "#691 JonH/Raj Added Security header middleware for Http strict transport security\n",
            "hash": "07da9d78bb66169bad4cb389b99692999605feba",
            "author": "Jonathan Hadley <jonathan.hadley@stockport.gov.uk>",
            "date": "Tue Jan 3 05:34:21 2017"
        },
        {
            "title": "Neil - removing news date filter feature toggle",
            "flags": {
                "NewsDateFilter": "removed"
            },
            "message": "Neil - removing news date filter feature toggle\n",
            "hash": "f2d6d620997199734f1fde6bafd64969e6fbc061",
            "author": "Neil Redfern <neil.redfern@stockport.gov.uk>",
            "date": "Wed Dec 14 04:28:31 2016"
        },
        {
            "title": "Neil - removed beta to www and legacy urls feature toggles",
            "flags": {
                "LegacyUrlRedirects": "removed",
                "BetaToWwwRedirect": "removed"
            },
            "message": "Neil - removed beta to www and legacy urls feature toggles\n",
            "hash": "ce6b31ab1312add400bf6b3c6adf71aef17bd4f1",
            "author": "Neil Redfern <neil.redfern@stockport.gov.uk>",
            "date": "Wed Dec 14 03:09:06 2016"
        },
        {
            "title": "Merge branch 'master' of github.com:smbc-digital/iag-webapp",
            "flags": {
                "LiveChat": "True",
                "NewsDateFilter": "True",
                "EventCalendar": "True"
            },
            "message": "Merge branch 'master' of github.com:smbc-digital/iag-webapp\n",
            "hash": "d70e4ecbe28b398d500c9b4fa58bd84f8713ca8c",
            "merge": "0937eb95 d01a51fb",
            "author": "Raj Paili <raj.paili@stockport.gov.uk>",
            "date": "Mon Dec 12 08:42:40 2016"
        },
        {
            "title": "#573 Neil/Raj added Events",
            "flags": {
                "EventCalendar": "True"
            },
            "message": "#573 Neil/Raj added Events\n",
            "hash": "0937eb95d665c9ac7c7067cdae8cb854a7478e63",
            "author": "Raj Paili <raj.paili@stockport.gov.uk>",
            "date": "Mon Dec 12 08:38:13 2016"
        },
        {
            "title": "harsha - live chat, News date features toggled on Prod",
            "flags": {
                "LiveChat": "True",
                "NewsDateFilter": "True"
            },
            "message": "harsha - live chat, News date features toggled on Prod\n",
            "hash": "98fe7c62866495bfd68a1b7fec7a968af469b965",
            "author": "unknown <harsha.reddy@131446L.stockport.gov.uk>",
            "date": "Mon Dec 12 06:26:15 2016"
        },
        {
            "title": "HARSHA - NewsDateFilter toggled in stage",
            "flags": {
                "NewsDateFilter": "True"
            },
            "message": "HARSHA - NewsDateFilter toggled in stage\n",
            "hash": "f0e4b37e69ddab573e7cb26edcb69c00e0d44f6a",
            "author": "unknown <harsha.reddy@131446L.stockport.gov.uk>",
            "date": "Fri Dec 9 03:19:30 2016"
        },
        {
            "title": "Harsha - Beta to WWW feature toggled on prod",
            "flags": {
                "BetaToWwwRedirect": "True",
                "NewsDateFilter": "True"
            },
            "message": "Harsha - Beta to WWW feature toggled on prod\n",
            "hash": "6e0f6c60d24cb96d5f21e0474e70421c83b442bc",
            "author": "unknown <harsha.reddy@131446L.stockport.gov.uk>",
            "date": "Wed Dec 7 06:00:22 2016"
        },
        {
            "title": "clare simonE tony Date filter on news articles",
            "flags": {
                "NewsDateFilter": "True"
            },
            "message": "clare simonE tony Date filter on news articles\n",
            "hash": "38279b46dc7bd296554e667c1ff23535610426de",
            "author": "Simon Estill <simon.estill@stockport.gov.uk>",
            "date": "Thu Nov 24 06:13:31 2016"
        },
        {
            "title": "Harsha - Live chat toggled off on beta",
            "flags": {
                "LiveChat": "True"
            },
            "message": "Harsha - Live chat toggled off on beta\n",
            "hash": "3a6bd71b1fc94c0a3fc283d27350691fc0b0d438",
            "author": "unknown <harsha.reddy@131446L.stockport.gov.uk>",
            "date": "Fri Dec 2 02:55:13 2016"
        },
        {
            "title": "Neil - changed pull-right to use unsemantic",
            "flags": {
                "ShortUrls": "removed",
                "BetaToWwwRedirect": "True"
            },
            "message": "Neil - changed pull-right to use unsemantic\n",
            "hash": "67ab2be65be05d201217c0a9d68eb4019220b0af",
            "author": "Neil Redfern <neil.redfern@stockport.gov.uk>",
            "date": "Thu Dec 1 06:20:38 2016"
        },
        {
            "title": "harsha - live chat, legacy url, search features turnedon prod",
            "flags": {
                "LiveChat": "removed",
                "LegacyUrlRedirects": "removed",
                "Search": "removed"
            },
            "message": "harsha - live chat, legacy url, search features turnedon prod\n",
            "hash": "b72059673e581fb161e928d11a812f0cc2e3012a",
            "author": "unknown <harsha.reddy@131446L.stockport.gov.uk>",
            "date": "Mon Nov 28 05:45:28 2016"
        },
        {
            "title": "Harsha - Searcg feature toggled in stage",
            "flags": {
                "Search": "True"
            },
            "message": "Harsha - Searcg feature toggled in stage\n",
            "hash": "776ee1c7a2590e809dd8c345be1064104f8134ab",
            "author": "unknown <harsha.reddy@131446L.stockport.gov.uk>",
            "date": "Mon Nov 28 02:08:25 2016"
        },
        {
            "title": "Jon #649 Fix merge of search while moving legacy urls to stage",
            "flags": {
                "DynamicFooter": "removed",
                "Search": "True",
                "LegacyUrlRedirects": "True"
            },
            "message": "Jon #649 Fix merge of search while moving legacy urls to stage\n",
            "hash": "04f2cf6fd80dae295e1118f3ae68f5600270d61c",
            "merge": "6e6d5265 a9c09892",
            "author": "Jon Crawford <jonathan.crawford@stockport.gov.uk>",
            "date": "Thu Nov 24 06:47:24 2016"
        },
        {
            "title": "Neil - removed footer feature toggle",
            "flags": {
                "DynamicFooter": "removed"
            },
            "message": "Neil - removed footer feature toggle\n",
            "hash": "deb52420a051a8fa5dc541dc7d3dc7f914e6c33e",
            "author": "Neil Redfern <neil.redfern@stockport.gov.uk>",
            "date": "Thu Nov 24 03:34:32 2016"
        },
        {
            "title": "Jon/Jon - 649 - Adds Cludo search",
            "flags": {
                "Search": "True",
                "LegacyUrlRedirects": "True"
            },
            "message": "Jon/Jon - 649 - Adds Cludo search\n",
            "hash": "cbca0ae93922d41155cc9cb9d8513118dd4fc390",
            "author": "Jonathan Hadley <jonathan.hadley@stockport.gov.uk>",
            "date": "Thu Nov 24 01:47:13 2016"
        },
        {
            "title": "Harsha- DynamicFooter turned on Prod",
            "flags": {
                "DynamicFooter": "True",
                "LegacyUrlRedirects": "True"
            },
            "message": "Harsha- DynamicFooter turned on Prod\n",
            "hash": "a815ded339f5149359e6024a246b03c8bfddac29",
            "author": "unknown <harsha.reddy@131446L.stockport.gov.uk>",
            "date": "Wed Nov 23 03:26:55 2016"
        },
        {
            "title": "Neil - removing businessidfromrequest feature toggle",
            "flags": {
                "BusinessIdFromRequest": "removed"
            },
            "message": "Neil - removing businessidfromrequest feature toggle\n",
            "hash": "0ef01bb9a6404455fdfc5c36f16eb73e3891fc25",
            "author": "Neil Redfern <neil.redfern@stockport.gov.uk>",
            "date": "Fri Nov 18 08:16:42 2016"
        },
        {
            "title": "Neil - removed news category feature toggle",
            "flags": {
                "NewsCategory": "removed"
            },
            "message": "Neil - removed news category feature toggle\n",
            "hash": "ce0a0f4a4d142541589580748c7c42b1c50d80b3",
            "author": "Neil Redfern <neil.redfern@stockport.gov.uk>",
            "date": "Fri Nov 18 08:03:29 2016"
        },
        {
            "title": "Raj/Jon #624 Add feature toggle around legacy url redirects",
            "flags": {
                "LegacyUrlRedirects": "True",
                "DynamicFooter": "True"
            },
            "message": "Raj/Jon #624 Add feature toggle around legacy url redirects\n",
            "hash": "f366c7124066b445c95dd5eb56affb2611edda89",
            "author": "Raj Paili <raj.paili@stockport.gov.uk>",
            "date": "Thu Nov 17 08:41:00 2016"
        },
        {
            "title": "Neil - turned news category on in prod, changed matchbox to user 2 columns instead of 3",
            "flags": {
                "NewsCategory": "True"
            },
            "message": "Neil - turned news category on in prod, changed matchbox to user 2 columns instead of 3\n",
            "hash": "aecb354e7622d40df7141b104e15aea36da3dcc0",
            "author": "Neil Redfern <neil.redfern@stockport.gov.uk>",
            "date": "Thu Nov 17 05:41:03 2016"
        },
        {
            "title": "Jon/Jon/Jon #630 Add dynamic footer content type",
            "flags": {
                "DynamicFooter": "True"
            },
            "message": "Jon/Jon/Jon #630 Add dynamic footer content type\n",
            "hash": "91691f8109869b84338bdf305b532a182924f751",
            "author": "Jon Chiles <jonchiles@yahoo.com>",
            "date": "Wed Nov 16 08:50:15 2016"
        },
        {
            "title": "Jon #featureToggles Switch LiveChat and NewsCategories on in stage",
            "flags": {
                "LiveChat": "True",
                "NewsCategory": "True"
            },
            "message": "Jon #featureToggles Switch LiveChat and NewsCategories on in stage\n",
            "hash": "6dc2b15f705202fe54c816cabca6cccff0838d0b",
            "author": "Jon Crawford <jonathan.crawford@stockport.gov.uk>",
            "date": "Mon Nov 14 01:51:16 2016"
        },
        {
            "title": "Neil/Jon Crawf - removed email alerts feature toggle",
            "flags": {
                "NewsAndTopicEmailAlerts": "removed"
            },
            "message": "Neil/Jon Crawf - removed email alerts feature toggle\n",
            "hash": "374bdfe315c904cb4b30c454b60edd7af518105c",
            "author": "Neil Redfern <neil.redfern@stockport.gov.uk>",
            "date": "Fri Nov 11 08:08:37 2016"
        },
        {
            "title": "Dan JonCr #549 Coding in the open",
            "flags": {
                "DynamicContactUsForm": "True",
                "ShortUrls": "True",
                "BusinessIdFromRequest": "True",
                "NewsAndTopicEmailAlerts": "True",
                "LiveChat": "True",
                "NewsCategory": "True"
            },
            "message": "Dan JonCr #549 Coding in the open\n",
            "hash": "c83d1f863fe27f0065b8edc793da384cc8164805",
            "author": "Dan Moore (DbD) <dan.moore@stockport.gov.uk>",
            "date": "Wed Nov 9 04:32:33 2016"
        }
    ]
}