{
    "id": 73281282,
    "node_id": "MDEwOlJlcG9zaXRvcnk3MzI4MTI4Mg==",
    "name": "iag-webapp",
    "full_name": "smbc-digital/iag-webapp",
    "private": false,
    "description": "This is the web application for Information Advice and Guidance",
    "fork": false,
    "created_at": "2016-11-09T12:15:12Z",
    "updated_at": "2019-12-20T15:50:54Z",
    "pushed_at": "2019-12-20T15:50:51Z",
    "homepage": null,
    "size": 38471,
    "stargazers_count": 4,
    "watchers_count": 4,
    "language": "JavaScript",
    "has_issues": true,
    "has_projects": true,
    "has_downloads": true,
    "has_wiki": true,
    "has_pages": false,
    "forks_count": 0,
    "archived": false,
    "disabled": false,
    "open_issues_count": 1,
    "forks": 0,
    "open_issues": 1,
    "watchers": 4,
    "default_branch": "master",
    "temp_clone_token": "",
    "network_count": 0,
    "subscribers_count": 17,
    "languages": {
        "JavaScript": 1543508,
        "C#": 1402560,
        "HTML": 904500,
        "CSS": 795913,
        "Gherkin": 28309,
        "Makefile": 2971,
        "Ruby": 2267,
        "PowerShell": 471,
        "Batchfile": 294
    }
}