{
    "id": 133902586,
    "node_id": "MDEwOlJlcG9zaXRvcnkxMzM5MDI1ODY=",
    "name": "Oculo",
    "full_name": "KaurAvneet/Oculo",
    "private": false,
    "description": null,
    "fork": false,
    "created_at": "2018-05-18T04:22:12Z",
    "updated_at": "2018-05-18T04:29:54Z",
    "pushed_at": "2019-12-20T05:00:51Z",
    "homepage": null,
    "size": 41411,
    "stargazers_count": 0,
    "watchers_count": 0,
    "language": "Ruby",
    "has_issues": true,
    "has_projects": true,
    "has_downloads": true,
    "has_wiki": true,
    "has_pages": false,
    "forks_count": 0,
    "archived": false,
    "disabled": false,
    "open_issues_count": 47,
    "license": null,
    "forks": 0,
    "open_issues": 47,
    "watchers": 0,
    "default_branch": "master",
    "temp_clone_token": "",
    "network_count": 0,
    "subscribers_count": 0,
    "languages": {
        "Ruby": 2448590,
        "JavaScript": 1030962,
        "HTML": 438198,
        "SQLPL": 131290,
        "CSS": 64586,
        "Shell": 2164,
        "Python": 1116
    }
}