{
    "date": "2019-12-20T18:25:05.740833",
    "commits": [
        {
            "title": "mock for personforvalter-url",
            "flags": {
                "NyPersonforvalter": "False"
            },
            "message": "mock for personforvalter-url\n",
            "hash": "95688da46489da213141258051c7458243a7b834",
            "author": "Daniel Winsvold <danielwinsvold@gmail.com>",
            "date": "Wed Dec 4 05:25:43 2019"
        },
        {
            "title": "legger til en placeholder (hvitt panel) for kontrollsp\u00f8rsm\u00e5l mens spinner vises. Da blir det mindre hopping n\u00e5r persondata er ferdig lastet",
            "flags": {
                "Kontrollsp\u00f8rsm\u00e5l": "removed"
            },
            "message": "legger til en placeholder (hvitt panel) for kontrollsp\u00f8rsm\u00e5l mens spinner vises. Da blir det mindre hopping n\u00e5r persondata er ferdig lastet\n",
            "hash": "45eeaf3f3b59b55c1412a60fe16e74247840f304",
            "author": "Daniel Winsvold <danielwinsvold@gmail.com>",
            "date": "Fri Nov 1 04:04:13 2019"
        },
        {
            "title": "OPP-966 hurtigreferat/spor samtale har v\u00e6rt ute til test p\u00e5 NKS. De \u00f8nsker ikke \u00e5 ta ibruk funksjonaliteten",
            "flags": {
                "Hurtigreferat": "removed"
            },
            "message": "OPP-966 hurtigreferat/spor samtale har v\u00e6rt ute til test p\u00e5 NKS. De \u00f8nsker ikke \u00e5 ta ibruk funksjonaliteten\n",
            "hash": "faf796cb42666158e5266779a4a7329ef603ff1c",
            "author": "Daniel Winsvold <danielwinsvold@gmail.com>",
            "date": "Mon Oct 21 23:20:05 2019"
        },
        {
            "title": "legger featuretoggle rundt hurtigreferat-standalone",
            "flags": {
                "Hurtigreferat": "False"
            },
            "message": "legger featuretoggle rundt hurtigreferat-standalone\n",
            "hash": "330568bee87a4b5cce8d9a2606b6961685abeac3",
            "author": "Daniel Winsvold <danielwinsvold@gmail.com>",
            "date": "Fri May 24 07:32:47 2019"
        },
        {
            "title": "[OPP-760] La til tilbakemeldingskjema",
            "flags": {
                "VisTilbakemelding": "False"
            },
            "message": "[OPP-760] La til tilbakemeldingskjema\n",
            "hash": "3643e436412635560056413371b9c26f67692e1d",
            "author": "Nicklas Utgaard <nicklas.utgaard@nav.no>",
            "date": "Fri May 3 06:18:29 2019"
        },
        {
            "title": "samler feature-toggles i enum og henter alle ved lasting av personinfo",
            "flags": {
                "tooltip": "removed",
                "saf": "removed",
                "Tooltip": "False",
                "kontrollsporsmal": "removed",
                "Kontrollsp\u00f8rsm\u00e5l": "False",
                "SaksoversiktNyttVindu": "False"
            },
            "message": "samler feature-toggles i enum og henter alle ved lasting av personinfo\n\ndette fordi den gamle strategien f\u00f8rte til mange kall mot backend, noe som ogs\u00e5 lagde st\u00f8y i redux-devtools og chorme-devtools\n",
            "hash": "50863a13f677ce9a6969bb0547a4219efb72fb11",
            "author": "Daniel Winsvold <danielwinsvold@gmail.com>",
            "date": "Mon Mar 4 07:16:03 2019"
        },
        {
            "title": "Merge remote-tracking branch 'origin/master' into Foreldrepenger-ny",
            "flags": {
                "saf": "False"
            },
            "message": "Merge remote-tracking branch 'origin/master' into Foreldrepenger-ny\n",
            "hash": "a06b13955397d603aa5f604fe0d6fe3b20756a76",
            "merge": "67bfdd67 5095d3af",
            "author": "Daniel Winsvold <danielwinsvold@gmail.com>",
            "date": "Thu Feb 14 22:52:16 2019"
        },
        {
            "title": "Merge branch 'master' into naisify",
            "flags": {
                "saf": "False"
            },
            "message": "Merge branch 'master' into naisify\n",
            "hash": "e244076c53fe7ad27fe43807eace928120312dfc",
            "merge": "d4fd40ca b46d92f5",
            "author": "Ketil Velle <ketil.s.velle@nav.no>",
            "date": "Tue Feb 12 23:05:28 2019"
        },
        {
            "title": "Legger kontrollsp\u00f8rsm\u00e5let inn i en featuretoggle",
            "flags": {
                "kontrollsporsmal": "False"
            },
            "message": "Legger kontrollsp\u00f8rsm\u00e5let inn i en featuretoggle\n\nOg defaulter den til ON i mockdata\n\nOPP-575\n",
            "hash": "89eb971e9993ea07d25f96e25f031259e669ba21",
            "author": "J\u00f8rund Amsen <jorundamsen@nav.no>",
            "date": "Mon Jan 28 04:28:27 2019"
        },
        {
            "title": "featuretoggle tooltip er alltid p\u00e5 i mock",
            "flags": {
                "tooltip": "False"
            },
            "message": "featuretoggle tooltip er alltid p\u00e5 i mock\n",
            "hash": "4cfe0747400ca9b5334c4326bfc0b2abdcc9c5a6",
            "author": "Daniel Winsvold <danielwinsvold@gmail.com>",
            "date": "Mon Jan 14 04:47:57 2019"
        }
    ]
}