{
    "id": 45936895,
    "node_id": "MDEwOlJlcG9zaXRvcnk0NTkzNjg5NQ==",
    "name": "wp-calypso",
    "full_name": "Automattic/wp-calypso",
    "private": false,
    "description": "The JavaScript and API powered WordPress.com",
    "fork": false,
    "created_at": "2015-11-10T20:00:16Z",
    "updated_at": "2019-12-20T19:15:30Z",
    "pushed_at": "2019-12-20T21:57:16Z",
    "homepage": "https://developer.wordpress.com/calypso/",
    "size": 175044,
    "stargazers_count": 11284,
    "watchers_count": 11284,
    "language": "JavaScript",
    "has_issues": true,
    "has_projects": true,
    "has_downloads": true,
    "has_wiki": false,
    "has_pages": false,
    "forks_count": 1696,
    "archived": false,
    "disabled": false,
    "open_issues_count": 2317,
    "forks": 1696,
    "open_issues": 2317,
    "watchers": 11284,
    "default_branch": "master",
    "temp_clone_token": "",
    "network_count": 1696,
    "subscribers_count": 517,
    "languages": {
        "JavaScript": 21402316,
        "CSS": 1627436,
        "TypeScript": 347203,
        "PHP": 166732,
        "Shell": 24320,
        "HTML": 2961,
        "Dockerfile": 1331,
        "Batchfile": 269
    }
}