{
    "date": "2019-12-20T17:57:46.646546",
    "commits": [
        {
            "title": "Remove the feature flag for archiving",
            "flags": {
                "archive_classrooms": "removed"
            },
            "message": "Remove the feature flag for archiving\n",
            "hash": "2e9dabd155f8b9917859d87d4e94f38813c69895",
            "author": "Jess Rudder",
            "date": "Mon Oct 7 09:59:25 2019"
        },
        {
            "title": "Merge branch 'remove-lti-launch-flag' into remove-google-classroom-roster-import-flag",
            "flags": {
                "google_classroom_roster_import": "removed",
                "lti_launch": "removed"
            },
            "message": "Merge branch 'remove-lti-launch-flag' into remove-google-classroom-roster-import-flag\n",
            "hash": "0c0c2a9f28eca084dacb1446e1b74c2865090889",
            "merge": "c7fd1d05 86bc54e0",
            "author": "Jess Rudder",
            "date": "Wed Sep 11 16:54:01 2019"
        },
        {
            "title": "Remove remaining feature flag helper methods. Update the views.",
            "flags": {
                "lti_launch": "removed"
            },
            "message": "Remove remaining feature flag helper methods. Update the views.\n",
            "hash": "86bc54e0d0458b9a199314705e798f3f820a8663",
            "author": "Jess Rudder",
            "date": "Wed Sep 11 16:29:13 2019"
        },
        {
            "title": "Remove google_classroom_roster_import feature flag and helper methods related to the flag.",
            "flags": {
                "google_classroom_roster_import": "removed"
            },
            "message": "Remove google_classroom_roster_import feature flag and helper methods related to the flag.\n",
            "hash": "225ac0d4a9538f7779f331d6756d0aa8a9bc94aa",
            "author": "Jess Rudder",
            "date": "Tue Sep 10 15:46:16 2019"
        },
        {
            "title": "Update the feature flag name",
            "flags": {
                "redesign": "removed",
                "onboarding_redesign": "False"
            },
            "message": "Update the feature flag name\n",
            "hash": "89ecdd057d8a279d1b4b8543e45e8de94d9dc20d",
            "author": "Jess Rudder",
            "date": "Mon Sep 9 15:08:29 2019"
        },
        {
            "title": "Add feature flag helper methods for redesign",
            "flags": {
                "redesign": "False"
            },
            "message": "Add feature flag helper methods for redesign\n",
            "hash": "42752cb0a53a7ec5116a5d48c0a649abfb80c35d",
            "author": "Jess Rudder",
            "date": "Mon Sep 9 14:09:56 2019"
        },
        {
            "title": "Merge branch 'master' into sweep-feature-flags",
            "flags": {
                "multiple_classrooms_per_org": "removed",
                "search_assignments": "removed",
                "unified_repo_creators": "removed"
            },
            "message": "Merge branch 'master' into sweep-feature-flags\n",
            "hash": "b40498dcc82c876b822481cfa83434b0d9651a82",
            "merge": "bc7cb12b 0e226756",
            "author": "Shaunak Pagnis",
            "date": "Mon Aug 5 18:17:59 2019"
        },
        {
            "title": "Remove feature_flag for unified_repo_creators and shift to the new job",
            "flags": {
                "unified_repo_creators": "removed"
            },
            "message": "Remove feature_flag for unified_repo_creators and shift to the new job\n",
            "hash": "60b6dc72fe6cc6abc2dd7688b28a719f71ad8297",
            "author": "Shaunak Pagnis",
            "date": "Mon Aug 5 16:35:39 2019"
        },
        {
            "title": "remove  feature_flag",
            "flags": {
                "search_assignments": "removed"
            },
            "message": "remove  feature_flag\n",
            "hash": "33eff2fbdd28a31bdb657cd8c91aa95e505a2382",
            "author": "Shaunak Pagnis",
            "date": "Fri Aug 2 14:07:13 2019"
        },
        {
            "title": "remove  feature_flag as its now on prod 100%",
            "flags": {
                "multiple_classrooms_per_org": "removed"
            },
            "message": "remove  feature_flag as its now on prod 100%\n",
            "hash": "437a682ed6b5814823af86124325946848e3d865",
            "author": "Shaunak Pagnis",
            "date": "Fri Aug 2 13:54:14 2019"
        },
        {
            "title": "Create front-end for classroom visibility",
            "flags": {
                "classroom_visibility": "False"
            },
            "message": "Create front-end for classroom visibility\n",
            "hash": "0d2120e73c7b070ebd02c7187210d3fa4a1c8034",
            "author": "Eric Pickup",
            "date": "Mon Jul 29 18:10:02 2019"
        },
        {
            "title": "Merge branch 'master' into unify-repo-creation",
            "flags": {
                "archive_classrooms": "False",
                "unified_repo_creators": "False"
            },
            "message": "Merge branch 'master' into unify-repo-creation\n",
            "hash": "e2ca03f3adc40d432448b36226b72a2e51d8957e",
            "merge": "9da61da4 710d48dd",
            "author": "Shaunak Pagnis",
            "date": "Fri Jul 19 16:09:34 2019"
        },
        {
            "title": "Move feature flag under user instead of org",
            "flags": {
                "archive_classrooms": "False"
            },
            "message": "Move feature flag under user instead of org\n",
            "hash": "c0c48707a9e19165c7877c10115ab5494801021b",
            "author": "Eric Pickup",
            "date": "Fri Jul 19 11:54:52 2019"
        },
        {
            "title": "Merge branch 'master' into unify-repo-creation",
            "flags": {
                "lti_launch": "False",
                "unified_repo_creators": "False"
            },
            "message": "Merge branch 'master' into unify-repo-creation\n",
            "hash": "ff29bb6d1d539a585fb477e437044f40dddf5a49",
            "merge": "12dd62ed 06840b0f",
            "author": "Shaunak Pagnis",
            "date": "Wed Jul 17 11:48:01 2019"
        },
        {
            "title": "Fix flag",
            "flags": {
                "lti_launch": "False"
            },
            "message": "Fix flag\n",
            "hash": "52ce8cd55038e86d655bcbd0a4055b46f26b084a",
            "author": "stephaniegiang",
            "date": "Mon Jul 15 10:52:20 2019"
        },
        {
            "title": "Track creation failures, better naming, fixed flags",
            "flags": {
                "template_repos": "removed"
            },
            "message": "Track creation failures, better naming, fixed flags\n",
            "hash": "f4737eed4bd9f3311ec039ec8f47831a0ef675ce",
            "author": "Eric Pickup",
            "date": "Mon Jul 15 07:55:05 2019"
        },
        {
            "title": "Merge branch 'master' into unify-repo-creation",
            "flags": {
                "google_classroom_roster_import": "False",
                "unified_repo_creators": "False"
            },
            "message": "Merge branch 'master' into unify-repo-creation\n",
            "hash": "daa7a6aee9dc74e11beb29728344314b5978fe50",
            "merge": "8a6556ee 635fecb4",
            "author": "Shaunak Pagnis",
            "date": "Sun Jul 14 19:50:23 2019"
        },
        {
            "title": "Add new Job for running unified creators, also add feature flag",
            "flags": {
                "unified_repo_creators": "False"
            },
            "message": "Add new Job for running unified creators, also add feature flag\n",
            "hash": "d9f6a7bdf4d3f18e108cb1821b3a32ccf3e42f98",
            "author": "Shaunak Pagnis",
            "date": "Fri Jul 12 09:00:36 2019"
        },
        {
            "title": "Merge conflict",
            "flags": {
                "google_classroom_roster_import": "False",
                "dashboard_search": "removed",
                "public_assistant_landing_page": "removed",
                "assistant_landing_page": "removed",
                "public_home_v2": "removed",
                "home_v2": "removed",
                "student_identifier": "removed",
                "import_resiliency": "removed",
                "search_assignments": "False",
                "download_repositories": "removed",
                "lti_launch": "False"
            },
            "message": "Merge conflict\n",
            "hash": "bed1c32fbdaf7b7c2bf3fbd5206db18d0eadd5d9",
            "merge": "3f5ad88e 05589c12",
            "author": "stephaniegiang",
            "date": "Wed Jul 10 18:20:04 2019"
        },
        {
            "title": "Merge pull request #1958 from education/disable_dashboard_search",
            "flags": {
                "dashboard_search": "removed",
                "public_assistant_landing_page": "removed",
                "assistant_landing_page": "removed",
                "public_home_v2": "removed",
                "home_v2": "removed",
                "student_identifier": "removed",
                "import_resiliency": "removed",
                "download_repositories": "removed"
            },
            "message": "Merge pull request #1958 from education/disable_dashboard_search\n\nKill dashboard_search flag",
            "hash": "781f992449438b7145a803b48335ef5f6ff5c08d",
            "merge": "3eac61bb 744c11f9",
            "author": "Nathaniel Woodthorpe",
            "date": "Wed Jul 10 13:37:17 2019"
        },
        {
            "title": "Merge branch 'master' into remove_feature_flags_megabranch",
            "flags": {
                "public_assistant_landing_page": "removed",
                "assistant_landing_page": "removed",
                "public_home_v2": "removed",
                "home_v2": "removed",
                "student_identifier": "removed",
                "import_resiliency": "removed",
                "download_repositories": "removed"
            },
            "message": "Merge branch 'master' into remove_feature_flags_megabranch",
            "hash": "3eac61bb70337af752552c7b1131b625e1a8d4d0",
            "merge": "e1d679f0 290525da",
            "author": "Nathaniel Woodthorpe",
            "date": "Wed Jul 10 13:36:45 2019"
        },
        {
            "title": "Merge branch 'remove_feature_flags_megabranch' into remove_pages_v2_flag",
            "flags": {
                "public_assistant_landing_page": "removed",
                "assistant_landing_page": "removed",
                "public_home_v2": "removed",
                "student_identifier": "removed",
                "home_v2": "removed",
                "import_resiliency": "removed",
                "download_repositories": "removed"
            },
            "message": "Merge branch 'remove_feature_flags_megabranch' into remove_pages_v2_flag",
            "hash": "9c5208428e02272fb5bf6e3e675d044e20bb864a",
            "merge": "c8ab945d 44022195",
            "author": "Nathaniel Woodthorpe",
            "date": "Wed Jul 10 13:35:06 2019"
        },
        {
            "title": "Merge branch 'master' into disable_dashboard_search",
            "flags": {
                "dashboard_search": "removed"
            },
            "message": "Merge branch 'master' into disable_dashboard_search",
            "hash": "744c11f93162be1ae01c430109b41797c81bbcaf",
            "merge": "54fd8d01 290525da",
            "author": "Nathaniel Woodthorpe",
            "date": "Wed Jul 10 13:31:20 2019"
        },
        {
            "title": "Merge pull request #1952 from education/remove_assistant_and_public_assistant_feature_flags",
            "flags": {
                "public_assistant_landing_page": "removed",
                "assistant_landing_page": "removed",
                "student_identifier": "removed",
                "import_resiliency": "removed",
                "download_repositories": "removed"
            },
            "message": "Merge pull request #1952 from education/remove_assistant_and_public_assistant_feature_flags\n\nRemove assistant_landing_page and public_assistant_landing_page",
            "hash": "44022195c9692d859a41337ab7e9816d31f8d30d",
            "merge": "646304cd 441b8ff0",
            "author": "Nathaniel Woodthorpe",
            "date": "Wed Jul 10 13:30:31 2019"
        },
        {
            "title": "Suggested changes",
            "flags": {
                "lti_launch": "False"
            },
            "message": "Suggested changes\n",
            "hash": "66775557db3b459173f4b2fc7ab11b600a993f33",
            "author": "stephaniegiang",
            "date": "Tue Jul 9 09:41:15 2019"
        },
        {
            "title": "Merge pull request #1954 from education/remove_student_identifier_flag",
            "flags": {
                "student_identifier": "removed",
                "import_resiliency": "removed",
                "download_repositories": "removed"
            },
            "message": "Merge pull request #1954 from education/remove_student_identifier_flag\n\nRemove student identifier flag",
            "hash": "646304cd6a6e2a9cced033574a6c0a21e4bd7098",
            "merge": "bc1fa1a6 6e4af172",
            "author": "Nathaniel Woodthorpe",
            "date": "Sat Jul 6 06:47:05 2019"
        },
        {
            "title": "Merge branch 'remove_feature_flags_megabranch' into remove_import_resiliency",
            "flags": {
                "download_repositories": "removed",
                "import_resiliency": "removed"
            },
            "message": "Merge branch 'remove_feature_flags_megabranch' into remove_import_resiliency",
            "hash": "36481d383e41654c553468b48c66a438051fb131",
            "merge": "bbc56ffa afb6a55a",
            "author": "Nathaniel Woodthorpe",
            "date": "Sat Jul 6 06:45:55 2019"
        },
        {
            "title": "Add feature flag to controller",
            "flags": {
                "lti_launch": "False"
            },
            "message": "Add feature flag to controller\n",
            "hash": "f7c2eb0e2e255b0a97a91ec48a853aaa6082e913",
            "author": "stephaniegiang",
            "date": "Fri Jul 5 14:47:30 2019"
        },
        {
            "title": "Kill dashboard_search flag",
            "flags": {
                "dashboard_search": "removed"
            },
            "message": "Kill dashboard_search flag\n",
            "hash": "54fd8d016d9c4a3cf2ac9312ab567c70d3c5356f",
            "author": "Nathaniel Woodthorpe",
            "date": "Fri Jul 5 08:02:26 2019"
        },
        {
            "title": "Remove download repositories feature flag",
            "flags": {
                "download_repositories": "removed"
            },
            "message": "Remove download repositories feature flag\n",
            "hash": "7bcb1ea042115cb623b789127aef053512da2c92",
            "author": "Nathaniel Woodthorpe",
            "date": "Fri Jul 5 07:56:53 2019"
        },
        {
            "title": "remove import_resiliency flag",
            "flags": {
                "import_resiliency": "removed"
            },
            "message": "remove import_resiliency flag\n",
            "hash": "8835054091e1c1c7e3022de9cd54ed16f1c45ddc",
            "author": "Nathaniel Woodthorpe",
            "date": "Thu Jul 4 14:07:51 2019"
        },
        {
            "title": "Remove assistant_landing_page and public_assistant_landing_page",
            "flags": {
                "public_assistant_landing_page": "removed",
                "assistant_landing_page": "removed"
            },
            "message": "Remove assistant_landing_page and public_assistant_landing_page\n",
            "hash": "441b8ff00bb5a61447f449355014a52ecdc6f095",
            "author": "Nathaniel Woodthorpe",
            "date": "Thu Jul 4 13:20:41 2019"
        },
        {
            "title": "Remove pages_v2 flag, views, and related logic",
            "flags": {
                "public_home_v2": "removed",
                "home_v2": "removed"
            },
            "message": "Remove pages_v2 flag, views, and related logic\n",
            "hash": "8ad2ff3be42bd79c2e2a50719b90bf9f043ed03f",
            "author": "Nathaniel Woodthorpe",
            "date": "Thu Jul 4 13:15:45 2019"
        },
        {
            "title": "remove student_identifier",
            "flags": {
                "student_identifier": "removed"
            },
            "message": "remove student_identifier\n",
            "hash": "31bf4da48e4be3e9a17155e050c3e28564982cc1",
            "author": "Nathaniel Woodthorpe",
            "date": "Thu Jul 4 12:42:09 2019"
        },
        {
            "title": "Add ability to create assignments using template repositories",
            "flags": {
                "template_repos": "False"
            },
            "message": "Add ability to create assignments using template repositories\n",
            "hash": "f571d312a52c781858674df971d9884dd229ef65",
            "author": "Eric Pickup",
            "date": "Wed Jul 3 11:17:23 2019"
        },
        {
            "title": "Add lti_launch feature flag",
            "flags": {
                "lti_launch": "False"
            },
            "message": "Add lti_launch feature flag\n",
            "hash": "994005512791a35cc884db04746f7394fbc64bce",
            "author": "Bradley Bain",
            "date": "Mon Jul 1 15:06:39 2019"
        },
        {
            "title": "Add feature flag",
            "flags": {
                "search_assignments": "False"
            },
            "message": "Add feature flag\n",
            "hash": "bbd3b3ee244e3c63c2f5a4b8739ba4981a1aff37",
            "author": "stephaniegiang",
            "date": "Thu Jun 20 14:40:24 2019"
        },
        {
            "title": "add feature flag",
            "flags": {
                "google_classroom_roster_import": "False"
            },
            "message": "add feature flag\n",
            "hash": "92fc0df023e0993c485db45a6b45d2dda0506fc7",
            "author": "Srinjoy Majumdar",
            "date": "Tue May 28 00:11:45 2019"
        },
        {
            "title": "first go at new dashboard design with search",
            "flags": {
                "dashboard_search": "False"
            },
            "message": "first go at new dashboard design with search\n",
            "hash": "cf328b7001e0aa7686cfedb823d26594b6b5ce97",
            "author": "Srinjoy Majumdar",
            "date": "Tue Jan 15 14:58:14 2019"
        },
        {
            "title": "add feature flag support",
            "flags": {
                "multiple_classrooms_per_org": "False"
            },
            "message": "add feature flag support\n",
            "hash": "6ad530b5f35a7d1aaa4fbc38b2a2af3bd2f4796a",
            "author": "Srinjoy Majumdar",
            "date": "Fri Oct 26 17:41:20 2018"
        },
        {
            "title": "Remove repository_import_webhook feature flag",
            "flags": {
                "repository_import_webhook": "removed"
            },
            "message": "Remove repository_import_webhook feature flag\n",
            "hash": "e92110ddd70039cc611749cd188480a92f3d5907",
            "author": "BenEmdon",
            "date": "Mon Oct 1 11:07:08 2018"
        },
        {
            "title": "Merge branch 'master' into change_feature_flipper",
            "flags": {
                "public_assistant_landing_page": "False",
                "assistant_landing_page": "False",
                "public_home_v2": "False",
                "home_v2": "False",
                "group_import_resiliency": "removed"
            },
            "message": "Merge branch 'master' into change_feature_flipper",
            "hash": "a16bc03311fa31a0c6380d09f09f887e5ca6ddd2",
            "merge": "a98ad2d3 dd64ac54",
            "author": "Ben Emdon",
            "date": "Tue Sep 25 10:10:57 2018"
        },
        {
            "title": "add same flag for assistant",
            "flags": {
                "public_assistant_landing_page": "False"
            },
            "message": "add same flag for assistant\n",
            "hash": "f1d9ccd918df3e42626d5fc56aef5ce767f6c1f0",
            "author": "Srinjoy Majumdar",
            "date": "Mon Sep 24 18:11:30 2018"
        },
        {
            "title": "add feature flag",
            "flags": {
                "public_home_v2": "False"
            },
            "message": "add feature flag\n",
            "hash": "763f81c3b092b5de82f8f6183063bee813bff6ae",
            "author": "Srinjoy Majumdar",
            "date": "Mon Sep 24 17:57:01 2018"
        },
        {
            "title": "for testing",
            "flags": {
                "assistant_landing_page": "False",
                "home_v2": "False"
            },
            "message": "for testing\n",
            "hash": "c695fd9f27bbe3dc851a30d07203d0c22a4bf624",
            "author": "Srinjoy Majumdar",
            "date": "Mon Sep 24 15:10:33 2018"
        },
        {
            "title": "Move flipper from user to group_assignment",
            "flags": {
                "group_import_resiliency": "removed"
            },
            "message": "Move flipper from user to group_assignment\n",
            "hash": "a98ad2d3008b6624d35136516a2ec5e2cde76ed9",
            "author": "BenEmdon",
            "date": "Mon Sep 24 13:54:56 2018"
        },
        {
            "title": "feature flag",
            "flags": {
                "assistant_landing_page": "False"
            },
            "message": "feature flag\n",
            "hash": "3400694afbde29f8495d53383c1bb5ef65f9ee9f",
            "author": "Srinjoy Majumdar",
            "date": "Mon Sep 24 13:51:54 2018"
        },
        {
            "title": "Added feature flag for repository_import_webhook",
            "flags": {
                "repository_import_webhook": "False"
            },
            "message": "Added feature flag for repository_import_webhook\n",
            "hash": "b64bff9f375dc0c159dc48819142f648f1398194",
            "author": "BenEmdon",
            "date": "Wed Sep 5 20:29:04 2018"
        },
        {
            "title": "Merge branch 'master' into remove-group-repository-setup-code-path",
            "flags": {
                "repo_setup": "removed",
                "group_import_resiliency": "False"
            },
            "message": "Merge branch 'master' into remove-group-repository-setup-code-path",
            "hash": "8a0abdc14aa606dcd67a363b922bfaf46c112224",
            "merge": "38bcb307 4456c370",
            "author": "Ben Emdon",
            "date": "Fri Aug 17 09:28:54 2018"
        },
        {
            "title": "Remove repo_setup feature flag",
            "flags": {
                "repo_setup": "removed"
            },
            "message": "Remove repo_setup feature flag\n",
            "hash": "38bcb307788f7a1d6202e7d798d1a3793b696917",
            "author": "BenEmdon",
            "date": "Fri Aug 17 08:48:45 2018"
        },
        {
            "title": "Add new feature flag for group import resiliency",
            "flags": {
                "group_import_resiliency": "False"
            },
            "message": "Add new feature flag for group import resiliency\n",
            "hash": "e2ff5a23e460407976003e6ae064be2c9cbf9220",
            "author": "BenEmdon",
            "date": "Fri Aug 17 07:50:44 2018"
        },
        {
            "title": "CGI escape all the things because hound does not like URI encode, add feature flag back for button",
            "flags": {
                "download_repositories": "False"
            },
            "message": "CGI escape all the things because hound does not like URI encode, add feature flag back for button\n",
            "hash": "b6d0eccf31be5204f375f7586fc85e0292973abd",
            "author": "Srinjoy Majumdar",
            "date": "Mon Aug 6 10:14:39 2018"
        },
        {
            "title": "remove feature flags",
            "flags": {
                "download_repositories": "removed"
            },
            "message": "remove feature flags\n",
            "hash": "4864245a39b45c9c9efa46f426936c84d79c03a9",
            "author": "Srinjoy Majumdar",
            "date": "Wed Aug 1 20:53:37 2018"
        },
        {
            "title": "bunch of updates to clean up jwt class + user api token method",
            "flags": {
                "download_repositories": "False"
            },
            "message": "bunch of updates to clean up jwt class + user api token method\n",
            "hash": "a9e85556ce5997d6687387baa999e621f55a04ef",
            "author": "Srinjoy Majumdar",
            "date": "Tue Jul 31 23:00:31 2018"
        },
        {
            "title": "add feature flag for downloading repos",
            "flags": {
                "download_repositories": "False"
            },
            "message": "add feature flag for downloading repos\n",
            "hash": "72dc20582c8b69adc60c64c43559e24cface4096",
            "author": "Srinjoy Majumdar",
            "date": "Tue Jul 17 15:39:22 2018"
        },
        {
            "title": "Added new behavior behind beta flag",
            "flags": {
                "import_resiliency": "False"
            },
            "message": "Added new behavior behind beta flag\n",
            "hash": "10f21becd6aeaeb813a12afdef211368fe31c586",
            "author": "BenEmdon",
            "date": "Fri Jul 6 18:14:04 2018"
        },
        {
            "title": "Remove deadline flipper logic",
            "flags": {
                "deadlines": "removed"
            },
            "message": "Remove deadline flipper logic\n",
            "hash": "6c09575f96121f775bb8813a1bb3dece222769ad",
            "author": "Nathaniel Woodthorpe",
            "date": "Mon Aug 7 18:02:23 2017"
        },
        {
            "title": "Add repo setup stage and issues initialization",
            "flags": {
                "repo_setup": "False"
            },
            "message": "Add repo setup stage and issues initialization\n",
            "hash": "83a992c111fd9005ff4dc1f264cbaf0e86c1af51",
            "author": "Wilfried Hounyo",
            "date": "Thu Jul 20 13:07:43 2017"
        },
        {
            "title": "Extract logic from ApplicationController into digestable dependency files",
            "flags": {
                "student_identifier": "False",
                "team_management": "False"
            },
            "message": "Extract logic from ApplicationController into digestable dependency files\n",
            "hash": "e8161e8e3275967a2829850becfa4386c3c03922",
            "author": "Mark Tareshawty",
            "date": "Tue May 30 12:57:09 2017"
        },
        {
            "title": "Extract logic from ApplicationController into digestable dependency files",
            "flags": {
                "student_identifier": "removed",
                "team_management": "removed"
            },
            "message": "Extract logic from ApplicationController into digestable dependency files\n",
            "hash": "e8161e8e3275967a2829850becfa4386c3c03922",
            "author": "Mark Tareshawty",
            "date": "Tue May 30 12:57:09 2017"
        },
        {
            "title": "Add deadlines to assignments and group assignments.",
            "flags": {
                "deadlines": "False"
            },
            "message": "Add deadlines to assignments and group assignments.\n",
            "hash": "aed8cad725ece1e1c03e345c6d7bb022b4d5457e",
            "author": "Nathaniel Woodthorpe",
            "date": "Thu May 25 13:23:24 2017"
        },
        {
            "title": "Rename Classroom application to GitHubClassroom",
            "flags": {
                "student_identifier": "False",
                "team_management": "False"
            },
            "message": "Rename Classroom application to GitHubClassroom\n\nBecause we need the Classroom model, I had to rename the application.\n",
            "hash": "90bc5433bf88b34142030091ccea2f8445ed5a89",
            "author": "Mark Tareshawty",
            "date": "Tue Aug 16 18:43:01 2016"
        }
    ]
}