{
    "id": 35079964,
    "node_id": "MDEwOlJlcG9zaXRvcnkzNTA3OTk2NA==",
    "name": "classroom",
    "full_name": "education/classroom",
    "private": false,
    "description": "GitHub Classroom automates repository creation and access control, making it easy for teachers to distribute starter code and collect assignments on GitHub.",
    "fork": false,
    "created_at": "2015-05-05T05:33:50Z",
    "updated_at": "2019-12-20T15:50:53Z",
    "pushed_at": "2019-12-20T15:50:55Z",
    "homepage": "https://classroom.github.com",
    "size": 169550,
    "stargazers_count": 1167,
    "watchers_count": 1167,
    "language": "Ruby",
    "has_issues": true,
    "has_projects": true,
    "has_downloads": true,
    "has_wiki": false,
    "has_pages": false,
    "forks_count": 423,
    "archived": false,
    "disabled": false,
    "open_issues_count": 193,
    "license": null,
    "forks": 423,
    "open_issues": 193,
    "watchers": 1167,
    "default_branch": "master",
    "temp_clone_token": "",
    "network_count": 423,
    "subscribers_count": 78,
    "languages": {
        "Ruby": 878305,
        "HTML": 264721,
        "CSS": 45053,
        "JavaScript": 22995,
        "Shell": 6482
    }
}