{
    "date": "2019-12-20T17:58:02.383498",
    "commits": [
        {
            "title": "Merge pull request #10874 from wordpress-mobile/anitaa/update-aztec-version",
            "flags": {
                "INFORMATION_ARCHITECTURE_AVAILABLE": "True",
                "ME_ACTIVITY_AVAILABLE": "removed"
            },
            "message": "Merge pull request #10874 from wordpress-mobile/anitaa/update-aztec-version\n\nUpdated Aztec version to v1.3.35",
            "hash": "1eea52fe8bcfc89f68134ff352ee036507a3ea89",
            "merge": "ccb541553b e2c4cc4dcd",
            "author": "Ondrej Ruttkay <0nko@users.noreply.github.com>",
            "date": "Mon Dec 9 01:59:00 2019"
        },
        {
            "title": "Merge remote-tracking branch 'origin/develop' into merge/13.7-into-develop",
            "flags": {
                "INFORMATION_ARCHITECTURE_AVAILABLE": "True",
                "ME_ACTIVITY_AVAILABLE": "False"
            },
            "message": "Merge remote-tracking branch 'origin/develop' into merge/13.7-into-develop\n\n# Conflicts:\n#\tWordPress/build.gradle\n#\tbuild.gradle\n",
            "hash": "fb9c4c7e3961f2872d0475f3e677cf1ba4f77fb6",
            "merge": "58d1842bcf 8614ce8452",
            "author": "Jeremy Massel <jeremy.massel@automattic.com>",
            "date": "Mon Dec 2 13:23:09 2019"
        },
        {
            "title": "Merge branch 'develop' into feature/ia_project_merge_testing",
            "flags": {
                "INFORMATION_ARCHITECTURE_AVAILABLE": "True",
                "ME_ACTIVITY_AVAILABLE": "removed"
            },
            "message": "Merge branch 'develop' into feature/ia_project_merge_testing\n\n# Resolved Conflicts in:\n#\tWordPress/src/main/java/org/wordpress/android/ui/main/WPMainActivity.java\n",
            "hash": "97ca7a6bc1e555e1f01674f3c13ceeb162654244",
            "merge": "9df4fcae43 eca7eeddbf",
            "author": "develric <develric@gmail.com>",
            "date": "Fri Nov 29 07:24:38 2019"
        },
        {
            "title": "Merge branch 'feature/ia_project_feature_branch' into feature/ia_project_merge_testing",
            "flags": {
                "INFORMATION_ARCHITECTURE_AVAILABLE": "True",
                "ME_ACTIVITY_AVAILABLE": "removed"
            },
            "message": "Merge branch 'feature/ia_project_feature_branch' into feature/ia_project_merge_testing\n\n# Resolved Conflicts in:\n#\tWordPress/build.gradle\n#\tWordPress/src/main/java/org/wordpress/android/ui/main/WPMainActivity.java\n#\tlibs/gutenberg-mobile\n",
            "hash": "d5d0d21f01b981a8dc01c8e9fe5392d0f88082a5",
            "merge": "0972e845fe db37297f5c",
            "author": "develric <develric@gmail.com>",
            "date": "Thu Nov 28 14:47:58 2019"
        },
        {
            "title": "Using the defaultConfig for feature flag instead of setting it in all flavors.",
            "flags": {
                "INFORMATION_ARCHITECTURE_AVAILABLE": "False"
            },
            "message": "Using the defaultConfig for feature flag instead of setting it in all flavors.\n",
            "hash": "7d0df25fee1483f5962f0943bc7cb934cecef5f3",
            "author": "develric <develric@gmail.com>",
            "date": "Tue Nov 12 06:01:20 2019"
        },
        {
            "title": "Merge branch 'develop' into feature/ia_project_feature_branch",
            "flags": {
                "ME_ACTIVITY_AVAILABLE": "removed",
                "INFORMATION_ARCHITECTURE_AVAILABLE": "False"
            },
            "message": "Merge branch 'develop' into feature/ia_project_feature_branch\n",
            "hash": "25e4397636df40410bffe4e8558d92b060bcd0a2",
            "merge": "6db205b600 96240f725e",
            "author": "develric <develric@gmail.com>",
            "date": "Tue Nov 12 02:44:32 2019"
        },
        {
            "title": "Merge branch 'develop' into feature/ia_project_feature_branch",
            "flags": {
                "ME_ACTIVITY_AVAILABLE": "removed",
                "INFORMATION_ARCHITECTURE_AVAILABLE": "False"
            },
            "message": "Merge branch 'develop' into feature/ia_project_feature_branch\n\n# Conflicts:\n#\tWordPress/build.gradle\n#\tWordPress/src/main/res/values/dimens.xml\n#\tWordPress/src/main/res/values/styles.xml\n",
            "hash": "be624643289c352f919351cc468bcf02b9d3bb33",
            "merge": "c298099280 66c1c23b32",
            "author": "develric <develric@gmail.com>",
            "date": "Tue Nov 5 02:58:23 2019"
        },
        {
            "title": "Moving the feature flag to zalpha",
            "flags": {
                "INFORMATION_ARCHITECTURE_AVAILABLE": "False"
            },
            "message": "Moving the feature flag to zalpha\n",
            "hash": "aad4d8667bfb623002b55681bfa38e4869584ea8",
            "author": "develric <develric@gmail.com>",
            "date": "Thu Oct 31 06:36:18 2019"
        },
        {
            "title": "Changing the feature flag name from ME_ACTIVITY_AVAILABLE to INFORMATION_ARCHITECTURE_AVAILABLE.",
            "flags": {
                "ME_ACTIVITY_AVAILABLE": "removed",
                "INFORMATION_ARCHITECTURE_AVAILABLE": "True"
            },
            "message": "Changing the feature flag name from ME_ACTIVITY_AVAILABLE to INFORMATION_ARCHITECTURE_AVAILABLE.\n",
            "hash": "70724f65c3b659bc3abc8f7816ff57553a93ce55",
            "author": "develric <develric@gmail.com>",
            "date": "Wed Oct 30 19:34:49 2019"
        },
        {
            "title": "Merge pull request #10657 from wordpress-mobile/merge/13.4-into-develop",
            "flags": {
                "ME_ACTIVITY_AVAILABLE": "False"
            },
            "message": "Merge pull request #10657 from wordpress-mobile/merge/13.4-into-develop\n\nMerge 13.4 into develop",
            "hash": "0324257e113783179a873e4b2cb0077f06d5730b",
            "merge": "fec059a251 2a84eebeb7",
            "author": "Jeremy Massel <jeremy.massel@automattic.com>",
            "date": "Tue Oct 22 17:46:42 2019"
        },
        {
            "title": "Merge remote-tracking branch 'origin/develop' into issue/upgrade-gradle-to-5.4.1",
            "flags": {
                "ME_ACTIVITY_AVAILABLE": "False"
            },
            "message": "Merge remote-tracking branch 'origin/develop' into issue/upgrade-gradle-to-5.4.1\n",
            "hash": "ae5f6669a3a1a717135e51d4a5cedeac5ddda24f",
            "merge": "adf7d79d79 f0ae3cddf5",
            "author": "Oguz Kocer <oguz.kocer@automattic.com>",
            "date": "Thu Oct 17 09:15:13 2019"
        },
        {
            "title": "Merge pull request #10592 from wordpress-mobile/issue/10591_default_me_activity_available_to_false",
            "flags": {
                "ME_ACTIVITY_AVAILABLE": "False"
            },
            "message": "Merge pull request #10592 from wordpress-mobile/issue/10591_default_me_activity_available_to_false\n\nDefaulting ME_ACTIVITY_AVAILABLE flag to false for all the flavors.",
            "hash": "ce2f2b9bbcab78fac580e447d4aa835bea290b39",
            "merge": "694757bee1 3484692817",
            "author": "Vojta Smrcek <vojta.smrcek@automattic.com>",
            "date": "Thu Oct 10 05:20:48 2019"
        },
        {
            "title": "Defaulting ME_ACTIVITY_AVAILABLE flag to false for all the flavors.",
            "flags": {
                "ME_ACTIVITY_AVAILABLE": "False"
            },
            "message": "Defaulting ME_ACTIVITY_AVAILABLE flag to false for all the flavors.\n",
            "hash": "34846928175a9b082161a280f67ef0d8f815940c",
            "author": "develric <develric@gmail.com>",
            "date": "Wed Oct 9 09:40:14 2019"
        },
        {
            "title": "Merge remote-tracking branch 'origin/develop' into merge/13.3-into-develop-final",
            "flags": {
                "ME_ACTIVITY_AVAILABLE": "True"
            },
            "message": "Merge remote-tracking branch 'origin/develop' into merge/13.3-into-develop-final\n\n# Conflicts:\n#\tWordPress/build.gradle\n",
            "hash": "beafc3b800445845c9c88ec6da82115ee48f2798",
            "merge": "443378b48f 00acdb8ee2",
            "author": "Jeremy Massel <jeremy.massel@gmail.com>",
            "date": "Mon Oct 7 14:15:53 2019"
        },
        {
            "title": "Merge remote-tracking branch 'origin/develop' into merge/13.3-into-develop",
            "flags": {
                "ME_ACTIVITY_AVAILABLE": "True"
            },
            "message": "Merge remote-tracking branch 'origin/develop' into merge/13.3-into-develop\n\n# Conflicts:\n#\tWordPress/build.gradle\n",
            "hash": "98fe9a0d17047b7db87bafcbe74d46b0d72ddbf9",
            "merge": "c81c9f372b 09abbcb1b0",
            "author": "Jeremy Massel <jeremy.massel@gmail.com>",
            "date": "Wed Sep 25 08:48:03 2019"
        },
        {
            "title": "Merge branch 'develop' into feature/move_me_tab_to_new_activity",
            "flags": {
                "ME_ACTIVITY_AVAILABLE": "True"
            },
            "message": "Merge branch 'develop' into feature/move_me_tab_to_new_activity\n",
            "hash": "d5c25ad4853d7e902774ebcfc80f643e1b1d4f97",
            "merge": "d9fa53e50d ad2d4ee283",
            "author": "develric <develric@gmail.com>",
            "date": "Sun Sep 8 19:00:46 2019"
        },
        {
            "title": "Setting \"ME_ACTIVITY_AVAILABLE\" to false in gradle to enforce currently standard behaviour in vanilla flavor",
            "flags": {
                "ME_ACTIVITY_AVAILABLE": "False"
            },
            "message": "Setting \"ME_ACTIVITY_AVAILABLE\" to false in gradle to enforce currently standard behaviour in vanilla flavor\n",
            "hash": "bf845ad88805ce2ab9059c6b986f4b2bf6382aef",
            "author": "develric <develric@gmail.com>",
            "date": "Thu Sep 5 06:27:22 2019"
        },
        {
            "title": "Add icon to the My Site toolbar",
            "flags": {
                "ME_ACTIVITY_AVAILABLE": "True"
            },
            "message": "Add icon to the My Site toolbar\n",
            "hash": "c1a2a2752fc7750ad69fbc23d685b1bb16e01005",
            "author": "vojtasmrcek <planarvoid@gmail.com>",
            "date": "Thu Sep 5 00:37:11 2019"
        },
        {
            "title": "Merge pull request #10220 from wordpress-mobile/release/12.8",
            "flags": {
                "DOMAIN_REGISTRATION_ENABLED": "removed"
            },
            "message": "Merge pull request #10220 from wordpress-mobile/release/12.8\n\nMerge final 12.8 into develop",
            "hash": "c73aa1378028614e75773747c2fe78674dc4e064",
            "merge": "a83307f981 07ca7921a9",
            "author": "Lorenzo Mattei <lore.mattei@gmail.com>",
            "date": "Mon Jul 15 06:20:37 2019"
        },
        {
            "title": "Merge branch 'release/12.8' into merge-12.7.1-into-develop",
            "flags": {
                "DOMAIN_REGISTRATION_ENABLED": "removed"
            },
            "message": "Merge branch 'release/12.8' into merge-12.7.1-into-develop\n",
            "hash": "69285d79c29a8b21e22bb9ced0d0e30e87cbed63",
            "merge": "7da5a19d58 9a06b4a3cb",
            "author": "Lorenzo Mattei <lore.mattei@gmail.com>",
            "date": "Fri Jul 12 01:32:44 2019"
        },
        {
            "title": "Merge branch 'develop' into issue/9815-domain-registration-remove-feature-flag",
            "flags": {
                "DOMAIN_REGISTRATION_ENABLED": "removed"
            },
            "message": "Merge branch 'develop' into issue/9815-domain-registration-remove-feature-flag",
            "hash": "37594c80ae6449277f64005f22244393577e3c42",
            "merge": "b61c46f7ab 7eb6113506",
            "author": "Klymentiy Haykov <forsver@gmail.com>",
            "date": "Wed Jul 10 21:58:25 2019"
        },
        {
            "title": "Removed feature flag.",
            "flags": {
                "DOMAIN_REGISTRATION_ENABLED": "removed"
            },
            "message": "Removed feature flag.\n",
            "hash": "8ef64ba38aba799519449aae5ef32026c2caf98f",
            "author": "Klymentiy haykov <forsver@gmail.com>",
            "date": "Mon Jul 1 23:06:00 2019"
        },
        {
            "title": "Merge branch 'develop' into consolidate_event_bus_library_with_fluxc",
            "flags": {
                "NEW_SITE_CREATION_ENABLED": "removed"
            },
            "message": "Merge branch 'develop' into consolidate_event_bus_library_with_fluxc\n",
            "hash": "d467f920660baafee334e8628df1e79d4ba82354",
            "merge": "3011b16492 77168a33e8",
            "author": "vojtasmrcek <planarvoid@gmail.com>",
            "date": "Tue May 28 07:13:41 2019"
        },
        {
            "title": "Merge pull request #9909 from wordpress-mobile/issue/9847-use-workmanager-to-postpone-uploadstarter-run",
            "flags": {
                "NEW_SITE_CREATION_ENABLED": "removed"
            },
            "message": "Merge pull request #9909 from wordpress-mobile/issue/9847-use-workmanager-to-postpone-uploadstarter-run\n\nIssue/9847 use workmanager to postpone uploadstarter run",
            "hash": "cf4b49abd3db13cc3e0e7983cca232fe0d9ace05",
            "merge": "07c0464039 3b8c99709c",
            "author": "Jayson Basanes <jayson@basanes.net>",
            "date": "Tue May 28 06:00:09 2019"
        },
        {
            "title": "Merge pull request #9931 from wordpress-mobile/issue/9045-remove-old-site-creation-flow",
            "flags": {
                "NEW_SITE_CREATION_ENABLED": "removed"
            },
            "message": "Merge pull request #9931 from wordpress-mobile/issue/9045-remove-old-site-creation-flow\n\nRemove classes and resources related to the old site creation flow",
            "hash": "debadaf7ad8558c0620e75dd69eb0d57530c66bc",
            "merge": "ec1a295005 1a1cb398c5",
            "author": "Jayson Basanes <jayson@basanes.net>",
            "date": "Fri May 24 09:04:13 2019"
        },
        {
            "title": "Remove NEW_SITE_CREATION_ENABLED feature flag",
            "flags": {
                "NEW_SITE_CREATION_ENABLED": "removed"
            },
            "message": "Remove NEW_SITE_CREATION_ENABLED feature flag\n",
            "hash": "6c230926b78eedd954c80a71b9a23c61fb4ec614",
            "author": "malinajirka <malinajirka@gmail.com>",
            "date": "Fri May 24 03:43:57 2019"
        },
        {
            "title": "Merge pull request #9425 from wordpress-mobile/issue/9424-add-domain-registration-feature-flag",
            "flags": {
                "REVISIONS_ENABLED": "removed",
                "DOMAIN_REGISTRATION_ENABLED": "True"
            },
            "message": "Merge pull request #9425 from wordpress-mobile/issue/9424-add-domain-registration-feature-flag\n\nIssue/9424 add domain registration feature flag",
            "hash": "6fc9a41cedba7aec85d0a302d9b3f8b28b573b64",
            "merge": "d4036a3389 1731a321d3",
            "author": "Oguz Kocer <oguzkocer@users.noreply.github.com>",
            "date": "Wed Mar 20 11:43:02 2019"
        },
        {
            "title": "Merge branch 'develop' into issue/8815-view-more-screen",
            "flags": {
                "REVISIONS_ENABLED": "removed"
            },
            "message": "Merge branch 'develop' into issue/8815-view-more-screen\n\n# Conflicts:\n#\tbuild.gradle\n",
            "hash": "353e1880dbdceff7a98f058585dd14dbd30a4e2f",
            "merge": "950b82ba48 0a6f6380b7",
            "author": "Ondrej Ruttkay <ondrej@automattic.com>",
            "date": "Tue Mar 19 02:21:36 2019"
        },
        {
            "title": "Remove feature flag for page/post revisions history after merge conflict",
            "flags": {
                "REVISIONS_ENABLED": "removed"
            },
            "message": "Remove feature flag for page/post revisions history after merge conflict\n",
            "hash": "d028318f522fe7c3382c75339214eb23cdf5a534",
            "author": "Tyler Heck <theck13@users.noreply.github.com>",
            "date": "Sun Mar 17 09:11:12 2019"
        },
        {
            "title": "Added domain registration feature flag to wasabi build.",
            "flags": {
                "DOMAIN_REGISTRATION_ENABLED": "True"
            },
            "message": "Added domain registration feature flag to wasabi build.\n",
            "hash": "bda78a3f1fa705ea0903e5377088d098a7beed88",
            "author": "Klymentiy haykov <forsver@gmail.com>",
            "date": "Fri Mar 15 22:41:37 2019"
        },
        {
            "title": "Merge branch 'issue/8815-view-more-screen' into feature/view-all-improvements",
            "flags": {
                "NEW_SITE_CREATION_ENABLED": "True"
            },
            "message": "Merge branch 'issue/8815-view-more-screen' into feature/view-all-improvements\n",
            "hash": "ca4b5634c7e6c827c08f8a3ff215646cb848415a",
            "merge": "b9156d37dd e06c0b5431",
            "author": "Ondrej Ruttkay <ondrej@automattic.com>",
            "date": "Wed Feb 27 01:49:05 2019"
        },
        {
            "title": "Merge remote-tracking branch 'origin/develop' into issue/update-fluxc-hash-for-v2-locale-and-enable-new-site-creation",
            "flags": {
                "NEW_SITE_CREATION_ENABLED": "True",
                "OFFER_GUTENBERG": "True"
            },
            "message": "Merge remote-tracking branch 'origin/develop' into issue/update-fluxc-hash-for-v2-locale-and-enable-new-site-creation\n",
            "hash": "b26cc372eb8a3b08bc092aee99da7d8df605f211",
            "merge": "e777e2116c 07286f48c1",
            "author": "Oguz Kocer <oguz.kocer@automattic.com>",
            "date": "Fri Feb 22 10:42:44 2019"
        },
        {
            "title": "Merge pull request #9215 from wordpress-mobile/feature/update-support-lib-28",
            "flags": {
                "OFFER_GUTENBERG": "True"
            },
            "message": "Merge pull request #9215 from wordpress-mobile/feature/update-support-lib-28\n\nUpdate support library to 28",
            "hash": "88b9e3b5f363a5655854f5456dce8d1e945daef2",
            "merge": "230b94b1d9 5aeafa2982",
            "author": "Will Kwon <will@kwon.co>",
            "date": "Mon Feb 18 13:51:46 2019"
        },
        {
            "title": "Merge release/11.8 into develop",
            "flags": {
                "OFFER_GUTENBERG": "True"
            },
            "message": "Merge release/11.8 into develop\n",
            "hash": "ff5a9cad59c31121371274f5980640d1ed9248dc",
            "merge": "f360c24279 ccc0fd5fff",
            "author": "Lorenzo Mattei <lore.mattei@gmail.com>",
            "date": "Mon Feb 18 12:18:02 2019"
        },
        {
            "title": "Merge pull request #9208 from wordpress-mobile/feature/hide-legacy-editors-options",
            "flags": {
                "OFFER_GUTENBERG": "True"
            },
            "message": "Merge pull request #9208 from wordpress-mobile/feature/hide-legacy-editors-options\n\nEnable Gutenberg for all and hide legacy editors options",
            "hash": "8812a1ec4f1039cd4321c491fae8228db00f205c",
            "merge": "f5d7546fbc 4647aa72d9",
            "author": "Stefanos Togoulidis <stefanostogoulidis@gmail.com>",
            "date": "Tue Feb 12 01:21:28 2019"
        },
        {
            "title": "Offer Gutenberg in all build flavors",
            "flags": {
                "OFFER_GUTENBERG": "True"
            },
            "message": "Offer Gutenberg in all build flavors\n",
            "hash": "15372fbb92bdfc95b206611d042d91cdb687d01a",
            "author": "Stefanos Togkoulidis <stefanostogoulidis@gmail.com>",
            "date": "Mon Feb 11 06:43:06 2019"
        },
        {
            "title": "Update FluxC hash for v2 locale param and enable new Site Creation",
            "flags": {
                "NEW_SITE_CREATION_ENABLED": "True"
            },
            "message": "Update FluxC hash for v2 locale param and enable new Site Creation\n",
            "hash": "e777e2116c80360428e20aee8274e45e71d4c548",
            "author": "Oguz Kocer <oguz.kocer@automattic.com>",
            "date": "Thu Feb 7 14:11:03 2019"
        },
        {
            "title": "Merge pull request #9044 from wordpress-mobile/gradle-4-10",
            "flags": {
                "NEW_SITE_CREATION_ENABLED": "False"
            },
            "message": "Merge pull request #9044 from wordpress-mobile/gradle-4-10\n\nUpdate to Gradle 4.10.3/Android Gradle plugin 3.2.1",
            "hash": "51fbcb987d4d02b7a2cf41f7cd77e378499d8f0e",
            "merge": "4cba04566e 0277f3640f",
            "author": "James Treanor <jtreanor3@gmail.com>",
            "date": "Fri Jan 25 04:46:46 2019"
        },
        {
            "title": "Add NEW_SITE_CREATION_ENABLED build flag",
            "flags": {
                "NEW_SITE_CREATION_ENABLED": "False"
            },
            "message": "Add NEW_SITE_CREATION_ENABLED build flag\n",
            "hash": "647bf57617c33e4e0a93ddcba66712e50737cce6",
            "author": "Oguz Kocer <oguz.kocer@automattic.com>",
            "date": "Thu Jan 24 10:15:24 2019"
        },
        {
            "title": "Merge branch 'develop' into feature/stats_refresh_readonly",
            "flags": {
                "OFFER_GUTENBERG": "True"
            },
            "message": "Merge branch 'develop' into feature/stats_refresh_readonly\n",
            "hash": "247d0b36033b89e250e12ba1e2c7e2bb34727904",
            "merge": "f2a6ca2714 e23be4a4a7",
            "author": "vojtasmrcek <planarvoid@gmail.com>",
            "date": "Wed Dec 19 05:48:30 2018"
        },
        {
            "title": "Merge branch 'feature/master-site-creation' into issue/new-site-creation-domain-ui",
            "flags": {
                "NEW_SITE_CREATION_ENABLED": "removed"
            },
            "message": "Merge branch 'feature/master-site-creation' into issue/new-site-creation-domain-ui\n",
            "hash": "b473bfc354e788632dd8e52c646fa88c3a3faea9",
            "merge": "16989c3786 0748b94ca5",
            "author": "Oguz Kocer <oguz.kocer@automattic.com>",
            "date": "Mon Dec 17 14:55:42 2018"
        },
        {
            "title": "Enable new site creation flow for DEBUG builds",
            "flags": {
                "NEW_SITE_CREATION_ENABLED": "removed"
            },
            "message": "Enable new site creation flow for DEBUG builds\n",
            "hash": "66d15c2f8cebd20947ce6c0790a8dcf988d1bec3",
            "author": "Oguz Kocer <oguz.kocer@automattic.com>",
            "date": "Fri Dec 14 21:57:16 2018"
        },
        {
            "title": "Merge branch 'develop' into issue/8627-giphy",
            "flags": {
                "OFFER_GUTENBERG": "True"
            },
            "message": "Merge branch 'develop' into issue/8627-giphy\n\n# Conflicts:\n#\tWordPress/build.gradle\n",
            "hash": "b855d9a599ceccf914462fad4c8f9504a5639e42",
            "merge": "e53d129497 85b3edbcc7",
            "author": "Shiki <jayson@basanes.net>",
            "date": "Wed Dec 12 14:10:24 2018"
        },
        {
            "title": "Temporarily enable site creation feature",
            "flags": {
                "NEW_SITE_CREATION_ENABLED": "True"
            },
            "message": "Temporarily enable site creation feature\n\nThis commit enables the NEW_SITE_CREATION_ENABLED flag and makes the domain the first screen for the new site creation flow. It's been cumbersome to keep these changes locally and costing me a lot of time each commit. I'll just revert this commit once I am done with this branch.\n",
            "hash": "00340feb1faecd229cbfe7d34eb1e52549a137d6",
            "author": "Oguz Kocer <oguz.kocer@automattic.com>",
            "date": "Tue Dec 11 19:25:18 2018"
        },
        {
            "title": "Merge branch 'develop' into issue/8627-giphy-search-while-typing",
            "flags": {
                "OFFER_GUTENBERG": "True"
            },
            "message": "Merge branch 'develop' into issue/8627-giphy-search-while-typing\n",
            "hash": "1a9a379265e77ca9a17bdd64eed4299f1a9d0058",
            "merge": "a63c54d996 01de4c62ec",
            "author": "Shiki <jayson@basanes.net>",
            "date": "Fri Dec 7 14:19:00 2018"
        },
        {
            "title": "Merge remote-tracking branch 'origin/develop' into feature/master-site-creation",
            "flags": {
                "NEW_SITE_CREATION_ENABLED": "False"
            },
            "message": "Merge remote-tracking branch 'origin/develop' into feature/master-site-creation\n",
            "hash": "a1ff14934d907963426f81a7eb62002119c89270",
            "merge": "b4a8c7f7b7 01de4c62ec",
            "author": "Oguz Kocer <oguz.kocer@automattic.com>",
            "date": "Fri Dec 7 11:07:18 2018"
        },
        {
            "title": "Merge branch 'develop' into issue/8627-giphy-api-error-handling",
            "flags": {
                "OFFER_GUTENBERG": "True"
            },
            "message": "Merge branch 'develop' into issue/8627-giphy-api-error-handling\n",
            "hash": "265807115b527aa0c4fa2640883be0b4b352c0a3",
            "merge": "f0f3f13959 01de4c62ec",
            "author": "Shiki <jayson@basanes.net>",
            "date": "Fri Dec 7 06:37:39 2018"
        },
        {
            "title": "Merge branch 'develop' into feature/master-site-creation",
            "flags": {
                "NEW_SITE_CREATION_ENABLED": "False",
                "OFFER_GUTENBERG": "True",
                "REVISIONS_ENABLED": "removed"
            },
            "message": "Merge branch 'develop' into feature/master-site-creation\n\n# Conflicts:\n#\tWordPress/src/main/java/org/wordpress/android/modules/ViewModelModule.java\n#\tWordPress/src/main/java/org/wordpress/android/ui/ActivityLauncher.java\n#\tbuild.gradle\n",
            "hash": "def14a374eca2b684235d3d433b46077aa9fbe26",
            "merge": "d48674ad44 1c9d43dd2f",
            "author": "malinajirka <malinajirka@gmail.com>",
            "date": "Wed Dec 5 23:10:04 2018"
        },
        {
            "title": "Merge branch 'develop' into issue/8627-giphy-picker-editor-import",
            "flags": {
                "OFFER_GUTENBERG": "True"
            },
            "message": "Merge branch 'develop' into issue/8627-giphy-picker-editor-import\n",
            "hash": "f95b953ff9bc2ddc694ab79f0b2211097721dad1",
            "merge": "a63c54d996 1c9d43dd2f",
            "author": "Shiki <jayson@basanes.net>",
            "date": "Wed Dec 5 18:37:43 2018"
        },
        {
            "title": "Merge branch 'develop' into issue/8627-giphy-picker-preview",
            "flags": {
                "OFFER_GUTENBERG": "True"
            },
            "message": "Merge branch 'develop' into issue/8627-giphy-picker-preview\n",
            "hash": "c79ba5f71c7bf929cce2b703b18593bf1b560993",
            "merge": "2f897de284 79290a7c12",
            "author": "Shiki <jayson@basanes.net>",
            "date": "Sun Dec 2 05:03:15 2018"
        },
        {
            "title": "Merge branch 'develop' into gb/opt-in-mechanism",
            "flags": {
                "REVISIONS_ENABLED": "False",
                "OFFER_GUTENBERG": "True"
            },
            "message": "Merge branch 'develop' into gb/opt-in-mechanism\n\n# Conflicts:\n#\tWordPress/src/main/java/org/wordpress/android/ui/posts/EditPostActivity.java\n",
            "hash": "1523a2a3324f351679f66201b9d62f2cc12de053",
            "merge": "a3ff933eb7 d820e4994c",
            "author": "Marko Savic <savicmarko1985@gmail.com>",
            "date": "Fri Nov 30 01:46:21 2018"
        },
        {
            "title": "Renamed buildConfigField to be more specific/obvious for everyone",
            "flags": {
                "EXPERIMENTAL_CATEGORY_AVAILABLE": "removed",
                "OFFER_GUTENBERG": "True"
            },
            "message": "Renamed buildConfigField to be more specific/obvious for everyone\n",
            "hash": "d35db4c8536b9fc93da9a7c3af4a1ab048047ed4",
            "author": "Marko Savic <savicmarko1985@gmail.com>",
            "date": "Thu Nov 29 05:24:53 2018"
        },
        {
            "title": "Merge branch 'develop' into feature/gutenberg-mobile",
            "flags": {
                "REVISIONS_ENABLED": "False"
            },
            "message": "Merge branch 'develop' into feature/gutenberg-mobile\n",
            "hash": "15974e05eb66ee2a29b2008d468ae894f48ffea5",
            "merge": "20b85b384a f16bf26153",
            "author": "Stefanos Togkoulidis <stefanostogoulidis@gmail.com>",
            "date": "Thu Nov 29 05:00:57 2018"
        },
        {
            "title": "Fixes from comments",
            "flags": {
                "EXPERIMENTAL_CATEGORY_AVAILABLE": "True"
            },
            "message": "Fixes from comments\n",
            "hash": "b22e9a79d7696beae81c7147676815335851b7d2",
            "author": "Marko Savic <savicmarko1985@gmail.com>",
            "date": "Thu Nov 29 03:55:11 2018"
        },
        {
            "title": "Cleanup unnecessary changes for the site preview UI PR",
            "flags": {
                "NEW_SITE_CREATION_ENABLED": "False"
            },
            "message": "Cleanup unnecessary changes for the site preview UI PR\n",
            "hash": "e3e2bd412e011d0c90933f23c08845ad4993e3b5",
            "author": "Oguz Kocer <oguz.kocer@automattic.com>",
            "date": "Thu Nov 22 15:17:44 2018"
        },
        {
            "title": "Merge branch 'develop' into feature/stats_refresh_readonly",
            "flags": {
                "REVISIONS_ENABLED": "removed"
            },
            "message": "Merge branch 'develop' into feature/stats_refresh_readonly\n\n# Conflicts:\n#\tWordPress/src/main/java/org/wordpress/android/modules/ApplicationModule.java\n#\tbuild.gradle\n",
            "hash": "be2bc79faac21b52c11476f4361557336a06c3b7",
            "merge": "03ab671839 80b2cfefb6",
            "author": "Ondrej Ruttkay <ondrej@automattic.com>",
            "date": "Thu Nov 22 04:02:53 2018"
        },
        {
            "title": "Resolve merge conflicts from develop",
            "flags": {
                "REVISIONS_ENABLED": "False"
            },
            "message": "Resolve merge conflicts from develop\n",
            "hash": "0d5def20ab6dff838c0646db3aaac86205be5cd6",
            "merge": "fccadb2a94 7a469e2abb",
            "author": "James Treanor <jtreanor3@gmail.com>",
            "date": "Wed Nov 14 01:54:59 2018"
        },
        {
            "title": "New site preview page introduced and shown as first screen (temp)",
            "flags": {
                "NEW_SITE_CREATION_ENABLED": "True"
            },
            "message": "New site preview page introduced and shown as first screen (temp)\n",
            "hash": "c476a2aa8c38d632918cf2d5d6d552d95a0cebad",
            "author": "Oguz Kocer <oguz.kocer@automattic.com>",
            "date": "Tue Nov 13 15:30:56 2018"
        },
        {
            "title": "Fix merge conflicts",
            "flags": {
                "REVISIONS_ENABLED": "False"
            },
            "message": "Fix merge conflicts\n",
            "hash": "8f5ccb8375bdf516d07764c5d8868030716a7e7e",
            "merge": "113d7d986a 67df33c101",
            "author": "Lorenzo Mattei <lore.mattei@gmail.com>",
            "date": "Wed Oct 31 07:31:24 2018"
        },
        {
            "title": "Fix merge conflicts",
            "flags": {
                "REVISIONS_ENABLED": "True"
            },
            "message": "Fix merge conflicts\n",
            "hash": "113d7d986a5420eae8242c444fbdfed417d819ec",
            "merge": "c3c2aa5456 31115585dc",
            "author": "Lorenzo Mattei <lore.mattei@gmail.com>",
            "date": "Wed Oct 31 07:12:53 2018"
        },
        {
            "title": "Add feature flag for NewSiteCreation flow",
            "flags": {
                "NEW_SITE_CREATION_ENABLED": "False"
            },
            "message": "Add feature flag for NewSiteCreation flow\n",
            "hash": "e1d56d681ec5ed017e124c5669f3157f8857ab7f",
            "author": "malinajirka <malinajirka@gmail.com>",
            "date": "Tue Oct 30 09:22:32 2018"
        },
        {
            "title": "Remove feature flag for page/post revisions history",
            "flags": {
                "REVISIONS_ENABLED": "removed"
            },
            "message": "Remove feature flag for page/post revisions history\n",
            "hash": "eec7f40a607bff05edeff812138ab9a2aaaec99b",
            "author": "Tyler Heck <theck13@users.noreply.github.com>",
            "date": "Tue Oct 30 07:55:09 2018"
        },
        {
            "title": "Solve merge conflicts",
            "flags": {
                "REVISIONS_ENABLED": "True"
            },
            "message": "Solve merge conflicts\n",
            "hash": "22f4abf30e8c56b499bc44bfca8380e2f53cf90f",
            "merge": "ca612cd619 2ed5c5122d",
            "author": "Lorenzo Mattei <lore.mattei@gmail.com>",
            "date": "Wed Oct 10 06:02:16 2018"
        },
        {
            "title": "Merge branch 'develop' into bump_kotlin_and_coroutines",
            "flags": {
                "REVISIONS_ENABLED": "True"
            },
            "message": "Merge branch 'develop' into bump_kotlin_and_coroutines\n",
            "hash": "1ffa5b11cd0eea1dccbb2c9475e87d4b7db80b81",
            "merge": "1bab18b361 e7e9de3aac",
            "author": "vojtasmrcek <planarvoid@gmail.com>",
            "date": "Wed Sep 26 03:36:11 2018"
        },
        {
            "title": "Merge branch 'release/10.9' into develop",
            "flags": {
                "REVISIONS_ENABLED": "True"
            },
            "message": "Merge branch 'release/10.9' into develop\n\n# Conflicts:\n#\tWordPress/src/main/java/org/wordpress/android/viewmodel/pages/PagesViewModel.kt\n",
            "hash": "e7e9de3aac5f8c4716f07882b764d9688ed89c93",
            "merge": "3d8bf0c33b c4a809f788",
            "author": "Ondrej Ruttkay <ondrej@automattic.com>",
            "date": "Wed Sep 26 02:20:06 2018"
        },
        {
            "title": "Merge branch 'develop' into issue/update-minimum-version",
            "flags": {
                "REVISIONS_ENABLED": "True"
            },
            "message": "Merge branch 'develop' into issue/update-minimum-version",
            "hash": "b06080dad8491ae5100ce8a938422afa3f241b17",
            "merge": "b24832e5de f5ad12a8d2",
            "author": "Tyler Heck <theck13@users.noreply.github.com>",
            "date": "Fri Sep 21 11:52:07 2018"
        },
        {
            "title": "Solve merge conflicts",
            "flags": {
                "REVISIONS_ENABLED": "True"
            },
            "message": "Solve merge conflicts\n",
            "hash": "f5ad12a8d2a77317e8bf6c6932a7408518c137ef",
            "merge": "91819a0317 5c27489ed2",
            "author": "Lorenzo Mattei <lore.mattei@gmail.com>",
            "date": "Thu Sep 20 22:45:35 2018"
        },
        {
            "title": "Merge pull request #8342 from wordpress-mobile/issue/8337-add-revisions-flag",
            "flags": {
                "REVISIONS_ENABLED": "True"
            },
            "message": "Merge pull request #8342 from wordpress-mobile/issue/8337-add-revisions-flag\n\nIssue/8337 add revisions flag",
            "hash": "ca78bc2122ab787284ecc7aa211dc476eb79537a",
            "merge": "e89d9d12bc 32e6a4f794",
            "author": "Klymentiy Haykov <forsver@gmail.com>",
            "date": "Thu Sep 20 05:02:02 2018"
        },
        {
            "title": "Add feature flag for page/post revisions history",
            "flags": {
                "REVISIONS_ENABLED": "True"
            },
            "message": "Add feature flag for page/post revisions history\n",
            "hash": "fc59f511e9ab5098db84e5c43cd327d92ca627e0",
            "author": "Tyler Heck <theck13@users.noreply.github.com>",
            "date": "Tue Sep 18 15:10:02 2018"
        },
        {
            "title": "Merge branch 'develop' of github.com:wordpress-mobile/WordPress-Android into feature/rtl-audit-merge-dev-fixes-pt2",
            "flags": {
                "LOGIN_WIZARD_STYLE_ACTIVE": "removed"
            },
            "message": "Merge branch 'develop' of github.com:wordpress-mobile/WordPress-Android into feature/rtl-audit-merge-dev-fixes-pt2\n\n# Conflicts:\n#\tWordPress/src/main/java/org/wordpress/android/ui/accounts/SignInFragment.java\n#\tWordPress/src/main/res/layout/alert_http_auth.xml\n#\tWordPress/src/main/res/layout/new_account_user_fragment_screen.xml\n#\tWordPress/src/main/res/layout/signin_fragment.xml\n",
            "hash": "9428289b9f68325c09ad8476352f53bea2d365d0",
            "merge": "ba91bf5765 6958880fdf",
            "author": "Klymentiy Haykov <forsver@gmail.com>",
            "date": "Tue Feb 27 00:05:58 2018"
        },
        {
            "title": "Merge branch 'develop' into feature/new-signup",
            "flags": {
                "LOGIN_WIZARD_STYLE_ACTIVE": "removed"
            },
            "message": "Merge branch 'develop' into feature/new-signup\n",
            "hash": "4dbf24bb8b769807c30c76377880176dc589e673",
            "merge": "a5a77f0ac3 ffacbca420",
            "author": "Stefanos Togkoulidis <stefanostogoulidis@gmail.com>",
            "date": "Sat Feb 17 14:43:06 2018"
        },
        {
            "title": "Merge branch 'develop' into feature/new-signup",
            "flags": {
                "LOGIN_WIZARD_STYLE_ACTIVE": "removed"
            },
            "message": "Merge branch 'develop' into feature/new-signup\n",
            "hash": "adef215af195da6c363ad4bef1dff4a0761481e1",
            "merge": "9f0c9dd517 153b3befce",
            "author": "Stefanos Togkoulidis <stefanostogoulidis@gmail.com>",
            "date": "Thu Feb 8 01:25:36 2018"
        },
        {
            "title": "Remove login wizard build configuration flag and associated method",
            "flags": {
                "LOGIN_WIZARD_STYLE_ACTIVE": "removed"
            },
            "message": "Remove login wizard build configuration flag and associated method\n",
            "hash": "1421b8241c63276c5e03c5d9481bd6073eab9ff3",
            "author": "theck13 <theck13@users.noreply.github.com>",
            "date": "Thu Feb 1 09:11:50 2018"
        },
        {
            "title": "Merge branch 'develop' into feature/extract-login-flow",
            "flags": {
                "ENABLE_READER_COMMENTS_FOR_JETPACK_SITES": "removed",
                "VIDEO_OPTIMIZATION_AVAILABLE": "True"
            },
            "message": "Merge branch 'develop' into feature/extract-login-flow\n\n# Conflicts:\n#\tWordPress/build.gradle\n#\tWordPress/src/main/java/org/wordpress/android/modules/AppComponent.java\n#\tWordPress/src/main/java/org/wordpress/android/ui/accounts/LoginActivity.java\n#\tWordPress/src/main/res/values/styles.xml\n#\tlibs/login/WordPressLoginFlow/src/main/java/org/wordpress/android/login/Login2FaFragment.java\n#\tlibs/login/WordPressLoginFlow/src/main/java/org/wordpress/android/login/LoginEmailFragment.java\n#\tlibs/login/WordPressLoginFlow/src/main/java/org/wordpress/android/login/LoginEmailPasswordFragment.java\n#\tlibs/login/WordPressLoginFlow/src/main/res/layout/login_email_password_screen.xml\n",
            "hash": "ab2f47616cc1514989cd0c251f932ac4968d4c1c",
            "merge": "ca15306a41 f68e677991",
            "author": "Alex Forcier <alex.forcier@automattic.com>",
            "date": "Tue Nov 28 14:12:40 2017"
        },
        {
            "title": "Merge remote-tracking branch 'origin/develop' into feature/plugins-master",
            "flags": {
                "ENABLE_READER_COMMENTS_FOR_JETPACK_SITES": "removed"
            },
            "message": "Merge remote-tracking branch 'origin/develop' into feature/plugins-master\n",
            "hash": "9c50ece1cf9e782d587912194a2637d156228ef7",
            "merge": "48960ab4a0 3cb189745c",
            "author": "Oguz Kocer <oguz.kocer@automattic.com>",
            "date": "Tue Nov 21 14:25:08 2017"
        },
        {
            "title": "fixed merge conflict",
            "flags": {
                "ENABLE_READER_COMMENTS_FOR_JETPACK_SITES": "removed"
            },
            "message": "fixed merge conflict\n",
            "hash": "2791bded963db7cb20167e97600232c7a66c0257",
            "merge": "e768019c2a d62e5f90be",
            "author": "Mario Zorz <mariozorz@gmail.com>",
            "date": "Thu Nov 16 14:50:01 2017"
        },
        {
            "title": "Merge branch 'develop' into feature/fluxc-themes",
            "flags": {
                "ENABLE_READER_COMMENTS_FOR_JETPACK_SITES": "removed"
            },
            "message": "Merge branch 'develop' into feature/fluxc-themes\n\n# Conflicts:\n#\tWordPress/build.gradle\n",
            "hash": "fb55c3ab3b34451fe190fe5884802599aa5a3287",
            "merge": "07403331af e768019c2a",
            "author": "Tony Rankin <tonyr@tonyrankin.com>",
            "date": "Thu Nov 16 14:01:58 2017"
        },
        {
            "title": "Enable reader comments for Jetpack sites and remove feature flag",
            "flags": {
                "ENABLE_READER_COMMENTS_FOR_JETPACK_SITES": "removed"
            },
            "message": "Enable reader comments for Jetpack sites and remove feature flag\n",
            "hash": "92360ac735ae3b6db5f0ab194782a38f1b958449",
            "author": "Tony Rankin <tonyr@tonyrankin.com>",
            "date": "Wed Nov 15 11:49:45 2017"
        },
        {
            "title": "fixed merge conflict",
            "flags": {
                "ENABLE_READER_COMMENTS_FOR_JETPACK_SITES": "True",
                "VIDEO_OPTIMIZATION_AVAILABLE": "True"
            },
            "message": "fixed merge conflict\n",
            "hash": "4b14d96ed65573b498a867b6a1c2be4b1dc37dcd",
            "merge": "d9f5b15664 faebdefc8a",
            "author": "Mario Zorz <mariozorz@gmail.com>",
            "date": "Mon Nov 6 11:48:21 2017"
        },
        {
            "title": "Merge branch 'develop' into issue/6389-upload-service-notification",
            "flags": {
                "VIDEO_OPTIMIZATION_AVAILABLE": "True"
            },
            "message": "Merge branch 'develop' into issue/6389-upload-service-notification\n",
            "hash": "876cf73cfa12d01d16e5f15064ad5da1158196d1",
            "merge": "de39c1046b 08525410d0",
            "author": "Mario Zorz <mariozorz@gmail.com>",
            "date": "Wed Nov 1 11:58:35 2017"
        },
        {
            "title": "Merge branch 'develop' into feature/google-login",
            "flags": {
                "VIDEO_OPTIMIZATION_AVAILABLE": "True"
            },
            "message": "Merge branch 'develop' into feature/google-login",
            "hash": "c9b57ef51d8116fa3345b28242cb5d562df4bb09",
            "merge": "b306618ae8 3e59046cc5",
            "author": "Tyler Heck <theck13@users.noreply.github.com>",
            "date": "Thu Oct 26 11:34:05 2017"
        },
        {
            "title": "Merge branch 'develop' into feature/extract-login-flow",
            "flags": {
                "ENABLE_READER_COMMENTS_FOR_JETPACK_SITES": "True"
            },
            "message": "Merge branch 'develop' into feature/extract-login-flow\n\n# Conflicts:\n#\tWordPress/build.gradle\n#\tWordPress/src/main/java/org/wordpress/android/util/ViewUtils.java\n#\tWordPress/src/main/java/org/wordpress/android/widgets/WPTextInputLayout.java\n#\tlibs/login/WordPressLoginFlow/src/main/java/org/wordpress/android/login/util/ViewUtils.java\n#\tlibs/login/WordPressLoginFlow/src/main/java/org/wordpress/android/login/widgets/WPTextInputLayout.java\n#\tlibs/login/WordPressLoginFlow/src/main/res/layout/login_input_row.xml\n#\tlibs/utils/WordPressUtils/src/main/java/org/wordpress/android/util/ViewUtils.java\n#\tlibs/utils/WordPressUtils/src/main/java/org/wordpress/android/util/widgets/WPTextInputLayout.java\n",
            "hash": "e075645c7db4356e5f80a5003761aa5e2e8b3321",
            "merge": "d8314600b5 f1d9669391",
            "author": "Alex Forcier <alex.forcier@automattic.com>",
            "date": "Wed Oct 25 05:40:59 2017"
        },
        {
            "title": "Merge pull request #6770 from wordpress-mobile/issue/5618-i-like-comments",
            "flags": {
                "ENABLE_READER_COMMENTS_FOR_JETPACK_SITES": "True"
            },
            "message": "Merge pull request #6770 from wordpress-mobile/issue/5618-i-like-comments\n\nComments: Update REST call with parameter that forces Jetpack sites to return i_like field",
            "hash": "79a6430152de62b38138929beab75fbbd70ba2ef",
            "merge": "1584bcf764 108430d1ff",
            "author": "Oguz Kocer <oguzkocer@users.noreply.github.com>",
            "date": "Tue Oct 24 15:15:17 2017"
        },
        {
            "title": "Remove feature flag for Google login since feature branch is used",
            "flags": {
                "LOGIN_GOOGLE_ENABLED": "removed"
            },
            "message": "Remove feature flag for Google login since feature branch is used\n",
            "hash": "8faf3641954a0479c31d58b8974b90576ead871f",
            "author": "theck13 <theck13@users.noreply.github.com>",
            "date": "Fri Oct 20 14:38:25 2017"
        },
        {
            "title": "Add feature flag for Google login",
            "flags": {
                "LOGIN_GOOGLE_ENABLED": "False",
                "VIDEO_OPTIMIZATION_AVAILABLE": "True"
            },
            "message": "Add feature flag for Google login\n",
            "hash": "d1e3dcd59ceb44918985c2d3aec82a33f4904791",
            "author": "theck13 <theck13@hotmail.com>",
            "date": "Fri Aug 11 12:16:10 2017"
        },
        {
            "title": "alpha-82 / 481 version bump",
            "flags": {
                "ENABLE_READER_COMMENTS_FOR_JETPACK_SITES": "True"
            },
            "message": "alpha-82 / 481 version bump\n",
            "hash": "b37d5c32eb4abcb5033cb8e33a6a8a4c68b5fef3",
            "merge": "a61601657a 65f0a0a987",
            "author": "Maxime Biais <maxime.biais@gmail.com>",
            "date": "Tue Oct 24 05:34:25 2017"
        },
        {
            "title": "Enable reader comments for Jetpack sites for the Wasabi variant",
            "flags": {
                "ENABLE_READER_COMMENTS_FOR_JETPACK_SITES": "True"
            },
            "message": "Enable reader comments for Jetpack sites for the Wasabi variant\n",
            "hash": "c2f3d5666ce8516648107a216ebe492662f9c8ea",
            "author": "Maxime Biais <maxime.biais@gmail.com>",
            "date": "Mon Oct 23 23:28:12 2017"
        },
        {
            "title": "Add a feature flag to enable Reader Comments for Jetpack sites only for the zalpha variant",
            "flags": {
                "ENABLE_READER_COMMENTS_FOR_JETPACK_SITES": "True"
            },
            "message": "Add a feature flag to enable Reader Comments for Jetpack sites only for the zalpha variant\n",
            "hash": "551b25c39322816d191afd57e8103d3c3e03cbca",
            "author": "Maxime Biais <maxime.biais@gmail.com>",
            "date": "Mon Oct 23 07:34:06 2017"
        },
        {
            "title": "Merge branch 'develop' into issue/unescaping-done-in-fluxc",
            "flags": {
                "VIDEO_OPTIMIZATION_AVAILABLE": "removed"
            },
            "message": "Merge branch 'develop' into issue/unescaping-done-in-fluxc\n",
            "hash": "3f32220c428f60bcf6cfb06f929e0b7d3d1ec723",
            "merge": "a13c3d4362 e4ee3a6680",
            "author": "Maxime Biais <maxime.biais@gmail.com>",
            "date": "Tue Sep 5 05:17:39 2017"
        },
        {
            "title": "Merge branch 'develop' into feature/6194-jetpack-security-settings",
            "flags": {
                "VIDEO_OPTIMIZATION_AVAILABLE": "removed"
            },
            "message": "Merge branch 'develop' into feature/6194-jetpack-security-settings\n\n# Conflicts:\n#\tWordPress/src/main/res/values/strings.xml\n",
            "hash": "87930b0ca1571d9d1df1a428613d493293684483",
            "merge": "4b108d9a6e f79cdc3672",
            "author": "Tony Rankin <tonyr@tonyrankin.com>",
            "date": "Wed Aug 30 13:08:21 2017"
        },
        {
            "title": "Merge remote-tracking branch 'origin/develop' into feature/plugins-master",
            "flags": {
                "VIDEO_OPTIMIZATION_AVAILABLE": "removed"
            },
            "message": "Merge remote-tracking branch 'origin/develop' into feature/plugins-master\n",
            "hash": "3c5c18711e3d5033043447bcc7cde4af206d3703",
            "merge": "300047e52f 5950c9aab8",
            "author": "Oguz Kocer <oguz.kocer@automattic.com>",
            "date": "Wed Aug 23 07:40:38 2017"
        },
        {
            "title": "fixed merge conflict",
            "flags": {
                "VIDEO_OPTIMIZATION_AVAILABLE": "removed"
            },
            "message": "fixed merge conflict\n",
            "hash": "588cc09212b2bd9ff1133731547d797e5a453a9b",
            "merge": "6eebf168ea 81d62a528f",
            "author": "Mario Zorz <mariozorz@gmail.com>",
            "date": "Tue Aug 22 08:01:08 2017"
        },
        {
            "title": "Remove video optimization feature flag",
            "flags": {
                "VIDEO_OPTIMIZATION_AVAILABLE": "removed"
            },
            "message": "Remove video optimization feature flag\n",
            "hash": "d537da48df17c1822d2b369d3090fe7543beb5d0",
            "author": "Danilo Ercoli <ercoli@gmail.com>",
            "date": "Tue Aug 22 05:46:01 2017"
        },
        {
            "title": "alpha-70 / 447 version bump",
            "flags": {
                "SHARING_FEATURE_AVAILABLE": "removed"
            },
            "message": "alpha-70 / 447 version bump\n",
            "hash": "424856315bfb121d0c223059c9f1b68a2c01f0ae",
            "merge": "e07b99b705 94b88546db",
            "author": "Mario Zorz <mariozorz@gmail.com>",
            "date": "Thu Aug 10 15:19:49 2017"
        },
        {
            "title": "8.0-rc-3 / 446 version bump",
            "flags": {
                "LOGIN_WIZARD_STYLE_ACTIVE": "True"
            },
            "message": "8.0-rc-3 / 446 version bump\n",
            "hash": "94b88546db8adc0d7798abdd6f5d0938c80fb91e",
            "merge": "3fcd3de0e8 02ea8312af",
            "author": "Mario Zorz <mariozorz@gmail.com>",
            "date": "Thu Aug 10 15:18:22 2017"
        },
        {
            "title": "Merge remote-tracking branch 'origin/develop' into feature/site-plugins",
            "flags": {
                "SHARING_FEATURE_AVAILABLE": "removed"
            },
            "message": "Merge remote-tracking branch 'origin/develop' into feature/site-plugins\n",
            "hash": "bf50d3500e406791b1565b7c025114bcd22272eb",
            "merge": "bb6ceb7005 03fe99db58",
            "author": "Oguz Kocer <oguz.kocer@automattic.com>",
            "date": "Fri Aug 4 07:22:00 2017"
        },
        {
            "title": "Removed sharing flag meaning it'll be turned on for all users",
            "flags": {
                "SHARING_FEATURE_AVAILABLE": "removed"
            },
            "message": "Removed sharing flag meaning it'll be turned on for all users\n",
            "hash": "1f96dcc9f6a4f366b18c22436fdeb9e7b5282a39",
            "author": "Will Kwon <will@kwon.co>",
            "date": "Wed Aug 2 14:26:30 2017"
        },
        {
            "title": "Enable the new login flow for everyone",
            "flags": {
                "LOGIN_WIZARD_STYLE_ACTIVE": "removed"
            },
            "message": "Enable the new login flow for everyone\n",
            "hash": "23a7831b4e2cf4d20a1f633549341aee0555201a",
            "author": "Stefanos Togkoulidis <stefanostogoulidis@gmail.com>",
            "date": "Fri Jul 28 08:38:47 2017"
        },
        {
            "title": "Merge branch 'develop' into feature/new-login",
            "flags": {
                "LOGIN_WIZARD_STYLE_ACTIVE": "False"
            },
            "message": "Merge branch 'develop' into feature/new-login\n",
            "hash": "fddd6cf26a85532512bcf16bbce7ebdd9915ac3d",
            "merge": "40c5fecad1 1f48ba6560",
            "author": "Stefanos Togkoulidis <stefanostogoulidis@gmail.com>",
            "date": "Fri Jul 28 00:48:37 2017"
        },
        {
            "title": "Merge branch 'feature/jetpack-brute-force-settings' into feature/jetpack-sso-settings",
            "flags": {
                "AZTEC_EDITOR_AVAILABLE": "removed"
            },
            "message": "Merge branch 'feature/jetpack-brute-force-settings' into feature/jetpack-sso-settings\n\n# Conflicts:\n#\tWordPress/src/main/java/org/wordpress/android/models/SiteSettingsModel.java\n#\tWordPress/src/main/java/org/wordpress/android/ui/prefs/DotComSiteSettings.java\n#\tlibs/networking/WordPressNetworking/src/main/java/org/wordpress/android/networking/RestClientUtils.java\n",
            "hash": "a85fa51268afbaa9f8faa1a02402f34de956f2e1",
            "merge": "48f120fe88 e49c229aa8",
            "author": "Tony Rankin <tonyr@tonyrankin.com>",
            "date": "Thu Jul 27 13:28:23 2017"
        },
        {
            "title": "Merge branch 'develop' into feature/new-login",
            "flags": {
                "LOGIN_WIZARD_STYLE_ACTIVE": "False"
            },
            "message": "Merge branch 'develop' into feature/new-login\n",
            "hash": "6a9ac7aa53025d7d1055927c79d91c324452f2d1",
            "merge": "e6dde5b0ae a80985b6e5",
            "author": "Stefanos Togkoulidis <stefanostogoulidis@gmail.com>",
            "date": "Wed Jul 26 04:27:02 2017"
        },
        {
            "title": "Merge branch 'develop' into feature/new-login",
            "flags": {
                "AZTEC_EDITOR_AVAILABLE": "removed",
                "LOGIN_WIZARD_STYLE_ACTIVE": "False"
            },
            "message": "Merge branch 'develop' into feature/new-login\n",
            "hash": "aea648c7c23e4e57b9c5df3a17e42f0a55650781",
            "merge": "4463d5dd58 d143611923",
            "author": "Stefanos Togkoulidis <stefanostogoulidis@gmail.com>",
            "date": "Tue Jul 18 04:33:31 2017"
        },
        {
            "title": "Merge branch 'develop' of https://github.com/wordpress-mobile/WordPress-Android into develop",
            "flags": {
                "AZTEC_EDITOR_AVAILABLE": "removed"
            },
            "message": "Merge branch 'develop' of https://github.com/wordpress-mobile/WordPress-Android into develop\n",
            "hash": "ee2afcbbe44fe507a3973023c1e3fff464528fd8",
            "merge": "a5eb4367a1 db18e6cb30",
            "author": "Maxime Biais <maxime.biais@gmail.com>",
            "date": "Mon Jul 17 22:17:40 2017"
        },
        {
            "title": "Merge branch 'release/7.8' into develop",
            "flags": {
                "AZTEC_EDITOR_AVAILABLE": "removed"
            },
            "message": "Merge branch 'release/7.8' into develop\n",
            "hash": "a5eb4367a1b8b08d4f4776ff4286d74e5d0e1932",
            "merge": "baa60c0f2a 78a5da5a39",
            "author": "Maxime Biais <maxime.biais@gmail.com>",
            "date": "Mon Jul 17 22:17:30 2017"
        },
        {
            "title": "Remove AZTEC_EDITOR_AVAILABLE feature flag",
            "flags": {
                "AZTEC_EDITOR_AVAILABLE": "removed"
            },
            "message": "Remove AZTEC_EDITOR_AVAILABLE feature flag\n",
            "hash": "14c97c5d6797614acdab692d296f0f3387788b75",
            "author": "Ondrej Ruttkay <ondrej@automattic.com>",
            "date": "Mon Jul 17 08:26:27 2017"
        },
        {
            "title": "Remove Aztec feature flag",
            "flags": {
                "AZTEC_EDITOR_AVAILABLE": "removed"
            },
            "message": "Remove Aztec feature flag\n",
            "hash": "9dc36a6a7caf1f93c9b12b1339b7bb492533ff9a",
            "author": "Ondrej Ruttkay <ondrej@automattic.com>",
            "date": "Mon Jul 17 02:32:56 2017"
        },
        {
            "title": "Merge branch 'develop' into feature/new-login",
            "flags": {
                "LOGIN_WIZARD_STYLE_ACTIVE": "False"
            },
            "message": "Merge branch 'develop' into feature/new-login\n",
            "hash": "6cdc9234fac0e850fc4011c563820ae9a78657c2",
            "merge": "b1519a17aa 341c05f67b",
            "author": "Stefanos Togkoulidis <stefanostogoulidis@gmail.com>",
            "date": "Wed Jul 12 05:47:15 2017"
        },
        {
            "title": "Merge branch 'develop' into feature/new-login",
            "flags": {
                "LOGIN_WIZARD_STYLE_ACTIVE": "False"
            },
            "message": "Merge branch 'develop' into feature/new-login\n",
            "hash": "68ac83a9d86ef4b09e0037b2add07a62ff60807e",
            "merge": "caccf96185 1b9df98b1c",
            "author": "Stefanos Togkoulidis <stefanostogoulidis@gmail.com>",
            "date": "Mon Jul 10 00:56:04 2017"
        },
        {
            "title": "Merge branch 'develop' into feature/login-prologue-updated-anims",
            "flags": {
                "LOGIN_WIZARD_STYLE_ACTIVE": "False"
            },
            "message": "Merge branch 'develop' into feature/login-prologue-updated-anims\n",
            "hash": "ff31a9efdd8eb09acc2e3c46d6bcdf2248ac0b16",
            "merge": "0c1c0acd50 df1f4e1055",
            "author": "Stefanos Togkoulidis <stefanostogoulidis@gmail.com>",
            "date": "Fri Jul 7 07:23:52 2017"
        },
        {
            "title": "merged release/7.7 - fixed merge conflicts",
            "flags": {
                "VIDEO_OPTIMIZATION_AVAILABLE": "True"
            },
            "message": "merged release/7.7 - fixed merge conflicts\n",
            "hash": "0da68dd53580c4880ee5ed61ca4c3620ac31d454",
            "merge": "093fd80613 05f4371bd9",
            "author": "Mario Zorz <mariozorz@gmail.com>",
            "date": "Mon Jul 3 17:22:56 2017"
        },
        {
            "title": "Merge remote-tracking branch 'origin/develop' into feature/post-settings-revamp",
            "flags": {
                "SHARING_FEATURE_AVAILABLE": "True",
                "VIDEO_OPTIMIZATION_AVAILABLE": "True"
            },
            "message": "Merge remote-tracking branch 'origin/develop' into feature/post-settings-revamp\n",
            "hash": "1f10a5717145a5e4c2aa2963b2f6b228597e1811",
            "merge": "fa7aa963b3 9280ab49ef",
            "author": "Oguz Kocer <oguz.kocer@automattic.com>",
            "date": "Wed Jun 21 09:28:38 2017"
        },
        {
            "title": "Merge branch 'develop' into feature/new-login",
            "flags": {
                "SHARING_FEATURE_AVAILABLE": "True",
                "VIDEO_OPTIMIZATION_AVAILABLE": "True",
                "LOGIN_WIZARD_STYLE_ACTIVE": "False"
            },
            "message": "Merge branch 'develop' into feature/new-login\n",
            "hash": "43372d5b62e4eaa61dccec0e7c94636fb6b12092",
            "merge": "e661a59ece 9280ab49ef",
            "author": "Stefanos Togkoulidis <stefanostogoulidis@gmail.com>",
            "date": "Wed Jun 21 07:29:27 2017"
        },
        {
            "title": "Merge branch 'release/7.7' into develop",
            "flags": {
                "SHARING_FEATURE_AVAILABLE": "True",
                "VIDEO_OPTIMIZATION_AVAILABLE": "True"
            },
            "message": "Merge branch 'release/7.7' into develop\n\n# Conflicts:\n#\tWordPress/build.gradle\n",
            "hash": "9280ab49ef0afb98d796b943c467409c68e80a31",
            "merge": "1bdac3e326 960ddda587",
            "author": "Will Kwon <will@kwon.co>",
            "date": "Wed Jun 21 02:43:11 2017"
        },
        {
            "title": "Put the Publicize (Sharing) feature behind a feature flag, enabled for alpha users only",
            "flags": {
                "SHARING_FEATURE_AVAILABLE": "True"
            },
            "message": "Put the Publicize (Sharing) feature behind a feature flag, enabled for alpha users only\n",
            "hash": "fe40a4ff43f1a5593e9f68f06082925221541b5d",
            "author": "Maxime Biais <maxime.biais@gmail.com>",
            "date": "Tue Jun 20 22:49:05 2017"
        },
        {
            "title": "Merge branch 'release/7.7' into develop",
            "flags": {
                "VIDEO_OPTIMIZATION_AVAILABLE": "True"
            },
            "message": "Merge branch 'release/7.7' into develop\n",
            "hash": "15c3cba2e51a79a931d543401c91a8422246f509",
            "merge": "d85370b981 ca89747f07",
            "author": "Maxime Biais <maxime.biais@gmail.com>",
            "date": "Tue Jun 20 09:23:48 2017"
        },
        {
            "title": "Merge branch 'develop' of https://github.com/wordpress-mobile/WordPress-Android into feature/video-compression-framework",
            "flags": {
                "VIDEO_OPTIMIZATION_AVAILABLE": "True"
            },
            "message": "Merge branch 'develop' of https://github.com/wordpress-mobile/WordPress-Android into feature/video-compression-framework\n",
            "hash": "2742dc18db98b205c03818b6cd394a159688145b",
            "merge": "7148649e79 b5298a6cf2",
            "author": "Danilo Ercoli <ercoli@gmail.com>",
            "date": "Tue Jun 20 02:11:11 2017"
        },
        {
            "title": "Add feature flag for video optimization.",
            "flags": {
                "VIDEO_OPTIMIZATION_AVAILABLE": "True"
            },
            "message": "Add feature flag for video optimization.\nEnable video optimization flag for Alpha flavour, and for debug build on all flavours.\n",
            "hash": "6d2013fb190eec167a06696de09ffcf4129a6bdb",
            "author": "Danilo Ercoli <ercoli@gmail.com>",
            "date": "Fri Jun 16 00:24:17 2017"
        },
        {
            "title": "Also enable Aztec for new users + refactoring",
            "flags": {
                "AZTEC_ENABLE_ON_UPDATE": "removed"
            },
            "message": "Also enable Aztec for new users + refactoring\n",
            "hash": "a97485a35dc2ecf1be941da74467f2c2f502d22b",
            "author": "Ondrej Ruttkay <ondrej@automattic.com>",
            "date": "Mon Jun 5 09:24:24 2017"
        },
        {
            "title": "Force-enable Aztec for alpha users",
            "flags": {
                "AZTEC_ENABLE_ON_UPDATE": "False"
            },
            "message": "Force-enable Aztec for alpha users\n",
            "hash": "a9cd424b847be8b8021edd52919798f51cb436f3",
            "author": "Ondrej Ruttkay <ondrej@automattic.com>",
            "date": "Mon Jun 5 04:54:58 2017"
        },
        {
            "title": "Merge branch 'develop' into feature/new-login",
            "flags": {
                "LOGIN_WIZARD_STYLE_ACTIVE": "False"
            },
            "message": "Merge branch 'develop' into feature/new-login\n",
            "hash": "86f3bd5cac55690310fc900a15ec2b5f97ac118a",
            "merge": "e36a1bf8a8 3e1c211c03",
            "author": "Stefanos Togkoulidis <stefanostogoulidis@gmail.com>",
            "date": "Fri Jun 2 02:56:35 2017"
        },
        {
            "title": "Merge branch 'develop' of github.com:wordpress-mobile/WordPress-Android into feature/new-login",
            "flags": {
                "LOGIN_WIZARD_STYLE_ACTIVE": "False"
            },
            "message": "Merge branch 'develop' of github.com:wordpress-mobile/WordPress-Android into feature/new-login\n",
            "hash": "34553c2b05367601e1ee1c4df654a9be748290ea",
            "merge": "f0b4788d17 bd9ad9b362",
            "author": "aerych <aerychj@gmail.com>",
            "date": "Wed May 31 07:43:52 2017"
        },
        {
            "title": "Merge branch 'develop' into feature/new-login",
            "flags": {
                "LOGIN_WIZARD_STYLE_ACTIVE": "False"
            },
            "message": "Merge branch 'develop' into feature/new-login\n",
            "hash": "9e3d92b06e736cc529814cd1c4435c54bf3aada7",
            "merge": "16dc440e3a 46c72406ef",
            "author": "Stefanos Togkoulidis <stefanostogoulidis@gmail.com>",
            "date": "Fri May 26 02:46:32 2017"
        },
        {
            "title": "Merge branch 'develop' into feature/new-login",
            "flags": {
                "LOGIN_WIZARD_STYLE_ACTIVE": "False"
            },
            "message": "Merge branch 'develop' into feature/new-login\n",
            "hash": "56e73d86bf3978ebdae8c31df93d62c8aa09e8bf",
            "merge": "8718deefca 5df20c3390",
            "author": "Maxime Biais <maxime.biais@gmail.com>",
            "date": "Fri May 12 00:05:34 2017"
        },
        {
            "title": "Merge branch 'feature/new-login' into feature/new-login-prologue",
            "flags": {
                "LOGIN_WIZARD_STYLE_ACTIVE": "False"
            },
            "message": "Merge branch 'feature/new-login' into feature/new-login-prologue\n",
            "hash": "601920a31367dedcbddc96264af1ce3c6ac04367",
            "merge": "5f14378a0e b7ea987b63",
            "author": "Stefanos Togkoulidis <stefanostogoulidis@gmail.com>",
            "date": "Tue May 9 00:23:49 2017"
        },
        {
            "title": "Merge branch 'develop' into feature/new-login-prologue",
            "flags": {
                "LOGIN_WIZARD_STYLE_ACTIVE": "False"
            },
            "message": "Merge branch 'develop' into feature/new-login-prologue\n",
            "hash": "037758f8c247a70182af320e1601e6b9cc01136f",
            "merge": "ab51fedf2a c54c8ce225",
            "author": "Stefanos Togkoulidis <stefanostogoulidis@gmail.com>",
            "date": "Thu May 4 01:03:16 2017"
        },
        {
            "title": "Merge branch 'develop' into feature/sharing-master",
            "flags": {
                "AZTEC_EDITOR_AVAILABLE": "False"
            },
            "message": "Merge branch 'develop' into feature/sharing-master\n\n# Conflicts:\n#\tWordPress/src/main/java/org/wordpress/android/ui/prefs/SiteSettingsFragment.java\n#\tWordPress/src/main/res/values/dimens.xml\n#\tWordPress/src/main/res/values/strings.xml\n",
            "hash": "edb317ba11166b20ec5d26cf760dc6b269d86f3b",
            "merge": "1327e2cc35 5c26fdad8e",
            "author": "Will Kwon <will@kwon.co>",
            "date": "Wed May 3 13:34:43 2017"
        },
        {
            "title": "alpha-53 / 400 version bump - solved merge conflicts",
            "flags": {
                "AZTEC_EDITOR_AVAILABLE": "False"
            },
            "message": "alpha-53 / 400 version bump - solved merge conflicts\n",
            "hash": "e2b4f9b8fc1a415866096eb4badd53cb7cd2774c",
            "merge": "94f1abd4ee 8840ed08b3",
            "author": "Mario Zorz <mariozorz@gmail.com>",
            "date": "Sat Apr 29 19:14:56 2017"
        },
        {
            "title": "fixed merge conflicts",
            "flags": {
                "AZTEC_EDITOR_AVAILABLE": "False"
            },
            "message": "fixed merge conflicts\n",
            "hash": "45224a17fa4939743added2652792eafcfa0c863",
            "merge": "12ff5db503 b5297f90bd",
            "author": "Mario Zorz <mariozorz@gmail.com>",
            "date": "Thu Apr 27 18:46:42 2017"
        },
        {
            "title": "Add a feature flag for the wizard-style login flow",
            "flags": {
                "LOGIN_WIZARD_STYLE_ACTIVE": "False"
            },
            "message": "Add a feature flag for the wizard-style login flow\n",
            "hash": "5b6f776dda14ea9abc5fdb40e61badf3e62ed57d",
            "author": "Stefanos Togkoulidis <stefanostogoulidis@gmail.com>",
            "date": "Thu Apr 27 05:10:45 2017"
        },
        {
            "title": "fixed merge conflict",
            "flags": {
                "AZTEC_EDITOR_AVAILABLE": "False"
            },
            "message": "fixed merge conflict\n",
            "hash": "2ad306ebace8ca6a252b5218600b19214431f70a",
            "merge": "bcc816861d 9045fbcf8a",
            "author": "Mario Zorz <mariozorz@gmail.com>",
            "date": "Wed Apr 12 06:36:58 2017"
        },
        {
            "title": "Merge pull request #5623 from wordpress-mobile/issue/enable-aztec-for-debug",
            "flags": {
                "AZTEC_EDITOR_AVAILABLE": "False"
            },
            "message": "Merge pull request #5623 from wordpress-mobile/issue/enable-aztec-for-debug\n\nEnable Aztec for debug builds (wasabi) as well",
            "hash": "6c141b34dcd8fbf6f54dd6c23351e09d47ad0cf7",
            "merge": "df8aa613a0 fd9154afd6",
            "author": "Ondrej Ruttkay <0nko@users.noreply.github.com>",
            "date": "Wed Apr 12 02:09:53 2017"
        },
        {
            "title": "Set aztec enabled to true as default and turn it off in vanilla",
            "flags": {
                "AZTEC_EDITOR_AVAILABLE": "False"
            },
            "message": "Set aztec enabled to true as default and turn it off in vanilla\n",
            "hash": "fd9154afd6ba77c79c623cf7a13e0b54ac54e17c",
            "author": "Will Kwon <will@kwon.co>",
            "date": "Tue Apr 11 20:15:31 2017"
        },
        {
            "title": "Merge branch 'develop' into feature/sharing-master",
            "flags": {
                "AZTEC_EDITOR_AVAILABLE": "True"
            },
            "message": "Merge branch 'develop' into feature/sharing-master\n\n# Conflicts:\n#\tWordPress/src/main/java/org/wordpress/android/WordPressDB.java\n#\tWordPress/src/main/java/org/wordpress/android/models/SiteSettingsModel.java\n#\tWordPress/src/main/java/org/wordpress/android/ui/ActivityLauncher.java\n#\tWordPress/src/main/java/org/wordpress/android/ui/prefs/SiteSettingsFragment.java\n#\tWordPress/src/main/res/values/dimens.xml\n#\tlibs/analytics/WordPressAnalytics/build.gradle\n",
            "hash": "1327e2cc35362d17a1c838444ee10bf229c03a42",
            "merge": "dc05f0b753 e4e7e6fbde",
            "author": "Will Kwon <will@kwon.co>",
            "date": "Sun Mar 19 15:46:29 2017"
        },
        {
            "title": "Merge branch 'develop' of https://github.com/wordpress-mobile/WordPress-Android into develop",
            "flags": {
                "AZTEC_EDITOR_AVAILABLE": "True"
            },
            "message": "Merge branch 'develop' of https://github.com/wordpress-mobile/WordPress-Android into develop\n",
            "hash": "c3a180d9ec6d642d0b09ed0d3463518fc69f1b5a",
            "merge": "9fdba9c8ba d9d1275132",
            "author": "Maxime Biais <maxime.biais@gmail.com>",
            "date": "Tue Feb 14 02:48:25 2017"
        },
        {
            "title": "Merge branch 'feature/fluxc-integration' into feature/fluxc-mediastore-integration",
            "flags": {
                "AZTEC_EDITOR_AVAILABLE": "True"
            },
            "message": "Merge branch 'feature/fluxc-integration' into feature/fluxc-mediastore-integration\n",
            "hash": "150cf5238822aabceed72ec404cfb69babefc03e",
            "merge": "93eada8374 f99ac7c850",
            "author": "Maxime Biais <maxime.biais@gmail.com>",
            "date": "Mon Feb 13 22:57:56 2017"
        },
        {
            "title": "Merge branch 'feature/aztec-integration' into feature/fluxc-integration",
            "flags": {
                "AZTEC_EDITOR_AVAILABLE": "True"
            },
            "message": "Merge branch 'feature/aztec-integration' into feature/fluxc-integration\n",
            "hash": "f99ac7c850d17517ff643669eae300fa86c6d2bd",
            "merge": "b8a0083509 6793a7d7b2",
            "author": "Maxime Biais <maxime.biais@gmail.com>",
            "date": "Mon Feb 13 22:57:15 2017"
        },
        {
            "title": "Add Aztec feature flag variable for alpha and default config",
            "flags": {
                "AZTEC_EDITOR_AVAILABLE": "True"
            },
            "message": "Add Aztec feature flag variable for alpha and default config\n",
            "hash": "dec4c6d995166b20ef93aba1d869c82b18efde75",
            "author": "Ondrej Ruttkay <ondrej@automattic.com>",
            "date": "Sat Feb 11 12:26:23 2017"
        },
        {
            "title": "5.7.1 / 293 version bump",
            "flags": {
                "IN_APP_BILLING_AVAILABLE": "removed"
            },
            "message": "5.7.1 / 293 version bump\n",
            "hash": "5dd871f8406bfbf486dc52fe376ca724f90848d0",
            "merge": "8541afa394 1b069402ad",
            "author": "Maxime Biais <maxime.biais@gmail.com>",
            "date": "Tue Aug 2 01:04:50 2016"
        },
        {
            "title": "Merge branch 'develop' into feature/4263-replace-optimizely-with-mixpanel",
            "flags": {
                "IN_APP_BILLING_AVAILABLE": "removed"
            },
            "message": "Merge branch 'develop' into feature/4263-replace-optimizely-with-mixpanel\n\n# Conflicts:\n#\tWordPress/src/main/java/org/wordpress/android/ui/ActivityLauncher.java\n",
            "hash": "5ff0a04b3f133cc2b7eb183dcacc34475e742c5f",
            "merge": "9942661361 536e0288df",
            "author": "Will Kwon <will@kwon.co>",
            "date": "Mon Aug 1 13:48:08 2016"
        },
        {
            "title": "Merge branch 'release/5.6' into release/5.7",
            "flags": {
                "IN_APP_BILLING_AVAILABLE": "removed"
            },
            "message": "Merge branch 'release/5.6' into release/5.7\n",
            "hash": "97069b0107563cb8bf5fe793c0fadeb0421f3986",
            "merge": "3e0671d6b0 f94a2faa15",
            "author": "Maxime Biais <maxime.biais@gmail.com>",
            "date": "Sun Jul 24 22:57:23 2016"
        },
        {
            "title": "Merge branch 'release/5.6' into release/5.7",
            "flags": {
                "IN_APP_BILLING_AVAILABLE": "removed"
            },
            "message": "Merge branch 'release/5.6' into release/5.7\n",
            "hash": "3d2a76dc0a8fe7842ea7a1d818360522585b2b64",
            "merge": "3e0671d6b0 f94a2faa15",
            "author": "Maxime Biais <maxime.biais@gmail.com>",
            "date": "Sun Jul 24 22:57:23 2016"
        },
        {
            "title": "Merge branch 'develop' into feature/sharing-master",
            "flags": {
                "IN_APP_BILLING_AVAILABLE": "removed"
            },
            "message": "Merge branch 'develop' into feature/sharing-master\n",
            "hash": "c81a3f5ab1332e22706b22ff4d3d86d7084fc9af",
            "merge": "6f968074c1 f201cfd972",
            "author": "Will Kwon <will@kwon.co>",
            "date": "Wed Jul 13 18:51:05 2016"
        },
        {
            "title": "Merge branch 'feature/wpstores-integration' into feature/wpstores-accountstore-integration",
            "flags": {
                "IN_APP_BILLING_AVAILABLE": "removed"
            },
            "message": "Merge branch 'feature/wpstores-integration' into feature/wpstores-accountstore-integration\n",
            "hash": "bf9118b3e698e3514ba007211c2e4e9e1de12fef",
            "merge": "c5937b506d f201cfd972",
            "author": "Maxime Biais <maxime.biais@gmail.com>",
            "date": "Wed Jul 13 06:55:02 2016"
        },
        {
            "title": "Merge branch 'develop' of https://github.com/wordpress-mobile/WordPress-Android into issue/4326-plans-no-store",
            "flags": {
                "IN_APP_BILLING_AVAILABLE": "removed"
            },
            "message": "Merge branch 'develop' of https://github.com/wordpress-mobile/WordPress-Android into issue/4326-plans-no-store\n",
            "hash": "80aaa5ee6b1db1d462734fc5192f9b371ba2a710",
            "merge": "5e8e2873bc 19f406cf88",
            "author": "Nick Bradbury <nick.bradbury@gmail.com>",
            "date": "Tue Jul 12 09:42:52 2016"
        },
        {
            "title": "Merge branch 'hotfix/5.5.1' into release/5.6",
            "flags": {
                "VISUAL_EDITOR_AVAILABLE": "removed"
            },
            "message": "Merge branch 'hotfix/5.5.1' into release/5.6\n",
            "hash": "1e9bdaf3f7c42192d64cc828789ec60d8fb21889",
            "merge": "126a26a697 53221571af",
            "author": "Maxime Biais <maxime.biais@gmail.com>",
            "date": "Mon Jul 11 01:05:58 2016"
        },
        {
            "title": "Removed `IN_APP_BILLING_AVAILABLE` from BuildConfig",
            "flags": {
                "IN_APP_BILLING_AVAILABLE": "removed"
            },
            "message": "Removed `IN_APP_BILLING_AVAILABLE` from BuildConfig\n",
            "hash": "9bcabe08a16485b2e744124b1cea1233e85a5e33",
            "author": "Nick Bradbury <nick.bradbury@gmail.com>",
            "date": "Thu Jun 30 05:45:03 2016"
        },
        {
            "title": "Merge pull request #4223 from wordpress-mobile/issue/remove-visual-editor-feature-flag",
            "flags": {
                "VISUAL_EDITOR_AVAILABLE": "removed"
            },
            "message": "Merge pull request #4223 from wordpress-mobile/issue/remove-visual-editor-feature-flag\n\nRemove visual editor feature flag",
            "hash": "df2f64585cec5eef63945729f47006f0ca640710",
            "merge": "a8b577b661 eaa2a6f374",
            "author": "Nick Bradbury <nbradbury@users.noreply.github.com>",
            "date": "Mon Jun 13 10:23:28 2016"
        },
        {
            "title": "remove VISUAL_EDITOR_AVAILABLE that is not used since 5.5",
            "flags": {
                "VISUAL_EDITOR_AVAILABLE": "removed"
            },
            "message": "remove VISUAL_EDITOR_AVAILABLE that is not used since 5.5\n",
            "hash": "eaa2a6f374bd4eedc658b75cf5f7acb7748e9f8a",
            "author": "Maxime Biais <maxime.biais@gmail.com>",
            "date": "Mon Jun 13 05:53:42 2016"
        },
        {
            "title": "Merge branch 'develop' into feature/gravatar-upload",
            "flags": {
                "IN_APP_BILLING_AVAILABLE": "True"
            },
            "message": "Merge branch 'develop' into feature/gravatar-upload\n",
            "hash": "e6a9eaef751e13141d3cf43de4a519d5fe2c74d9",
            "merge": "a176715a50 2ff46bf9de",
            "author": "Stefanos Togkoulidis <stefanostogoulidis@gmail.com>",
            "date": "Mon Mar 28 02:51:14 2016"
        },
        {
            "title": "Merge branch 'develop' into feature/smart-lock-for-passwords",
            "flags": {
                "VISUAL_EDITOR_AVAILABLE": "True",
                "IN_APP_BILLING_AVAILABLE": "True"
            },
            "message": "Merge branch 'develop' into feature/smart-lock-for-passwords\n",
            "hash": "1a3fbcd9bc205bc0e7c1efc639a3a699253f1964",
            "merge": "136fe1db7d c3c79ae8b6",
            "author": "Maxime Biais <maxime.biais@gmail.com>",
            "date": "Thu Mar 24 07:09:45 2016"
        },
        {
            "title": "Merge release/5.2 into develop",
            "flags": {
                "IN_APP_BILLING_AVAILABLE": "True"
            },
            "message": "Merge release/5.2 into develop\n",
            "hash": "8c1bfc6a39056be0c3780cb5190b4c4ce53ebf23",
            "merge": "1395fea776 3e7a290155",
            "author": "Tony Rankin <tonyr@tonyrankin.com>",
            "date": "Mon Mar 21 16:36:43 2016"
        },
        {
            "title": "Merge branch 'release/5.2' into develop",
            "flags": {
                "IN_APP_BILLING_AVAILABLE": "True"
            },
            "message": "Merge branch 'release/5.2' into develop\n",
            "hash": "adc78398a064127684e96703da25f988e90d0476",
            "merge": "ad5b5fa949 9439d52f14",
            "author": "Maxime Biais <maxime.biais@gmail.com>",
            "date": "Tue Mar 15 01:45:10 2016"
        },
        {
            "title": "Merge branch 'hotfix/5.1.1' into release/5.2",
            "flags": {
                "VISUAL_EDITOR_AVAILABLE": "True"
            },
            "message": "Merge branch 'hotfix/5.1.1' into release/5.2\n",
            "hash": "9439d52f14a8414bf338f2f0c3c674be6c691d40",
            "merge": "a9080f763d e7747998c1",
            "author": "Maxime Biais <maxime.biais@gmail.com>",
            "date": "Tue Mar 15 01:44:16 2016"
        },
        {
            "title": "Merge branch 'feature/delete-site-redesigned' into feature/3633-export-site-api",
            "flags": {
                "IN_APP_BILLING_AVAILABLE": "True"
            },
            "message": "Merge branch 'feature/delete-site-redesigned' into feature/3633-export-site-api\n\n# Conflicts:\n#\tWordPress/build.gradle\n",
            "hash": "3a6b3cacea0301bcab2e2cc3f036f8e2b6d76e20",
            "merge": "6d4daf33dc c2d1947448",
            "author": "Will Kwon <will@kwon.co>",
            "date": "Fri Mar 11 09:24:38 2016"
        },
        {
            "title": "Merge branch 'feature/3805-improve-self-hosted-login-internals' into feature/health-check-mvp",
            "flags": {
                "IN_APP_BILLING_AVAILABLE": "True"
            },
            "message": "Merge branch 'feature/3805-improve-self-hosted-login-internals' into feature/health-check-mvp\n",
            "hash": "52088e50d668cfe7a76d7a37c73baef05bc7f3fc",
            "merge": "f41462f65b 6826b58f75",
            "author": "Stefanos Togkoulidis <stefanostogoulidis@gmail.com>",
            "date": "Fri Mar 11 02:36:02 2016"
        },
        {
            "title": "Merge branch 'develop' of https://github.com/wordpress-mobile/WordPress-Android into feature/plans-master",
            "flags": {
                "IN_APP_BILLING_AVAILABLE": "True"
            },
            "message": "Merge branch 'develop' of https://github.com/wordpress-mobile/WordPress-Android into feature/plans-master\n\nConflicts:\n\tWordPress/src/main/java/org/wordpress/android/ui/prefs/AppPrefs.java\n",
            "hash": "48434779af14f0559bd1b4f1ce3681777129a4a0",
            "merge": "41620b5b17 c3d32969ee",
            "author": "Nick Bradbury <nick.bradbury@gmail.com>",
            "date": "Tue Mar 8 06:00:04 2016"
        },
        {
            "title": "Revert \"Reverting merge\"",
            "flags": {
                "VISUAL_EDITOR_AVAILABLE": "True"
            },
            "message": "Revert \"Reverting merge\"\n\nThis reverts commit b8f1ea426b54c3862e7808a80bc31dff440bbd0e.\n",
            "hash": "ba86c4048db21fc80649b73c6b851f0cc1b775d6",
            "author": "Will Kwon <will@kwon.co>",
            "date": "Mon Mar 7 21:57:11 2016"
        },
        {
            "title": "Reverting merge",
            "flags": {
                "VISUAL_EDITOR_AVAILABLE": "removed"
            },
            "message": "Reverting merge\n",
            "hash": "b8f1ea426b54c3862e7808a80bc31dff440bbd0e",
            "author": "Will Kwon <will@kwon.co>",
            "date": "Mon Mar 7 21:56:18 2016"
        },
        {
            "title": "Merge branch 'feature/delete-site-redesigned' into feature/3661-active-subscription-check",
            "flags": {
                "VISUAL_EDITOR_AVAILABLE": "True"
            },
            "message": "Merge branch 'feature/delete-site-redesigned' into feature/3661-active-subscription-check\n\n# Conflicts:\n#\tWordPress/build.gradle\n",
            "hash": "979d95bbd0b995eed7d40265ef2c7385ed5baef9",
            "merge": "71999d9db4 79c4a032ef",
            "author": "Will Kwon <will@kwon.co>",
            "date": "Mon Mar 7 21:49:01 2016"
        },
        {
            "title": "Merge branch 'develop' into feature/3633-export-site-api",
            "flags": {
                "VISUAL_EDITOR_AVAILABLE": "True"
            },
            "message": "Merge branch 'develop' into feature/3633-export-site-api\n\n# Conflicts:\n#\tWordPress/build.gradle\n",
            "hash": "7820fa6eea3e10a61f0a12347676752a8ae93465",
            "merge": "06d18ac659 0205a7035c",
            "author": "Will Kwon <will@kwon.co>",
            "date": "Mon Mar 7 15:37:14 2016"
        },
        {
            "title": "Merge branch 'release/5.1' into develop",
            "flags": {
                "VISUAL_EDITOR_AVAILABLE": "True"
            },
            "message": "Merge branch 'release/5.1' into develop\n",
            "hash": "7faf01ea6a1c405538c6d3cf2b173e0eea85072e",
            "merge": "df24592e5d 78a9e629d8",
            "author": "Maxime Biais <maxime.biais@gmail.com>",
            "date": "Mon Mar 7 01:05:03 2016"
        },
        {
            "title": "Added `IN_APP_BILLING_AVAILABLE` feature flag",
            "flags": {
                "IN_APP_BILLING_AVAILABLE": "True"
            },
            "message": "Added `IN_APP_BILLING_AVAILABLE` feature flag\n",
            "hash": "8ea7ac03ac141dc319d7d7a741cd53c711b45ba8",
            "author": "Nick Bradbury <nick.bradbury@gmail.com>",
            "date": "Tue Mar 1 06:56:21 2016"
        },
        {
            "title": "Merge branch 'develop' into poc/gravatar-upload",
            "flags": {
                "VISUAL_EDITOR_AVAILABLE": "True"
            },
            "message": "Merge branch 'develop' into poc/gravatar-upload\n",
            "hash": "df5b7b0bbba17122d3324211b194e18886ac5be4",
            "merge": "163e288b95 be9d359ddd",
            "author": "Stefanos Togkoulidis <stefanostogoulidis@gmail.com>",
            "date": "Mon Feb 29 21:02:39 2016"
        },
        {
            "title": "Merge branch 'develop' of https://github.com/wordpress-mobile/WordPress-Android into feature/plans-master",
            "flags": {
                "VISUAL_EDITOR_AVAILABLE": "True"
            },
            "message": "Merge branch 'develop' of https://github.com/wordpress-mobile/WordPress-Android into feature/plans-master\n\nConflicts:\n\tWordPress/src/main/java/org/wordpress/android/ui/prefs/AppPrefs.java\n",
            "hash": "60fccde79d0171aa35c0e9da1fd1bdd0154a673e",
            "merge": "23feaf1044 81018e8a90",
            "author": "Nick Bradbury <nick.bradbury@gmail.com>",
            "date": "Wed Feb 24 17:48:10 2016"
        },
        {
            "title": "Merge branch 'develop' into feature/visual-editor",
            "flags": {
                "VISUAL_EDITOR_AVAILABLE": "True"
            },
            "message": "Merge branch 'develop' into feature/visual-editor\n",
            "hash": "7483d08f619c559a1dae50cc7e1af78179f3c5b8",
            "merge": "d32cc19066 cb487b8280",
            "author": "Maxime Biais <maxime.biais@gmail.com>",
            "date": "Thu Feb 18 08:03:57 2016"
        },
        {
            "title": "Merge branch 'develop' into feature/visual-editor",
            "flags": {
                "VISUAL_EDITOR_AVAILABLE": "True"
            },
            "message": "Merge branch 'develop' into feature/visual-editor\n\nConflicts:\n\tWordPress/src/main/java/org/wordpress/android/ui/posts/EditPostActivity.java\n\tlibs/editor/WordPressEditor/build.gradle\n",
            "hash": "8ba554434adb034a29dee0be19995b3a66986f1c",
            "merge": "69ba36a47c c6db773c77",
            "author": "Alex Forcier <alex.forcier@automattic.com>",
            "date": "Fri Feb 12 09:29:19 2016"
        },
        {
            "title": "Enable Visual editor in wasabi flavor",
            "flags": {
                "VISUAL_EDITOR_AVAILABLE": "True"
            },
            "message": "Enable Visual editor in wasabi flavor\n",
            "hash": "5191cd974efe4d4e01ca7a58b548dab25faafccc",
            "author": "Maxime Biais <maxime.biais@gmail.com>",
            "date": "Thu Feb 4 01:45:38 2016"
        },
        {
            "title": "add a new zalpha flavor and rename zbeta to wasabi",
            "flags": {
                "VISUAL_EDITOR_AVAILABLE": "True"
            },
            "message": "add a new zalpha flavor and rename zbeta to wasabi\n",
            "hash": "f260ea6413da96b5799944bb4dc93410359bbb20",
            "author": "Maxime Biais <maxime.biais@gmail.com>",
            "date": "Mon Feb 1 06:57:40 2016"
        }
    ]
}