{
    "date": "2019-12-20T18:25:12.740473",
    "commits": [
        {
            "title": "Re-enable writev support in TcpStreams (#1956)",
            "flags": {
                "iovec": "True"
            },
            "message": "Re-enable writev support in TcpStreams (#1956)\n\n",
            "hash": "8abaf89e5f3d3371f600777751741a3bb0a1047a",
            "author": "Sean McArthur",
            "date": "Fri Dec 13 10:25:27 2019"
        },
        {
            "title": "chore: prepare v0.2.2 release (#1857)",
            "flags": {
                "tokio-macros": "True"
            },
            "message": "chore: prepare v0.2.2 release (#1857)\n\n",
            "hash": "467b6ea78364515e1472338cce70ef029e9bbb38",
            "author": "Ivan Petkov",
            "date": "Fri Nov 29 11:09:28 2019"
        },
        {
            "title": "chore: prepare v0.2.0 release (#1822)",
            "flags": {
                "tokio-macros": "True"
            },
            "message": "chore: prepare v0.2.0 release (#1822)\n\n",
            "hash": "a81e2722a43ff2748ac99c1a65cd50fd00274db9",
            "author": "Carl Lerche",
            "date": "Tue Nov 26 09:17:27 2019"
        },
        {
            "title": "runtime: cleanup and add config options (#1807)",
            "flags": {
                "mio": "True"
            },
            "message": "runtime: cleanup and add config options (#1807)\n\n* runtime: cleanup and add config options\r\n\r\nThis patch finishes the cleanup as part of the transition to Tokio 0.2.\r\nA number of changes were made to take advantage of having all Tokio\r\ntypes in a single crate. Also, fixes using Tokio types from\r\n`spawn_blocking`.\r\n\r\n* Many threads, one resource driver\r\n\r\nPreviously, in the threaded scheduler, a resource driver (mio::Poll /\r\ntimer combo) was created per thread. This was more or less fine, except\r\nit required balancing across the available drivers. When using a\r\nresource driver from **outside** of the thread pool, balancing is\r\ntricky. The change was original done to avoid having a dedicated driver\r\nthread.\r\n\r\nNow, instead of creating many resource drivers, a single resource driver\r\nis used. Each scheduler thread will attempt to \"lock\" the resource\r\ndriver before parking on it. If the resource driver is already locked,\r\nthe thread uses a condition variable to park. Contention should remain\r\nlow as, under load, the scheduler avoids using the drivers.\r\n\r\n* Add configuration options to enable I/O / time\r\n\r\nNew configuration options are added to `runtime::Builder` to allow\r\nenabling I/O and time drivers on a runtime instance basis. This is\r\nuseful when wanting to create lightweight runtime instances to execute\r\ncompute only tasks.\r\n\r\n* Bug fixes\r\n\r\nThe condition variable parker is updated to the same algorithm used in\r\n`std`. This is motivated by some potential deadlock cases discovered by\r\n`loom`.\r\n\r\nThe basic scheduler is fixed to fairly schedule tasks. `push_front` was\r\naccidentally used instead of `push_back`.\r\n\r\nI/O, time, and spawning now work from within `spawn_blocking` closures.\r\n\r\n* Misc cleanup\r\n\r\nThe threaded scheduler is no longer generic over `P :Park`. Instead, it\r\nis hard coded to a specific parker. Tests, including loom tests, are\r\nupdated to use `Runtime` directly. This provides greater coverage.\r\n\r\nThe `blocking` module is moved back into `runtime` as all usage is\r\nwithin `runtime` itself.",
            "hash": "8546ff826db8dba1e39b4119ad909fb6cab2492a",
            "author": "Carl Lerche",
            "date": "Thu Nov 21 23:28:39 2019"
        },
        {
            "title": "chore: migrate from pin-project to pin-project-lite (#1778)",
            "flags": {
                "pin-project": "removed",
                "pin-project-lite": "removed"
            },
            "message": "chore: migrate from pin-project to pin-project-lite (#1778)\n\n",
            "hash": "320c84a433e5e54e386c17098fc6d36d15e4acff",
            "author": "Taiki Endo",
            "date": "Sat Nov 16 09:14:40 2019"
        },
        {
            "title": "Limit `futures` dependency to `Stream` via feature flag (#1774)",
            "flags": {
                "futures-core": "True",
                "pin-project-lite": "True"
            },
            "message": "Limit `futures` dependency to `Stream` via feature flag (#1774)\n\nIn an effort to reach API stability, the `tokio` crate is shedding its\r\n_public_ dependencies on crates that are either a) do not provide a\r\nstable (1.0+) release with longevity guarantees or b) match the `tokio`\r\nrelease cadence. Of course, implementing `std` traits fits the\r\nrequirements.\r\n\r\nThe on exception, for now, is the `Stream` trait found in `futures_core`.\r\nIt is expected that this trait will not change much and be moved into `std.\r\nSince Tokio is not yet going reaching 1.0, I feel that it is acceptable to maintain\r\na dependency on this trait given how foundational it is.\r\n\r\nSince the `Stream` implementation is optional, types that are logically\r\nstreams provide `async fn next_*` functions to obtain the next value.\r\nAvoiding the `next()` name prevents fn conflicts with `StreamExt::next()`.\r\n\r\nAdditionally, some misc cleanup is also done:\r\n\r\n- `tokio::io::io` -> `tokio::io::util`.\r\n- `delay` -> `delay_until`.\r\n- `Timeout::new` -> `timeout(...)`.\r\n- `signal::ctrl_c()` returns a future instead of a stream.\r\n- `{tcp,unix}::Incoming` is removed (due to lack of `Stream` trait).\r\n- `time::Throttle` is removed (due to lack of `Stream` trait).\r\n-  Fix: `mpsc::UnboundedSender::send(&self)` (no more conflict with `Sink` fns).",
            "hash": "8a7e57786a5dca139f5b4261685e22991ded0859",
            "author": "Carl Lerche",
            "date": "Fri Nov 15 22:11:13 2019"
        },
        {
            "title": "reorganize modules (#1766)",
            "flags": {
                "bytes": "removed",
                "iovec": "removed"
            },
            "message": "reorganize modules (#1766)\n\nThis patch started as an effort to make `time::Timer` private. However, in an\r\neffort to get the build compiling again, more and more changes were made. This\r\nprobably should have been broken up, but here we are. I will attempt to\r\nsummarize the changes here.\r\n\r\n* Feature flags are reorganized to make clearer. `net-driver` becomes\r\n  `io-driver`. `rt-current-thread` becomes `rt-core`.\r\n\r\n* The `Runtime` can be created without any executor. This replaces `enter`. It\r\n  also allows creating I/O / time drivers that are standalone.\r\n\r\n* `tokio::timer` is renamed to `tokio::time`. This brings it in line with `std`.\r\n\r\n* `tokio::timer::Timer` is renamed to `Driver` and made private.\r\n\r\n* The `clock` module is removed. Instead, an `Instant` type is provided. This\r\n  type defaults to calling `std::time::Instant`. A `test-util` feature flag can\r\n  be used to enable hooking into time.\r\n\r\n* The `blocking` module is moved to the top level and is cleaned up.\r\n\r\n* The `task` module is moved to the top level.\r\n\r\n* The thread-pool's in-place blocking implementation is cleaned up.\r\n\r\n* `runtime::Spawner` is renamed to `runtime::Handle` and can be used to \"enter\"\r\n  a runtime context.\r\n\r\n",
            "hash": "27e5b41067d01c0c9fac230c5addb58034201a63",
            "author": "Carl Lerche",
            "date": "Tue Nov 12 15:23:40 2019"
        },
        {
            "title": "runtime: merge multi & single threaded runtimes (#1716)",
            "flags": {
                "crossbeam-channel": "removed"
            },
            "message": "runtime: merge multi & single threaded runtimes (#1716)\n\nSimplify Tokio's runtime construct by combining both Runtime variants\r\ninto a single type. The execution style can be controlled by a\r\nconfiguration setting on `Builder`.\r\n\r\nThe implication of this change is that there is no longer any way to\r\nspawn `!Send` futures. This, however, is a temporary limitation. A\r\ndifferent strategy will be employed for supporting `!Send` futures.\r\n\r\nIncluded in this patch is a rework of `task::JoinHandle` to support\r\nusing this type from both the thread-pool and current-thread executors.",
            "hash": "d70c928d88dff9e3e8d673b8ee02bce131598550",
            "author": "Carl Lerche",
            "date": "Fri Nov 1 13:18:52 2019"
        },
        {
            "title": "process: refactor OrphanQueue to use a Mutex instead fo SegQueue (#1712)",
            "flags": {
                "crossbeam-queue": "removed"
            },
            "message": "process: refactor OrphanQueue to use a Mutex instead fo SegQueue (#1712)\n\n",
            "hash": "2c870b588f142998b8400b5f6874b9d66fa5624e",
            "author": "Sean McArthur",
            "date": "Wed Oct 30 15:29:04 2019"
        },
        {
            "title": "timer: inline CachePadded type (#1706)",
            "flags": {
                "crossbeam-utils": "removed"
            },
            "message": "timer: inline CachePadded type (#1706)\n\n",
            "hash": "e3261440e56ebf576790e4c6f7f125a6c8759659",
            "author": "Sean McArthur",
            "date": "Tue Oct 29 22:16:11 2019"
        },
        {
            "title": "sync: move into `tokio` crate (#1705)",
            "flags": {
                "tokio-macros": "True",
                "fnv": "True",
                "tokio-sync": "removed"
            },
            "message": "sync: move into `tokio` crate (#1705)\n\nA step towards collapsing Tokio sub crates into a single `tokio`\r\ncrate (#1318).\r\n\r\nThe sync implementation is now provided by the main `tokio` crate.\r\nFunctionality can be opted out of by using the various net related\r\nfeature flags.",
            "hash": "2b909d6805990abf0bc2a5dea9e7267ff87df704",
            "author": "Carl Lerche",
            "date": "Tue Oct 29 15:11:31 2019"
        },
        {
            "title": "executor: move into `tokio` crate (#1702)",
            "flags": {
                "crossbeam-channel": "True",
                "tokio-executor": "removed"
            },
            "message": "executor: move into `tokio` crate (#1702)\n\nA step towards collapsing Tokio sub crates into a single `tokio`\r\ncrate (#1318).\r\n\r\nThe executor implementation is now provided by the main `tokio` crate.\r\nFunctionality can be opted out of by using the various net related\r\nfeature flags.",
            "hash": "c62ef2d232dea1535a8e22484fa2ca083f03e903",
            "author": "Carl Lerche",
            "date": "Mon Oct 28 21:40:29 2019"
        },
        {
            "title": "io: move into `tokio` crate (#1691)",
            "flags": {
                "memchr": "True",
                "pin-project": "True",
                "tokio-io": "removed"
            },
            "message": "io: move into `tokio` crate (#1691)\n\nA step towards collapsing Tokio sub crates into a single `tokio`\r\ncrate (#1318).\r\n\r\nThe `io` implementation is now provided by the main `tokio` crate.\r\nFunctionality can be opted out of by using the various net related\r\nfeature flags.",
            "hash": "987ba7373cf95c570bf23768c6021f7a7508286e",
            "author": "Carl Lerche",
            "date": "Sat Oct 26 08:02:49 2019"
        },
        {
            "title": "net: move into tokio crate (#1683)",
            "flags": {
                "bytes": "True",
                "iovec": "True",
                "lazy_static": "True",
                "mio": "True",
                "tokio-net": "removed",
                "crossbeam-queue": "True",
                "mio-uds": "True",
                "libc": "True",
                "signal-hook-registry": "True",
                "mio-named-pipes": "True"
            },
            "message": "net: move into tokio crate (#1683)\n\nA step towards collapsing Tokio sub crates into a single `tokio`\r\ncrate (#1318).\r\n\r\nThe `net` implementation is now provided by the main `tokio` crate.\r\nFunctionality can be opted out of by using the various net related\r\nfeature flags.",
            "hash": "227533d456fe32e48ffcd3796f1e6c8f9318b230",
            "author": "Carl Lerche",
            "date": "Fri Oct 25 12:50:15 2019"
        },
        {
            "title": "chore: remove tracing. (#1680)",
            "flags": {
                "tracing-core": "removed",
                "tokio-net": "removed",
                "tokio-executor": "removed"
            },
            "message": "chore: remove tracing. (#1680)\n\nHistorically, logging has been added haphazardly. Here, we entirely\r\nremove logging as none of it is particularly useful. In the future, we\r\nwill add tracing back in order to expose useful data to the user of\r\nTokio.",
            "hash": "99940aeeb478e1c96959aed69561336ab067d0d3",
            "author": "Carl Lerche",
            "date": "Wed Oct 23 11:04:14 2019"
        },
        {
            "title": "codec: move into tokio-util (#1675)",
            "flags": {
                "bytes": "removed",
                "tokio-codec": "removed"
            },
            "message": "codec: move into tokio-util (#1675)\n\nRelated to #1318, Tokio APIs that are \"less stable\" are moved into a new\r\n`tokio-util` crate. This crate will mirror `tokio` and provide\r\nadditional APIs that may require a greater rate of breaking changes.\r\n\r\nAs examples require `tokio-util`, they are moved into a separate\r\ncrate (`examples`). This has the added advantage of being able to avoid\r\nexample only dependencies in the `tokio` crate.",
            "hash": "cfc15617a5247ea780c32c85b7134b88b6de5845",
            "author": "Carl Lerche",
            "date": "Tue Oct 22 10:13:49 2019"
        },
        {
            "title": "timer: move `tokio-timer` into `tokio` crate (#1674)",
            "flags": {
                "crossbeam-utils": "True",
                "slab": "True",
                "tokio-timer": "removed"
            },
            "message": "timer: move `tokio-timer` into `tokio` crate (#1674)\n\nA step towards collapsing Tokio sub crates into a single `tokio`\r\ncrate (#1318).\r\n\r\nThe `timer` implementation is now provided by the main `tokio` crate.\r\nThe `timer` functionality may still be excluded from the build by\r\nskipping the `timer` feature flag.",
            "hash": "b8cee1a60ad99ef28ec494ae4230e2ef4399fcf9",
            "author": "Carl Lerche",
            "date": "Mon Oct 21 16:45:13 2019"
        },
        {
            "title": "fs: move into `tokio` (#1672)",
            "flags": {
                "tokio-fs": "removed"
            },
            "message": "fs: move into `tokio` (#1672)\n\nA step towards collapsing Tokio sub crates into a single `tokio`\r\ncrate (#1318).\r\n\r\nThe `fs` implementation is now provided by the main `tokio` crate. The\r\n`fs` functionality may still be excluded from the build by skipping the\r\n`fs` feature flag.",
            "hash": "978013a215ebae63cd087139514de32bbd36ce11",
            "author": "Carl Lerche",
            "date": "Mon Oct 21 15:49:00 2019"
        },
        {
            "title": "Prepare for release of 0.2.0-alpha.6 (#1617)",
            "flags": {
                "tokio-codec": "True",
                "tokio-fs": "True",
                "tokio-io": "True",
                "tokio-executor": "True",
                "tokio-macros": "True",
                "tokio-net": "True",
                "tokio-sync": "True",
                "tokio-timer": "True"
            },
            "message": "Prepare for release of 0.2.0-alpha.6 (#1617)\n\nNote that `tokio-timer` and `tokio-tls` become 0.3.0-alpha.6 (not 0.2.0)",
            "hash": "5efe31f2ed3c797e8055306a05faa3d7e786e7b6",
            "author": "Jon Gjengset",
            "date": "Mon Sep 30 15:35:52 2019"
        },
        {
            "title": "Release 0.2.0 alpha.5 (#1576)",
            "flags": {
                "tokio-codec": "True",
                "tokio-fs": "True",
                "tokio-io": "True",
                "tokio-executor": "True",
                "tokio-macros": "True",
                "tokio-net": "True",
                "tokio-sync": "True",
                "tokio-timer": "True"
            },
            "message": "Release 0.2.0 alpha.5 (#1576)\n\n",
            "hash": "80ba2a4ff60247f49537ee7d67baa0c22f6be16e",
            "author": "Carl Lerche",
            "date": "Thu Sep 19 13:39:35 2019"
        },
        {
            "title": "prepare v0.2.0-alpha.4 (#1509)",
            "flags": {
                "tokio-codec": "True",
                "tokio-fs": "True",
                "tokio-io": "True",
                "tokio-executor": "True",
                "tokio-macros": "True",
                "tokio-net": "True",
                "tokio-sync": "True",
                "tokio-timer": "True"
            },
            "message": "prepare v0.2.0-alpha.4 (#1509)\n\n",
            "hash": "15dc0563b73d9da3eabdbac89e55b9cfcef691e4",
            "author": "Sean McArthur",
            "date": "Thu Aug 29 12:59:10 2019"
        },
        {
            "title": "prepare v0.2.0-alpha.3 release (#1505)",
            "flags": {
                "tokio-codec": "True",
                "tokio-fs": "True",
                "tokio-io": "True",
                "tokio-executor": "True",
                "tokio-macros": "True",
                "tokio-net": "True",
                "tokio-sync": "True",
                "tokio-timer": "True"
            },
            "message": "prepare v0.2.0-alpha.3 release (#1505)\n\n",
            "hash": "a59e096c4740204993ab2017dbb5098a35f93992",
            "author": "Carl Lerche",
            "date": "Wed Aug 28 15:04:42 2019"
        },
        {
            "title": "net: switch from `log` to `tracing` (#1455)",
            "flags": {
                "tokio-net": "True"
            },
            "message": "net: switch from `log` to `tracing` (#1455)\n\n* net: switch from `log` to `tracing`.\r\n\r\nMotivation:\r\n\r\nThe `tracing` crate implements scoped, structured, context-aware\r\ndiagnostics, which can add significant debugging value over unstructured\r\nlog messages. `tracing` is part of the Tokio project. As part of the\r\n`tokio` 0.2 changes, I thought it would be good to move over from `log`\r\nto `tracing` in the tokio runtime.\r\n\r\nSolution:\r\n\r\nThis branch replaces the use of `log` in `tokio-net` with\r\n`tracing`. I've tried to leave all the instrumentation points more or\r\nless the same, but modified to use structured fields instead of string\r\ninterpolation.\r\n\r\nNotes:\r\n\r\nI removed the timing in `Reactor::poll` in favor of simply adding a\r\n`#[tracing::instrument]` attribute. Since the generated `tracing` span\r\nwill have enter and exit events, a `tracing::Subscriber`\r\nimplemementation can use those to record timestamps, and process that\r\ntiming data in a much more sophisticated manner than including it in a\r\nlog line.\r\n\r\nWe can add the timestamps back if they're desired.\r\n\r\nSigned-off-by: Eliza Weisman",
            "hash": "9c31797a087165660a689f7430b6be1ce8eeaa63",
            "author": "Eliza Weisman",
            "date": "Tue Aug 27 17:53:57 2019"
        },
        {
            "title": "executor: switch from `log` to `tracing` (#1454)",
            "flags": {
                "tokio-executor": "True"
            },
            "message": "executor: switch from `log` to `tracing` (#1454)\n\n## Motivation\r\n\r\nThe `tracing` crate implements scoped, structured, context-aware\r\ndiagnostics, which can add significant debugging value over unstructured\r\nlog messages. `tracing` is part of the Tokio project. As part of the\r\n`tokio` 0.2 changes, I thought it would be good to move over from `log`\r\nto `tracing` in the tokio runtime. Updating the executor crate is an obvious\r\nstarting point. \r\n\r\n## Solution\r\n\r\nThis branch replaces the use of `log` in `tokio-executor` with\r\n`tracing`. I've tried to leave all the instrumentation points more or\r\nless the same, but modified to use structured fields instead of string\r\ninterpolation. I've also added a few `tracing` spans, primarily in\r\nplaces where a variable is added to all the log messages in a scope.\r\n\r\n## Notes\r\n\r\nFor users who are using the legacy `log` output, there is a feature flag\r\nto enable `log` support in `tracing`. I thought about making this on by\r\ndefault, but that would also enable the `tracing` dependency by default,\r\nand it is only pulled in when the `threadpool` feature flag is enabled.\r\nThe `tokio` crate could enable the log feature in its default features\r\ninstead, since the threadpool feature is on by default in `tokio`. If\r\nthis isn't the right approach, I can change how `log` back-compatibility\r\nis enabled.\r\n\r\nWe might want to consider adding more `tracing` spans in the threadpool\r\nlater. This could be useful for profiling, and for helping users debug\r\nthe way their applications interact with the executor. This branch is\r\njust intended as a starting point so that we can begin emitting\r\n`tracing` data from the executor; we should revisit what instrumentation\r\nshould be exposed, as well.\r\n\r\nSigned-off-by: Eliza Weisman\r\n",
            "hash": "7e7a5147a3f5de83ee540ebaad0928183e61df2c",
            "author": "Eliza Weisman",
            "date": "Tue Aug 20 12:44:26 2019"
        },
        {
            "title": "chore: prepare 0.2.0-alpha.2 release (#1465)",
            "flags": {
                "tokio-codec": "True",
                "tokio-fs": "True",
                "tokio-io": "True",
                "tokio-executor": "True",
                "tokio-macros": "True",
                "tokio-net": "True",
                "tokio-sync": "True",
                "tokio-timer": "True"
            },
            "message": "chore: prepare 0.2.0-alpha.2 release (#1465)\n\n",
            "hash": "88b4ec84d7f0f1653e2a9bb3231076fc18a91cb3",
            "author": "Carl Lerche",
            "date": "Sat Aug 17 23:34:25 2019"
        },
        {
            "title": "uds: move into tokio-net (#1462)",
            "flags": {
                "tokio-uds": "removed"
            },
            "message": "uds: move into tokio-net (#1462)\n\n",
            "hash": "a83f5e4ba60c9934b75b3e47e66d516738fef395",
            "author": "Carl Lerche",
            "date": "Fri Aug 16 14:42:05 2019"
        },
        {
            "title": "udp: move tokio-udp into tokio-net (#1459)",
            "flags": {
                "tokio-udp": "removed"
            },
            "message": "udp: move tokio-udp into tokio-net (#1459)\n\n",
            "hash": "ce7e60e3965283328909aaef57c57e538526a880",
            "author": "Carl Lerche",
            "date": "Fri Aug 16 07:26:10 2019"
        },
        {
            "title": "tcp: move tokio-tcp into tokio-net (#1456)",
            "flags": {
                "tokio-net": "True",
                "tokio-tcp": "removed"
            },
            "message": "tcp: move tokio-tcp into tokio-net (#1456)\n\n\r\n",
            "hash": "4788d3a9e3dd037424442c98e9f26b93a33a2077",
            "author": "Carl Lerche",
            "date": "Thu Aug 15 20:37:25 2019"
        },
        {
            "title": "threadpool: move threadpool into tokio-executor (#1452)",
            "flags": {
                "tokio-threadpool": "removed"
            },
            "message": "threadpool: move threadpool into tokio-executor (#1452)\n\nThe threadpool is behind a feature flag.\r\n\r\nRefs: #1264",
            "hash": "3b27dc31d28df93fcc65ed3b744033d4ad4f77cc",
            "author": "Carl Lerche",
            "date": "Thu Aug 15 13:09:02 2019"
        },
        {
            "title": "reactor: rename tokio-reactor -> tokio-net (#1450)",
            "flags": {
                "tokio-reactor": "removed",
                "tokio-net": "True"
            },
            "message": "reactor: rename tokio-reactor -> tokio-net (#1450)\n\n* reactor: rename tokio-reactor -> tokio-net\r\n\r\nThis is in preparation for #1264",
            "hash": "8538c25170240fa46313ffe9d4a9a2f9ba2536e5",
            "author": "Carl Lerche",
            "date": "Thu Aug 15 11:04:58 2019"
        },
        {
            "title": "executor: move current-thread into crate (#1447)",
            "flags": {
                "tokio-current-thread": "removed"
            },
            "message": "executor: move current-thread into crate (#1447)\n\nThe `CurrentThread` executor is exposed using a feature flag.\r\n\r\nRefs: #1264",
            "hash": "9de7083be89bde2e26ee5bc4f3333f5c8d13762d",
            "author": "Carl Lerche",
            "date": "Thu Aug 15 09:52:25 2019"
        },
        {
            "title": "chore: prepare for v0.2.0-alpha.1 release (#1410)",
            "flags": {
                "tokio-codec": "True",
                "tokio-current-thread": "True",
                "tokio-fs": "True",
                "tokio-io": "True",
                "tokio-executor": "True",
                "tokio-macros": "True",
                "tokio-reactor": "True",
                "tokio-sync": "True",
                "tokio-threadpool": "True",
                "tokio-tcp": "True",
                "tokio-udp": "True",
                "tokio-timer": "True",
                "tokio-uds": "True"
            },
            "message": "chore: prepare for v0.2.0-alpha.1 release (#1410)\n\n",
            "hash": "50e5d401df9931eafabee554bb1a370958fc57d2",
            "author": "Lucio Franco",
            "date": "Thu Aug 8 12:48:53 2019"
        },
        {
            "title": "io: remove `util` from default features (#1379)",
            "flags": {
                "tokio-io": "True"
            },
            "message": "io: remove `util` from default features (#1379)\n\nSub-crates should require opting into features.",
            "hash": "2c01b3e0e00867775fbc9b944357a548a971f861",
            "author": "Carl Lerche",
            "date": "Fri Aug 2 12:59:24 2019"
        },
        {
            "title": "io: move io helpers back into `tokio-io` (#1377)",
            "flags": {
                "memchr": "removed"
            },
            "message": "io: move io helpers back into `tokio-io` (#1377)\n\nUtilities are made optional with a feature flag.",
            "hash": "ff41108834ab8fdf92e5c337b46637ba696d89c7",
            "author": "Lucio Franco",
            "date": "Fri Aug 2 12:23:44 2019"
        },
        {
            "title": "tokio: re-enable StreamExt (#1362)",
            "flags": {
                "tokio-timer": "True"
            },
            "message": "tokio: re-enable StreamExt (#1362)\n\n",
            "hash": "6dda866191c1ff73bac534438d74f40ab326c65f",
            "author": "Taiki Endo",
            "date": "Tue Jul 30 09:55:34 2019"
        },
        {
            "title": "tokio: include async-trait feature for uds (#1352)",
            "flags": {
                "tokio-uds": "True"
            },
            "message": "tokio: include async-trait feature for uds (#1352)\n\n",
            "hash": "298be802492068d28b972069c5f654de124fd510",
            "author": "Shell Chen",
            "date": "Thu Jul 25 08:07:33 2019"
        },
        {
            "title": "chore: remove tokio-futures facade crate (#1327)",
            "flags": {
                "tokio-futures": "removed"
            },
            "message": "chore: remove tokio-futures facade crate (#1327)\n\nThis switches from using the tokio-futures facade to referencing\r\nfutures-* crates directly.",
            "hash": "a99fa6e0963e9d3abad8c33df31b42f87fe86b06",
            "author": "Carl Lerche",
            "date": "Fri Jul 19 13:11:46 2019"
        },
        {
            "title": "tokio: include `async-traits` feature (#1314)",
            "flags": {
                "tokio-tcp": "True"
            },
            "message": "tokio: include `async-traits` feature (#1314)\n\nThe `tokio` facade crate will depend on the `async-traits` feature flag in\r\nsub crates.",
            "hash": "e6cf976662d21974f69fa7d4d60fb27b887c6c47",
            "author": "Jon Gjengset",
            "date": "Mon Jul 15 14:02:15 2019"
        },
        {
            "title": "tokio: add AsyncBufReadExt::lines",
            "flags": {
                "tokio-futures": "True"
            },
            "message": "tokio: add AsyncBufReadExt::lines\n",
            "hash": "6742816e78dad0d2ae8137671cc409258df70acf",
            "author": "Taiki Endo",
            "date": "Sun Jul 14 23:24:26 2019"
        },
        {
            "title": "tokio: add AsyncBufReadExt::read_until",
            "flags": {
                "memchr": "True"
            },
            "message": "tokio: add AsyncBufReadExt::read_until\n",
            "hash": "0cfa120ba8c93822d6a84f2e7392008d84622010",
            "author": "Taiki Endo",
            "date": "Sun Jul 14 23:21:09 2019"
        },
        {
            "title": "tokio: re-export correct tokio-uds version (#1286)",
            "flags": {
                "tokio-uds": "True"
            },
            "message": "tokio: re-export correct tokio-uds version (#1286)\n\nAn earlier PR (#1282) re-exported the version from crates.io and not git\r\nmaster.",
            "hash": "22918231814fb5591a4c0c6d5aa0c5ba8172c9c1",
            "author": "Carl Lerche",
            "date": "Thu Jul 11 10:27:51 2019"
        },
        {
            "title": "fs: update to use `std::future` (#1269)",
            "flags": {
                "tokio-fs": "True"
            },
            "message": "fs: update to use `std::future` (#1269)\n\n",
            "hash": "795e02f4c6cfb577d6393221a8424c6e39e9d37c",
            "author": "andy finch",
            "date": "Thu Jul 11 09:05:49 2019"
        },
        {
            "title": "tokio: update threaded runtime to std::future (#1280)",
            "flags": {
                "tokio-threadpool": "True"
            },
            "message": "tokio: update threaded runtime to std::future (#1280)\n\nre-enables the threaded runtime and sets it (again) as the default.",
            "hash": "bd3f3270dbf632a7e23e82dd93605db1fe050ee9",
            "author": "Carl Lerche",
            "date": "Wed Jul 10 11:21:06 2019"
        },
        {
            "title": "Use Sink trait from futures-sink-preview (#1244)",
            "flags": {
                "tokio-codec": "True",
                "tokio-sync": "True"
            },
            "message": "Use Sink trait from futures-sink-preview (#1244)\n\n",
            "hash": "d4803bc86897517d4e4598fb2b6f2216c144ce1c",
            "author": "Aaron Hill",
            "date": "Mon Jul 8 09:56:11 2019"
        },
        {
            "title": "tokio: re-enable timer in runtimes (#1237)",
            "flags": {
                "tokio-timer": "True"
            },
            "message": "tokio: re-enable timer in runtimes (#1237)\n\nThis also brings back the timer tests in the tokio crate.",
            "hash": "70eca184f0f52dd2d634b750bba698da9418ee5f",
            "author": "Carl Lerche",
            "date": "Mon Jul 1 18:27:13 2019"
        },
        {
            "title": "chore: remove `tokio-trace`, add \"Related Projects\" to README (#1221)",
            "flags": {
                "tracing-core": "True"
            },
            "message": "chore: remove `tokio-trace`, add \"Related Projects\" to README (#1221)\n\n## Motivation\r\n\r\nThe `tokio-trace` and `tokio-trace-core` crates have been renamed to\r\n`tracing` and `tracing-core`, and moved to their own repository\r\n(`tokio-rs/tracing`).\r\n\r\n## Solution\r\n\r\nThis branch removes `tokio-trace` and `tokio-trace-core` from the\r\n`tokio` repository. In addition, I've added a \"Related Projects\" section\r\nto the root README, which lists `tracing` (as well as  `mio`, and\r\n`bytes`) as other libraries maintained by the Tokio project. I thought\r\nthat this would help folks looking for `tokio-trace` here find it in its\r\nnew home.\r\n\r\nIn addition, it changes `tokio` to depend on `tracing-core` rather than\r\n`tokio-trace-core`.\r\n\r\nCloses #1159\r\n\r\nSigned-off-by: Eliza Weisman",
            "hash": "af46eac5837af4871144923b1e75f38c41e8896d",
            "author": "Eliza Weisman",
            "date": "Fri Jun 28 13:13:46 2019"
        },
        {
            "title": "macros: allow configuring runtime used by main macro (#1185)",
            "flags": {
                "tokio-macros": "True"
            },
            "message": "macros: allow configuring runtime used by main macro (#1185)\n\n",
            "hash": "0af05e7408cef92b834718ed1bd3578fc0fbd40e",
            "author": "Douman",
            "date": "Thu Jun 27 10:40:22 2019"
        },
        {
            "title": "Update tokio-udp to use std-future (#1199)",
            "flags": {
                "tokio-udp": "True"
            },
            "message": "Update tokio-udp to use std-future (#1199)\n\n\r\n",
            "hash": "6316aa1d0b0465e8ca72040879365a91c844887f",
            "author": "Yin Guanhao",
            "date": "Wed Jun 26 11:41:36 2019"
        },
        {
            "title": "macros: re-export `main` macro from `tokio` (#1198)",
            "flags": {
                "tokio-macros": "True"
            },
            "message": "macros: re-export `main` macro from `tokio` (#1198)\n\nIncludes minor fixes and a very basic example.\r\n\r\nFixes #1183",
            "hash": "dc5fa80a09ff65728d5e9848f2efc1b83de38741",
            "author": "Carl Lerche",
            "date": "Tue Jun 25 20:14:21 2019"
        },
        {
            "title": "Update Tokio to use `std::future`. (#1120)",
            "flags": {
                "tokio-codec": "removed",
                "tokio-fs": "removed",
                "tokio-macros": "removed",
                "tokio-threadpool": "removed",
                "tokio-udp": "removed",
                "tokio-timer": "removed",
                "tokio-trace-core": "removed",
                "mio": "removed",
                "tokio-futures": "removed"
            },
            "message": "Update Tokio to use `std::future`. (#1120)\n\nA first pass at updating Tokio to use `std::future`.\r\n\r\nImplementations of `Future` from the futures crate are updated to implement\r\n`Future` from std. Implementations of `Stream` are moved to a feature flag.\r\n\r\nThis commits disables a number of crates that have not yet been updated.",
            "hash": "06c473e62842d257ed275497ce906710ea3f8e19",
            "author": "Carl Lerche",
            "date": "Mon Jun 24 12:34:30 2019"
        },
        {
            "title": "Merge branch 'v0.1.x' into merge-0.1",
            "flags": {
                "tokio-codec": "True",
                "tokio-current-thread": "True",
                "tokio-fs": "True",
                "tokio-io": "True",
                "tokio-executor": "True",
                "tokio-reactor": "True",
                "tokio-sync": "True",
                "tokio-threadpool": "True",
                "tokio-tcp": "True",
                "tokio-udp": "True",
                "tokio-timer": "True",
                "tokio-macros": "True",
                "tokio-futures": "True"
            },
            "message": "Merge branch 'v0.1.x' into merge-0.1\n",
            "hash": "8d0f102de83f8aa59661b9d1839ecc57e50873a7",
            "merge": "619efed2 5dcb379f",
            "author": "Carl Lerche",
            "date": "Wed Jun 5 12:28:39 2019"
        },
        {
            "title": "Update tokio-trace-core to 0.2 (#1111)",
            "flags": {
                "tokio-trace-core": "True"
            },
            "message": "Update tokio-trace-core to 0.2 (#1111)\n\nAlso includes 1b498e8aa23b53528a5a2d6e6aad2fe41f37ff60\r\n",
            "hash": "940f2c34311f9b6950360461634e36950c6da228",
            "author": "Lucio Franco",
            "date": "Thu May 30 11:33:55 2019"
        },
        {
            "title": "Merge branch 'v0.1.x'",
            "flags": {
                "tokio-codec": "True",
                "tokio-current-thread": "True",
                "tokio-fs": "True",
                "tokio-io": "True",
                "tokio-executor": "True",
                "tokio-reactor": "True",
                "tokio-sync": "True",
                "tokio-threadpool": "True",
                "tokio-tcp": "True",
                "tokio-udp": "True",
                "tokio-timer": "True",
                "tokio-macros": "True",
                "tokio-futures": "True"
            },
            "message": "Merge branch 'v0.1.x'\n",
            "hash": "38092010c4113e80612fe61bfec08a44c3d41a65",
            "merge": "cb4aea39 475dabe9",
            "author": "Carl Lerche",
            "date": "Tue May 14 11:36:42 2019"
        },
        {
            "title": "Release tokio v0.1.20, tokio-timer v0.2.21, and remove async-await-preview feature. (#1089)",
            "flags": {
                "tokio-macros": "removed",
                "tokio-futures": "removed"
            },
            "message": "Release tokio v0.1.20, tokio-timer v0.2.21, and remove async-await-preview feature. (#1089)\n\nThe `async-await-preview` feature is removed as 0.1 will no longer track\r\nRust nightly.\r\n\r\nThis also bumps:\r\n- tokio-timer (0.2.11).",
            "hash": "475dabe96d98d56e641e2ce0dd2ed23031e8523f",
            "author": "Carl Lerche",
            "date": "Tue May 14 11:21:24 2019"
        },
        {
            "title": "Update Tokio to Rust 2018 (#1082)",
            "flags": {
                "tokio-codec": "True",
                "tokio-current-thread": "True",
                "tokio-fs": "True",
                "tokio-io": "True",
                "tokio-executor": "True",
                "tokio-reactor": "True",
                "tokio-sync": "True",
                "tokio-threadpool": "True",
                "tokio-tcp": "True",
                "tokio-udp": "True",
                "tokio-timer": "True",
                "tokio-futures": "True"
            },
            "message": "Update Tokio to Rust 2018 (#1082)\n\n",
            "hash": "cb4aea394e6851ae8cc45a68beeaf2c93cc9a0c0",
            "author": "Carl Lerche",
            "date": "Tue May 14 10:27:36 2019"
        },
        {
            "title": "Fix threadpool dependency (#1061)",
            "flags": {
                "tokio-threadpool": "True"
            },
            "message": "Fix threadpool dependency (#1061)\n\n",
            "hash": "6a8934e897f71a36ee07a818e86a7629bf787db4",
            "author": "Carl Lerche",
            "date": "Thu Apr 25 19:23:24 2019"
        },
        {
            "title": "Async/await polish (#1058)",
            "flags": {
                "tokio-macros": "True",
                "tokio-async-await": "removed",
                "tokio-futures": "True"
            },
            "message": "Async/await polish (#1058)\n\nA general refresh of Tokio's experimental async / await support.\r\n",
            "hash": "0e400af78c049c4b52fa4cb346237b43218b0ec9",
            "author": "Carl Lerche",
            "date": "Thu Apr 25 19:22:32 2019"
        },
        {
            "title": "tokio: Bump min version of tokio-sync (#1054)",
            "flags": {
                "tokio-sync": "True"
            },
            "message": "tokio: Bump min version of tokio-sync (#1054)\n\nIt is needed for lock functionality which tokio now uses.",
            "hash": "abb014efc2dad72baed6375fa81c58f8abed3cb2",
            "author": "Igor Gnatenko",
            "date": "Wed Apr 24 08:24:59 2019"
        },
        {
            "title": "tokio-sync: Add async mutual exclusion primitive (#964)",
            "flags": {
                "tokio-sync": "True"
            },
            "message": "tokio-sync: Add async mutual exclusion primitive (#964)\n\nThis PR introduces `Lock`: A concurrency primitive built on top of `Semaphore` that provides a `Mutex`-like primitive that interacts nicely with futures. Specifically, `LockGuard` (in contrast to `MutexGuard`) does _not_ borrow the `Lock`, and can thus be passed into a future where it will later be unlocked.\r\n\r\nThis replaces #958, which attempted to introduce a less generic version. The primitive proposed there will instead live in [`async-lease`](https://github.com/jonhoo/async-lease).",
            "hash": "cf0662199822c848b376db4973c7dbae30303c4e",
            "author": "Jon Gjengset",
            "date": "Thu Apr 18 10:16:26 2019"
        },
        {
            "title": "chore: fix Cargo.toml files",
            "flags": {
                "tokio-current-thread": "True",
                "tokio-threadpool": "True"
            },
            "message": "chore: fix Cargo.toml files\n",
            "hash": "6e4945025cdc6f2b71d9b30aaa23c5517cca1504",
            "author": "Carl Lerche",
            "date": "Fri Mar 22 14:10:06 2019"
        },
        {
            "title": "Bump Tokio version to v0.1.18 (#997)",
            "flags": {
                "tokio-executor": "True"
            },
            "message": "Bump Tokio version to v0.1.18 (#997)\n\nAlso bumps:\r\n\r\n- tokio-signal (0.2.8)\r\n- tokio-current-thread (0.1.6)\r\n- tokio-executor (0.1.7)\r\n- tokio-threadpool (0.1.13)\r\n\r\n[ci-release]",
            "hash": "3c8f110730b5c6dd39978361bcf549c638e203a3",
            "author": "Carl Lerche",
            "date": "Fri Mar 22 13:55:48 2019"
        },
        {
            "title": "executor: add TypedExecutor (#993)",
            "flags": {
                "tokio-executor": "True"
            },
            "message": "executor: add TypedExecutor (#993)\n\nAdds a `TypedExecutor` trait that describes how to spawn futures of a specific\r\ntype. This is useful for implementing functions that are generic over an executor\r\nand wish to support both `Send` and `!Send` cases.",
            "hash": "b1172f8074b381b543ff15e23e3092fc5dc6de7d",
            "author": "Carl Lerche",
            "date": "Thu Mar 21 14:30:18 2019"
        },
        {
            "title": "chore: repo maintenance + no path dependencies (#991)",
            "flags": {
                "tokio-codec": "True",
                "tokio-current-thread": "True",
                "tokio-fs": "True",
                "tokio-io": "True",
                "tokio-executor": "True",
                "tokio-reactor": "True",
                "tokio-sync": "True",
                "tokio-threadpool": "True",
                "tokio-tcp": "True",
                "tokio-udp": "True",
                "tokio-timer": "True",
                "tokio-trace-core": "True",
                "tokio-async-await": "True",
                "tokio-uds": "True"
            },
            "message": "chore: repo maintenance + no path dependencies (#991)\n\n- Move `tokio` into its own directory.\r\n- Remove `path` dependencies.\r\n- Run tests with once with crates.io dep and once with patched dep.",
            "hash": "cdde2e7a273cbab2085b822efcf54c6bec822681",
            "author": "Carl Lerche",
            "date": "Tue Mar 19 14:58:59 2019"
        },
        {
            "title": "tokio: Enable trace subscriber propagation in the runtime (#966)",
            "flags": {
                "tokio-trace-core": "True"
            },
            "message": "tokio: Enable trace subscriber propagation in the runtime (#966)\n\nSigned-off-by: Eliza Weisman",
            "hash": "acd08eb23d48287c6f5e5053f940204462ad7c1d",
            "author": "Eliza Weisman",
            "date": "Wed Mar 13 10:28:45 2019"
        },
        {
            "title": "tokio: fix dependency versions (#944)",
            "flags": {
                "tokio-fs": "True",
                "tokio-sync": "True"
            },
            "message": "tokio: fix dependency versions (#944)\n\n#943",
            "hash": "90b1a01010b7e7c622f4fac4d5742ed491e0d5fc",
            "author": "\u5357\u6d66\u6708",
            "date": "Wed Mar 13 07:47:05 2019"
        },
        {
            "title": "Introduce tokio-sync crate containing synchronization primitives. (#839)",
            "flags": {
                "tokio-sync": "True"
            },
            "message": "Introduce tokio-sync crate containing synchronization primitives. (#839)\n\nIntroduce a tokio-sync crate containing useful synchronization primitives for programs\r\nwritten using Tokio.\r\n\r\nThe initial release contains:\r\n\r\n* An mpsc channel\r\n* A oneshot channel\r\n* A semaphore implementation\r\n* An `AtomicTask` primitive.\r\n\r\nThe `oneshot` and `mpsc` channels are new implementations providing improved\r\nperformance characteristics. In some benchmarks, the new mpsc channel shows\r\nup to 7x improvement over the version provided by the `futures` crate. Unfortunately,\r\nthe `oneshot` implementation only provides a slight performance improvement as it\r\nis mostly limited by the `futures` 0.1 task system. Once updated to the `std` version\r\nof `Future` (currently nightly only), much greater performance improvements should\r\nbe achievable by `oneshot`.\r\n\r\nAdditionally, he implementations provided here are checked using\r\n[Loom](http://github.com/carllerche/loom/), which provides greater confidence of\r\ncorrectness.",
            "hash": "13083153aad0750bfee5772d633c725b70f5d243",
            "author": "Carl Lerche",
            "date": "Tue Jan 22 11:37:26 2019"
        },
        {
            "title": "tokio: update tokio-threadpool minimum version (#838)",
            "flags": {
                "tokio-threadpool": "True"
            },
            "message": "tokio: update tokio-threadpool minimum version (#838)\n\n",
            "hash": "d95c6977816a10b8029327f1b54a242746d31037",
            "author": "Sean McArthur",
            "date": "Mon Jan 7 16:49:08 2019"
        },
        {
            "title": "Provide optional features on tokio crate (#808)",
            "flags": {
                "bytes": "True",
                "num_cpus": "True",
                "tokio-codec": "True",
                "tokio-current-thread": "True",
                "tokio-fs": "True",
                "tokio-io": "True",
                "tokio-executor": "True",
                "tokio-reactor": "True",
                "tokio-threadpool": "True",
                "tokio-tcp": "True",
                "tokio-udp": "True",
                "tokio-timer": "True",
                "mio": "True",
                "tokio-uds": "True"
            },
            "message": "Provide optional features on tokio crate (#808)\n\nDisabling all features means the only dependency is `futures`.\r\n\r\nRelevant pieces of the API can then be enabled with the following features:\r\n\r\n- `codec`\r\n- `fs`\r\n- `io`\r\n- `reactor`\r\n- `tcp`\r\n- `timer`\r\n- `udp`\r\n- `uds`\r\n\r\nThis also introduces the beginnings of enabling only certain pieces of the `Runtime`. As a start, the entire default runtime API is enabled via the `rt-full` feature.",
            "hash": "76198f63d73019311cc09d870b8397e46d8c0f2d",
            "author": "Sean McArthur",
            "date": "Fri Jan 4 11:42:33 2019"
        },
        {
            "title": "async-await: track nightly changes (#661)",
            "flags": {
                "tokio-async-await": "True"
            },
            "message": "async-await: track nightly changes (#661)\n\nThe `tokio-async-await` crate is no longer a facade. Instead, the `tokio` crate\r\nprovides a feature flag to enable async/await support.",
            "hash": "2f690d30bc061a8595744e34fde371882b676a86",
            "author": "Carl Lerche",
            "date": "Wed Sep 26 10:10:47 2018"
        },
        {
            "title": "Remove `futures2` feature from Cargo.toml files (#334)",
            "flags": {
                "futures2": "removed"
            },
            "message": "Remove `futures2` feature from Cargo.toml files (#334)\n\nCurrently, the state of the futures2 integration is pretty broken. This\r\npatch removes the feature flag, preventing users from trying to use it.\r\nIn the future, it can be brought back when the implementation is fixed.",
            "hash": "7a2b5db15cc86ed69fb2c9e3796d2caa4affae9c",
            "author": "Carl Lerche",
            "date": "Wed May 2 10:48:58 2018"
        },
        {
            "title": "Bump version to v0.1.4 (#252)",
            "flags": {
                "futures2": "True"
            },
            "message": "Bump version to v0.1.4 (#252)\n\nThis also bumps:\r\n\r\n* tokio-executor: v0.1.1\r\n* tokio-reactor: v0.1.1\r\n* tokio-threadpool: v0.1.1",
            "hash": "9cffda59c9bce8550cfdb971a1f47f402ec5adcd",
            "author": "Carl Lerche",
            "date": "Fri Mar 23 10:34:42 2018"
        },
        {
            "title": "Simultaneous futures compat (#172)",
            "flags": {
                "futures2": "True"
            },
            "message": "Simultaneous futures compat (#172)\n\nThis patch adds opt-in support for futures 0.2.",
            "hash": "d304791c0e3a34cce91f6bcc7178d10c1b3ec9e8",
            "author": "Aaron Turon",
            "date": "Tue Mar 13 13:57:35 2018"
        }
    ]
}