{
    "id": 67836789,
    "node_id": "MDEwOlJlcG9zaXRvcnk2NzgzNjc4OQ==",
    "name": "tokio",
    "full_name": "tokio-rs/tokio",
    "private": false,
    "description": "A runtime for writing reliable asynchronous applications with Rust. Provides I/O, networking, scheduling, timers, ...",
    "fork": false,
    "created_at": "2016-09-09T22:31:36Z",
    "updated_at": "2019-12-20T22:58:28Z",
    "pushed_at": "2019-12-20T22:37:25Z",
    "homepage": "https://tokio.rs",
    "size": 7392,
    "stargazers_count": 6870,
    "watchers_count": 6870,
    "language": "Rust",
    "has_issues": true,
    "has_projects": false,
    "has_downloads": true,
    "has_wiki": false,
    "has_pages": true,
    "forks_count": 597,
    "archived": false,
    "disabled": false,
    "open_issues_count": 173,
    "forks": 597,
    "open_issues": 173,
    "watchers": 6870,
    "default_branch": "master",
    "temp_clone_token": "",
    "network_count": 597,
    "subscribers_count": 228,
    "languages": {
        "Rust": 1543576,
        "Shell": 4631
    }
}