{
    "date": "2019-12-20T17:58:22.235897",
    "commits": [
        {
            "title": "add flag to enable bookmarking in enrollments api",
            "flags": {
                "bookmarking_for_enrollments_index": "False"
            },
            "message": "add flag to enable bookmarking in enrollments api\n\ntest plan:\n* enabling or disabling the site admin flag should\n change whether the enrollments API index endpoint\n supports bookmarks or old pagination (e.g. \"page=2\")\n\nflag=bookmarking_for_enrollments_index\ncloses #LA-390\n\nChange-Id: Ie5a12ca86cef2b2b313b1ddb659d8ca0a812758b\nReviewed-on: https://gerrit.instructure.com/c/canvas-lms/+/221277\nTested-by: Jenkins\nTested-by: Service Cloud Jenkins <svc.cloudjenkins@instructure.com>\nReviewed-by: Jeremy Stanley <jeremy@instructure.com>\nQA-Review: Jeremy Stanley <jeremy@instructure.com>\nProduct-Review: James Williams <jamesw@instructure.com>\n",
            "hash": "a1a1cf60bb8e2e09a08b44dcad82bc4327f733fd",
            "author": "James Williams <jamesw@instructure.com>",
            "date": "Wed Dec 18 09:13:40 2019"
        },
        {
            "title": "Check ePortfolios for spam on saving",
            "flags": {
                "eportfolio_moderation": "False"
            },
            "message": "Check ePortfolios for spam on saving\n\nflag=eportfolio_moderation\nfixes TALLY-378\n\nTest plan:\n\nSetup:\n- Set some \"spam\" keywords for the title and content values that you\n  want the callback to use. These are a comma-delimited set of keywords\n  (spaces will be ignored), e.g.:\n  > Setting.set('eportfolio_title_spam_keywords', 'bad,evil,verybad')\n  > Setting.set('eportfolio_content_spam_keywords', 'some,more,words')\n\nTesting:\n\nFor each check below:\n- \"flagged as spam\" means the associated Eportfolio object has a\n  spam_status with a value of 'flagged_as_possible_spam'\n- \"not flagged as spam\" means the associated object has a spam_status\n  with a value of nil (or, if you previously set it to a different\n  value, it should stay that value)\n\n- Log in to Canvas as a student and open ePortfolios from your Account\n  menu\n\nePortfolio title:\n- Create an ePortfolio with a name that does *not* include any keywords\n  from title_spam_keywords, and save it\n  - It should not be flagged as spam\n- Create an ePortfolio with a name *including* a keyword defined in\n  title_spam_keywords above, and save it\n  - It should be flagged as spam\n\nThe checks below all assume you are using an ePortfolio that is *not*\nmarked as spam: you can either create a new one for each step, or re-use\nan existing one by setting its spam_status to nil as needed.\n\nePortfolio category title:\n- Create a section that does *not* include any keywords from\n  title_spam_keywords, and save it\n  - The owning ePortfolio should not be flagged\n- Create a section *including* a keyword defined in title_spam_keywords,\n  and save it\n  - The owning ePortfolio should be flagged\n\nePortfolio page title:\n- Create a page that does *not* include any keywords from\n  title_spam_keywords, and save it\n  - The owning ePortfolio should not be flagged\n- Create a page *including* a keyword defined in title_spam_keywords,\n  and save it\n  - The owning ePortfolio should be flagged\n\nePortfolio page content:\n- Create a new page\n  - Add some text content that does *not* include any keywords from\n    content_spam_keywords (note the different setting!), and save it\n    - The owning ePortfolio should not be flagged\n  - Add some text content that *does* include keywords from\n    content_spam_keywords, and save it\n    - The owning ePortfolio should be flagged\n\nChange-Id: I5bdad13558ea8f43a21e07ee978dbb4a023846d6\nReviewed-on: https://gerrit.instructure.com/c/canvas-lms/+/220484\nTested-by: Jenkins\nTested-by: Service Cloud Jenkins <svc.cloudjenkins@instructure.com>\nReviewed-by: Spencer Olson <solson@instructure.com>\nReviewed-by: Gary Mei <gmei@instructure.com>\nQA-Review: Steve Shepherd <sshepherd@instructure.com>\nProduct-Review: Keith Garner <kgarner@instructure.com>\n",
            "hash": "6ca715fd57e3a2a5ae16bc2d4dcd90b652fed9f4",
            "author": "Adrian Packel <apackel@instructure.com>",
            "date": "Wed Dec 11 10:11:18 2019"
        },
        {
            "title": "Add more gradebook sort options",
            "flags": {
                "new_gradebook_sort_options": "False"
            },
            "message": "Add more gradebook sort options\n\nflag=new_gradebook_sort_options\ncloses TALLY-210\n\nTest plan:\n- Have a course using new gradebook\n  - Have several students with pseudonyms (i.e., logins; see below)\n  - Have at least one pseudonym-less student\n  - Have a mechanism to filter students (section or student group)\n- Enable the feature:\n  - Open the Settings page for your root account and allow the\n    \"Additional Sort Options for New Gradebook\" feature\n  - Open the Settings page for your course and enable the above setting\n    for the course\n- Open new Gradebook\n- In the student column header menu, the \"Sort by\" item should now show\n  several sort fields and (separately) a sort order\n- Check that the sort fields work as expected:\n  - (Note that you will need to use the \"Secondary info\" menu item to\n    show the relevant info field under users' names; selecting a sort\n    option will not automatically change the secondary info to match)\n  - \"Name\" should sort by the user's (sortable) name\n  - \"SIS ID\" should sort by the SIS user ID on the user's account\n  - \"Integration ID\" should sort by the account's integration ID\n  - \"Login ID\" should sort by the user's login name\n  - \"A-Z\" and \"Z-A\" should switch between ascending and descending\n    sort order for the selected sort field\n  - In all cases, students with no value for the selected field (e.g., a\n    student with no login ID) should appear at the bottom of the list,\n    regardless of the selected sort order\n- Check that filtering by section or group still works as expected\n  - Selecting a specific filter, as well as removing the filter, should\n    respect the sort field and order\n\n- Turn OFF the feature flag for the course\n- Go back to New Gradebook\n  - Check that the sort menu has returned to its previous state, with\n    only \"A-Z\" and \"Z-A\" options that sort by name\n  - (If you were sorting by a different criterion when you had the flag\n    enabled, said criterion will initially still be in effect, but\n    adjusting the sort order will bounce it back to sorting by name)\n\nAPPENDIX: adding pseudonyms\n\nTo create a pseudonym for a student in a Rails console:\n> user = <a student>\n> user.pseudonyms.create!(\n    account: user.account,\n    sis_user_id: \"some_sis_id_or_other\",\n    integration_id: \"some_integration_id_or_other\",\n    unique_id: \"a_login_id\"\n  )\n\nOr you could do it the boring way by just adding a login from their user\ndetails page, but I'm not sure how to update the SIS ID and integration\nID from there.\n\nChange-Id: I290bced84432a4776a9c20efbaeb26aeb7e18638\nReviewed-on: https://gerrit.instructure.com/c/canvas-lms/+/200805\nReviewed-by: Gary Mei <gmei@instructure.com>\nReviewed-by: Jeremy Neander <jneander@instructure.com>\nTested-by: Service Cloud Jenkins <svc.cloudjenkins@instructure.com>\nTested-by: Jenkins\nQA-Review: Robin Kuss <rkuss@instructure.com>\nProduct-Review: Jonathan Fenton <jfenton@instructure.com>\n",
            "hash": "87bbc0ba5b65e95e30a6017a165dd51ed244f890",
            "author": "Adrian Packel <apackel@instructure.com>",
            "date": "Mon Jul 8 13:38:12 2019"
        },
        {
            "title": "wrap notification for global announcement in feature flag",
            "flags": {
                "notification_for_global_announcement": "False"
            },
            "message": "wrap notification for global announcement in feature flag\n\ncloses: WOKE-108\n\nwe recently added (g/217176) the ability for account admins, when they \ngo to create a global announcement to also check a box that says\n\u201cSend notification directly to users when announcement starts\u201d. \n\nthis commit wraps that checkbox, as well as the 2 other check boxes\nin a feature flag, since that is the only new UI that was created in\nthat commit.\n\nthe system to actually handle all that will still be there either way\nbut since no one will see the checkboxes when they go to create them\nno user will notice any difference\n\ntest plan:\n* go create a global announcement.\n* there should not be a checkbox that says:\n   \u201cSend notification directly to users when announcement starts\u201d\n* go turn on the \u201cImmediate notifications for global announcements\u201d\n  feature flag for the root account\n* now go back to that page to create a global announcement,\n* there SHOULD be a checkbox that says:\n   \u201cSend notification directly to users when announcement starts\u201d\n\nChange-Id: I19875ec49df4bb8cd3e9fc0a3f22ae0962c908eb\nReviewed-on: https://gerrit.instructure.com/c/canvas-lms/+/217244\nTested-by: Service Cloud Jenkins <svc.cloudjenkins@instructure.com>\nTested-by: Jenkins\nQA-Review: Ryan Norton <rnorton@instructure.com>\nProduct-Review: Ryan Shaw <ryan@instructure.com>\nReviewed-by: Steven Burnett <sburnett@instructure.com>\n",
            "hash": "a0ef69578aa2084a2c031aaed38262e9df14ac27",
            "author": "Ryan Shaw <ryan@instructure.com>",
            "date": "Thu Nov 14 09:06:19 2019"
        },
        {
            "title": "Remove force_rtl feature flag",
            "flags": {
                "force_rtl": "removed"
            },
            "message": "Remove force_rtl feature flag\n\nCloses USERS-18\nflag=none\n\nPer the ticket, there's no more need to be able to force RTL for\na locale, so the FF responsible for that was ripped out.\n\nTest plan:\n* The \"Turn on RTL Even For Non-RTL Languages\" feature\n  flag should no longer appear in account settings\n* Inspect the main Canvas page's HTML\n* The <html> tag should include the attr  dir=\"ltr\"\n* Change your language to Hebrew or Arabic (caution,\n  be sure you know how to switch back to English if you\n  cannot read that language!)\n* Canvas should look correct for that language, with\n  the text flowing from right to left on the page\n* The <html> tag should include the attr  dir=\"rtl\"\n\nChange-Id: Ib54645661c73a8c89fc76897b80b3e1f562b9553\nReviewed-on: https://gerrit.instructure.com/c/canvas-lms/+/216938\nTested-by: Service Cloud Jenkins <svc.cloudjenkins@instructure.com>\nTested-by: Jenkins\nReviewed-by: Landon Gilbert-Bland <lbland@instructure.com>\nReviewed-by: Cody Cutrer <cody@instructure.com>\nProduct-Review: Cody Cutrer <cody@instructure.com>\nQA-Review: Steve Shepherd <sshepherd@instructure.com>\n",
            "hash": "66d9d792e2e3e92c485a96e2b4b083996d3a21b7",
            "author": "Charley Kline <ckline@instructure.com>",
            "date": "Tue Nov 12 14:01:41 2019"
        },
        {
            "title": "add feature flag for commons favorites imports",
            "flags": {
                "commons_favorites": "False"
            },
            "message": "add feature flag for commons favorites imports\n\ncloses LA-9\nflag=none\n\ntest plan:\n - when commons_import is off, does not show in wiki page index menu\n - when flag is on and Commons LTI is installed for wiki_index_menu\n   placement, it shows up\n\nChange-Id: Ie0ce5748f9c61ee4eef19a55712eea49582eea4e\nReviewed-on: https://gerrit.instructure.com/c/canvas-lms/+/216046\nTested-by: Jenkins\nTested-by: Carl Kibler <ckibler@instructure.com>\nQA-Review: Jon Willesen <jonw+gerrit@instructure.com>\nProduct-Review: Carl Kibler <ckibler@instructure.com>\nReviewed-by: Jon Willesen <jonw+gerrit@instructure.com>\n",
            "hash": "252574f3a446c3d218c74a052c6375df6646b07a",
            "author": "ckibler <ckibler@instructure.com>",
            "date": "Tue Nov 5 14:21:48 2019"
        },
        {
            "title": "allow submissions with comments to be posted",
            "flags": {
                "allow_postable_submission_comments": "False"
            },
            "message": "allow submissions with comments to be posted\n\nSubmissions without grades, but with comments from instructors, will\nnow be postable.\n\ncloses APG-102\n\nTest Plan\n- Enable the Allow Postable Submission Comments feature flag.\n- Create a manually posted assignment (NORMAL).\n- Create a peer review, manually posted assignment (PEER).\n- Create a group, manually posted assignment (GROUP).\n\nNORMAL\n- Verify that the option to post grades for the assignment is\n  disabled, in both Gradebook and SpeedGrader.\n- As a teacher, leave a comment on a student's submission.\n- Reload the Gradebook.\n- Verify that the option to post grades is available for both\n  Gradebook and SpeedGrader.\n- Verify posting grades works.\n- Verify hiding grades works.\n\n- After hiding grades, post grades for Graded only.\n- Verify that the submission with a comment is posted.\n- Verify that submissions with no comments and no grades remain\n  unposted.\n\n- Hide grades.\n- Change the manually posted assignment to be automatically posted.\n- Verify posting grades works.\n- Verify hiding grades works.\n\n- Disable the Allow Postable Submission Comments feature flag.\n- Verify that submission comments on a manual posting assignment are\n  not enough to allow posting of the assignment.\n\nPEER\n- Set up peer reviews between two students.\n- Submit to the assignment for each student.\n- Comment as students for self, and for the peer review.\n- Verify that the option to post grades is not available for both\n  Gradebook and SpeedGrader.\n- Comment as a teacher on one of the submissions.\n- Verify that the option to post grades is available for both\n  Gradebook and SpeedGrader.\n\nGROUP\n- Set up a group with at least 2 students.\n- Set up a group assignment.\n- As one student, submit to the assignment and leave a comment.\n- As the other student in the group, leave a comment.\n- Verify that the option to post grades is not available for both\n  Gradebook and SpeedGrader.\n- Comment as a teacher on one of the submissions.\n- Verify that the option to post grades is available for both\n  Gradebook and SpeedGrader.\n\nChange-Id: Ia33b757d6c0acdb8cb915f980e81b3b485abc61a\nReviewed-on: https://gerrit.instructure.com/c/canvas-lms/+/208747\nTested-by: Jenkins\nReviewed-by: Adrian Packel <apackel@instructure.com>\nReviewed-by: Spencer Olson <solson@instructure.com>\nQA-Review: Adrian Packel <apackel@instructure.com>\nProduct-Review: Jonathan Fenton <jfenton@instructure.com>\n",
            "hash": "6f3e62a0131b4f9fd37edb383075c3e6bdfa13f0",
            "author": "Gary Mei <gmei@instructure.com>",
            "date": "Fri Oct 18 09:04:37 2019"
        },
        {
            "title": "remove obsolete 'Check Submission File Type' flag",
            "flags": {
                "check_submission_file_type": "removed"
            },
            "message": "remove obsolete 'Check Submission File Type' flag\n\ncloses ADMIN-3024\nflag=none\n\ntest plan:\n - set assignment to restricted file type\n - try to submit, via API, same type and verify it works\n - try to submit, via API, a non-allowed type and verify it is rejected\n\nChange-Id: I996bec2db44e6ddb0a2cb1051c60c6065cbb3a32\nReviewed-on: https://gerrit.instructure.com/c/canvas-lms/+/214645\nReviewed-by: Jeremy Stanley <jeremy@instructure.com>\nQA-Review: Jeremy Stanley <jeremy@instructure.com>\nTested-by: Jenkins\nProduct-Review: Carl Kibler <ckibler@instructure.com>\n",
            "hash": "071d29e313019b3726da2fe28485b3b4e51b5f6f",
            "author": "Carl Kibler <ckibler@instructure.com>",
            "date": "Thu Oct 24 14:56:33 2019"
        },
        {
            "title": "new SiteAdmin feature flag for Live Events docs",
            "flags": {
                "live_event_lti_documentation": "False"
            },
            "message": "new SiteAdmin feature flag for Live Events docs\n\nrefs PLAT-5080\n\nTest Plan:\n- verify flag is settable in SiteAdmin settings:\n  'live_event_lti_documentation'\n\nChange-Id: I8ed807f9107f28b3a02243dd61a3e79246b73216\nReviewed-on: https://gerrit.instructure.com/c/canvas-lms/+/215901\nTested-by: Jenkins\nReviewed-by: Xander Moffatt <xmoffatt@instructure.com>\nQA-Review: Xander Moffatt <xmoffatt@instructure.com>\nProduct-Review: Clint Furse <cfurse@instructure.com>\n",
            "hash": "7cbc53a08432fa9bb1130ba191032f6e268a4259",
            "author": "Clint Furse <cfurse@instructure.com>",
            "date": "Mon Nov 4 15:38:14 2019"
        },
        {
            "title": "remove obsolete course sidebar look and feel",
            "flags": {
                "a11y_left_menu": "removed"
            },
            "message": "remove obsolete course sidebar look and feel\n\ncloses ADMIN-2778\nflag=none\n\ntest plan:\n - confirm 'Accessible Course Menu' feature flag is gone\n - course sidebar menu maintains all recent a11y changes:\n   * aria-current=\"page\" on current page\n   * uses course color\n   * high contrast mode works right\n   * basically, compare it to production behavior\n\nChange-Id: Iae20776effa9421ed26c963f6d148ed0b118fab3\nReviewed-on: https://gerrit.instructure.com/c/canvas-lms/+/214631\nTested-by: Jenkins\nReviewed-by: Rex Fleischer <rfleischer@instructure.com>\nReviewed-by: Mysti Lilla <mysti@instructure.com>\nQA-Review: Mysti Lilla <mysti@instructure.com>\nProduct-Review: Carl Kibler <ckibler@instructure.com>\n",
            "hash": "7ae4d37cd614f9f758e4d8ab6fa1e4bdd0f46387",
            "author": "Carl Kibler <ckibler@instructure.com>",
            "date": "Thu Oct 24 14:41:24 2019"
        },
        {
            "title": "allow feature flag to be defined in SiteAdmin only",
            "flags": {
                "live_event_subscription_webhooks": "False"
            },
            "message": "allow feature flag to be defined in SiteAdmin only\n\nrefs PLAT-4860\n\nTest Plan:\n- verify SiteAdmin flag is readable via API when accessing\n  API from another root account\n\nChange-Id: I67e9e461b35b80bd1b4de6b6cd2b20424217b4c2\nReviewed-on: https://gerrit.instructure.com/c/canvas-lms/+/214399\nTested-by: Jenkins\nReviewed-by: Weston Dransfield <wdransfield@instructure.com>\nReviewed-by: Marc Phillips <mphillips@instructure.com>\nQA-Review: Weston Dransfield <wdransfield@instructure.com>\nProduct-Review: Clint Furse <cfurse@instructure.com>\n",
            "hash": "9e31ff6cc0fe69b657d21277038e0dd9069ebc78",
            "author": "Clint Furse <cfurse@instructure.com>",
            "date": "Wed Oct 23 11:59:38 2019"
        },
        {
            "title": "add system/user events feature flag",
            "flags": {
                "system_and_user_generated_event_types": "False"
            },
            "message": "add system/user events feature flag\n\ncloses PLAT-5016\n\n* flag will be used by Canvas Data Services LTI tool\n* user-generated live events come from user actions\n* system-generated events come from jobs\n* let users choose between them for subscriptions\n\ntest plan:\n* `dcr web rails c`\n* `Account.find(<id of site admin account>).enable_feature!(:system_and_user_generated_event_types)`\nshould return true\n* `Account.find(<id of site admin account>).lookup_feature_flag(:system_and_user_generated_event_types)`\nshould return the details of the flag\n\nChange-Id: Ide1171f7359d2602ca138e009e2f8deaa30d6add\nReviewed-on: https://gerrit.instructure.com/c/canvas-lms/+/214191\nReviewed-by: Marc Phillips <mphillips@instructure.com>\nQA-Review: Weston Dransfield <wdransfield@instructure.com>\nTested-by: Jenkins\nProduct-Review: Xander Moffatt <xmoffatt@instructure.com>\n",
            "hash": "ecab0e7ddfce6107af2234f9a1495585ec542acb",
            "author": "Xander Moffatt <xmoffatt@instructure.com>",
            "date": "Tue Oct 22 09:40:48 2019"
        },
        {
            "title": "add account pronouns",
            "flags": {
                "account_pronouns": "False"
            },
            "message": "add account pronouns\n\nfixes COMMS-2492\nflag=account_pronouns\n\nTest Plan:\n- go to a users profile page with the\n  account pronouns feature flag on\n- notice you can now select from a list of default\n  pronouns\n- commits to come where we will start showing them\n  next to users names (inbox ect)\n\nChange-Id: I41dd97ea616b0952cf30aed1b4bfcb566869962a\nReviewed-on: https://gerrit.instructure.com/212205\nReviewed-by: Landon Gilbert-Bland <lbland@instructure.com>\nQA-Review: Landon Gilbert-Bland <lbland@instructure.com>\nTested-by: Jenkins\nProduct-Review: Steven Burnett <sburnett@instructure.com>\n",
            "hash": "0add882c3021ee6fdc798e000ed390895a247222",
            "author": "Steven Burnett <sburnett@instructure.com>",
            "date": "Fri Oct 4 15:51:05 2019"
        },
        {
            "title": "Add grading scheme values to admin grade report",
            "flags": {
                "add_grading_scheme_to_admin_grade_reports": "False"
            },
            "message": "Add grading scheme values to admin grade report\n\ncloses APG-114\n\nTest plan:\n\n- Setup\n  - Have an account with some courses\n    - Have at least one with a grading standard (C1)\n    - Have at least one with no grading standard (C2)\n    - Enable final grade override on both courses\n  - Create some grading periods on the account\n  - On the courses, create some graded assignments with due dates spread\n    across the grading periods\n  - Issue some grades\n    - Assign at least one override grade for each grading period\n\n- WITHOUT the \"Add Grading Scheme to Admin Grade Reports\" feature flag\n  enabled:\n  - Run the admin grade report\n    - For each type of score--current, final, unposted current,\n      override, and so on--the output should contain only score-type\n      fields (not their grade equivalents), as before\n  - Run the admin MGP grade report\n    - Same deal\n- WITH the same feature flag enabled:\n  - Run the admin grade report\n    - This time, each \"block\" of scores (for grading periods or for the\n      whole thing) should have corresponding \"grade\" columns for each\n      score that follow the \"score\" columns and match the score's\n      expected grade value using that course's grading scheme (e.g., if\n      a student has a current score of 85 in a course using the standard\n      grading scheme, the corresponding current grade should be a B)\n    - For a course with no grading scheme (such as C2), the new fields\n      should simply be empty\n  - Run the MGP report\n    - Same deal\n\nChange-Id: I8bca34cdcedb5fe80fdcc4e0eba938cd1d174d7c\nReviewed-on: https://gerrit.instructure.com/212199\nTested-by: Jenkins\nReviewed-by: Keith Garner <kgarner@instructure.com>\nReviewed-by: Jeremy Neander <jneander@instructure.com>\nQA-Review: Gary Mei <gmei@instructure.com>\nProduct-Review: Keith Garner <kgarner@instructure.com>\n",
            "hash": "a549250826d523b818772714fc21116351104f8e",
            "author": "Adrian Packel <apackel@instructure.com>",
            "date": "Fri Oct 4 15:32:54 2019"
        },
        {
            "title": "block reserved gradebook custom columns names on creation",
            "flags": {
                "gradebook_reserved_importer_bugfix": "False"
            },
            "message": "block reserved gradebook custom columns names on creation\n\nThis stops creation of gradebook custom columns that match\nreserved/special names that the gradebook importer is expecting.\n\nrefs APG-122\n\nflag=gradebook_reserved_importer_bugfix\n\ntest plan:\n - Make sure the gradebook_reserved_importer_bugfix feature flag is set\n   to On\n - Using the /api/v1/courses/:course_id/custom_gradebook_columns\n   endpoint, attempt to create a custom column with one of the reserved\n   keywords such as \"Section\"\n - Note that an error is returned\n\nChange-Id: I22291fdc5c41c0ff604f6515080b96b658a55e7e\nReviewed-on: https://gerrit.instructure.com/212249\nTested-by: Jenkins\nReviewed-by: Derek Bender <djbender@instructure.com>\nReviewed-by: Spencer Olson <solson@instructure.com>\nQA-Review: Keith Garner <kgarner@instructure.com>\nProduct-Review: Keith Garner <kgarner@instructure.com>\n",
            "hash": "0822b021334477b250903d17eabef2dcf7255f3a",
            "author": "Keith T. Garner <kgarner@instructure.com>",
            "date": "Mon Sep 30 15:04:23 2019"
        },
        {
            "title": "Update post policy icons, add feature flag",
            "flags": {
                "new_post_policy_icons": "False"
            },
            "message": "Update post policy icons, add feature flag\n\ncloses APG-124\n\nTest plan:\n- Have a course with New Gradebook and Post Policies enabled\n- Set up some assignments\n  - A manually-posted assignment (A1)\n  - An automatically-posted assignment (A2)\n\n- With the \"New Post Policy Icons\" root account feature flag ON:\n  - A1 should display the text \"MANUAL\" in the assignment column header\n    - When it has graded-but-unposted submissions, the left-hand space\n      should show a black line icon with a slash through it\n    - When it has no graded-but-unposted submissions, there should be\n      no icon\n  - A2 should *not* display the text \"MANUAL\" in the column header\n    - The icon behavior should be the same as with A1\n\n- With the \"New Post Policy Icons\" root account feature flag OFF:\n  - Neither assignment should display the text \"MANUAL\"\n  - A1:\n    - Should display the orange filled slashed eye icon when it has\n      graded-but-unposted submissions\n    - Should display the black line icon when it doesn't have any\n      graded-but-unposted submissions\n  - A2:\n    - Should display the orange filled slashed eye icon when it has\n      graded-but-unposted submissions\n    - Should display no icon when no graded-but-unposted submissions\n\nChange-Id: I5b4d3fd938875396e1f0571bf00f1a5f6167a758\nReviewed-on: https://gerrit.instructure.com/211434\nTested-by: Jenkins\nReviewed-by: Keith Garner <kgarner@instructure.com>\nReviewed-by: Jeremy Neander <jneander@instructure.com>\nQA-Review: Gary Mei <gmei@instructure.com>\nProduct-Review: Jonathan Fenton <jfenton@instructure.com>\n",
            "hash": "c63673a410b05945bb40be23a985c2fdedd8c7d2",
            "author": "Adrian Packel <apackel@instructure.com>",
            "date": "Mon Sep 30 08:18:52 2019"
        },
        {
            "title": "Break up A2 feature flag for student and teacher",
            "flags": {
                "assignments_2": "removed",
                "assignments_2_teacher": "False",
                "assignments_2_student": "False"
            },
            "message": "Break up A2 feature flag for student and teacher\n\nThis also remove the `Assignments 2` button from the A1 page when the\nfeature flag is enabled, because we are now going straight to the A2\npage if the feature flas is enabled and need to explictly pass in the\n`?assignments_2=false` query param to get back to the A1 page. It isn't\nproviding any value at this point\n\nTest Plan:\n  - You can only get to the A2 teacher view if the assignments_2_teacher\n    flag is enabled. Using the ?assignments_2=true query param with the\n    feature flag turned off should still result in the A1 page rendering\n  - You can only get to the A2 studnet view if the assignments_2_student\n    flag is enabled. Using the ?assignments_2=true query param with the\n    feature flag turned off should still result in the A1 page rendering\n  - If either feature flag it turned on, it should default to loading\n    the A2 version of the page.\n\nfixes COMMS-2400\n\nflag = assignments_2_student, assignments_2_teacher\n\nChange-Id: If68a1383fb25c958feb6b1bbdb44905ad7aa14f4\nReviewed-on: https://gerrit.instructure.com/211291\nTested-by: Jenkins\nReviewed-by: Steven Burnett <sburnett@instructure.com>\nQA-Review: Steven Burnett <sburnett@instructure.com>\nProduct-Review: Landon Gilbert-Bland <lbland@instructure.com>\n",
            "hash": "b743a3909e47e5a68e34b30c2b280681fe099aa0",
            "author": "Landon Gilbert-Bland <lbland@instructure.com>",
            "date": "Fri Sep 27 10:15:32 2019"
        },
        {
            "title": "Add feature flag for immersive reader",
            "flags": {
                "immersive_reader_wiki_pages": "False"
            },
            "message": "Add feature flag for immersive reader\n\nTest Plan:\n  - Immersive reader feature option is available\n    on root accounts\n\ncloses COREFE-262\n\nflag = none\n\nChange-Id: Ie95a621a9c0eb0b876306dd82f3717a6fdad6718\nReviewed-on: https://gerrit.instructure.com/211288\nReviewed-by: Rob Orton <rob@instructure.com>\nTested-by: Jenkins\nQA-Review: Clay Diffrient <cdiffrient@instructure.com>\nProduct-Review: Clay Diffrient <cdiffrient@instructure.com>\n",
            "hash": "c073e79d83c93f104391bf3e4849e54a864b86b2",
            "author": "Clay Diffrient <cdiffrient@instructure.com>",
            "date": "Fri Sep 27 10:11:28 2019"
        },
        {
            "title": "Unfavorite courses from the dashboard",
            "flags": {
                "unfavorite_course_from_dashboard": "False"
            },
            "message": "Unfavorite courses from the dashboard\n\nfixes APG-44\n\nTest Plan:\n- Enable feature flag.\n  - A course with favorites:\n    - In Dashboard, to unfavorite a course:\n      - DashboardCard popup menu > Move tab > Unfavorite\n        - A confirmation modal should appear.\n        - Close or [X] should close the modal.\n        - Submit should remove the card from dashboard.\n  - A course with only one favorite:\n    - Unfavorite and confirm removal of final course.\n      - An alert should appear with link to All Courses.\n  - A course with no favorites:\n    - All active courses should appear in dashboard.\n    - Under DashboardCard popup menu > Move tab:\n      - No unfavorite option should be available.\n\n- Disable feature flag.\n  - In Dashboard:\n    - DashboardCard popup menu > Move tab\n    - No Unfavorite option should be available.\n\nflag=unfavorite_course_from_dashboard\n\nChange-Id: I5f1265dc7ef17134d2a9e68ba04e31b6e778e65f\nReviewed-on: https://gerrit.instructure.com/202443\nTested-by: Jenkins\nReviewed-by: Jeremy Neander <jneander@instructure.com>\nReviewed-by: Adrian Packel <apackel@instructure.com>\nQA-Review: Adrian Packel <apackel@instructure.com>\nProduct-Review: Matthew Goodwin <mattg@instructure.com>\n",
            "hash": "9fcffe68632848c43683bc7c06fbd16544d8f7e1",
            "author": "Christine Yan <cyan@instructure.com>",
            "date": "Wed Jul 24 07:40:27 2019"
        },
        {
            "title": "Show similarity score in new gradebook",
            "flags": {
                "new_gradebook_plagiarism_indicator": "False"
            },
            "message": "Show similarity score in new gradebook\n\ncloses GRADE-1114\n\nTest plan:\n- Have a course with new gradebook and 5 or more students\n- Set up assignments:\n  - with online text entry submissions (A1)\n  - with attachment submissions (A2)\n- Enable the \"New Gradebook Plagiarism Indicator\" feature flag for the\n  course's root account\n- Between the two assignments, fake some originality data (see appendix):\n  - In \"pending\" state\n  - In \"error\" state\n  - In \"scored\" state with score above 60\n  - In \"scored\" state with score between 20 and 60\n  - In \"scored\" state with score below 20\n- Create the following slightly more interesting data for each\n  assignment:\n  - A1:\n    - A versioned originality report (see appendix) (S1)\n  - A2:\n    - A submission with multple attachments uploaded in one go, and\n      originality reports for each attachment (see appendix) (S2)\n- Open new Gradebook\n- Observe that the cells for above assignments have icons on the left\n  like so:\n  - Pending: clock icon\n  - Error: exclamation-point warning icon\n  - Score >60: filled circle icon\n  - Score 20-60: half-filled circle icon\n  - Score <20: green circle checkmark icon\n  - For S1, the icon should match what you set up in the versioned\n    report\n  - For S2, the icon should match the \"worst\" originality report among\n    all the attachments (e.g., it should prioritize an \"error\" report,\n    then a \"pending\" report, then scored reports with higher/worse\n    scores first)\n- Opening the submission detail tray, you should see the icon shown in\n  that submission's cell, as well as\n  addition to the icon):\n  - Pending: a message indicating processing is in progress\n  - Error: a message indicating there was a problem\n  - Scored: an \"X% similarity score\" link that takes you to the\n    originality report for the submission\n  - For S2, you should see a message indicating that the submission has\n    multiple reports and they can be viewed from SpeedGrader\n\n- Turn OFF the \"New Gradebook Plagiarism Indicator\" feature flag\n- Go back to Gradebook\n- The assignment cells should show the old color-coded wedge-shaped\n  icons instead of the new ones\n- The submission tray should not show anything plagiarism-related\n\nAPPENDIX: creating originality data\n\nIn the commands below, you can replace workflow_state with \"pending\" or\n\"error\" as appropriate to create plagiarism data in that state. Also,\noriginality_score can be a value from 0 to 100, and is a bit of a\nmisnomer, as a *lower* score denotes an original hand-crafted artisanal\ncreation and a higher score denotes plagiarism.\n\nFor unversioned text entry submissions:\n- Submit a text entry for the submission\n- In a console:\n> submission = <your submission>\n> submission.originality_reports.create!(\n    workflow_state: \"scored\",\n    originality_score: 50\n  )\n\nFor versioned text entry submissions:\n- Submit a text entry for the submission\n- In a console:\n> submission = <your submission>\n> submission.originality_reports.create!(\n    workflow_state: \"scored\",\n    originality_score: 50,\n    submission_time: submission.submitted_at\n  )\n\nFor submissions with attachments:\n- Upload one or more attachments for the submission\n- Take note of the attachment IDs\n- In a console, for each attachment:\n> submission = <your submission>\n> submission.originality_reports.create!(\n    workflow_state: \"scored\",\n    originality_score: 50,\n    attachment_id: <attachment you want to link>\n  )\n\nChange-Id: Ic49d8aefb0263d831d05ef1a066de17ae9833799\nReviewed-on: https://gerrit.instructure.com/200806\nReviewed-by: Spencer Olson <solson@instructure.com>\nReviewed-by: Jeremy Neander <jneander@instructure.com>\nTested-by: Jenkins\nQA-Review: Jeremy Neander <jneander@instructure.com>\nProduct-Review: Sidharth Oberoi <soberoi@instructure.com>\n",
            "hash": "9f8a67bea2a5046bc8c4c522ff613d0dfd5824d1",
            "author": "Adrian Packel <apackel@instructure.com>",
            "date": "Wed Jul 10 14:51:56 2019"
        },
        {
            "title": "move usage_rights_required and course_catalog to account settings",
            "flags": {
                "course_catalog": "removed",
                "usage_rights_required": "removed"
            },
            "message": "move usage_rights_required and course_catalog to account settings\n\nfixes: ADMIN-2525\nfixes: ADMIN-2531\n\nTest-Plan:\nensure that the settings work the same as the flags did\n\nChange-Id: If5dd8e1d1700357321592fa433bbdfe49c75c886\nReviewed-on: https://gerrit.instructure.com/205261\nTested-by: Jenkins\nQA-Review: Anju Reddy <areddy@instructure.com>\nProduct-Review: Carl Kibler <ckibler@instructure.com>\nReviewed-by: Carl Kibler <ckibler@instructure.com>\n",
            "hash": "5563aa50d3dc585e4eb866993fd18d8f38773ec2",
            "author": "Rex Fleischer <rfleischer@instructure.com>",
            "date": "Thu Aug 15 09:17:07 2019"
        },
        {
            "title": "Create feature flag for New Analytics",
            "flags": {
                "analytics_2": "False"
            },
            "message": "Create feature flag for New Analytics\n\ncloses ADMIN-2898\nfeature_flag=analytics_2\n\nTest plan\n- Ensure you can see the feature flag\n- It doesn't do anything right now\n\nChange-Id: I21ee5bcbdb908acc2cd9713e0497362e77b727e8\nReviewed-on: https://gerrit.instructure.com/209645\nReviewed-by: Jeremy Stanley <jeremy@instructure.com>\nQA-Review: Carl Kibler <ckibler@instructure.com>\nTested-by: Jenkins\nProduct-Review: Mysti Lilla <mysti@instructure.com>\n",
            "hash": "97451c64f3441e9c33f9ebe2b73ca49269ec9bda",
            "author": "Mysti Lilla <mysti@instructure.com>",
            "date": "Mon Sep 16 10:26:55 2019"
        },
        {
            "title": "Feature flag for New Quizzes on the Quizzes page",
            "flags": {
                "newquizzes_on_quiz_page": "False"
            },
            "message": "Feature flag for New Quizzes on the Quizzes page\n\ncloses QUIZ-6784\n\nTest Plan:\nNew Quizzes on the Quiz page should show as a hidden feature flag on\nthe account.\n\nChange-Id: Ibdd2d85235627e5148705ffd6d708a32f57b927d\nReviewed-on: https://gerrit.instructure.com/208743\nTested-by: Jenkins\nReviewed-by: Han Yan <hyan@instructure.com>\nQA-Review: Han Yan <hyan@instructure.com>\nProduct-Review: Han Yan <hyan@instructure.com>\n",
            "hash": "3a73454a9b93289d9b165911674e1728238f6d3a",
            "author": "Steve Kacsmark <skacsmark@instructure.com>",
            "date": "Mon Sep 9 14:55:08 2019"
        },
        {
            "title": "Remove unused \"Quiz LTI Plugin\" feature flag",
            "flags": {
                "quizzes_lti": "removed"
            },
            "message": "Remove unused \"Quiz LTI Plugin\" feature flag\n\ncloses QUIZ-6539\n\nTest Plan:\n  - Verify the Feature Flag \"Quiz LTI Plugin\" does not appear in Canvas\n  - Verify NQ is still functional after normal provisioning\n\nChange-Id: I18f7cf81b88cc433add09fccf1daa8a8c53e71dc\nReviewed-on: https://gerrit.instructure.com/207653\nTested-by: Jenkins\nReviewed-by: Aaron Griffin <agriffin@instructure.com>\nQA-Review: Alex Slaughter <aslaughter@instructure.com>\nProduct-Review: Kevin Dougherty III <jdougherty@instructure.com>\n",
            "hash": "7db5a66175127037c7230cde9134d7cff24765a8",
            "author": "Steve Kacsmark <skacsmark@instructure.com>",
            "date": "Fri Aug 30 09:26:59 2019"
        },
        {
            "title": "add SiteAdmin as a valid level for feature applies_to",
            "flags": {
                "caps_site_admin_test_feature": "False"
            },
            "message": "add SiteAdmin as a valid level for feature applies_to\n\nfixes: ADMIN-2843\n\nflag=none\n\nTest-Plan:\n- ensure the test ff can be toggled\n- ensure the test ff can only show in site admin\n\nChange-Id: I354f3a296c393b2e73c0487bff6fc10247f0fe9e\nReviewed-on: https://gerrit.instructure.com/206698\nTested-by: Jenkins\nReviewed-by: Jeremy Stanley <jeremy@instructure.com>\nQA-Review: Jeremy Stanley <jeremy@instructure.com>\nProduct-Review: Rex Fleischer <rfleischer@instructure.com>\n",
            "hash": "71df8c6e19a1d989c30bcdb643f0d0ced743eab0",
            "author": "Rex Fleischer <rfleischer@instructure.com>",
            "date": "Fri Aug 23 12:57:41 2019"
        },
        {
            "title": "Compact live event payload",
            "flags": {
                "compact_live_event_payloads": "False"
            },
            "message": "Compact live event payload\n\nfixes PLAT-4773\n\nTest Plan:\n- Verify the new \"compact_live_event_payloads\"\n  release flag is visible in the root account and\n  defaults to \"off\"\n- Enable the feature flag\n- Verify null values are removed from live event\n  payloads\nChange-Id: I8f91ead101fa3cd81fe8553f7f8ff6e94b294128\nReviewed-on: https://gerrit.instructure.com/206307\nReviewed-by: Xander Moffatt <xmoffatt@instructure.com>\nTested-by: Jenkins\nQA-Review: Xander Moffatt <xmoffatt@instructure.com>\nProduct-Review: Oxana Jurosevic\n",
            "hash": "da7a26af2db088fbe1aa4d7dfad58dfa5ad1d3f9",
            "author": "Weston Dransfield <wdransfield@instructure.com>",
            "date": "Tue Aug 13 13:09:49 2019"
        },
        {
            "title": "remove lor external tools",
            "flags": {
                "lor_for_account": "removed"
            },
            "message": "remove lor external tools\n\nfixes RD-4912\n\n- removes lor_for_account logic\n\nvideo: https://cl.ly/8150e0363891\n\ntest plan:\n- make sure that installing commons, quizzes next, dig\nor any app that has a global nav launch still completes successfully\nwithout the need of having lor_for_account aka lor external tools\nfeature flag turned on\n\n- make sure that the Lor External Tools feature\nflag no longer exist in Account Settings Feature Options list\n\n- make sure you can still launch an LTI app with a global nav launch\nfrom the global nav\n\nChange-Id: I0869fa359ca4ef92d69dd9fa6ce8be47c18dacc3\nReviewed-on: https://gerrit.instructure.com/206146\nTested-by: Jenkins\nProduct-Review: Caleb Guanzon <cguanzon@instructure.com>\nReviewed-by: Robin Kuss <rkuss@instructure.com>\nReviewed-by: Daniel Lee <dlee@instructure.com>\nQA-Review: Caleb Guanzon <cguanzon@instructure.com>\n",
            "hash": "6b6c8e0c9e4def87122de30cc4841faee4e03925",
            "author": "Caleb Guanzon <cguanzon@instructure.com>",
            "date": "Wed Aug 21 13:43:25 2019"
        },
        {
            "title": "add feature flags for custom reports",
            "flags": {
                "custom_report_experimental": "False"
            },
            "message": "add feature flags for custom reports\n\n- general flag to indicate root account\n  wants to use experimental features in\n  custom reports.\n\nrefs: PFS-13510\n\nTest Plan:\nDev verified feature flag worked locally.\n\nChange-Id: I4e124c63644c2ac2494c3413b66e13587ab0df78\nReviewed-on: https://gerrit.instructure.com/205454\nReviewed-by: Rob Orton <rob@instructure.com>\nQA-Review: Rob Orton <rob@instructure.com>\nProduct-Review: Rob Orton <rob@instructure.com>\nTested-by: Jenkins\n",
            "hash": "c7e4c64830a75b3c2c7ce2a195e1b057b036b8d4",
            "author": "Mark Valentine <mvalentine@instructure.com>",
            "date": "Fri Aug 16 10:05:51 2019"
        },
        {
            "title": "Remove feature flag for lti advantage",
            "flags": {
                "lti_1_3": "removed"
            },
            "message": "Remove feature flag for lti advantage\n\nFixes PLAT-4698\n\nTest Plan:\n-verify lti 1.3 and lti advantage flag is gone\n-verify that all lti 1.3 features are still available/functional\n\nChange-Id: I8be9e02fb2d32a92098bde43099ba0198e8d3329\nReviewed-on: https://gerrit.instructure.com/204381\nReviewed-by: Tucker Mcknight <tmcknight@instructure.com>\nQA-Review: Tucker Mcknight <tmcknight@instructure.com>\nProduct-Review: Jesse Poulos <jpoulos@instructure.com>\nTested-by: Jenkins\n",
            "hash": "d766d16326762f8ea4a999ad018a56bcf0646f53",
            "author": "Drake Harper <dharper@instructure.com>",
            "date": "Thu Aug 8 08:26:50 2019"
        },
        {
            "title": "add filetype check for submissions file uploads",
            "flags": {
                "a11y_left_menu": "False",
                "check_submission_file_type": "False"
            },
            "message": "add filetype check for submissions file uploads\n\nfixes: ADMIN-2792\n\nfeature = check_submission_file_type\n\nTest-Plan:\n* create an assignment of type online_upload without extension restrictions\n* make sure the api can upload any filetype\n* update the assignment extension restrictions to allow a specific type\n* make sure files outside those types are rejected\n* make sure files inside thase types are accepted\n\nChange-Id: I5203f0d56630aa975f8424526623d4bcbbdaede9\nReviewed-on: https://gerrit.instructure.com/203821\nTested-by: Jenkins\nReviewed-by: Jeremy Stanley <jeremy@instructure.com>\nQA-Review: Anju Reddy <areddy@instructure.com>\nProduct-Review: Rex Fleischer <rfleischer@instructure.com>\n",
            "hash": "453e96b14cb61c58e5657e00d9dc11d3fbe0d05a",
            "author": "Rex Fleischer <rfleischer@instructure.com>",
            "date": "Mon Aug 5 08:31:57 2019"
        },
        {
            "title": "use color and icons to improve a11y of left menu",
            "flags": {
                "a11y_left_menu": "False"
            },
            "message": "use color and icons to improve a11y of left menu\n\nfixes ADMIN-2577\n\nflag: Accessible Sidebar Menu\n\ntest plan:\n - Check left side menu in Courses with regular mode and High Contrast\n   first, to make sure nothing changed or broke.\n - Enable the 'Accessible Sidebar Menu' release flag\n - As teacher or admin:\n - Check criteria #1-6 from the jira ticket to ensure nothing missed\n - Check High Contrast also, ensure it works correctly\n - Disable 'Announcements' and ensure the eye-off icon doesn't wrap\n   weirdly and is all on one line\n - Unused nav items also get icon and slightly different tooltip\n - Tooltips for unused & hidden nav items show when navigated to with\n   keyboard\n - Check student view also, to verify those items don't show\n - As admin:\n - Go edit the theme, and check that the theme preview for the nav\n   works (it required an adjustment for extra padding) so\n   the new outlining wasn't cut off)\n\nChange-Id: I778a155bce0bb32117abf8ee5d7fe327a7fb0b34\nReviewed-on: https://gerrit.instructure.com/199404\nTested-by: Jenkins\nReviewed-by: Jon Willesen <jonw+gerrit@instructure.com>\nQA-Review: Daniel Sasaki <dsasaki@instructure.com>\nProduct-Review: Daniel Sasaki <dsasaki@instructure.com>\n",
            "hash": "0c5af5829233b857b90888d47788bdee04fdd667",
            "author": "Carl Kibler <ckibler@instructure.com>",
            "date": "Thu Jun 27 12:15:55 2019"
        },
        {
            "title": "Wrap SpeedGrader filter behind feature flag",
            "flags": {
                "filter_speed_grader_by_student_group": "False"
            },
            "message": "Wrap SpeedGrader filter behind feature flag\n\ncloses GRADE-2359\n\nTest plan:\n- Have a course with New Gradebook enabled and some groups\n- WITHOUT the new root account feature flag enabled:\n  - Open the course settings page for the course\n  - The \"Large Course\" section should not be present\n  - Forcibly flip on the setting for the course:\n    > course.update!(filter_speed_grader_by_student_group: true)\n  - Open the Assignments page\n    - You should *not* be required to select a group before launching\n      SpeedGrader\n  - Open New Gradebook and filter by a student group\n  - Open SpeedGrader\n    - It should not restrict students to that group, but should load all\n      students as usual\n- WITH the new root account feature flag enabled:\n  - The \"Large Course\" section on the course settings page should appear\n    for all courses in the account (assuming they have New Gradebook\n    enabled)\n  - The assignments page should force you to select a student group\n    before clicking the SpeedGrader link\n  - SpeedGrader should only load students in the group you selected\n\nfeature_flags: filter_speed_grader_by_student_group\n\nChange-Id: I24e614d39514b0cfa912d879ddd549c757346838\nReviewed-on: https://gerrit.instructure.com/203433\nTested-by: Jenkins\nReviewed-by: Keith Garner <kgarner@instructure.com>\nReviewed-by: Jeremy Neander <jneander@instructure.com>\nQA-Review: Keith Garner <kgarner@instructure.com>\nProduct-Review: Keith Garner <kgarner@instructure.com>\n",
            "hash": "fcd29e4ff78fd53590372f831d604e84d9768e81",
            "author": "Adrian Packel <apackel@instructure.com>",
            "date": "Thu Aug 1 08:15:21 2019"
        },
        {
            "title": "add slack integration",
            "flags": {
                "slack_notifications": "False"
            },
            "message": "add slack integration\n\nfixes COMMS-2210 COMMS-2211 COMMS-2212 COMMS-2148\n\nTest Plan:\n- To test this feature you either need your own test instance of slack\n  or need to join the one andrew huff created.  Ask Steven Burnett\n  for an invite to the test one (its probably easier that way) make sure\n  whatever account you register with is an instructure based email address\n- First configure notification_service.yml\n  (ask steven to zerobin you the creds and config\n   so that you can connect to NS edge)\n- Restart your server once the config is updated\n- Go to the account with the user you want to test with\n- navigate to the account settings\n  http://localhost:3000/accounts/1/settings\n- navigate down to where it says Slack Api Key\n- enter in the api key from either your test instance or the one in the\n  channel description of andrew huff #test channel\n- click update settings at the bottom\n- go to your user in that account now\n- click \"add other communication method\"\n- click slack\n- click add an *instructure based email* otherwise you won't get\n  anything since we blacklist no inst emails\n- click add\n- notice you got a slack message\n- thats it\n\nChange-Id: I91c82438ab9ab787176f587a11c13d650c5da6f4\nReviewed-on: https://gerrit.instructure.com/200390\nTested-by: Jenkins\nReviewed-by: Landon Gilbert-Bland <lbland@instructure.com>\nQA-Review: Ben Nelson <bnelson@instructure.com>\nProduct-Review: Steven Burnett <sburnett@instructure.com>\n",
            "hash": "6719ec01b577fc36ab6bef985cb6e047a11566aa",
            "author": "Steven Burnett <sburnett@instructure.com>",
            "date": "Sat Jul 6 10:18:20 2019"
        },
        {
            "title": "add direct_share feature flag",
            "flags": {
                "direct_share": "False"
            },
            "message": "add direct_share feature flag\n\nfixes ADMIN-2780\n\ntest plan:\n- Direct Share feature flag exists on the root account feature options\n  page.\n\nChange-Id: I9991e7db631424d18124276abe5ecf2c3dce79a5\nReviewed-on: https://gerrit.instructure.com/202537\nTested-by: Jenkins\nReviewed-by: Carl Kibler <ckibler@instructure.com>\nQA-Review: Carl Kibler <ckibler@instructure.com>\nProduct-Review: Jon Willesen <jonw+gerrit@instructure.com>\n",
            "hash": "8f65960696f5fb91b40cd5376c7074b2d9b85800",
            "author": "Jon Willesen <jonw@instructure.com>",
            "date": "Wed Jul 24 13:21:46 2019"
        },
        {
            "title": "add feature flag and setup for mutation audit log ui",
            "flags": {
                "mutation_audit_log": "False"
            },
            "message": "add feature flag and setup for mutation audit log ui\n\nTest plan:\n  * enable the 'mutation_audit_log' feature on an account\n  * the admin tools page should have an \"GraphQL Mutation Activity\" log\n  * disable the 'mutation_audit_log' feature\n  * the \"GraphQL Mutation Activity\" should no longer appear\n\nrefs GQL-60\n\nChange-Id: Ic73edac2b3d81ae6f62c9328f6ac4df98f9f6afd\nReviewed-on: https://gerrit.instructure.com/202488\nTested-by: Jenkins\nReviewed-by: Ryan Shaw <ryan@instructure.com>\nQA-Review: Cameron Matheson <cameron@instructure.com>\nProduct-Review: Cameron Matheson <cameron@instructure.com>\n",
            "hash": "85f5458b371b52de29b2bf2e4fc29abc9f48cd82",
            "author": "Cameron Matheson <cameron@instructure.com>",
            "date": "Wed Jul 24 09:38:03 2019"
        },
        {
            "title": "Implement I18N support for Canvas outcomes exports",
            "flags": {
                "enable_i18n_features_in_outcomes_exports": "False"
            },
            "message": "Implement I18N support for Canvas outcomes exports\n\ncloses OUT-3166\n\ntest plan:\n* Create gradebook exports and outcomes exports w/these feature flags:\n- Byte-Order Mark (user)\n- Semicolon separator (user)\n- Autodetect field separators (user)\n- Enable i18n features in outcomes exports (account)\n\n* Verify the results in the tables s.t.\n1) it accurately represents gradebook exports\n2) it accurately represents outcomes exports *only if* its FF is on\n- if the FF is off, expect no BOMs and expect delims to always be ','\n  in all testcases\n\n  byte-order-mark | present? (most editors will say if so)\n  ----------------+--------------------------------------+\n       no         |      no                              |\n       yes        |      yes                             |\n\n  semicolons | Autodetection | Language | CSV separators\n  -----------+---------------+----------+----------------\n       no    |      no       |    en    |       ','\n       no    |      no       |    is    |       ','\n       no    |     yes       |    en    |       ','\n       no    |     yes       |    is    |       ';'\n      yes    |      no       |    en    |       ';'\n      yes    |      no       |    is    |       ';'\n\n- is = icelandic\n\n* Open exports in excel versions/language combos that Gradebook used\n- Just verify that they open correctly (smoke test is sufficient)\n\nChange-Id: Id3357d37342b98d8a8582e5a7de3c418acaa0e5e\nReviewed-on: https://gerrit.instructure.com/199468\nTested-by: Jenkins\nProduct-Review: Jonathan Fenton <jfenton@instructure.com>\nReviewed-by: Augusto Callejas <acallejas@instructure.com>\nReviewed-by: Michael Brewer-Davis <mbd@instructure.com>\nQA-Review: Brian Watson <bwatson@instructure.com>\n",
            "hash": "7510bc181ab44a2993eeeb4f69c488319f3bc508",
            "author": "Nathan Prabhu <nprabhu@instructure.com>",
            "date": "Thu Jun 27 15:02:47 2019"
        },
        {
            "title": "Move post policies to setting, tie to NG",
            "flags": {
                "post_policies": "removed"
            },
            "message": "Move post policies to setting, tie to NG\n\nConvert post policies from a garden-variety feature flag into a global\nsetting and remove the old feature flag. Add some helper methods to\nhandle enabling and disabling, and have everywhere in the code that\nreferences the feature use the new helper methods instead. Also, have\nthe activation of post policies for a given course depend on whether new\ngradebook is active for that course.\n\ncloses GRADE-1974\n\nTest plan:\n\nNote that the Post Policies feature flag no longer exists, and instead\nthere's a setting you'll need to turn on. You can do so in the console\nusing:\n  > PostPolicy.enable_feature!\n\nTo disable it:\n  > PostPolicy.disabled_feature!\n\nNote that, even when enabled, it should only apply to courses that have\nnew gradebook turned on.\n\n- With the new setting ENABLED:\n  - Courses with new gradebook behave as though post policies is enabled\n    - Do a bit of smoke testing to see if stuff like posting/hiding and\n      changing assignment posting policies hasn't broken\n  - Courses with old gradebook do not\n    - For example, calling a mutation like postAssignmentGrades on an OG\n      course should return an error indicating the feature isn't enabled\n- With the new setting DISABLED:\n  - Courses with new gradebook behave as though post policies is\n    disabled (e.g., old-style muting is active)\n    - Calling a mutation, as described above, should return an error\n\nChange-Id: I5e223d2c4ca4202cce0641f316ecaa505a66298c\nReviewed-on: https://gerrit.instructure.com/196062\nTested-by: Jenkins\nReviewed-by: Keith Garner <kgarner@instructure.com>\nReviewed-by: Gary Mei <gmei@instructure.com>\nQA-Review: Derek Bender <djbender@instructure.com>\nProduct-Review: Keith Garner <kgarner@instructure.com>\n",
            "hash": "bfbe2faac99e426e7597a0d46495f83e338ba1d5",
            "author": "Adrian Packel <apackel@instructure.com>",
            "date": "Thu May 30 09:54:57 2019"
        },
        {
            "title": "show new feature flags ui",
            "flags": {
                "new_features_ui": "False"
            },
            "message": "show new feature flags ui\n\nthe new flags UI is read-only and a basis for followup stories\n\ncloses ADMIN-2699\n\ntest plan:\n - 'New Feature Flags' shows up on Feature Options for Accounts and\n   Site Admin. Accounts has on/off, SiteAdmin has off/allow (for now)\n - In Accounts page, setting to On and refreshing changes tab name\n   to Feature Preview and shows a table of some flags\n - Clicking the 'Revert to old UI' button reloads page and shows\n   old 'Feature Options' tab version.\n - Contents of new version of page are not part of this story. Just\n   hooking up the feature flag itself at this point\n\nChange-Id: Id34da3b0e10e90e99057a20cd87d3a031b00c4ae\nReviewed-on: https://gerrit.instructure.com/196501\nReviewed-by: Mysti Lilla <mysti@instructure.com>\nTested-by: Jenkins\nQA-Review: KC Naegle <knaegle@instructure.com>\nProduct-Review: KC Naegle <knaegle@instructure.com>\n",
            "hash": "8afff6e732ee8523e80026451224713065802050",
            "author": "Carl Kibler <ckibler@instructure.com>",
            "date": "Tue Jun 4 15:20:27 2019"
        },
        {
            "title": "remove arc media recorder Feature Flag",
            "flags": {
                "integrate_arc_rce": "removed"
            },
            "message": "remove arc media recorder Feature Flag\n\nfixes a ticket\n\nTest Plan\n- go record a video through the rce, (new, edit pages)\n  without turning on any feature flags and notice the\n  arc (modern) video recorder shows on chrome, ff\n- record a video and notice it works\n- try on all browsers and notice recording works\n  no matter if arc or the default recorder\n\nChange-Id: Ic3d0e01554e016962259a60ab50a20d8e215840d\nReviewed-on: https://gerrit.instructure.com/194292\nTested-by: Jenkins\nReviewed-by: Landon Gilbert-Bland <lbland@instructure.com>\nReviewed-by: Ryan Norton <rnorton@instructure.com>\nQA-Review: Ryan Shaw <ryan@instructure.com>\nProduct-Review: Steven Burnett <sburnett@instructure.com>\n",
            "hash": "4b63160d93647a6c5b1e48e36b61adb278456a3d",
            "author": "Steven Burnett <sburnett@instructure.com>",
            "date": "Mon May 20 05:35:20 2019"
        },
        {
            "title": "search unsplash instead of flickr for course cards",
            "flags": {
                "unsplash_image_search": "removed"
            },
            "message": "search unsplash instead of flickr for course cards\n\ncloses ADMIN-2630\n\ntest plan:\n - Enable Course Cards feature flag\n - Before adding an Unsplash plugin setting in SiteAdmin, go set a\n   course image. It should show Flickr logo and work.\n - Now Add API KEY for Unsplash plugin in SiteAdmin\n - Go change course card and search for images\n - Verify:\n -   Unsplash logo shows\n -   search works\n -   next/previous buttons show up correctly and work\n -   verify on network tab that API calls are being made to Canvas and\n     not to Flickr.\n\nChange-Id: I4bed533de3cfb8afa4bb38b9eb1e7b3062de820b\nReviewed-on: https://gerrit.instructure.com/193521\nReviewed-by: Mysti Lilla <mysti@instructure.com>\nTested-by: Jenkins\nQA-Review: Daniel Sasaki <dsasaki@instructure.com>\nProduct-Review: Carl Kibler <ckibler@instructure.com>\n",
            "hash": "e02bbed33cfd34a8259b75033d73009ca87f74a2",
            "author": "Carl Kibler <ckibler@instructure.com>",
            "date": "Tue May 14 12:31:20 2019"
        },
        {
            "title": "migrate course card search towards using Unsplash",
            "flags": {
                "unsplash_image_search": "False"
            },
            "message": "migrate course card search towards using Unsplash\n\ncloses ADMIN-2242\n\ntest plan:\n - enable 'Unsplash Image Searches' and Course Card Images flags\n - go to a Course and open modal to change photo\n - Should see:\n   - Unsplash logo\n   - the Flickr SafeSearch text is gone\n   - Can search images (note... uses Flickr for search...)\n - Selecting image puts it in card spot for course\n - Diable Unsplash Image Searches and redo steps. Verify\n   it goes back to normal Flickr text and logo.\n\nChange-Id: I9a02608deee6fb2a3f13024aede1e90d197d915b\nReviewed-on: https://gerrit.instructure.com/191545\nReviewed-by: Mysti Lilla <mysti@instructure.com>\nTested-by: Jenkins\nQA-Review: Mysti Lilla <mysti@instructure.com>\nProduct-Review: Mysti Lilla <mysti@instructure.com>\n",
            "hash": "5477931b6795136b29e6fefd925242fca95fd122",
            "author": "Carl Kibler <ckibler@instructure.com>",
            "date": "Thu Apr 25 12:28:04 2019"
        },
        {
            "title": "separate feature flag definitions from code",
            "flags": {
                "integrate_arc_rce": "False",
                "google_docs_domain_restriction": "False",
                "epub_export": "False",
                "high_contrast": "False",
                "underline_all_links": "False",
                "new_user_tutorial_on_off": "False",
                "outcome_gradebook": "False",
                "student_outcome_gradebook": "False",
                "outcome_extra_credit": "False",
                "post_grades": "False",
                "anonymous_instructor_annotations": "False",
                "new_gradebook": "False",
                "final_grades_override": "False",
                "k12": "False",
                "recurring_calendar_events": "False",
                "duplicate_modules": "False",
                "allow_opt_out_of_inbox": "False",
                "lor_for_account": "False",
                "course_catalog": "False",
                "gradebook_list_students_by_sortable_name": "False",
                "usage_rights_required": "False",
                "lti2_rereg": "False",
                "quizzes_lti": "False",
                "disable_lti_post_only": "False",
                "membership_service_for_lti_tools": "False",
                "new_sis_integrations": "False",
                "bulk_sis_grade_export": "False",
                "notification_service": "False",
                "better_scheduler": "False",
                "course_card_images": "False",
                "responsive_layout": "False",
                "force_rtl": "False",
                "include_byte_order_mark_in_gradebook_exports": "False",
                "use_semi_colon_field_separators_in_gradebook_exports": "False",
                "autodetect_field_separators_for_gradebook_exports": "False",
                "international_sms": "False",
                "course_user_search": "False",
                "conditional_release": "False",
                "wrap_calendar_event_titles": "False",
                "new_collaborations": "False",
                "student_context_cards": "False",
                "new_user_tutorial": "False",
                "student_planner": "False",
                "rubric_criterion_range": "False",
                "encrypted_sourcedids": "False",
                "quizzes_next": "False",
                "quizzes_next_submission_history": "False",
                "import_to_quizzes_next": "False",
                "common_cartridge_page_conversion": "False",
                "non_scoring_rubrics": "False",
                "lti_1_3": "False",
                "assignments_2": "False",
                "javascript_csp": "False",
                "restrict_students_from_annotating": "False",
                "post_policies": "False",
                "rce_enhancements": "False",
                "quiz_log_auditing": "False",
                "anonymous_moderated_marking": "False",
                "anonymous_marking": "False",
                "moderated_grading": "False"
            },
            "message": "separate feature flag definitions from code\n\nfixes: ADMIN-2539\n\nthis moves and loads feature flags from yaml files. there should be\nabsolutely no changes to functionality of anything in the system.\n\nTest-Plan:\nchange things with feature flags and different feature options, and make\nsure they work the same way as before.\n\nChange-Id: Id096e6c9975f86224c1ee07304cef79a0d4c7755\nReviewed-on: https://gerrit.instructure.com/187804\nReviewed-by: Carl Kibler <ckibler@instructure.com>\nTested-by: Jenkins\nQA-Review: Jeremy Stanley <jeremy@instructure.com>\nProduct-Review: Rex Fleischer <rfleischer@instructure.com>\n",
            "hash": "04ca6ab6dd50f3b7a65b0987ae2ec15fd194759d",
            "author": "Rex Fleischer <rfleischer@instructure.com>",
            "date": "Mon Apr 1 12:08:36 2019"
        }
    ]
}