{
    "id": 1314319,
    "node_id": "MDEwOlJlcG9zaXRvcnkxMzE0MzE5",
    "name": "canvas-lms",
    "full_name": "instructure/canvas-lms",
    "private": false,
    "description": "The open LMS by Instructure, Inc.",
    "fork": false,
    "created_at": "2011-02-01T00:08:40Z",
    "updated_at": "2019-12-20T22:21:25Z",
    "pushed_at": "2019-12-20T22:21:22Z",
    "homepage": "https://github.com/instructure/canvas-lms/wiki",
    "size": 522453,
    "stargazers_count": 3020,
    "watchers_count": 3020,
    "language": "Ruby",
    "has_issues": true,
    "has_projects": true,
    "has_downloads": true,
    "has_wiki": true,
    "has_pages": false,
    "forks_count": 1294,
    "archived": false,
    "disabled": false,
    "open_issues_count": 142,
    "forks": 1294,
    "open_issues": 142,
    "watchers": 3020,
    "default_branch": "master",
    "temp_clone_token": "",
    "network_count": 1294,
    "subscribers_count": 277,
    "languages": {
        "Ruby": 33950125,
        "JavaScript": 20192218,
        "HTML": 2566053,
        "CSS": 1245967,
        "CoffeeScript": 1098158,
        "Shell": 77392,
        "Groovy": 38783,
        "Dockerfile": 10296,
        "Lua": 3555,
        "Makefile": 313
    }
}