{
    "date": "2019-12-20T18:24:15.561046",
    "commits": [
        {
            "title": "Remove old ui switcher implementation",
            "flags": {
                "gever_ui_path": "removed"
            },
            "message": "Remove old ui switcher implementation\n",
            "hash": "e7c13298b9885edcee95f64cfa1ad9140b2bac68",
            "author": "Elio Schmutz",
            "date": "Mon Oct 28 07:05:59 2019"
        },
        {
            "title": "Introduce new configuration property `archival_file_conversion_blacklist`.",
            "flags": {
                "archival_file_conversion_blacklist": "False"
            },
            "message": "Introduce new configuration property `archival_file_conversion_blacklist`.\n",
            "hash": "67f2412fc229bc4d29b3e324b93510cc78ebe5a7",
            "author": "Philippe Gross",
            "date": "Wed Aug 28 05:17:33 2019"
        },
        {
            "title": "Add new use_changed_for_end_date registry field.",
            "flags": {
                "changed_for_end_date": "False"
            },
            "message": "Add new use_changed_for_end_date registry field.\n",
            "hash": "f5f45b90e25e05beab1c97a15a3fe58729c51e6e",
            "author": "Niklaus Johner",
            "date": "Wed Aug 21 02:54:08 2019"
        },
        {
            "title": "Expose enabled ISIPTransports via IGeverSettings.",
            "flags": {
                "disposition_transport_filesystem": "False",
                "disposition_transport_ftps": "False"
            },
            "message": "Expose enabled ISIPTransports via IGeverSettings.\n",
            "hash": "107873b483fa4e6d28ab4878430b20be6ab2a9a7",
            "author": "Lukas Graf",
            "date": "Mon Aug 19 01:32:44 2019"
        },
        {
            "title": "Add feature flag to allow optional task permission revoking.",
            "flags": {
                "optional_task_permissions_revoking": "False"
            },
            "message": "Add feature flag to allow optional task permission revoking.\n",
            "hash": "a3fb8379bac515f87461fc590f533472697dce07",
            "author": "Niklaus Johner",
            "date": "Tue Mar 26 05:53:28 2019"
        },
        {
            "title": "Add feature-flag for private tasks",
            "flags": {
                "private_tasks": "False"
            },
            "message": "Add feature-flag for private tasks\n",
            "hash": "f18e10c0c17b8887804656da418f339c994eddb1",
            "author": "Elio Schmutz",
            "date": "Wed Oct 10 01:35:40 2018"
        },
        {
            "title": "Add a registry flag for proposal tabs.",
            "flags": {
                "repositoryfolder_proposals_tab": "False"
            },
            "message": "Add a registry flag for proposal tabs.\n",
            "hash": "a40f17908e64f59acfc62c420aa9878a406882e1",
            "author": "Joni Orponen",
            "date": "Mon Aug 20 05:18:22 2018"
        },
        {
            "title": "Add action to switch to new UI.",
            "flags": {
                "archival_file_conversion": "False",
                "gever_ui_enabled": "False",
                "gever_ui_path": "False",
                "sablon_date_format": "False"
            },
            "message": "Add action to switch to new UI.\n",
            "hash": "99d0ff33bf313ffa37397f416522b524d33ff9be",
            "author": "Niklaus Johner",
            "date": "Sun Aug 12 23:22:01 2018"
        },
        {
            "title": "Generate pdf with task details after dossier resolve.",
            "flags": {
                "tasks_pdf": "False"
            },
            "message": "Generate pdf with task details after dossier resolve.\n",
            "hash": "195179d46c60939e8e4d1d8f72114de40ce22880",
            "author": "Niklaus Johner",
            "date": "Thu Jul 19 07:15:14 2018"
        },
        {
            "title": "Add date formatting string in registry for sablon templates",
            "flags": {
                "sablon_date_format": "False"
            },
            "message": "Add date formatting string in registry for sablon templates\n",
            "hash": "b2af533a55241fabbc228a04ba537b1253a77ac1",
            "author": "Niklaus Johner",
            "date": "Tue Jun 5 23:49:36 2018"
        },
        {
            "title": "Remove word-meetings from config adapter.",
            "flags": {
                "word_meetings": "removed"
            },
            "message": "Remove word-meetings from config adapter.\n",
            "hash": "64d852c5d1c1226c97b398de42f668b5d1957c85",
            "author": "David Erni",
            "date": "Thu May 17 05:37:12 2018"
        },
        {
            "title": "Add IDossierResolveProperties to config view",
            "flags": {
                "archival_file_conversion": "False",
                "journal_pdf": "False",
                "purge_trash": "False",
                "resolver_name": "False"
            },
            "message": "Add IDossierResolveProperties to config view\n",
            "hash": "b85da836b2d6dc7c24c042ac8aefd7e498507307",
            "author": "Pablo Verges",
            "date": "Wed May 16 06:42:36 2018"
        },
        {
            "title": "Add bumblebee auto refresh to config endpoint.",
            "flags": {
                "preview_auto_refresh": "False"
            },
            "message": "Add bumblebee auto refresh to config endpoint.\n",
            "hash": "83059db3ddb62cd5ede4c81b855b9552a31400cd",
            "author": "David Erni",
            "date": "Wed Apr 25 02:27:55 2018"
        },
        {
            "title": "Port the configuration API endpoint to use an adapter.",
            "flags": {
                "activity": "False",
                "contacts": "False",
                "doc_properties": "False",
                "dossier_templates": "False",
                "ech0147_export": "False",
                "ech0147_import": "False",
                "favorites": "False",
                "meetings": "False",
                "officeatwork": "False",
                "officeconnector_attach": "False",
                "officeconnector_checkout": "False",
                "preview_auto_refresh": "False",
                "preview_open_pdf_in_new_window": "False",
                "preview": "False",
                "repositoryfolder_documents_tab": "False",
                "repositoryfolder_tasks_tab": "False",
                "solr": "False",
                "word_meetings": "False",
                "workspace": "False"
            },
            "message": "Port the configuration API endpoint to use an adapter.\n",
            "hash": "e035573bc9dc8756a31d4860cbb2307c58840897",
            "author": "Joni Orponen",
            "date": "Fri Apr 20 07:56:21 2018"
        },
        {
            "title": "Port the configuration API endpoint to use an adapter.",
            "flags": {
                "activity": "removed",
                "contacts": "removed",
                "doc_properties": "removed",
                "dossier_templates": "removed",
                "ech0147_export": "removed",
                "ech0147_import": "removed",
                "meetings": "removed",
                "officeatwork": "removed",
                "officeconnector_attach": "removed",
                "officeconnector_checkout": "removed",
                "preview": "removed",
                "preview_auto_refresh": "removed",
                "preview_open_pdf_in_new_window": "removed",
                "repositoryfolder_documents_tab": "removed",
                "repositoryfolder_tasks_tab": "removed",
                "word_meetings": "removed",
                "workspace": "removed",
                "solr": "removed",
                "favorites": "removed"
            },
            "message": "Port the configuration API endpoint to use an adapter.\n",
            "hash": "e035573bc9dc8756a31d4860cbb2307c58840897",
            "author": "Joni Orponen",
            "date": "Fri Apr 20 07:56:21 2018"
        },
        {
            "title": "Protect favorites viewlet with a separate feature flag.",
            "flags": {
                "favorites": "False"
            },
            "message": "Protect favorites viewlet with a separate feature flag.\n",
            "hash": "d1a3a09e695155e4caba682d532adf1a6a02c211",
            "author": "Philippe Gross",
            "date": "Thu Apr 12 07:37:41 2018"
        },
        {
            "title": "Create document from a oneoffixx template",
            "flags": {
                "oneoffixx": "False"
            },
            "message": "Create document from a oneoffixx template\n",
            "hash": "37d12f6d10146cb81741979045f5203e841d1b0b",
            "author": "Niklaus Johner",
            "date": "Mon Apr 9 07:22:01 2018"
        },
        {
            "title": "Add REST API endpoint for querying configuration settings",
            "flags": {
                "activity": "False",
                "contacts": "False",
                "doc_properties": "False",
                "dossier_templates": "False",
                "ech0147_export": "False",
                "ech0147_import": "False",
                "meetings": "False",
                "officeatwork": "False",
                "officeconnector_attach": "False",
                "officeconnector_checkout": "False",
                "preview": "False",
                "preview_open_pdf_in_new_window": "False",
                "repositoryfolder_documents_tab": "False",
                "repositoryfolder_tasks_tab": "False",
                "word_meetings": "False",
                "workspace": "False",
                "solr": "False"
            },
            "message": "Add REST API endpoint for querying configuration settings\n",
            "hash": "87a480673b21c040ff0dfd17bdad96a924aab7cd",
            "author": "Thomas Buchberger",
            "date": "Wed Feb 28 08:41:31 2018"
        }
    ]
}