{
    "date": "2019-12-20T18:01:26.680342",
    "commits": [
        {
            "title": "Pull drupal feature flags (#10586)",
            "flags": {
                "FEATURE_FIELD_REGIONAL_HEALTH_SERVICE": "removed",
                "FEATURE_FIELD_ADDITIONAL_INFO": "removed",
                "FEATURE_FIELD_MEDIA_IN_LIBRARY": "removed",
                "FEATURE_FIELD_ASSET_LIBRARY_DESCRIPTION": "removed",
                "FEATURE_FIELD_EVENT_LISTING_DESCRIPTION": "removed",
                "FEATURE_FIELD_BODY": "removed",
                "GRAPHQL_MODULE_UPDATE": "removed",
                "FEATURE_FIELD_OTHER_VA_LOCATIONS": "removed",
                "FEATURE_FIELD_COMMONLY_TREATED_CONDITIONS": "removed",
                "FEATURE_HEALTH_CARE_REGION_DETAIL_PAGE_FIELD_ALERT": "removed",
                "FEATURE_FIELD_LINKS": "removed",
                "FEATURE_REGION_DETAIL_PAGE_FEATURED_CONTENT": "removed",
                "FEATURE_LOCAL_FACILITY_GET_IN_TOUCH": "removed",
                "FEATURE_SINGLE_VALUE_FIELD_LINK": "removed",
                "FEATURE_REGION_PAGE_LINKS": "removed",
                "FEATURE_REGION_DETAIL_PAGE_TOC": "removed",
                "FEATURE_FEATURED_HEALTH_SERVICE_CONTENT": "removed",
                "FEATURE_FIELD_OPERATING_STATUS_FACILITY": "removed",
                "FEATURE_FIELD_COMPLETE_BIOGRAPHY": "removed",
                "FEATURE_HEALTH_SERVICE_API_ID": "removed",
                "FEATURE_DOWNLOADABLE_FILE": "removed",
                "FEATURE_FIELD_ALERT_DISMISSABLE": "removed",
                "FEATURE_HOME_PAGE": "removed",
                "FEATURE_ALL_HUB_SIDE_NAVS": "removed"
            },
            "message": "Pull drupal feature flags (#10586)\n\n* First steps in mocking out CMS reply\r\n\r\n* Add enabledFeatureFlags to global\r\n\r\n* Use global.enabledFeatureFlags\r\n\r\n* Rename to cmsFeatureFlags\r\n\r\n* Fix a couple more after merge\r\n\r\n* Flip a flag that was breaking the build\r\n\r\nShould fix this later, but...\r\n\r\n* Use a Proxy to throw an error when referencing invalid flags\r\n\r\n* Bug fix; complicated internal stuff\r\n\r\n* Fail the build when we run into an unexpected feature flag\r\n\r\n* Use enabledFeatureFlags in liquid templates\r\n\r\n* Add the remaining feature flag references\r\n\r\n* Add more junk to the ignoreList\r\n\r\n* Query Drupal for the flags\r\n\r\n* Use shouldPullDrupal, not drupalEnabled\r\n\r\n* Down with vestigial code!\r\n\r\n* Remove applyFeatureFlags from .eslintrc\r\n\r\n* Move the line back to where it was before\r\n\r\n* Use global.cmsFeatureFlags when registering liquid functions\r\n\r\n* Update variable name\r\n\r\n* Add comment\r\n\r\n* Use cmsFeatureFlags for home page flag (from merge)\r\n\r\n* Add comment for what createCacheFile does\r\n\r\n* Save flags to and load from a file in .cache\r\n\r\n* Stop removing the feature flags file\r\n\r\n* Use outputJsonSync\r\n\r\n* Delete the static feature flags file\r\n\r\n* Add logging for debugging\r\n\r\n* Log the query for debugging\r\n\r\n* Fix typo\r\n",
            "hash": "b0d8cd536c4dd0055ccbb13a91ab2d1c01d46dc3",
            "author": "Chris Valarida <chris.valarida@adhocteam.us>",
            "date": "Thu Aug 29 16:43:27 2019"
        },
        {
            "title": "VAGOV-4940: enable all benefits hub menus from drupal (#10642)",
            "flags": {
                "FEATURE_ALL_HUB_SIDE_NAVS": "False"
            },
            "message": "VAGOV-4940: enable all benefits hub menus from drupal (#10642)\n\n* VAGOV-4940: Add query to get all hub machine names\r\n\r\n* VAGOV-4940: Feature flag for graphql plugin to get all side navs\r\n\r\n* VAGOV-4940: get all hub sidebars\r\n\r\n* VAGOV-4940: get all hub sidebars\r\n\r\n* VAGOV-4940: Fix camelize\r\n\r\n* VAGOV-4940: Revert debugging changes in content api\r\n\r\n* VAGOV-4940: Correct camelcase for sidebar queries\r\n\r\n* VAGOV-4940: Make hubnavnames file available ahead of time\r\n\r\n* VAGOV-4940: Fixing typo in variable name\r\n\r\n* VAGOV-4940: Removing feature flag from dev until deploy\r\n\r\n* VAGOV-4940: Updating preview query\r\n\r\n* VAGOV-4940: Undo update preview query\r\n\r\n* VAGOV-4940: Fix update preview query\r\n\r\n* VAGOV-4940: Undo update preview query\r\n\r\n* VAGOV-4940: Fix build errors\r\n\r\n* VAGOV-4940: Update page by id query\r\n\r\n* VAGOV-4940: Get right menu for burials hub\r\n",
            "hash": "eba0a2281d1ff4daa8c6304a6c2d9cb962ea8783",
            "author": "Adrienne <adrienne.cabouet@gmail.com>",
            "date": "Thu Aug 29 11:42:09 2019"
        },
        {
            "title": "VAGOV-4649: Home Page Drupal FE Implementation - Retry (#10595)",
            "flags": {
                "FEATURE_HOME_PAGE": "False"
            },
            "message": "VAGOV-4649: Home Page Drupal FE Implementation - Retry (#10595)\n\n* VAGOV-5180: WIP new graphql for home page\r\n\r\n* Complete GQL query; add all pieces into home.js processing; update template with new vars\r\n\r\n* add comments\r\n\r\n* resolve conflict in feature flags\r\n\r\n* Add additional code comments\r\n\r\n* Add link to hub data queried in full hub list\r\n\r\n* correct title links for home page hub list\r\n\r\n* remove hard-coded limits for hubs and card (these limits are handled in Drupal); condense code.\r\n\r\n* add comment to explain hard-coded limit\r\n\r\n* move home page feature flag into all envs except prod\r\n\r\n* change header tag in new home page template\r\n\r\n* Add comment to explain 'promos' provenance\r\n\r\n* add more comments\r\n\r\n* Add FieldHomePageHubLabel to GQL and template card headings\r\n\r\n* remove home page feature flag from staging\r\n",
            "hash": "c98a69040e6b3692eef5551062f76ff1af194043",
            "author": "jonbot <jonathan@majorrobot.com>",
            "date": "Tue Aug 20 09:00:29 2019"
        },
        {
            "title": "VAGOV-5252: Adding dismissable status check to alert close button. (#10534)",
            "flags": {
                "FEATURE_FIELD_ALERT_DISMISSABLE": "False"
            },
            "message": "VAGOV-5252: Adding dismissable status check to alert close button. (#10534)\n\n* VAGOV-5252: Adding dismissable status check to alert close button.\r\n\r\n* VAGOV-5252: Updating staff detail page image to 3_2 style.\r\n",
            "hash": "1326afee049500c072347ef34fbb4d7fc6508796",
            "author": "Ethan Teague <metrowebz@gmail.com>",
            "date": "Tue Aug 13 15:34:53 2019"
        },
        {
            "title": "VAGOV-5014: add inline images and media download templates (#10543)",
            "flags": {
                "FEATURE_DOWNLOADABLE_FILE": "False"
            },
            "message": "VAGOV-5014: add inline images and media download templates (#10543)\n\n",
            "hash": "cbf7dbcf598b8f8a4393c7284a603c6a5867655d",
            "author": "ahay-agile6 <aurora.hampton@agile6.com>",
            "date": "Tue Aug 6 14:54:52 2019"
        },
        {
            "title": "VAGOV-4546: use heathcare service api id (#10503)",
            "flags": {
                "FEATURE_HEALTH_SERVICE_API_ID": "False"
            },
            "message": "VAGOV-4546: use heathcare service api id (#10503)\n\n",
            "hash": "7b2096f36b64810992cbbfac1134d6fadbccbfd6",
            "author": "ahay-agile6 <aurora.hampton@agile6.com>",
            "date": "Tue Jul 30 21:37:29 2019"
        },
        {
            "title": "VAGOV-5022: Adding fields to leadership profile pages. (#10484)",
            "flags": {
                "FEATURE_FIELD_COMPLETE_BIOGRAPHY": "False"
            },
            "message": "VAGOV-5022: Adding fields to leadership profile pages. (#10484)\n\n",
            "hash": "c78f1972be8a0da75b31b48058215fd664864a3c",
            "author": "Ethan Teague <metrowebz@gmail.com>",
            "date": "Tue Jul 30 14:48:21 2019"
        },
        {
            "title": "Adding operating status page for facilities. (#10478)",
            "flags": {
                "FEATURE_FIELD_OPERATING_STATUS_FACILITY": "False"
            },
            "message": "Adding operating status page for facilities. (#10478)\n\n* Adding operating status page for facilities.\r\n\r\n* VAGOV-5048: Adding missed feature flag definitions.\r\n",
            "hash": "022c941a19ae09ff65de8777a8b8027b1a17adc0",
            "author": "Ethan Teague <metrowebz@gmail.com>",
            "date": "Tue Jul 30 12:40:20 2019"
        },
        {
            "title": "VAGOV-4625: Facilities Health Services Featured Content (#10458)",
            "flags": {
                "FEATURE_FEATURED_HEALTH_SERVICE_CONTENT": "False"
            },
            "message": "VAGOV-4625: Facilities Health Services Featured Content (#10458)\n\n* VAGOV-4625: Featured health service graphql and feature flag for prod\r\n\r\n* VAGOV-4625: adding feature flag to health services graphql query\r\n\r\n* VAGOV-4625: get rid of old featured content, include new featured content\r\n\r\n* VAGOV-4625: featured content template and styling\r\n\r\n* VAGOV-4625: Additional styling\r\n\r\n* VAGOV-4625: Additional styling\r\n\r\n* VAGOV-4625: Additional styling\r\n",
            "hash": "69778c09c353e7d38f1de3c1b7d455a7a2c8657f",
            "author": "Adrienne <adrienne.cabouet@gmail.com>",
            "date": "Mon Jul 29 15:17:39 2019"
        },
        {
            "title": "VAGOV-4005: add jumplinks to region detail page and update styles (#10425)",
            "flags": {
                "FEATURE_REGION_DETAIL_PAGE_TOC": "False"
            },
            "message": "VAGOV-4005: add jumplinks to region detail page and update styles (#10425)\n\n* VAGOV-4005: add jumplinks to region detail page and update styles\r\n\r\n* VAGOV-4005: fix linting\r\n\r\n* VAGOV-4005: fix linting\r\n\r\n* VAGOV-4005: correct content order for region detail pages\r\n",
            "hash": "5e8c7da3fdfb0534fb0b0787ffa5d4168d390ab4",
            "author": "ahay-agile6 <aurora.hampton@agile6.com>",
            "date": "Wed Jul 17 15:17:11 2019"
        },
        {
            "title": "VAGOV-4688: Facility | Update \"Get updates from us\" component (#10406)",
            "flags": {
                "FEATURE_REGION_PAGE_LINKS": "False"
            },
            "message": "VAGOV-4688: Facility | Update \"Get updates from us\" component (#10406)\n\n* VAGOV-4854: allow alerts to be displayed on landing page\r\n\r\n* VAGOV-4688: Add 'Get updates from us' component to local facility pages and contact us page\r\n",
            "hash": "3edb5928ccbc4caf289a5c73c642b2c942fa9575",
            "author": "ahay-agile6 <aurora.hampton@agile6.com>",
            "date": "Sat Jul 13 10:25:43 2019"
        },
        {
            "title": "VAGOV-000: Link teaser fix for single value field link (#10387)",
            "flags": {
                "FEATURE_SINGLE_VALUE_FIELD_LINK": "False"
            },
            "message": "VAGOV-000: Link teaser fix for single value field link (#10387)\n\n* VAGOV-000: Link teaser fix for single value field link\r\n\r\n* VAGOV-000: Adding and implementing feature flag for single value field link on prod\r\n",
            "hash": "ab088dc085b9300a4194c0e0b4a260c9ad3f3c9e",
            "author": "Adrienne <adrienne.cabouet@gmail.com>",
            "date": "Thu Jul 11 15:09:45 2019"
        },
        {
            "title": "VAGOV-4361 Outreach & Events refactoring (#10334)",
            "flags": {
                "FEATURE_FIELD_MEDIA_IN_LIBRARY": "False",
                "FEATURE_FIELD_ASSET_LIBRARY_DESCRIPTION": "False",
                "FEATURE_FIELD_EVENT_LISTING_DESCRIPTION": "False",
                "FEATURE_FIELD_BODY": "False"
            },
            "message": "VAGOV-4361 Outreach & Events refactoring (#10334)\n\n* Changing thumbnail from external to internal source.\r\n\r\n* Fixing sequential paging.\r\n\r\n* Moving term to appear above card title.\r\n\r\n* Changing image style on benefits page, and adding introtext.\r\n\r\n* Adding promo hub icons to benfits gallery.\r\n\r\n* Adding query string logic for displaying assets and events.\r\n\r\n* Fixing default filter selet state.\r\n\r\n* Adding body feature flag, and fixing another pager bug.\r\n\r\n* Adding number of items per page const.\r\n\r\n* Replacing nested conditionals with && conditionals.\r\n\r\n* Replacing strings with constants.\r\n\r\n* Moving value presence check to wrapper div.\r\n\r\n* Removing extra spaces.\r\n\r\n* Refactoring pager.\r\n",
            "hash": "098b3c68ccab725f659298c134915ae021839c75",
            "author": "Ethan Teague <metrowebz@gmail.com>",
            "date": "Fri Jun 28 14:35:57 2019"
        },
        {
            "title": "VAGOV-4084: Health Care Local Facility Updates (#10291)",
            "flags": {
                "FEATURE_LOCAL_FACILITY_GET_IN_TOUCH": "False"
            },
            "message": "VAGOV-4084: Health Care Local Facility Updates (#10291)\n\n* VAGOV-4084: graphql and feature flag for get in touch box on local healthcare facilities\r\n\r\n* VaGOV-4084: Adding get updates from us to local facility page\r\n\r\n* VAGOV-4084: Moving related links on healthcare local facility\r\n\r\n* VaGOV-4084: Social links into component\r\n",
            "hash": "805a98d097d3341005e9f749b1c05004baada511",
            "author": "Adrienne <adrienne.cabouet@gmail.com>",
            "date": "Mon Jun 24 12:47:00 2019"
        },
        {
            "title": "Adding event registration button logic. (#10250)",
            "flags": {
                "FEATURE_FIELD_ADDITIONAL_INFO": "False"
            },
            "message": "Adding event registration button logic. (#10250)\n\n",
            "hash": "8a1d2fd22b0d2f305f7865f59eca7c1be09247b3",
            "author": "Ethan Teague <metrowebz@gmail.com>",
            "date": "Mon Jun 17 14:18:38 2019"
        },
        {
            "title": "VAGOV-4039: add featured content to regional detail pages (#10213)",
            "flags": {
                "FEATURE_REGION_DETAIL_PAGE_FEATURED_CONTENT": "False"
            },
            "message": "VAGOV-4039: add featured content to regional detail pages (#10213)\n\n",
            "hash": "28f9232937a7621faa28bba47f5110c393ecc49f",
            "author": "ahay-agile6 <aurora.hampton@agile6.com>",
            "date": "Mon Jun 10 08:06:06 2019"
        },
        {
            "title": "Adding not a veteran siderail block to hub landing pages. (#10203)",
            "flags": {
                "FEATURE_FIELD_LINKS": "False"
            },
            "message": "Adding not a veteran siderail block to hub landing pages. (#10203)\n\n* Adding not a veteran siderail block to hub landing pages.\r\n\r\n* Adding feature flag to links field.\r\n",
            "hash": "248e48bb2dbddb9966db7ea0ff95da29bcc35516",
            "author": "Ethan Teague <metrowebz@gmail.com>",
            "date": "Fri Jun 7 12:19:13 2019"
        },
        {
            "title": "VAGOV-3779: add field alert to health care region detail pages (#10168)",
            "flags": {
                "FEATURE_HEALTH_CARE_REGION_DETAIL_PAGE_FIELD_ALERT": "False"
            },
            "message": "VAGOV-3779: add field alert to health care region detail pages (#10168)\n\n* VAGOV-3779: add field alert to health care region detail pages\r\n\r\n* VAGOV-3779: add feature flag for prod\r\n",
            "hash": "e1681ea0cca83ce2f7fa365c8ca6aecfe05bf1d7",
            "author": "ahay-agile6 <aurora.hampton@agile6.com>",
            "date": "Wed Jun 5 10:54:45 2019"
        },
        {
            "title": "VAGOV-3734: Health Services taxonomy query and template updates (#10158)",
            "flags": {
                "FEATURE_FIELD_COMMONLY_TREATED_CONDITIONS": "False"
            },
            "message": "VAGOV-3734: Health Services taxonomy query and template updates (#10158)\n\n* VAGOV-3734: adding commonly treated conditions field to health services taxonomy queries\r\n\r\n* VAGOV--3734: Styling for new services taxonomy fields\r\n\r\n* VAGOV-3734: health services styling update\r\n\r\n* VAGOV-3734: health services styling update\r\n",
            "hash": "f641768b7c8a257523dfedafe01ced0f7dba53a3",
            "author": "Adrienne <adrienne.cabouet@gmail.com>",
            "date": "Tue Jun 4 11:52:54 2019"
        },
        {
            "title": "VAGOV-2855: Display 'Other VA locations' via Facility ID (#10138)",
            "flags": {
                "FEATURE_FIELD_OTHER_VA_LOCATIONS": "False"
            },
            "message": "VAGOV-2855: Display 'Other VA locations' via Facility ID (#10138)\n\n* VAGOV-3243\r\n\r\n- change \u201cMain location\u201d headline to \u201cMain locations(s)\u201d\r\n\r\n- remove padding and grey container for location listings\r\n\r\n- remove `Location details >` link from results in \u201cOur locations\u201d list\r\n\r\n* VAGOV-3243: fix linting\r\n\r\n* VAGOV-2855: add \"Other VA locations\" react widget\r\n\r\n* VAGOV-2855: add unit test\r\n\r\n* VAGOV-2855: finish up unit tests\r\n\r\n* VAGOV-2855: add feature flag for fieldOtherVaLocations\r\n\r\n* VAGOV-2855: fix linting\r\n\r\n* VAGOV-2855: fix linting\r\n\r\n* VAGOV-2855: fix linting\r\n\r\n* VAGOV-2855: review changes\r\n\r\n+ removed `class=\"cta-widget\"` from facility list react component elements\r\n+ removed unnecessary comment\r\n",
            "hash": "3732d50bdadaf56f3ac9cf764af78dd8e993b73b",
            "author": "ahay-agile6 <aurora.hampton@agile6.com>",
            "date": "Fri May 31 10:58:03 2019"
        },
        {
            "title": "VAGOV-3663: Updating graphql query syntax to match updated module schema (#10085)",
            "flags": {
                "GRAPHQL_MODULE_UPDATE": "False"
            },
            "message": "VAGOV-3663: Updating graphql query syntax to match updated module schema (#10085)\n\n",
            "hash": "7b54b495ccddc229a811231aefba897066aa7e35",
            "author": "Adrienne <adrienne.cabouet@gmail.com>",
            "date": "Thu May 23 07:24:09 2019"
        },
        {
            "title": "VAGOV-3448: feature flag \"featureFieldRegionalHealthService\" (#10064)",
            "flags": {
                "FEATURE_FIELD_REGIONAL_HEALTH_SERVICE": "False"
            },
            "message": "VAGOV-3448: feature flag \"featureFieldRegionalHealthService\" (#10064)\n\n",
            "hash": "a1cc26d7de7ce7970251c46498d83829adbab987",
            "author": "ahay-agile6 <aurora.hampton@agile6.com>",
            "date": "Tue May 14 12:21:26 2019"
        }
    ]
}