{
    "date": "2019-12-20T18:23:58.365681",
    "commits": [
        {
            "title": "Add feature flag and use it to render a basic TIO page.",
            "flags": {
                "tio": "False"
            },
            "message": "Add feature flag and use it to render a basic TIO page.\n",
            "hash": "d2521b8d83a3b26ac8e1d0114e8914c3d020ce50",
            "author": "Sara Bocciardi <sara@truss.works>",
            "date": "Wed Dec 4 07:49:38 2019"
        },
        {
            "title": "Add in scaffolding for progear changes feature flag so that it can be used for future work",
            "flags": {
                "progearChanges": "False"
            },
            "message": "Add in scaffolding for progear changes feature flag so that it can be used for future work\n",
            "hash": "e2e79d2faaab07367c158a47083a2a7f5f420c4f",
            "author": "Ryan Koch <4325613+Ryan-Koch@users.noreply.github.com>",
            "date": "Mon Nov 4 09:20:28 2019"
        },
        {
            "title": "Create TOO placeholder route (#2761)",
            "flags": {
                "too": "False"
            },
            "message": "Create TOO placeholder route (#2761)\n\n",
            "hash": "a2a3b33d222307db6ee46e58c56bb20419101d42",
            "author": "Matt Krump <1036969+mkrump@users.noreply.github.com>",
            "date": "Fri Oct 4 08:58:50 2019"
        },
        {
            "title": "Add log line for updating office users and remove feature flag",
            "flags": {
                "createAdminUser": "removed"
            },
            "message": "Add log line for updating office users and remove feature flag\n",
            "hash": "3efd2366430c21abc662f48a18d516e1bbaaa917",
            "author": "Garrett Martin <garrett@truss.works>",
            "date": "Tue Oct 1 14:07:29 2019"
        },
        {
            "title": "Change name, set flag default to false",
            "flags": {
                "createAdminUser": "False"
            },
            "message": "Change name, set flag default to false\n",
            "hash": "a14439c1d72db1d7d4fb16bfdc73cd1bf4b56bc8",
            "author": "Isaac Garfinkle <isaac@truss.works>",
            "date": "Wed Sep 11 09:34:08 2019"
        },
        {
            "title": "Add feature flag to toggle view of office user create button",
            "flags": {
                "createAdminUser": "True"
            },
            "message": "Add feature flag to toggle view of office user create button\n",
            "hash": "2e28e7f2f6e4550922eb4342d3434f69391ef7cc",
            "author": "Isaac Garfinkle <isaac@truss.works>",
            "date": "Tue Sep 10 15:12:32 2019"
        },
        {
            "title": "Remove MoveType page",
            "flags": {
                "hhg": "removed"
            },
            "message": "Remove MoveType page\n",
            "hash": "e392e190e40ae48d73cbf9b4e2ec5591e26aae4d",
            "author": "Isaac Garfinkle <isaac@truss.works>",
            "date": "Mon Sep 9 16:03:21 2019"
        },
        {
            "title": "Removed ppmPaymentRequest feature flag",
            "flags": {
                "ppmPaymentRequest": "removed"
            },
            "message": "Removed ppmPaymentRequest feature flag\n",
            "hash": "1e02441e48c3e760136464cb658e7515297c244e",
            "author": "Ron Cruz <Ronolibert@gmail.com>",
            "date": "Wed Aug 14 08:49:39 2019"
        },
        {
            "title": "Remove all traces of robustAccessorial feature flag",
            "flags": {
                "robustAccessorial": "removed"
            },
            "message": "Remove all traces of robustAccessorial feature flag\n",
            "hash": "840d6e75dac2b9fa79adcf157351db3debe7b172",
            "author": "Donald Thai <donald@truss.works>",
            "date": "Tue Apr 30 15:19:52 2019"
        },
        {
            "title": "Remove invoice feature flag",
            "flags": {
                "allowHhgInvoicePayment": "removed"
            },
            "message": "Remove invoice feature flag\n",
            "hash": "bfcd63080d170d6d92de90e1ad9962e5781dbe6a",
            "author": "Isaac Garfinkle <isaac@truss.works>",
            "date": "Wed Apr 10 16:01:55 2019"
        },
        {
            "title": "Add ppm payment request feature flag",
            "flags": {
                "ppmPaymentRequest": "False"
            },
            "message": "Add ppm payment request feature flag\n",
            "hash": "e18c4f3b4d2ea7d3754a20928c522fb74867754c",
            "author": "Ron Cruz <Ronolibert@gmail.com>",
            "date": "Fri Mar 29 12:31:57 2019"
        },
        {
            "title": "Remove individual approval buttons and update HHG e2e tests",
            "flags": {
                "moveInfoComboButton": "removed"
            },
            "message": "Remove individual approval buttons and update HHG e2e tests\n",
            "hash": "6ef42039c99f86673ce2db8cda709814bea6d650",
            "author": "Ron Cruz <Ronolibert@gmail.com>",
            "date": "Mon Apr 1 11:58:46 2019"
        },
        {
            "title": "Merge pull request #1800 from mk-163274594-add-approve-combo-button",
            "flags": {
                "moveInfoComboButton": "False"
            },
            "message": "Merge pull request #1800 from mk-163274594-add-approve-combo-button\n\n* Add Approve combo button (dev only)",
            "hash": "7b71acde40194df4432bc18d140d851bd8452116",
            "author": "Matt K <1036969+mkrump@users.noreply.github.com>",
            "date": "Mon Mar 4 12:26:21 2019"
        },
        {
            "title": "Revert \"Remove allowHHGInvoicePayment flag.\"",
            "flags": {
                "allowHhgInvoicePayment": "False"
            },
            "message": "Revert \"Remove allowHHGInvoicePayment flag.\"\n",
            "hash": "2793526582c86a9fa46bc1ebcbe74749235fd215",
            "author": "Isaac Garfinkle <isaac@truss.works>",
            "date": "Mon Feb 25 16:38:32 2019"
        },
        {
            "title": "Remove allowHHGInvoicePayment flag.",
            "flags": {
                "allowHhgInvoicePayment": "removed"
            },
            "message": "Remove allowHHGInvoicePayment flag.\n",
            "hash": "5e96974ad9c340038d313b16f75dbef6608dc71a",
            "author": "Isaac Garfinkle <isaac@truss.works>",
            "date": "Wed Feb 20 15:49:10 2019"
        },
        {
            "title": "Utilize feature flag to control showing of sit panel",
            "flags": {
                "sitPanel": "False"
            },
            "message": "Utilize feature flag to control showing of sit panel\n",
            "hash": "0fb703c1c3e745344c9fef865b581e82687f5b15",
            "author": "Deep Marreddy <deep@truss.works>",
            "date": "Mon Feb 4 22:15:28 2019"
        },
        {
            "title": "remove hhgAndPpm flag and the references to it",
            "flags": {
                "hhgAndPpm": "removed"
            },
            "message": "remove hhgAndPpm flag and the references to it\n",
            "hash": "24c980acff5a08d06426c0f7818c708cc87d73c0",
            "author": "Kara Louie <kara@truss.works>",
            "date": "Thu Jan 24 10:11:59 2019"
        },
        {
            "title": "Merge pull request #1607 from transcom/dt-ig-105-feature-flag-#162620473",
            "flags": {
                "robustAccessorial": "False",
                "hhgAndPpm": "removed"
            },
            "message": "Merge pull request #1607 from transcom/dt-ig-105-feature-flag-#162620473\n\nCreate 105B/E feature flag and skeleton #162620473",
            "hash": "fc6273415f9a1ef392f2f528a0845e5afe4667ee",
            "merge": "ccad38c20 c98e482be",
            "author": "Donald T <donald.thai@gmail.com>",
            "date": "Tue Jan 22 15:36:27 2019"
        },
        {
            "title": "Allow combo moves in prod",
            "flags": {
                "hhgAndPpm": "removed"
            },
            "message": "Allow combo moves in prod\n",
            "hash": "8f301427a13c400d72929e74d31adbb2213457b0",
            "author": "Kara Louie <kara@truss.works>",
            "date": "Tue Jan 22 14:24:12 2019"
        },
        {
            "title": "feature flag setup and defaults",
            "flags": {
                "robustAccessorial": "False"
            },
            "message": "feature flag setup and defaults\n",
            "hash": "1def6dc2b477ee8bd8b3495fb98cc24ddea14dea",
            "author": "Donald Thai <donald@truss.works>",
            "date": "Tue Jan 15 14:25:59 2019"
        },
        {
            "title": "Office invoice flow [delivers #161689746] (#1457)",
            "flags": {
                "allowHhgInvoicePayment": "False"
            },
            "message": "Office invoice flow [delivers #161689746] (#1457)\n\n* Saves approver info with invoice\r\n\r\n* Sends invoiced_at and shipment_id with Invoice payload\r\n\r\n* Fixes accidental double check\r\n\r\n* Adds GetShipmentInvoices handler\r\n\r\n* Creates service for delivering and pricing a shipment\r\n\r\n* First pass at implementing invoice UI flow\r\n\r\n* Removes misplaced and outdated scenario tests\r\n\r\n* added a feature flag for approving hhg invoice payment and disabled it for production\r\n\r\n* skipping a test that is at the wrong level and might not work with a feature flag\r\n\r\n* Removed unused items, makes naming consistent\r\n\r\n* Adds tests for unbilled component\r\n\r\n* Fixes display of unbilled component when no items\r\n\r\n* Removes test for unreachable state\r\n",
            "hash": "3b4d9ee2029eabe3674946c054845c3f2e553e57",
            "author": "Patrick <pstanger@gmail.com>",
            "date": "Wed Dec 19 11:41:41 2018"
        },
        {
            "title": "Add shipment link behind feature flag",
            "flags": {
                "hhgAndPpm": "False"
            },
            "message": "Add shipment link behind feature flag\n",
            "hash": "25f44daf9b2e310ef0731f728a87202515ac9ff0",
            "author": "Kara Louie <kara@truss.works>",
            "date": "Tue Nov 6 17:58:08 2018"
        },
        {
            "title": "enable HHG on production",
            "flags": {
                "hhg": "removed"
            },
            "message": "enable HHG on production\n",
            "hash": "5a1a661f6fb6e361dbc05ce9b12c8f6c522195eb",
            "author": "Alexi Kostibas <alexi@truss.works>",
            "date": "Thu Oct 25 15:44:23 2018"
        },
        {
            "title": "Enable HHG on staging. (#1113)",
            "flags": {
                "hhg": "removed"
            },
            "message": "Enable HHG on staging. (#1113)\n\n",
            "hash": "75bca6436f27acaa14fd5ba3eebdd1eaf878d3fc",
            "author": "Jim Benton <jim@autonomousmachine.com>",
            "date": "Wed Oct 10 17:30:06 2018"
        },
        {
            "title": "removed feature flag for payment request",
            "flags": {
                "paymentRequest": "removed"
            },
            "message": "removed feature flag for payment request\n",
            "hash": "37086b7ff336309483a8b55f6e142dd64529233f",
            "author": "Erin Stanfill <erin@truss.works>",
            "date": "Wed Aug 8 17:04:43 2018"
        },
        {
            "title": "toggle documentviewer feature flag and create one for payment request",
            "flags": {
                "paymentRequest": "False",
                "documentViewer": "removed"
            },
            "message": "toggle documentviewer feature flag and create one for payment request\n",
            "hash": "c9f388c9d44d0aade9fc77801e804523e734ff99",
            "author": "Erin Stanfill <erin@truss.works>",
            "date": "Thu Jul 19 08:53:35 2018"
        },
        {
            "title": "hiding document viewer behind a feature flag until it is complete",
            "flags": {
                "documentViewer": "False"
            },
            "message": "hiding document viewer behind a feature flag until it is complete\n",
            "hash": "83ba41459ccd05f778c570b610d7e386ad116a43",
            "author": "Erin Stanfill <erin@truss.works>",
            "date": "Wed Jul 18 18:18:27 2018"
        },
        {
            "title": "Use AppContext to provide flags to components.",
            "flags": {
                "justForTesting": "removed"
            },
            "message": "Use AppContext to provide flags to components.\n",
            "hash": "f01addb61a33e7d2b5b1dc765fa06cfcb446fc05",
            "author": "Jim Benton <jim@truss.works>",
            "date": "Wed Jul 11 13:23:48 2018"
        },
        {
            "title": "Add a way to override flags for use in e2e tests.",
            "flags": {
                "hhg": "False"
            },
            "message": "Add a way to override flags for use in e2e tests.\n",
            "hash": "040c7812ab0eb31018fad3322bcfa22a9123fa4b",
            "author": "Jim Benton <jim@truss.works>",
            "date": "Tue Jul 10 06:31:46 2018"
        },
        {
            "title": "Add initial ADR and implementation.",
            "flags": {
                "ppm": "True",
                "hhg": "False",
                "justForTesting": "False"
            },
            "message": "Add initial ADR and implementation.\n",
            "hash": "d4121c6dd6f384bf30c793da8ae1ad49ccef0146",
            "author": "Jim Benton <jim@truss.works>",
            "date": "Mon Jul 9 13:21:04 2018"
        }
    ]
}