{
    "date": "2019-12-20T17:57:21.076230",
    "commits": [
        {
            "title": "PRO-5714: Merge master into PRO-5714-InvestigateDownloadIssueForCoverSheet",
            "flags": {
                "intestacy_questions": "removed",
                "webchat": "removed"
            },
            "message": "PRO-5714: Merge master into PRO-5714-InvestigateDownloadIssueForCoverSheet\n\n",
            "hash": "9379186f1dfe2918cee25d713a9e48be581b9d7f",
            "merge": "c04c6aa4 6f3efcd5",
            "author": "Luca Del Buono <luca.delbuono@hmcts.net>",
            "date": "Thu Nov 28 02:16:12 2019"
        },
        {
            "title": "PRO-3890: Remove MA FT (not necessary after all)",
            "flags": {
                "multiple_applications": "removed"
            },
            "message": "PRO-3890: Remove MA FT (not necessary after all)\n",
            "hash": "58276de7b7d30328245bdf8661fc059147fd68fb",
            "author": "Luca Del Buono <luca.delbuono@gmail.com>",
            "date": "Fri Sep 13 07:04:14 2019"
        },
        {
            "title": "Merge branch 'master' into PRO-3890-Dashboard-2",
            "flags": {
                "multiple_applications": "False"
            },
            "message": "Merge branch 'master' into PRO-3890-Dashboard-2\n",
            "hash": "f6f8575e3113712506231f5fe1b1fee59d71688e",
            "merge": "87fe5322 fc4d6b49",
            "author": "Luca Del Buono <luca.delbuono@gmail.com>",
            "date": "Thu Sep 5 05:43:52 2019"
        },
        {
            "title": "Merge branch 'master' into PRO-6107-Send-Invite-Links",
            "flags": {
                "intestacy_questions": "removed",
                "webchat": "removed"
            },
            "message": "Merge branch 'master' into PRO-6107-Send-Invite-Links\n",
            "hash": "9473e6ee516e082f4d6c78b4656afc84ef4b4fc8",
            "merge": "37d96cb7 fc4d6b49",
            "author": "Luca Del Buono <luca.delbuono@gmail.com>",
            "date": "Thu Sep 5 04:13:35 2019"
        },
        {
            "title": "Merge branch 'master' into PRO-6069-Tests-Optimisations-2",
            "flags": {
                "intestacy_questions": "removed",
                "webchat": "removed"
            },
            "message": "Merge branch 'master' into PRO-6069-Tests-Optimisations-2\n",
            "hash": "97621a6643a10e14072ea3d1f74ff47e3f64f92b",
            "merge": "3e272808 6107437d",
            "author": "Luca Del Buono <luca.delbuono@gmail.com>",
            "date": "Mon Sep 2 05:21:32 2019"
        },
        {
            "title": "Merge branch 'master' into PRO-3890-Dashboard-2",
            "flags": {
                "intestacy_questions": "removed",
                "webchat": "removed",
                "multiple_applications": "False"
            },
            "message": "Merge branch 'master' into PRO-3890-Dashboard-2\n",
            "hash": "87fe53225c867777ef09aa850bc495db726a3f62",
            "merge": "6bb4c23a 6107437d",
            "author": "Luca Del Buono <luca.delbuono@gmail.com>",
            "date": "Mon Sep 2 05:07:49 2019"
        },
        {
            "title": "PRO-3890: Dashboard",
            "flags": {
                "multiple_applications": "False"
            },
            "message": "PRO-3890: Dashboard\n",
            "hash": "f0d0bff1b448d17aff3af5ac9b15f59dc4ace75d",
            "author": "Luca Del Buono <luca.delbuono@gmail.com>",
            "date": "Tue Aug 27 08:06:42 2019"
        },
        {
            "title": "Remove IntestacyQuestions and Webchat feature toggles",
            "flags": {
                "intestacy_questions": "removed",
                "webchat": "removed"
            },
            "message": "Remove IntestacyQuestions and Webchat feature toggles\n",
            "hash": "7d3f10d07e1f39ead5798f96c8137fe940000c97",
            "author": "Luca Del Buono <luca.delbuono@gmail.com>",
            "date": "Tue Aug 20 08:52:49 2019"
        },
        {
            "title": "PRO-5247: Merge from master",
            "flags": {
                "copies_fees": "removed"
            },
            "message": "PRO-5247: Merge from master\n",
            "hash": "918c5131263d0913abc62c74d3f9d92c04c70ebb",
            "merge": "3067ec25 903db54f",
            "author": "Dhruv Patel <dhruv.patel20@gmail.com>",
            "date": "Thu Aug 1 00:40:35 2019"
        },
        {
            "title": "PRO-5880: Remove copies_fees feature toggle",
            "flags": {
                "copies_fees": "removed"
            },
            "message": "PRO-5880: Remove copies_fees feature toggle\n",
            "hash": "0fe788d710a7a635f7f9ae57c5a969659984bf60",
            "author": "Luca Del Buono <luca.delbuono@gmail.com>",
            "date": "Tue Jul 30 03:03:20 2019"
        },
        {
            "title": "PRO-5247: Merge form master",
            "flags": {
                "copies_fees": "False"
            },
            "message": "PRO-5247: Merge form master\n",
            "hash": "3067ec2512f6c0714adbce84e858fc7ae80ad516",
            "merge": "dc5d4b61 4ca5a2e3",
            "author": "Dhruv Patel <dhruv.patel20@gmail.com>",
            "date": "Tue Jul 23 09:12:43 2019"
        },
        {
            "title": "PRO-5777: Add copies_fees feature toggle",
            "flags": {
                "copies_fees": "False"
            },
            "message": "PRO-5777: Add copies_fees feature toggle\n",
            "hash": "31e01d7fdec4df337615368ef0713b91da506444",
            "author": "Luca Del Buono <luca.delbuono@gmail.com>",
            "date": "Mon Jul 15 03:47:31 2019"
        },
        {
            "title": "PRO-4812: Merge from master.",
            "flags": {
                "document_upload": "removed",
                "fees_api": "False",
                "webchat": "False"
            },
            "message": "PRO-4812: Merge from master.\n",
            "hash": "d52a5702d51e88e1e9333590ad1549d2ff23a27c",
            "merge": "2fba043b 00c0326e",
            "author": "Dhruv Patel <dhruv.patel20@gmail.com>",
            "date": "Mon Jul 8 07:34:08 2019"
        },
        {
            "title": "Merge branch 'master' into PRO-4775_intestacy_definition_updates",
            "flags": {
                "document_upload": "removed",
                "webchat": "False"
            },
            "message": "Merge branch 'master' into PRO-4775_intestacy_definition_updates\n",
            "hash": "e31bfa05d4798f8d7de66ab41a0bef3ea1490302",
            "merge": "ced00319 557a0f5e",
            "author": "Luca Del Buono <luca.delbuono@gmail.com>",
            "date": "Wed Jun 26 05:10:15 2019"
        },
        {
            "title": "PRO-4771: Re-add webchat FT",
            "flags": {
                "webchat": "False"
            },
            "message": "PRO-4771: Re-add webchat FT\n",
            "hash": "043da34e5b4f13887d2c5a2a24210f07170a3874",
            "author": "Luca Del Buono <luca.delbuono@gmail.com>",
            "date": "Fri Jun 21 06:28:00 2019"
        },
        {
            "title": "comment webchat FT check",
            "flags": {
                "webchat": "removed"
            },
            "message": "comment webchat FT check\n",
            "hash": "972cc463850b5f0c8d3c8558fa3e20d858c12135",
            "author": "Damon Green <damon.green@btinternet.com>",
            "date": "Tue Jun 18 05:28:01 2019"
        },
        {
            "title": "Merge branch 'master' into Upgrade-to-GDS",
            "flags": {
                "webchat": "False"
            },
            "message": "Merge branch 'master' into Upgrade-to-GDS\n",
            "hash": "cd7adefd3147b3a0084affc6f1180e90355830ae",
            "author": "Luca Del Buono <luca.delbuono@gmail.com>",
            "date": "Fri Jun 14 06:36:18 2019"
        },
        {
            "title": "Merge branch 'master' into PRO-4741-Webchat-Plugin-2",
            "flags": {
                "document_upload": "removed",
                "webchat": "False"
            },
            "message": "Merge branch 'master' into PRO-4741-Webchat-Plugin-2\n",
            "hash": "50bfa96c3813cb6294860125c1740e857e01fe3b",
            "merge": "154b99ff 7ff580b5",
            "author": "Luca Del Buono <luca.delbuono@gmail.com>",
            "date": "Thu Jun 13 07:29:40 2019"
        },
        {
            "title": "Merge pull request #808 from hmcts/PRO-4081-Remove-feature-toggle-doc-upload",
            "flags": {
                "document_upload": "removed",
                "fees_api": "False"
            },
            "message": "Merge pull request #808 from hmcts/PRO-4081-Remove-feature-toggle-doc-upload\n\nPro 4081 remove feature toggle doc upload",
            "hash": "138e5796a3c380ddf1571a993c4dc54176077019",
            "merge": "031ac079 c8536caa",
            "author": "douglasrice <douglasrice@yahoo.com>",
            "date": "Thu Jun 13 05:40:18 2019"
        },
        {
            "title": "PRO-4081: Remove doc upload endpoint from config",
            "flags": {
                "document_upload": "removed"
            },
            "message": "PRO-4081: Remove doc upload endpoint from config\n\n",
            "hash": "beb440046d3241a3d4f6dfa2b6b404e6b537682c",
            "author": "meganaslattery <megan.slattery@virgin.net>",
            "date": "Tue Jun 4 07:07:30 2019"
        },
        {
            "title": "Merge branch 'master' into PRO-4741-Webchat-Plugin-2",
            "flags": {
                "webchat": "False"
            },
            "message": "Merge branch 'master' into PRO-4741-Webchat-Plugin-2\n",
            "hash": "1f1168101ed4cb27060f67b496b89a0c83c1acd7",
            "merge": "d71e3ea1 84be80d3",
            "author": "Luca Del Buono <luca.delbuono@gmail.com>",
            "date": "Tue Jun 4 04:38:45 2019"
        },
        {
            "title": "Merge branch 'master' into PRO-4741-Webchat-Plugin-2",
            "flags": {
                "fees_api": "False",
                "webchat": "False"
            },
            "message": "Merge branch 'master' into PRO-4741-Webchat-Plugin-2\n",
            "hash": "d71e3ea15f6f2a2abfbb4af41a9e80b0fcb6432d",
            "merge": "b68a7f43 59380938",
            "author": "Luca Del Buono <luca.delbuono@gmail.com>",
            "date": "Mon Jun 3 07:35:18 2019"
        },
        {
            "title": "Merge branch 'master' into feature-toggle-stub",
            "flags": {
                "fees_api": "False"
            },
            "message": "Merge branch 'master' into feature-toggle-stub\n",
            "hash": "c025ae09970711ddcd5e8f8e2cd0247b5645f05f",
            "merge": "442f6a92 59380938",
            "author": "Luca Del Buono <luca.delbuono@gmail.com>",
            "date": "Mon Jun 3 07:33:09 2019"
        },
        {
            "title": "Feature Toggles stub",
            "flags": {
                "fees_api": "False"
            },
            "message": "Feature Toggles stub\n",
            "hash": "9e87bd356940b4aa31c3da49ae62043a79a2b6c1",
            "author": "Luca Del Buono <luca.delbuono@gmail.com>",
            "date": "Mon Jun 3 06:12:45 2019"
        },
        {
            "title": "Merge branch 'master' into PRO-4741-Webchat-Plugin-2",
            "flags": {
                "fees_api": "False",
                "webchat": "False"
            },
            "message": "Merge branch 'master' into PRO-4741-Webchat-Plugin-2\n",
            "hash": "792dfe8d567fbe5abaf2b74eb0ff9a132c3c6a93",
            "merge": "59d4e8d6 b5044944",
            "author": "Luca Del Buono <luca.delbuono@gmail.com>",
            "date": "Wed May 29 11:39:22 2019"
        },
        {
            "title": "PRO-4741: Feature-Toggled Webchat",
            "flags": {
                "fees_api": "False",
                "webchat": "False"
            },
            "message": "PRO-4741: Feature-Toggled Webchat\n",
            "hash": "d2b9d6c5ae09f921596f5297dc7466ca5a699b5b",
            "author": "Luca Del Buono <luca.delbuono@gmail.com>",
            "date": "Thu May 23 05:51:43 2019"
        },
        {
            "title": "PRO-4814: pull from master",
            "flags": {
                "intestacy_questions": "False",
                "fees_api": "False"
            },
            "message": "PRO-4814: pull from master\n",
            "hash": "34c9e9319ff25737a2e407407305cdec319215ce",
            "merge": "8f8020a4 f9d8a3f5",
            "author": "ruban72 <ruban72@hotmail.com>",
            "date": "Mon Apr 29 02:33:55 2019"
        },
        {
            "title": "PRO-3779: Pull master code into branch.",
            "flags": {
                "intestacy_questions": "False",
                "fees_api": "False"
            },
            "message": "PRO-3779: Pull master code into branch.\n",
            "hash": "1f84b673a31cd8d582f62e121d1a4a7ff00460f2",
            "merge": "b361177c d0ff1441",
            "author": "Dave Jones <dave.jones@hmcts.net>",
            "date": "Thu Mar 7 09:18:58 2019"
        },
        {
            "title": "Merge branch 'master' into PRI-71-Adoption-Place",
            "flags": {
                "intestacy_questions": "False",
                "fees_api": "False"
            },
            "message": "Merge branch 'master' into PRI-71-Adoption-Place\n",
            "hash": "c6b045a67eec22c839ef019ff88bc91d0e49558b",
            "merge": "05a99a64 d0ff1441",
            "author": "Luca Del Buono <luca.delbuono@gmail.com>",
            "date": "Thu Mar 7 07:58:36 2019"
        },
        {
            "title": "PRO-4626: Place fees-related content of UK Copies and Overseas pages behind fees_api toggle",
            "flags": {
                "intestacy_questions": "False",
                "fees_api": "False"
            },
            "message": "PRO-4626: Place fees-related content of UK Copies and Overseas pages behind fees_api toggle\n",
            "hash": "7736a7c33413138cb3737c9f0bb1bdf5b8363a3f",
            "author": "Luca Del Buono <luca.delbuono@gmail.com>",
            "date": "Thu Mar 7 04:57:56 2019"
        },
        {
            "title": "PRO-4687: Place fees-related changes on Start Eligibiltity page behind fees_api toggle",
            "flags": {
                "intestacy_questions": "False",
                "fees_api": "False"
            },
            "message": "PRO-4687: Place fees-related changes on Start Eligibiltity page behind fees_api toggle\n",
            "hash": "691c377ccb0b40363b4f9d2e48002cefa4f74410",
            "author": "Luca Del Buono <luca.delbuono@gmail.com>",
            "date": "Thu Mar 7 02:57:55 2019"
        },
        {
            "title": "PRO-4886: Rename Screening Questions toggle to Intestacy Questions toggle",
            "flags": {
                "intestacy_questions": "False"
            },
            "message": "PRO-4886: Rename Screening Questions toggle to Intestacy Questions toggle\n",
            "hash": "a60768a86ed8fa16965f56da5846d9cbe668a9ab",
            "author": "Luca Del Buono <luca.delbuono@gmail.com>",
            "date": "Wed Mar 6 08:06:37 2019"
        },
        {
            "title": "PRO-4886: Create fees_api feature toggle and add it to pages where we'll use the Fees API",
            "flags": {
                "intestacy_questions": "False",
                "fees_api": "False"
            },
            "message": "PRO-4886: Create fees_api feature toggle and add it to pages where we'll use the Fees API\n",
            "hash": "d1ac46669d88cffd410f9f80e9b5a29e42331fa7",
            "author": "Luca Del Buono <luca.delbuono@gmail.com>",
            "date": "Tue Mar 5 01:54:10 2019"
        },
        {
            "title": "PRO-3779: Pulled latest changes from master.",
            "flags": {
                "screening_questions": "removed",
                "document_upload": "False",
                "intestacy_questions": "False"
            },
            "message": "PRO-3779: Pulled latest changes from master.\n",
            "hash": "bbe7245d25d6b66e2e5895a4e0d421b6da82acb9",
            "merge": "293d7f07 0ebc78e8",
            "author": "Dave Jones <dave.jones@hmcts.net>",
            "date": "Mon Feb 11 05:58:38 2019"
        },
        {
            "title": "Merge branch 'PRI-48-Deceased-Marital-Status' into PRI-62-Relationship-To-Deceased",
            "flags": {
                "document_upload": "False",
                "intestacy_questions": "False"
            },
            "message": "Merge branch 'PRI-48-Deceased-Marital-Status' into PRI-62-Relationship-To-Deceased\n",
            "hash": "3d223e0229399de2aaf8787b2688cb6950c6b02e",
            "merge": "d8c489f7 9dbd7966",
            "author": "Luca Del Buono <LucaDelBuono@users.noreply.github.com>",
            "date": "Fri Feb 1 02:44:25 2019"
        },
        {
            "title": "PRI-15: Rename feature toggle",
            "flags": {
                "intestacy_screening_questions": "removed",
                "intestacy_questions": "False"
            },
            "message": "PRI-15: Rename feature toggle\n",
            "hash": "dc795c3e421fdfbea36c37a69e7190811039bc36",
            "author": "Luca Del Buono <luca.delbuono@gmail.com>",
            "date": "Thu Jan 24 03:17:33 2019"
        },
        {
            "title": "PRI-7: Rename the intestacy screening questions toggle",
            "flags": {
                "intestacy_screening_questions": "False"
            },
            "message": "PRI-7: Rename the intestacy screening questions toggle\n",
            "hash": "f95b51ef131ef0e1fb1067ece2e9e4aa3df88758",
            "author": "Luca Del Buono <LucaDelBuono@users.noreply.github.com>",
            "date": "Wed Jan 23 04:06:58 2019"
        },
        {
            "title": "Merge branch 'PRO-3799-Code-Cleanup' into PRI-7-Intestacy-Screening-Questions",
            "flags": {
                "document_upload": "False",
                "intestacy_screening_questions": "False"
            },
            "message": "Merge branch 'PRO-3799-Code-Cleanup' into PRI-7-Intestacy-Screening-Questions\n",
            "hash": "f1f18689bd6464c6a322c8257c29a3c0e483eb15",
            "merge": "5f00aa04 60389baf",
            "author": "Luca Del Buono <luca.delbuono@gmail.com>",
            "date": "Tue Jan 15 09:07:40 2019"
        },
        {
            "title": "Merge branch 'master' into PRO-3799-Code-Cleanup",
            "flags": {
                "screening_questions": "removed"
            },
            "message": "Merge branch 'master' into PRO-3799-Code-Cleanup\n",
            "hash": "60389bafed7b3431ca297e1245ee3de8ca454f38",
            "merge": "96322a57 d251f9b4",
            "author": "Luca Del Buono <luca.delbuono@gmail.com>",
            "date": "Tue Jan 15 08:57:31 2019"
        },
        {
            "title": "Merge branch 'master' into PRO-3799-Code-Cleanup",
            "flags": {
                "screening_questions": "removed"
            },
            "message": "Merge branch 'master' into PRO-3799-Code-Cleanup\n",
            "hash": "f0e95bb6620d14d1bd0d3196c733156f9700df94",
            "merge": "7b01d481 7473867f",
            "author": "Luca Del Buono <luca.delbuono@gmail.com>",
            "date": "Fri Jan 11 02:29:34 2019"
        },
        {
            "title": "Merge branch 'master' into PRI-7-Intestacy-Screening-Questions",
            "flags": {
                "screening_questions": "removed",
                "document_upload": "False",
                "intestacy_screening_questions": "False"
            },
            "message": "Merge branch 'master' into PRI-7-Intestacy-Screening-Questions\n",
            "hash": "d7a0f7ecb4fa442bb46d222c4e84aaded205c6a9",
            "merge": "7f73ee98 d9396c36",
            "author": "Luca Del Buono <luca.delbuono@gmail.com>",
            "date": "Wed Dec 19 06:12:45 2018"
        },
        {
            "title": "Merge branch 'master' into PRO-3799-Code-Cleanup",
            "flags": {
                "screening_questions": "removed"
            },
            "message": "Merge branch 'master' into PRO-3799-Code-Cleanup\n",
            "hash": "b8c61259a79dd4dd7fe383b2aaf66b42e07acc4e",
            "merge": "72bf4527 d9396c36",
            "author": "Luca Del Buono <luca.delbuono@gmail.com>",
            "date": "Wed Dec 19 06:09:29 2018"
        },
        {
            "title": "Merge branch 'PRO-3799-Code-Cleanup' into PRI-7-Intestacy-Screening-Questions",
            "flags": {
                "document_upload": "False",
                "intestacy_screening_questions": "False"
            },
            "message": "Merge branch 'PRO-3799-Code-Cleanup' into PRI-7-Intestacy-Screening-Questions\n",
            "hash": "9cc96b233da8a1b614a6d75d3a7e272570ce1fb9",
            "merge": "1e751f7d 943dd763",
            "author": "Luca Del Buono <luca.delbuono@gmail.com>",
            "date": "Wed Dec 19 02:24:13 2018"
        },
        {
            "title": "Merge branch 'master' into PRO-3799-Code-Cleanup",
            "flags": {
                "screening_questions": "removed"
            },
            "message": "Merge branch 'master' into PRO-3799-Code-Cleanup\n",
            "hash": "395dd3a06bd96ed6db71dd57da878374c7bbd0cb",
            "merge": "16d1fbab 55860067",
            "author": "Luca Del Buono <luca.delbuono@gmail.com>",
            "date": "Wed Dec 19 01:45:59 2018"
        },
        {
            "title": "Merge branch 'PRO-3799-Code-Cleanup' into PRI-7-Intestacy-Screening-Questions",
            "flags": {
                "document_upload": "False",
                "intestacy_screening_questions": "False"
            },
            "message": "Merge branch 'PRO-3799-Code-Cleanup' into PRI-7-Intestacy-Screening-Questions\n",
            "hash": "b40061fe2b144fc328a2eb1a5437e92636484908",
            "merge": "352431a5 d30ce7f8",
            "author": "Luca Del Buono <LucaDelBuono@users.noreply.github.com>",
            "date": "Mon Dec 17 01:04:38 2018"
        },
        {
            "title": "Merge branch 'master' into PRO-3799-Code-Cleanup",
            "flags": {
                "screening_questions": "removed"
            },
            "message": "Merge branch 'master' into PRO-3799-Code-Cleanup\n",
            "hash": "d30ce7f805e1fcb824f559172efc42e5c6461abc",
            "merge": "c143716f d6cf2a76",
            "author": "Luca Del Buono <LucaDelBuono@users.noreply.github.com>",
            "date": "Mon Dec 17 01:04:07 2018"
        },
        {
            "title": "Merge branch 'master' into PRO-3799-Code-Cleanup",
            "flags": {
                "screening_questions": "removed"
            },
            "message": "Merge branch 'master' into PRO-3799-Code-Cleanup\n",
            "hash": "873c2392fac3aa5cd989e87f01efbb2210917cd3",
            "merge": "ff4f29df 853d78f7",
            "author": "Luca Del Buono <luca.delbuono@gmail.com>",
            "date": "Tue Dec 11 07:34:54 2018"
        },
        {
            "title": "Merge branch 'PRO-3799-Code-Cleanup' into PRI-7-Intestacy-Screening-Questions",
            "flags": {
                "document_upload": "False",
                "intestacy_screening_questions": "False"
            },
            "message": "Merge branch 'PRO-3799-Code-Cleanup' into PRI-7-Intestacy-Screening-Questions\n",
            "hash": "942c1f8e48ea3da742e69382fa49c4ea1b57ed30",
            "merge": "50979548 9de3b3be",
            "author": "Luca Del Buono <luca.delbuono@gmail.com>",
            "date": "Tue Dec 11 05:41:24 2018"
        },
        {
            "title": "Merge branch 'master' into PRO-3799-Code-Cleanup",
            "flags": {
                "screening_questions": "removed"
            },
            "message": "Merge branch 'master' into PRO-3799-Code-Cleanup\n",
            "hash": "9de3b3be8cc35c9e8eef43844604781e0a434243",
            "merge": "a41a5d30 0bf0093b",
            "author": "Luca Del Buono <luca.delbuono@gmail.com>",
            "date": "Tue Dec 11 05:39:10 2018"
        },
        {
            "title": "PRO-3799: Remove rogue applicant_alias toggle references",
            "flags": {
                "main_applicant_alias": "removed"
            },
            "message": "PRO-3799: Remove rogue applicant_alias toggle references\n",
            "hash": "4c41fe52389d4ca4d75c9915068ad62ed6f40ec2",
            "author": "Luca Del Buono <LucaDelBuono@users.noreply.github.com>",
            "date": "Wed Dec 5 03:17:59 2018"
        },
        {
            "title": "Merge branch 'master' into PRO-3799-Code-Cleanup",
            "flags": {
                "screening_questions": "removed",
                "main_applicant_alias": "False"
            },
            "message": "Merge branch 'master' into PRO-3799-Code-Cleanup\n",
            "hash": "038f5b20aa9fb8a24dd4686cf655cb146c950e59",
            "merge": "d2666f04 dcb66dad",
            "author": "Luca Del Buono <LucaDelBuono@users.noreply.github.com>",
            "date": "Wed Dec 5 02:54:32 2018"
        },
        {
            "title": "Merge branch 'master' into PRI-7-Intestacy-Screening-Questions",
            "flags": {
                "main_applicant_alias": "removed",
                "screening_questions": "removed",
                "document_upload": "False",
                "intestacy_screening_questions": "False"
            },
            "message": "Merge branch 'master' into PRI-7-Intestacy-Screening-Questions\n",
            "hash": "62d28ce7fe8f889d31bdb6465e8fcbd8ece121e2",
            "merge": "87cba16c 67ef8947",
            "author": "Luca Del Buono <LucaDelBuono@users.noreply.github.com>",
            "date": "Mon Dec 3 08:41:14 2018"
        },
        {
            "title": "PRO-3459: pull from origin master",
            "flags": {
                "main_applicant_alias": "removed"
            },
            "message": "PRO-3459: pull from origin master\n",
            "hash": "893943a2d973eab4a7d21f52226c9f6a89e0c1ed",
            "merge": "6466f23c 67ef8947",
            "author": "Wivenhoe-HMCTS <jason.smith@HMCTS.NET>",
            "date": "Fri Nov 30 02:13:19 2018"
        },
        {
            "title": "Merge branch 'master' into PRO-3550_DeclarationPDF",
            "flags": {
                "main_applicant_alias": "removed"
            },
            "message": "Merge branch 'master' into PRO-3550_DeclarationPDF",
            "hash": "b92716a96d3ac977f3d2074a8d897868a323b65b",
            "merge": "8b48d59e 67ef8947",
            "author": "Wivenhoe-HMCTS <43378735+Wivenhoe-HMCTS@users.noreply.github.com>",
            "date": "Fri Nov 30 01:50:24 2018"
        },
        {
            "title": "PRO-3551: Merged changes from PRO-3549 check your answers PDF.",
            "flags": {
                "main_applicant_alias": "removed"
            },
            "message": "PRO-3551: Merged changes from PRO-3549 check your answers PDF.\n",
            "hash": "1b6840f7c97be4413d8f9b6bbd0243af2f52a1b9",
            "merge": "2d7febef 6466f23c",
            "author": "Dave Jones <dave.jones@hmcts.net>",
            "date": "Wed Nov 28 01:44:31 2018"
        },
        {
            "title": "Prave pro 3966 msh test (#456)",
            "flags": {
                "main_applicant_alias": "removed"
            },
            "message": "Prave pro 3966 msh test (#456)\n\n* PRO-3966: Remove feature toggle code for Applicant Alias from codebase\r\n\t  - refactor code in steps both index files and html files\r\n\t  - refactor tests to remove redundant tests and code relating to use of toggles\r\n\t  - update test data where necessary\r\n\r\n* PRO-3966: Refactor formatName function and its caller to make it more idiomatic and readable\r\n\r\n* PRO-3966: Fix issues after merge with master\r\n\r\n* changed business service url for testing\r\n\r\n* removed lock file\r\n\r\n* PRO-3966: Fix componwent test after fixing conflicts\r\n\r\n* PRO-4163: Fixed other executor alias reasons not rendering in template\r\n\r\n* PRO-4163: Added test to applicant and executor aliases\r\n\r\n* PRO-4163: Fixed breaking change to component tests\r\n\r\n* PRO-4163: Added applicant alias test back\r\n",
            "hash": "2d7febefa9d0fb6744c7d355d310d79f1354dadb",
            "author": "reddy1praveen <32567752+reddy1praveen@users.noreply.github.com>",
            "date": "Mon Nov 26 09:18:58 2018"
        },
        {
            "title": "PRI-7: Add intestacy_screening_toggle, component tests and unit tests",
            "flags": {
                "document_upload": "False",
                "intestacy_screening_questions": "False"
            },
            "message": "PRI-7: Add intestacy_screening_toggle, component tests and unit tests\n",
            "hash": "7efe38b13353a641e76594a30f3031b875c81faa",
            "author": "Luca Del Buono <LucaDelBuono@users.noreply.github.com>",
            "date": "Thu Nov 22 09:27:39 2018"
        },
        {
            "title": "Merge branch 'PRI-32-Screening-Questions-Redirects' into PRO-3799-Code-Cleanup",
            "flags": {
                "screening_questions": "removed"
            },
            "message": "Merge branch 'PRI-32-Screening-Questions-Redirects' into PRO-3799-Code-Cleanup\n",
            "hash": "4ad493e149a0f46c1418d5089f06e6f4460e07ce",
            "merge": "bc71907f 8f2cf4ce",
            "author": "Luca Del Buono <LucaDelBuono@users.noreply.github.com>",
            "date": "Wed Nov 21 08:10:24 2018"
        },
        {
            "title": "Merge branch 'master' into PRO-3799-Code-Cleanup",
            "flags": {
                "screening_questions": "removed"
            },
            "message": "Merge branch 'master' into PRO-3799-Code-Cleanup\n",
            "hash": "654b904a62be83df8a0610d1875cf51f433252c5",
            "merge": "ea8b382c 4d7da312",
            "author": "Luca Del Buono <LucaDelBuono@users.noreply.github.com>",
            "date": "Fri Nov 9 07:25:22 2018"
        },
        {
            "title": "Merge branch 'master' into PRO-3799-Code-Cleanup",
            "flags": {
                "screening_questions": "removed"
            },
            "message": "Merge branch 'master' into PRO-3799-Code-Cleanup\n",
            "hash": "dedf3b2d92f00bf924ddc0f90bebf108e8faa1e0",
            "merge": "71142ab2 785baf16",
            "author": "Luca Del Buono <LucaDelBuono@users.noreply.github.com>",
            "date": "Wed Nov 7 01:27:27 2018"
        },
        {
            "title": "Merge branch 'master' into PRO-3799-Code-Cleanup",
            "flags": {
                "screening_questions": "removed"
            },
            "message": "Merge branch 'master' into PRO-3799-Code-Cleanup\n",
            "hash": "77785d4aad2c3542ee5d9d95563761fc32abe79b",
            "merge": "7ca631dd 6df029fb",
            "author": "Luca Del Buono <LucaDelBuono@users.noreply.github.com>",
            "date": "Mon Nov 5 03:28:54 2018"
        },
        {
            "title": "Merge branch 'master' into PRO-3799-Code-Cleanup",
            "flags": {
                "screening_questions": "removed"
            },
            "message": "Merge branch 'master' into PRO-3799-Code-Cleanup\n",
            "hash": "7ca631ddca3195145ed5b98415928f6a605d5cdd",
            "merge": "e70a52c9 67f76e1c",
            "author": "Luca Del Buono <LucaDelBuono@users.noreply.github.com>",
            "date": "Mon Nov 5 02:00:37 2018"
        },
        {
            "title": "PRO-3549 master merges",
            "flags": {
                "main_applicant_alias": "False",
                "screening_questions": "False",
                "document_upload": "False"
            },
            "message": "PRO-3549 master merges\n",
            "hash": "3e061a3deceb2acecd628b92b3807e68404a67bf",
            "merge": "75257577 d64cd884",
            "author": "ruban72 <ruban72@hotmail.com>",
            "date": "Wed Oct 17 03:26:32 2018"
        },
        {
            "title": "Merge branch 'PRO-3087-CYA-Changes' into PRO-3799-Code-Cleanup",
            "flags": {
                "screening_questions": "removed"
            },
            "message": "Merge branch 'PRO-3087-CYA-Changes' into PRO-3799-Code-Cleanup\n",
            "hash": "2df9673aed97de71704e90d655d12e4d6aee5e45",
            "merge": "5b118b38 6837a290",
            "author": "Luca Del Buono <LucaDelBuono@users.noreply.github.com>",
            "date": "Wed Oct 17 02:09:18 2018"
        },
        {
            "title": "PRO-3799: Merge PRO-3087 into PRO-3799",
            "flags": {
                "main_applicant_alias": "False",
                "screening_questions": "removed",
                "document_upload": "False"
            },
            "message": "PRO-3799: Merge PRO-3087 into PRO-3799\n",
            "hash": "b5ad1238fd0628e2674daf4f034f742e274b0503",
            "merge": "c48aa75f 944aff5b",
            "author": "Luca Del Buono <LucaDelBuono@users.noreply.github.com>",
            "date": "Thu Oct 11 09:13:08 2018"
        },
        {
            "title": "[PREVIEW] PRO-3483 Upload death certificate (#314)",
            "flags": {
                "screening_questions": "False",
                "document_upload": "False"
            },
            "message": "[PREVIEW] PRO-3483 Upload death certificate (#314)\n\n* PRO-3483: Add dropzone.js library\r\n\r\n* PRO-3483: Add document upload module\r\n\r\n* PRO-3483: Add document upload context\r\n\r\n* PRO-3483: Import document upload styles\r\n\r\n* PRO-3483: Link document upload js\r\n\r\n* PRO-3483: Add skeleton document upload service and upload document route\r\n\r\n* PRO-3483: Add document upload text\r\n\r\n* PRO-3483: Add ordered list macro\r\n\r\n* PRO-3483: Add document upload feature toggling\r\n\r\n* PRO-3483: Fixed logger typo\r\n",
            "hash": "d0bf61ead4e6160bc4e6e5b09020e6615aa68fc2",
            "author": "shepda <david@x-designs.co.uk>",
            "date": "Thu Oct 11 08:53:07 2018"
        },
        {
            "title": "Merge branch 'PRO-3087-CYA-Changes' into PRO-3799-Code-Cleanup",
            "flags": {
                "main_applicant_alias": "False",
                "screening_questions": "removed"
            },
            "message": "Merge branch 'PRO-3087-CYA-Changes' into PRO-3799-Code-Cleanup\n",
            "hash": "c48aa75f8d197db4677a5866e3098e7ad035211a",
            "merge": "7752dfe3 2bc37962",
            "author": "Luca Del Buono <LucaDelBuono@users.noreply.github.com>",
            "date": "Thu Oct 11 07:33:37 2018"
        },
        {
            "title": "PRO-3720: Merge branch 'master' into PRO-3720-Add-Eslint-Rules-Remove-Old-Esling-Config",
            "flags": {
                "main_applicant_alias": "False",
                "screening_questions": "False"
            },
            "message": "PRO-3720: Merge branch 'master' into PRO-3720-Add-Eslint-Rules-Remove-Old-Esling-Config\n",
            "hash": "4b3ce1c41acaa02739d1d7837fce27b8e8bd9263",
            "merge": "2323b560 35d780af",
            "author": "Tom Elliott <tomxelliott@hotmail.co.uk>",
            "date": "Thu Oct 11 05:41:32 2018"
        },
        {
            "title": "PRO-3083: Merge branch 'master' into PRO-3083-Reorder-Tasklist-Items",
            "flags": {
                "main_applicant_alias": "False",
                "screening_questions": "False"
            },
            "message": "PRO-3083: Merge branch 'master' into PRO-3083-Reorder-Tasklist-Items\n",
            "hash": "5f8ff8678f87d933bbb69c0e6a86a09fef23918c",
            "merge": "4ca12141 7d113d55",
            "author": "Luca Del Buono <LucaDelBuono@users.noreply.github.com>",
            "date": "Wed Oct 3 07:50:18 2018"
        },
        {
            "title": "PRO-3078: Merge branch 'master' into PRO-3078-Link-Invite-Screeners-Pages",
            "flags": {
                "main_applicant_alias": "False",
                "screening_questions": "False"
            },
            "message": "PRO-3078: Merge branch 'master' into PRO-3078-Link-Invite-Screeners-Pages\n",
            "hash": "902ad230c581c4e5303b71875f0c0bf992ca021e",
            "merge": "38877e96 a9784bb2",
            "author": "Luca Del Buono <LucaDelBuono@users.noreply.github.com>",
            "date": "Wed Oct 3 03:11:57 2018"
        },
        {
            "title": "Merge branch 'master' into PRO-3080-Reorder-Executors-Questions",
            "flags": {
                "main_applicant_alias": "False",
                "screening_questions": "False"
            },
            "message": "Merge branch 'master' into PRO-3080-Reorder-Executors-Questions\n",
            "hash": "7963943dadb26035ac3dd0d93e639c1836d85820",
            "merge": "50cd8c3e a9784bb2",
            "author": "Luca Del Buono <LucaDelBuono@users.noreply.github.com>",
            "date": "Tue Oct 2 08:23:05 2018"
        },
        {
            "title": "Merge branch 'PRO-3078-Link-Invite-Screeners-Pages' into PRO-1926-Reorder-Deceased-Questions",
            "flags": {
                "main_applicant_alias": "False",
                "screening_questions": "False"
            },
            "message": "Merge branch 'PRO-3078-Link-Invite-Screeners-Pages' into PRO-1926-Reorder-Deceased-Questions\n",
            "hash": "c3e7f41142991534532fa423fbb4b7d5896b9b06",
            "merge": "a9784bb2 38877e96",
            "author": "Luca Del Buono <LucaDelBuono@users.noreply.github.com>",
            "date": "Tue Oct 2 07:47:09 2018"
        },
        {
            "title": "Merge branch 'master' into PRO-3087-CYA-Changes",
            "flags": {
                "main_applicant_alias": "False",
                "screening_questions": "False"
            },
            "message": "Merge branch 'master' into PRO-3087-CYA-Changes\n",
            "hash": "fbcb024520b70ecfabed2be2131637ec287bb916",
            "merge": "0d403a97 a9784bb2",
            "author": "Luca Del Buono <LucaDelBuono@users.noreply.github.com>",
            "date": "Tue Oct 2 06:50:14 2018"
        },
        {
            "title": "PRO-3078: clean up code according to PR",
            "flags": {
                "screening_questions_toggle": "removed",
                "screening_questions": "False"
            },
            "message": "PRO-3078: clean up code according to PR\n",
            "hash": "15893a99ac8adafdbe5b5498baf411be7044afd4",
            "author": "Luca Del Buono <LucaDelBuono@users.noreply.github.com>",
            "date": "Mon Oct 1 05:05:50 2018"
        },
        {
            "title": "PRO-3799: Remove old duplicate question and screening questions feature toggle",
            "flags": {
                "main_applicant_alias": "False",
                "screening_questions": "removed"
            },
            "message": "PRO-3799: Remove old duplicate question and screening questions feature toggle\n\nThis basically finalises the new flow\n",
            "hash": "87c284272cc356ead4d0ed39d0cbb563ccbcb70e",
            "author": "Luca Del Buono <LucaDelBuono@users.noreply.github.com>",
            "date": "Thu Sep 27 04:49:38 2018"
        },
        {
            "title": "PRO-1926: reorder questions about the person who died",
            "flags": {
                "screening_questions_toggle": "removed",
                "screening_questions": "False"
            },
            "message": "PRO-1926: reorder questions about the person who died\n",
            "hash": "8999ee6daf14a4ac5a5af5fe9f8af4e100296d37",
            "author": "Luca Del Buono <LucaDelBuono@users.noreply.github.com>",
            "date": "Thu Sep 20 07:06:01 2018"
        },
        {
            "title": "Merge branch 'master' of github.com:hmcts/probate-frontend into PRO-2344-Call-Submit-Service-For-Updating-CCD",
            "flags": {
                "fe_shutter_toggle": "False",
                "main_applicant_alias": "False"
            },
            "message": "Merge branch 'master' of github.com:hmcts/probate-frontend into PRO-2344-Call-Submit-Service-For-Updating-CCD\n\n# Conflicts:\n#\tapp/config.js\n",
            "hash": "1caa8187b0e490aa58a8a5420706cef28a7cf040",
            "merge": "8a05b1e1 55400afd",
            "author": "Dhruv Patel <dhruv.patel20@gmail.com>",
            "date": "Thu Sep 20 04:57:50 2018"
        },
        {
            "title": "PRO-3078: Implement FT on Screeners questions and Tasklist",
            "flags": {
                "main_applicant_alias": "False",
                "screening_questions_toggle": "False"
            },
            "message": "PRO-3078: Implement FT on Screeners questions and Tasklist\n",
            "hash": "d7d654bd751613fbc8a108a69dc6559065f6ea8f",
            "author": "Luca Del Buono <LucaDelBuono@users.noreply.github.com>",
            "date": "Thu Sep 20 02:06:32 2018"
        },
        {
            "title": "Merge pull request #261 from hmcts/PRO-3379-Stop-Pages-Content-Change",
            "flags": {
                "fe_shutter_toggle": "False",
                "main_applicant_alias": "False"
            },
            "message": "Merge pull request #261 from hmcts/PRO-3379-Stop-Pages-Content-Change\n\n[PREVIEW]  PRO-3379: Amend the content on the Stop Pages",
            "hash": "758b6d7079c48c07d441e5a6bb2a0417d330fa9d",
            "merge": "8be940d1 9c1399a8",
            "author": "douglasrice <douglasrice@yahoo.com>",
            "date": "Mon Sep 17 06:23:51 2018"
        },
        {
            "title": "Merge branch 'master' into PRO-3379-Stop-Pages-Content-Change",
            "flags": {
                "fe_shutter_toggle": "False"
            },
            "message": "Merge branch 'master' into PRO-3379-Stop-Pages-Content-Change\n",
            "hash": "c2d615bd732bc263dbdb3563feed400d2ad2e6eb",
            "merge": "139e5a92 c07f7aa3",
            "author": "Luca Del Buono <LucaDelBuono@users.noreply.github.com>",
            "date": "Fri Sep 14 05:14:49 2018"
        },
        {
            "title": "Merge branch 'master' into PRO-3070-Deceased-Lived-In-England-Or-Wales",
            "flags": {
                "fe_shutter_toggle": "False"
            },
            "message": "Merge branch 'master' into PRO-3070-Deceased-Lived-In-England-Or-Wales\n",
            "hash": "62b0f5cd3b28b2c70b888459d73175cd298f8270",
            "merge": "77b284ef d232ae31",
            "author": "Luca Del Buono <LucaDelBuono@users.noreply.github.com>",
            "date": "Fri Sep 14 02:46:02 2018"
        },
        {
            "title": "PRO-3207: Add feature toggle for main applicant alias",
            "flags": {
                "fe_shutter_toggle": "False",
                "main_applicant_alias": "False"
            },
            "message": "PRO-3207: Add feature toggle for main applicant alias\n",
            "hash": "83c56046ef861c612118d9ef290346d20a2aa96b",
            "author": "shepda <david@x-designs.co.uk>",
            "date": "Thu Sep 6 01:53:59 2018"
        },
        {
            "title": "Merge branch 'master' of github.com:hmcts/probate-frontend into PRO-2344-Call-Submit-Service-For-Updating-CCD",
            "flags": {
                "fe_shutter_toggle": "False"
            },
            "message": "Merge branch 'master' of github.com:hmcts/probate-frontend into PRO-2344-Call-Submit-Service-For-Updating-CCD\n\n# Conflicts:\n#\tinfrastructure/sprod.tfvars\n",
            "hash": "8693fd748bba8689f1f3556798027c4d64886aa1",
            "merge": "e3d3b048 629f3592",
            "author": "Dhruv Patel <dhruv.patel20@gmail.com>",
            "date": "Wed Sep 5 08:51:10 2018"
        },
        {
            "title": "PRO-3320 Added feature toogle API",
            "flags": {
                "fe_shutter_toggle": "False",
                "frontend_demo": "removed"
            },
            "message": "PRO-3320 Added feature toogle API\n",
            "hash": "ef13c634e18546ac4ced1bb20b4991825a761aac",
            "author": "praveenr <praveen.moj@gmail.com>",
            "date": "Wed Sep 5 05:49:48 2018"
        },
        {
            "title": "PRO-3320 Added feature toogle API",
            "flags": {
                "fe_shutter_toggle": "False",
                "frontend_demo": "False"
            },
            "message": "PRO-3320 Added feature toogle API\n",
            "hash": "535da01da5a83f8bb6e6d46f1b13dbc66e1c3b1e",
            "author": "praveenr <praveen.moj@gmail.com>",
            "date": "Wed Sep 5 05:04:51 2018"
        }
    ]
}