{
    "id": 129219332,
    "node_id": "MDEwOlJlcG9zaXRvcnkxMjkyMTkzMzI=",
    "name": "probate-frontend",
    "full_name": "hmcts/probate-frontend",
    "private": false,
    "description": null,
    "fork": false,
    "created_at": "2018-04-12T08:33:55Z",
    "updated_at": "2019-12-18T14:40:53Z",
    "pushed_at": "2019-12-20T14:25:07Z",
    "homepage": null,
    "size": 24451,
    "stargazers_count": 0,
    "watchers_count": 0,
    "language": "JavaScript",
    "has_issues": true,
    "has_projects": true,
    "has_downloads": true,
    "has_wiki": true,
    "has_pages": false,
    "forks_count": 4,
    "archived": false,
    "disabled": false,
    "open_issues_count": 33,
    "forks": 4,
    "open_issues": 33,
    "watchers": 0,
    "default_branch": "master",
    "temp_clone_token": "",
    "network_count": 4,
    "subscribers_count": 17,
    "languages": {
        "JavaScript": 2061064,
        "HTML": 270603,
        "HCL": 30257,
        "CSS": 11943,
        "Groovy": 10484,
        "Shell": 4817,
        "Dockerfile": 1137
    }
}