{
    "id": 109575530,
    "node_id": "MDEwOlJlcG9zaXRvcnkxMDk1NzU1MzA=",
    "name": "launchpad",
    "full_name": "live-clones/launchpad",
    "private": false,
    "description": "Clone of Launchpad itself https://code.launchpad.net/launchpad/+git",
    "fork": false,
    "created_at": "2017-11-05T12:00:07Z",
    "updated_at": "2019-12-20T17:09:26Z",
    "pushed_at": "2019-12-20T17:09:22Z",
    "homepage": null,
    "size": 181229,
    "stargazers_count": 0,
    "watchers_count": 0,
    "language": "Python",
    "has_issues": false,
    "has_projects": false,
    "has_downloads": true,
    "has_wiki": false,
    "has_pages": false,
    "forks_count": 1,
    "archived": false,
    "disabled": false,
    "open_issues_count": 0,
    "forks": 1,
    "open_issues": 0,
    "watchers": 0,
    "default_branch": "master",
    "temp_clone_token": "",
    "network_count": 1,
    "subscribers_count": 1,
    "languages": {
        "Python": 29135459,
        "TSQL": 3546912,
        "JavaScript": 2833160,
        "PLpgSQL": 1116402,
        "HTML": 1042694,
        "PLSQL": 218202,
        "CSS": 121731,
        "XSLT": 50694,
        "Shell": 30087,
        "Makefile": 28706,
        "SQLPL": 16830,
        "mIRC Script": 11295,
        "Perl": 7712,
        "Roff": 551
    }
}