{
    "date": "2019-12-20T18:23:52.364454",
    "commits": [
        {
            "title": "Merge \"Modify CTSVerifier FeatureSummaryActivity test for television device type.\" into nougat-mr1-cts-dev",
            "flags": {
                "PackageManager.FEATURE_VULKAN_HARDWARE_COMPUTE": "False",
                "android.hardware.telephony.carrierlock": "False",
                "PackageManager.FEATURE_WIFI_AWARE": "False",
                "PackageManager.FEATURE_EMBEDDED": "False",
                "PackageManager.FEATURE_COMPANION_DEVICE_SETUP": "False",
                "PackageManager.FEATURE_ACTIVITIES_ON_SECONDARY_DISPLAYS": "False",
                "PackageManager.FEATURE_VR_HEADTRACKING": "False",
                "android.software.cts": "False"
            },
            "message": "Merge \"Modify CTSVerifier FeatureSummaryActivity test for television device type.\" into nougat-mr1-cts-dev\nam: 2577c0a9be [formerly dbc4ac97c9]\n\nChange-Id: I25f0edfcd64ccfe113688567b23cbdcaaa7495ca\n\nFormer-commit-id: a42ddd6aba88fb354bc3ace37570d3da55dc5caf",
            "hash": "c9da812b9100175fbba0102c601e5af4787e4bf6",
            "merge": "d5fcbbb1df 2577c0a9be",
            "author": "Do Thu Nga",
            "date": "Wed Nov 21 11:39:43 2018"
        },
        {
            "title": "Adding support for File based encyrption to CTS Verfier",
            "flags": {
                "android.software.file_based_encryption": "False"
            },
            "message": "Adding support for File based encyrption to CTS Verfier\n\nThis is adding in N and CTS Verfier is not updated. Adding\nthe support for  PackageManager.FEATURE_FILE_BASED_ENCRYPTION.\n\nBug: 34281592\nBug: 32376236\nChange-Id: Ic80fd6da0842d439846157a3b89c9bf1d7b40e6b\nSigned-off-by: Raj Mamadgi\n\nFormer-commit-id: a34b616eda03d3dc9b22e49afe0d9235dafd784e",
            "hash": "661b9cc6fbdedec37f2c0e2167d324e9b57039cf",
            "author": "Raj Mamadgi",
            "date": "Fri Jan 13 14:56:57 2017"
        },
        {
            "title": "Remove Verifier FeatureSummaryActivity test",
            "flags": {
                "android.software.file_based_encryption": "False",
                "PackageManager.FEATURE_VULKAN_HARDWARE_COMPUTE": "False",
                "android.hardware.telephony.carrierlock": "False",
                "PackageManager.FEATURE_WIFI_AWARE": "False",
                "PackageManager.FEATURE_EMBEDDED": "False",
                "PackageManager.FEATURE_COMPANION_DEVICE_SETUP": "False",
                "PackageManager.FEATURE_ACTIVITIES_ON_SECONDARY_DISPLAYS": "False",
                "PackageManager.FEATURE_VR_HEADTRACKING": "False",
                "android.software.cts": "False"
            },
            "message": "Remove Verifier FeatureSummaryActivity test\n\nBug: 37209545\nBug: 32623760\nTest: Build CTS & Run Verifier\nChange-Id: I2384e5c7a861c8b8eb0211c1d1e231850aab7400\n\nFormer-commit-id: 704a2c0a7c29994c37ff7284e2079818ddeaf4f8",
            "hash": "0ee30baae51df84fc93c3b92651a8333809f29e5",
            "author": "Sam Lin",
            "date": "Tue Apr 11 13:31:04 2017"
        },
        {
            "title": "Fix for FeatureSummaryActivity#Hardware/Software Feature Summary",
            "flags": {
                "PackageManager.FEATURE_FREEFORM_WINDOW_MANAGEMENT": "False"
            },
            "message": "Fix for FeatureSummaryActivity#Hardware/Software Feature Summary\n\nNew feature is added in N, FEATURE_FREEFORM_WINDOW_MANAGEMENT.\nAdding it to the test.\n\nb/31690716\n\nChange-Id: Ia2406059f4b615bbd7720f38b11d867752b00eb4\nSigned-off-by: Raj Mamadgi\n\nFormer-commit-id: 114727f0b8871dce2d6a4e04bbf7ce408071fc85",
            "hash": "158229b8eca8c4ec79c1eb1964db66e75afce008",
            "author": "Raj Mamadgi",
            "date": "Thu Sep 22 18:24:58 2016"
        },
        {
            "title": "Add FEATURE_PICTURE_IN_PICTURE to the NYC feature list",
            "flags": {
                "PackageManager.FEATURE_PICTURE_IN_PICTURE": "False"
            },
            "message": "Add FEATURE_PICTURE_IN_PICTURE to the NYC feature list\n\nBug: 30184025\nChange-Id: I21e5b4a26c30c0699f18295fa7e644bef4d20faa\n(cherry picked from commit 126d4bb0e87b4a7cd4562ce3f89de08b24339e08 [formerly 8ac8353376b0cc570c87e53480da5557ca709aab])\n\nFormer-commit-id: 23e8992e8138b6d563b362e5fedbbbac6c3e6508",
            "hash": "fbe41361f7653959f1471b81a670c5faada2197d",
            "author": "Jaewan Kim",
            "date": "Mon Jul 18 21:48:26 2016"
        },
        {
            "title": "Add FEATURE_PICTURE_IN_PICTURE to the NYC feature list",
            "flags": {
                "PackageManager.FEATURE_PICTURE_IN_PICTURE": "False"
            },
            "message": "Add FEATURE_PICTURE_IN_PICTURE to the NYC feature list\n\nBug: 30184025\nChange-Id: I21e5b4a26c30c0699f18295fa7e644bef4d20faa\n\nFormer-commit-id: 8ac8353376b0cc570c87e53480da5557ca709aab",
            "hash": "126d4bb0e87b4a7cd4562ce3f89de08b24339e08",
            "author": "Jaewan Kim",
            "date": "Mon Jul 18 21:48:26 2016"
        },
        {
            "title": "Update features list for CTS Verifier tests.",
            "flags": {
                "PackageManager.FEATURE_VR_MODE": "False",
                "PackageManager.FEATURE_VR_MODE_HIGH_PERFORMANCE": "False",
                "PackageManager.FEATURE_VULKAN_HARDWARE_VERSION": "False",
                "PackageManager.FEATURE_VULKAN_HARDWARE_LEVEL": "False",
                "PackageManager.FEATURE_NFC_HOST_CARD_EMULATION_NFCF": "False"
            },
            "message": "Update features list for CTS Verifier tests.\n\nBUG=28432340\n\nChange-Id: Ia5e57ff753f8f8c15be0092fbd8470249737ed93\n\nFormer-commit-id: 489eca42987045a06a8b53f602dac793289fcc3c",
            "hash": "c90c5128bc0ceb569dac7272fc6c5ec7f021b551",
            "author": "Daniel Xie",
            "date": "Wed Jun 22 11:32:30 2016"
        },
        {
            "title": "CTS fix: add missing feature flags for API 23",
            "flags": {
                "PackageManager.FEATURE_AUTOMOTIVE": "False",
                "PackageManager.FEATURE_HIFI_SENSORS": "False"
            },
            "message": "CTS fix: add missing feature flags for API 23\n\nMissing FEATURE_HIFI_SENSORS and FEATURE_AUTOMOTIVE\nadded as legit feature flags\n\nBug: 23186054\n\nChange-Id: I2c1e74559b553aacbb26f3783fbba113c9adf10d\n",
            "hash": "d0bdc3ce3d658ad6a5fa6665459b53ad974873a1",
            "author": "Unsuk Jung",
            "date": "Thu Dec 10 13:18:06 2015"
        },
        {
            "title": "Add fingerprint feature to cts verifier app",
            "flags": {
                "PackageManager.FEATURE_FINGERPRINT": "False"
            },
            "message": "Add fingerprint feature to cts verifier app\n\nFixes bug 25457340\n\nChange-Id: Ib83dbc1f40da0e5df6309608607f272419d042d7\n",
            "hash": "fc56b9bcc91aa505af4fd3423f1bb88c13241108",
            "author": "Jim Miller",
            "date": "Fri Nov 13 16:49:44 2015"
        },
        {
            "title": "Squashed mnc-dev changes:",
            "flags": {
                "PackageManager.FEATURE_AUDIO_PRO": "False"
            },
            "message": "Squashed mnc-dev changes:\n\nThis contains all of the changes from b54aa51 to\n791e51a on mnc-dev, except the changes\nto tests/tests/security.\n\nBug: 24846656\nChange-Id: I01f53a1a238ac49f86928e0e22796dc73e0e34af\n",
            "hash": "a41d49723a200eec6af9c9504a961cb2df306295",
            "author": "Daniel Xie",
            "date": "Mon Oct 19 15:35:16 2015"
        },
        {
            "title": "Do not complain about presence of pro audio feature",
            "flags": {
                "PackageManager.FEATURE_AUDIO_PRO": "False"
            },
            "message": "Do not complain about presence of pro audio feature\n\nBug: 23902119\nChange-Id: I14de578989f15fe1acc78e0dd008aa49f303ee79\n",
            "hash": "5e90c8f350ec6be502ab9b28d058f984a54d3d04",
            "author": "Glenn Kasten",
            "date": "Fri Aug 28 14:50:10 2015"
        },
        {
            "title": "Add MIDI feature to MNC section",
            "flags": {
                "PackageManager.FEATURE_MIDI": "False"
            },
            "message": "Add MIDI feature to MNC section\n\nBug: 22778747\nChange-Id: I2b817a6372ed199f74e6e9664ec89413f50eb172\n",
            "hash": "aca0203f6e32d72210079ec3a9028d2288617cad",
            "author": "Glenn Kasten",
            "date": "Thu Jul 30 08:02:52 2015"
        },
        {
            "title": "Fixed issue where location from network feature was not properly ignored.",
            "flags": {
                "PackageManager.FEATURE_LOCATION_NETWORK": "False"
            },
            "message": "Fixed issue where location from network feature was not properly ignored.\n\nBug: 18732559\nChange-Id: I10242de8c772d05036237c0b05de62c1288ccb25\n",
            "hash": "9c418157014d26e2dfd8a002e35a0e9a62db3caa",
            "author": "Michael Kwan",
            "date": "Tue Feb 10 16:19:21 2015"
        },
        {
            "title": "Explicitly call out FEATURE_LOCATION_NETWORK as optional",
            "flags": {
                "PackageManager.FEATURE_LOCATION_NETWORK": "False"
            },
            "message": "Explicitly call out FEATURE_LOCATION_NETWORK as optional\n\nBug: 18573037\nChange-Id: Ic1ad8178d26fd84d4f44a7222fcccc234fd02f76\n",
            "hash": "c6f34c795540acb8d8c65d8e98256b06728ec13b",
            "author": "Unsuk Jung",
            "date": "Tue Dec 9 11:51:27 2014"
        },
        {
            "title": "Allow hidden features in L to not fail the features CTS verifier test",
            "flags": {
                "android.hardware.hdmi.cec": "False",
                "android.software.leanback_only": "False",
                "android.software.voice_recognizers": "False"
            },
            "message": "Allow hidden features in L to not fail the features CTS verifier test\n\nFollowing features was added as hidden\n\nandroid.hardware.hdmi.cec\nandroid.software.leanback_only\nandroid.software.voice_recognizers\n\nSo while this is not meant to be used by 3rd-party apps, it could be declared by devices\n\nBug: 17579748\nChange-Id: I0324ad8d59811a4569842fae712875176f71805c\n",
            "hash": "0f0a2c2bb074a3e9df821d87ed73565dc3900408",
            "author": "Unsuk Jung",
            "date": "Thu Nov 6 12:57:29 2014"
        },
        {
            "title": "Add Features expected in Lolliop and Kitkat Watch platform versions",
            "flags": {
                "PackageManager.FEATURE_FAKETOUCH": "False",
                "PackageManager.FEATURE_BACKUP": "False",
                "PackageManager.FEATURE_PRINTING": "False",
                "PackageManager.FEATURE_WATCH": "False",
                "PackageManager.FEATURE_WEBVIEW": "False",
                "PackageManager.FEATURE_CAMERA_EXTERNAL": "False",
                "PackageManager.FEATURE_AUDIO_OUTPUT": "False",
                "PackageManager.FEATURE_CAMERA_CAPABILITY_MANUAL_POST_PROCESSING": "False",
                "PackageManager.FEATURE_CAMERA_CAPABILITY_MANUAL_SENSOR": "False",
                "PackageManager.FEATURE_CAMERA_CAPABILITY_RAW": "False",
                "PackageManager.FEATURE_CAMERA_LEVEL_FULL": "False",
                "PackageManager.FEATURE_CONNECTION_SERVICE": "False",
                "PackageManager.FEATURE_GAMEPAD": "False",
                "PackageManager.FEATURE_LEANBACK": "False",
                "PackageManager.FEATURE_LIVE_TV": "False",
                "PackageManager.FEATURE_MANAGED_USERS": "False",
                "PackageManager.FEATURE_OPENGLES_EXTENSION_PACK": "False",
                "PackageManager.FEATURE_SECURELY_REMOVES_USERS": "False",
                "PackageManager.FEATURE_SENSOR_AMBIENT_TEMPERATURE": "False",
                "PackageManager.FEATURE_SENSOR_RELATIVE_HUMIDITY": "False",
                "PackageManager.FEATURE_VERIFIED_BOOT": "False",
                "android.software.backup": "removed",
                "android.software.print": "removed"
            },
            "message": "Add Features expected in Lolliop and Kitkat Watch platform versions\n\nWe're missing in CTS verifier a few newly added features in API level 20 and 21.\nAlso added a new hidden feature to the list so that it does not complain.\n\nAlso made faketouch optional, which should have been the case since Android 4.1\n\nBug: 17579748\nChange-Id: I50c1a4cc227e5085b2cb8d193d3953ccc461da84\n",
            "hash": "3a553576f56b745cf925f2aa8ceaa4df9f4ea5dd",
            "author": "Unsuk Jung",
            "date": "Tue Nov 4 16:59:14 2014"
        },
        {
            "title": "Add CtsVerifier's initial support for Android TV (LEANBACK_LAUNCHER category).",
            "flags": {
                "android.hardware.ethernet": "False",
                "android.software.backup": "False",
                "android.software.print": "False"
            },
            "message": "Add CtsVerifier's initial support for Android TV (LEANBACK_LAUNCHER category).\nAlso make some features that are not strictly required in L optional; this is\nmainly for ATV/Leanback.\n\nTested on:\n- ADT-1\n- Nexus 4\n- Sharp development TV\n\nBug: 17570665\nChange-Id: I6879db893268ffa2f2925a906aa86eb6ef7e0476\n",
            "hash": "fc78f47ca805adec2c123c02c1028bec73726bda",
            "author": "Takayuki Hoshi",
            "date": "Tue Sep 30 09:06:54 2014"
        },
        {
            "title": "Modifying CTS for new ECG feature",
            "flags": {
                "PackageManager.FEATURE_SENSOR_HEART_RATE_ECG": "False"
            },
            "message": "Modifying CTS for new ECG feature\n\nChange-Id: Iee0ec3dc15e9b940b8ac34617ed48deb6e0248d1\n",
            "hash": "9a277c86c89c8d1f7c6213baae04ea2332696b6a",
            "author": "Vinod Krishnan",
            "date": "Tue Aug 19 14:17:39 2014"
        },
        {
            "title": "Adding CTS and CTS Verifier for Heart Rate",
            "flags": {
                "PackageManager.FEATURE_SENSOR_HEART_RATE": "False"
            },
            "message": "Adding CTS and CTS Verifier for Heart Rate\n\nBug: 14140142\n\nChange-Id: I2800ee254a92193c4aac64e87c26629a2c5ddd00\n",
            "hash": "20d6725c3a0fe5bd535115efeeec22986f17ee48",
            "author": "Vinod Krishnan",
            "date": "Wed Apr 30 11:12:01 2014"
        },
        {
            "title": "Add uses-feature strings from KitKat",
            "flags": {
                "PackageManager.FEATURE_CONSUMER_IR": "False",
                "PackageManager.FEATURE_DEVICE_ADMIN": "False",
                "PackageManager.FEATURE_SENSOR_STEP_COUNTER": "False",
                "PackageManager.FEATURE_SENSOR_STEP_DETECTOR": "False"
            },
            "message": "Add uses-feature strings from KitKat\n\nBug:11451459\n\nChange-Id: Icf03f6bfb84eb605f0f87b52857fb87283992bf1\n",
            "hash": "d58c0295e61312bc8f00f385b82a5cdc19bb7b74",
            "author": "Madan Ankapura",
            "date": "Sun Nov 3 23:42:34 2013"
        },
        {
            "title": "Add HCE feature to allowed features for KitKat.",
            "flags": {
                "PackageManager.FEATURE_NFC_HOST_CARD_EMULATION": "False"
            },
            "message": "Add HCE feature to allowed features for KitKat.\n\nChange-Id: Ia12f7b96e6f5f767108c8095e4133ec2d88b3e3c\n",
            "hash": "9f342d3363235f43c1b2ce2c8b4f6a24e917212f",
            "author": "Martijn Coenen",
            "date": "Fri Oct 25 13:59:50 2013"
        },
        {
            "title": "am a7f8c9fb: am 5c0b5d86: Cherry-pick from AOSP. According to CDD, the usb accessory feature is not mandatory.",
            "flags": {
                "android.hardware.usb.accessory": "False",
                "PackageManager.FEATURE_CAMERA_ANY": "removed",
                "android.software.app_widgets": "False",
                "android.software.input_methods": "False",
                "android.software.home_screen": "False",
                "android.hardware.bluetooth_le": "False",
                "android.hardware.camera.any": "False"
            },
            "message": "am a7f8c9fb: am 5c0b5d86: Cherry-pick from AOSP. According to CDD, the usb accessory feature is not mandatory.\n\n* commit 'a7f8c9fb2202fe31d8b7f08a244cca454cd68cbe':\n  Cherry-pick from AOSP. According to CDD, the usb accessory feature is not mandatory.\n",
            "hash": "0e3dabf9c208a198f5646898d7589497f9f5a215",
            "merge": "10cc7119b9 a7f8c9fb22",
            "author": "Kent Cheng",
            "date": "Wed Oct 2 10:16:49 2013"
        },
        {
            "title": "Cherry-pick from AOSP. According to CDD, the usb accessory feature is not mandatory.",
            "flags": {
                "android.hardware.usb.accessory": "False"
            },
            "message": "Cherry-pick from AOSP. According to CDD, the usb accessory feature is not mandatory.\n\nBug: 9352163\n\nCTS verifier should suppose usb accessory is optional to avoid\nFAIL on device which doesn't support USB host.\n\nChange-Id: I2e61024071277f5aaa2fa8abd55a8a2b56e9d4d6\n",
            "hash": "5c0b5d865ae2738004bb8b645091351ca535e2ae",
            "author": "Kent Cheng",
            "date": "Wed Aug 7 03:13:26 2013"
        },
        {
            "title": "JB-MR2 features updated",
            "flags": {
                "android.software.input_methods": "False",
                "android.hardware.camera.any": "False"
            },
            "message": "JB-MR2 features updated\n\tmodified:   FeatureSummaryActivity.java\n\nChange-Id: Ie7c2e0bbb6b6e4746d3de7270a1fcb62ce008c28\n",
            "hash": "d8716c949562d4b43bceb3f6e5c5bbd01e470783",
            "author": "Guru Nagarajan",
            "date": "Fri Jul 26 15:55:54 2013"
        },
        {
            "title": "Added JB-MR2 features for CTS Verifier",
            "flags": {
                "android.software.app_widgets": "False",
                "android.software.home_screen": "False",
                "android.hardware.bluetooth_le": "False"
            },
            "message": "Added JB-MR2 features for CTS Verifier\n\tmodified:   FeatureSummaryActivity.java\n\nChange-Id: I0d11f965e359fccf3bba1147110a288b1b9f3564\n",
            "hash": "dcaa4d5eaa62b3f580037d0fd433335dd0287d48",
            "author": "Guru Nagarajan",
            "date": "Mon Jul 22 13:48:42 2013"
        },
        {
            "title": "DO NOT MERGE Add missing features of JB and JB MR1",
            "flags": {
                "PackageManager.FEATURE_CAMERA_ANY": "False"
            },
            "message": "DO NOT MERGE Add missing features of JB and JB MR1\n\nThis is already merged into master.\n\nChange-Id: I53f01b14c7247c8f68f6cd4e6cdd4bf64d32ea75\nSigned-off-by: Leo Liao\n",
            "hash": "c984699addd4e4e25ceac2f9221c54c81be5ba9a",
            "author": "Leo Liao",
            "date": "Tue Jan 29 18:23:14 2013"
        },
        {
            "title": "Add missing features of JELLY_BEAN to feature list",
            "flags": {
                "PackageManager.FEATURE_TELEVISION": "False"
            },
            "message": "Add missing features of JELLY_BEAN to feature list\n\nChange-Id: I53f01b14c7247c8f68f6cd4e6cdd4bf64d32ea75\nSigned-off-by: Leo Liao\n",
            "hash": "0801e93878b41a5c89f7921112d124a1d93eab9b",
            "author": "Leo Liao",
            "date": "Tue Jan 29 18:23:14 2013"
        },
        {
            "title": "Add missing features of JELLY_BEAN and JELLY_BEAN_MR1 to feature summary list",
            "flags": {
                "PackageManager.FEATURE_TELEVISION": "False",
                "PackageManager.FEATURE_CAMERA_ANY": "False"
            },
            "message": "Add missing features of JELLY_BEAN and JELLY_BEAN_MR1 to feature summary list\n\nChange-Id: I53f01b14c7247c8f68f6cd4e6cdd4bf64d32ea75\nSigned-off-by: Leo Liao\n",
            "hash": "62cd9f5c10470150d5b96f4f555c539a2a670713",
            "author": "Leo Liao",
            "date": "Tue Jan 29 18:23:14 2013"
        },
        {
            "title": "Missing Commits from ICS MR1",
            "flags": {
                "PackageManager.FEATURE_WIFI_DIRECT": "False"
            },
            "message": "Missing Commits from ICS MR1\n\nI did a manual diff, and here are some changes that got lost...\n\nChange-Id: I6a8c052629085dde78ad95c2407c349e4e43db71\n",
            "hash": "278962c83d740b95939de690b01dffeb83b2d834",
            "author": "Brian Muramatsu",
            "date": "Thu Jan 19 17:37:38 2012"
        },
        {
            "title": "Update CTS Verifier Feature Summary",
            "flags": {
                "PackageManager.FEATURE_WIFI_DIRECT": "False"
            },
            "message": "Update CTS Verifier Feature Summary\n\nAdd WiFi Direct as not required.\n\nChange-Id: I65e568378f84fe583a0703dbc1e57fcd0d765f8c\n",
            "hash": "784f1d959bdfb31c9ca9bd9c23c59bc710801c84",
            "author": "Brian Muramatsu",
            "date": "Fri Oct 21 14:12:50 2011"
        },
        {
            "title": "Merge remote branch 'goog/honeycomb-mr1' into manualmerge",
            "flags": {
                "android.hardware.usb.accessory": "True",
                "android.hardware.touchscreen": "False",
                "android.hardware.faketouch.multitouch.distinct": "False",
                "android.hardware.faketouch.multitouch.jazzhand": "False",
                "android.hardware.screen.landscape": "False",
                "android.hardware.screen.portrait": "False"
            },
            "message": "Merge remote branch 'goog/honeycomb-mr1' into manualmerge\n\nConflicts:\n\tapps/CtsVerifier/AndroidManifest.xml\n\nChange-Id: Idae96c502113b2bcd1e4a63c702f9b7f105133f5\n",
            "hash": "3fafc674364284016cd03d68f6633cd18691b76a",
            "merge": "20abc2a305 446004f35d",
            "author": "Brian Muramatsu",
            "date": "Wed Aug 3 11:15:58 2011"
        },
        {
            "title": "Require USB Accessory Features",
            "flags": {
                "android.hardware.usb.accessory": "True"
            },
            "message": "Require USB Accessory Features\n\nBug 5035596\n\nChange-Id: Ifcf22f2c30c78d49b57105975eac237a667e1bbf\n",
            "hash": "92304b827eb72b062e24631a11dddec5a1494bf7",
            "author": "Brian Muramatsu",
            "date": "Tue Aug 2 11:51:24 2011"
        },
        {
            "title": "Merge remote branch 'goog/honeycomb' into manualmerge",
            "flags": {
                "android.hardware.touchscreen": "False",
                "android.hardware.usb.host": "False",
                "android.hardware.usb.accessory": "False"
            },
            "message": "Merge remote branch 'goog/honeycomb' into manualmerge\n",
            "hash": "88d1e1137f1e7836bf585621010c04773382a309",
            "merge": "a3cdc70dcf 30e241ce64",
            "author": "Brian Muramatsu",
            "date": "Mon Aug 1 17:30:29 2011"
        },
        {
            "title": "Don't Require Touch Screen Feature",
            "flags": {
                "android.hardware.touchscreen": "False"
            },
            "message": "Don't Require Touch Screen Feature\n\nBug 5104638\n\nChange-Id: I659798d08bfb5b1d9d98d38dea54acafc75a1960\n",
            "hash": "30e241ce6477a768ff954d1439a5df546c376994",
            "author": "Brian Muramatsu",
            "date": "Mon Aug 1 16:07:47 2011"
        },
        {
            "title": "Merge remote branch 'goog/honeycomb' into HEAD",
            "flags": {
                "android.hardware.usb.accessory": "False",
                "android.hardware.usb.host": "False"
            },
            "message": "Merge remote branch 'goog/honeycomb' into HEAD\n\nConflicts:\n\tapps/CtsVerifier/AndroidManifest.xml\n\nChange-Id: I1a651f9f5c10cc59612ead5e926bb39e8ee68fb8\n",
            "hash": "a3cdc70dcf3e3ff5810ab857aab38af05ae40a54",
            "merge": "3445eb20b7 cee45593a8",
            "author": "Brian Muramatsu",
            "date": "Mon Aug 1 14:56:45 2011"
        },
        {
            "title": "Merge remote branch 'goog/gingerbread' into manualmerge",
            "flags": {
                "android.hardware.usb.accessory": "False",
                "android.hardware.faketouch": "True"
            },
            "message": "Merge remote branch 'goog/gingerbread' into manualmerge\n\nConflicts:\n\tapps/CtsVerifier/AndroidManifest.xml\n\tapps/CtsVerifier/src/com/android/cts/verifier/features/FeatureSummaryActivity.java\n\ttests/expectations/knownfailures.txt\n\ttests/tests/os/src/android/os/cts/BuildVersionTest.java\n\ttools/host/src/com/android/cts/Version.java\n\nChange-Id: I9521c6c60c60a1a36d7a882637290303bcee4997\n",
            "hash": "cee45593a82038187bd438f818235af2595a87fa",
            "merge": "4e9df1a479 4ad91e4d2e",
            "author": "Brian Muramatsu",
            "date": "Mon Aug 1 14:23:52 2011"
        },
        {
            "title": "resolved conflicts for merge of f28be6e1 to master",
            "flags": {
                "android.hardware.usb.accessory": "False",
                "android.hardware.usb.host": "False"
            },
            "message": "resolved conflicts for merge of f28be6e1 to master\n\nChange-Id: If362e5241e4fad5f297871223554e3583af1081f\n",
            "hash": "26630533a618009f648f70461eb181619b736b86",
            "merge": "732525e64a f28be6e1ed",
            "author": "Brian Muramatsu",
            "date": "Wed Jul 27 18:24:50 2011"
        },
        {
            "title": "Merge commit 'd384f817' into manualmerge",
            "flags": {
                "android.hardware.usb.accessory": "False",
                "android.hardware.faketouch": "True",
                "android.hardware.usb.host": "False"
            },
            "message": "Merge commit 'd384f817' into manualmerge\n\nConflicts:\n\tapps/CtsVerifier/src/com/android/cts/verifier/features/FeatureSummaryActivity.java\n\nChange-Id: I73476a374652a478aafd2a16e7b633110276aa9c\n",
            "hash": "f28be6e1ed2065cf45cab2996c3f561754bd64c9",
            "merge": "49ab102082 d384f817df",
            "author": "Brian Muramatsu",
            "date": "Wed Jul 27 17:55:16 2011"
        },
        {
            "title": "Add GB MR1 USB Accessory Feature",
            "flags": {
                "android.hardware.usb.accessory": "False"
            },
            "message": "Add GB MR1 USB Accessory Feature\n\nBug 3403491\n\nChange-Id: Ic3770c904535a196f14420c41f963cd1653b3a4e\n",
            "hash": "fc1338265d297af51d3aa075b72ffe7e9e0d6b04",
            "author": "Brian Muramatsu",
            "date": "Wed Jul 27 11:16:29 2011"
        },
        {
            "title": "Merge remote branch 'goog/honeycomb-mr1' into manualmerge",
            "flags": {
                "android.hardware.usb.host": "False",
                "android.hardware.usb.accessory": "False",
                "android.hardware.faketouch.multitouch.distinct": "False",
                "android.hardware.faketouch.multitouch.jazzhand": "False",
                "android.hardware.screen.landscape": "False",
                "android.hardware.screen.portrait": "False"
            },
            "message": "Merge remote branch 'goog/honeycomb-mr1' into manualmerge\n",
            "hash": "1aaaf94fe5a31ced6e0644f18d3425cbf9449c4e",
            "merge": "bcb9ab8d1d 677fe3459b",
            "author": "Brian Muramatsu",
            "date": "Fri Jul 15 11:07:01 2011"
        },
        {
            "title": "am 878f5bfe: am 21273a6a: am bf50d266: Merge \"Fix Optional Features Being Required\" into gingerbread",
            "flags": {
                "android.hardware.bluetooth": "False",
                "android.hardware.camera": "False",
                "android.hardware.location.gps": "False",
                "android.hardware.microphone": "False",
                "android.hardware.sensor.accelerometer": "False",
                "android.hardware.sensor.compass": "False",
                "android.hardware.usb.host": "removed",
                "android.hardware.usb.accessory": "removed"
            },
            "message": "am 878f5bfe: am 21273a6a: am bf50d266: Merge \"Fix Optional Features Being Required\" into gingerbread\n\n* commit '878f5bfe3a960cb5d4e79a452fb1bc13b5375862':\n  Fix Optional Features Being Required\n",
            "hash": "03f8fef3346841a907ef84a0388de21e2fd6ff4b",
            "merge": "d3fce29203 878f5bfe3a",
            "author": "Brian Muramatsu",
            "date": "Fri Jul 15 11:04:13 2011"
        },
        {
            "title": "Revert \"Requires USB Features in HC MR1\"",
            "flags": {
                "android.hardware.usb.host": "False",
                "android.hardware.usb.accessory": "False"
            },
            "message": "Revert \"Requires USB Features in HC MR1\"\n\nBug 5035596\n\nThis reverts commit 08c3c23cb652e8c23de1b2cc8f9c0a41276ed640.\n\nChange-Id: Iffbbf579d56984cdaefe0a7e734fabc4f331d78c\n",
            "hash": "677fe3459b2facdf1da53f106688e5f5ec3924eb",
            "author": "Brian Muramatsu",
            "date": "Fri Jul 15 10:46:28 2011"
        },
        {
            "title": "am 21273a6a: am bf50d266: Merge \"Fix Optional Features Being Required\" into gingerbread",
            "flags": {
                "android.hardware.bluetooth": "False",
                "android.hardware.camera": "False",
                "android.hardware.location.gps": "False",
                "android.hardware.microphone": "False",
                "android.hardware.sensor.accelerometer": "False",
                "android.hardware.sensor.compass": "False",
                "android.hardware.faketouch": "True",
                "android.hardware.usb.host": "False",
                "android.hardware.usb.accessory": "False"
            },
            "message": "am 21273a6a: am bf50d266: Merge \"Fix Optional Features Being Required\" into gingerbread\n\n* commit '21273a6a9ca8a43cd90521f6d6bb4dc6015b842a':\n  Fix Optional Features Being Required\n",
            "hash": "878f5bfe3a960cb5d4e79a452fb1bc13b5375862",
            "merge": "e258c23af6 21273a6a9c",
            "author": "Brian Muramatsu",
            "date": "Fri Jul 15 10:47:07 2011"
        },
        {
            "title": "Merge remote branch 'goog/honeycomb-mr1' into manualmerge",
            "flags": {
                "android.hardware.usb.host": "True",
                "android.hardware.usb.accessory": "True",
                "android.hardware.faketouch.multitouch.distinct": "False",
                "android.hardware.faketouch.multitouch.jazzhand": "False",
                "android.hardware.screen.landscape": "False",
                "android.hardware.screen.portrait": "False"
            },
            "message": "Merge remote branch 'goog/honeycomb-mr1' into manualmerge\n\nConflicts:\n\tapps/CtsVerifier/AndroidManifest.xml\n\ttools/host/src/com/android/cts/Version.java\n\nChange-Id: I774af5228660f860a64e3bfec8baaab6643c3d84\n",
            "hash": "bcb9ab8d1dec48384b1d3f38a2bd90de070cfa87",
            "merge": "177bac55f4 03eae653f7",
            "author": "Brian Muramatsu",
            "date": "Wed Jul 13 12:51:42 2011"
        },
        {
            "title": "Requires USB Features in HC MR1",
            "flags": {
                "android.hardware.usb.host": "True",
                "android.hardware.usb.accessory": "True"
            },
            "message": "Requires USB Features in HC MR1\n\nBug 5008280\n\nChange-Id: I00e98a0cb797b4d4e1785d27b174210d7e84c506\n",
            "hash": "08c3c23cb652e8c23de1b2cc8f9c0a41276ed640",
            "author": "Brian Muramatsu",
            "date": "Wed Jul 13 12:39:35 2011"
        },
        {
            "title": "Add HC MR2 Features to CTS Verifier",
            "flags": {
                "android.hardware.faketouch.multitouch.distinct": "False",
                "android.hardware.faketouch.multitouch.jazzhand": "False",
                "android.hardware.screen.landscape": "False",
                "android.hardware.screen.portrait": "False"
            },
            "message": "Add HC MR2 Features to CTS Verifier\n\nBug 5008280\n\nChange-Id: I509b011a261ed1abcac76cf7d29673b7e846bed3\n",
            "hash": "177bac55f443aeeb10679345c9a56d0e764f48c6",
            "author": "Brian Muramatsu",
            "date": "Tue Jul 12 18:28:18 2011"
        },
        {
            "title": "Merge remote branch 'goog/honeycomb' into manualmerge",
            "flags": {
                "android.hardware.bluetooth": "False",
                "android.hardware.camera": "False",
                "android.hardware.location.gps": "False",
                "android.hardware.microphone": "False",
                "android.hardware.sensor.accelerometer": "False",
                "android.hardware.sensor.compass": "False",
                "android.hardware.usb.host": "False",
                "android.hardware.usb.accessory": "False"
            },
            "message": "Merge remote branch 'goog/honeycomb' into manualmerge\n\nChange-Id: If2682edd4c0264eefe4c3ac669333ac6785da606\n",
            "hash": "23c84d9d2a87928518c5a4a5bbe5774f581f64e6",
            "merge": "5952c67d33 1b3e3911c9",
            "author": "Brian Muramatsu",
            "date": "Tue Jul 12 17:39:28 2011"
        },
        {
            "title": "Merge remote branch 'goog/gingerbread' into manualmerge",
            "flags": {
                "android.hardware.bluetooth": "False",
                "android.hardware.camera": "False",
                "android.hardware.location.gps": "False",
                "android.hardware.microphone": "False",
                "android.hardware.sensor.accelerometer": "False",
                "android.hardware.sensor.compass": "False",
                "android.hardware.faketouch": "True"
            },
            "message": "Merge remote branch 'goog/gingerbread' into manualmerge\n\nChange-Id: I9ec4b97612365d5b10908da2dd45c4b03c9af3c2\n",
            "hash": "68bce37aef5da453011cd6180cd799cc3bf94ea7",
            "merge": "6712ccc923 792b821b66",
            "author": "Brian Muramatsu",
            "date": "Tue Jul 12 15:22:47 2011"
        },
        {
            "title": "Fix Optional Features Being Required",
            "flags": {
                "android.hardware.bluetooth": "False",
                "android.hardware.camera": "False",
                "android.hardware.location.gps": "False",
                "android.hardware.microphone": "False",
                "android.hardware.sensor.accelerometer": "False",
                "android.hardware.sensor.compass": "False"
            },
            "message": "Fix Optional Features Being Required\n\nBug 4597917\n\nSome features required in Froyo are now optional in GB, but\nappeared as required in GB. Fix this by using a set and\nplacing the latest requirements in the set first.\n\nChange-Id: I0e8ad11bfc3179b8fd312cafdddacaaa2f40a3b5\n",
            "hash": "d8d37a49a161a61ffc2d6e56e1a300738511c60c",
            "author": "Brian Muramatsu",
            "date": "Thu Jul 7 14:11:26 2011"
        },
        {
            "title": "Add HC MR1 Features to CTS Verifier",
            "flags": {
                "android.hardware.usb.host": "False",
                "android.hardware.usb.accessory": "False"
            },
            "message": "Add HC MR1 Features to CTS Verifier\n\nChange-Id: If651706c9ed0aaee1d714f30863fafacb894e7d7\n",
            "hash": "34317ff6157872061c55bfd84f2b485e41e3f45e",
            "author": "Brian Muramatsu",
            "date": "Mon Jun 6 14:22:49 2011"
        },
        {
            "title": "Merge remote branch 'goog/gingerbread' into manualmerge",
            "flags": {
                "android.hardware.faketouch": "True"
            },
            "message": "Merge remote branch 'goog/gingerbread' into manualmerge\n\nConflicts:\n\ttests/tests/app/src/android/app/cts/InstrumentationTest.java\n\ttests/tests/content/src/android/content/cts/ContextTest.java\n\ttests/tests/net/src/android/net/cts/ConnectivityManagerTest.java\n\ttests/tests/os/src/android/os/cts/BuildVersionTest.java\n\ttests/tests/telephony/src/android/telephony/cts/SmsManagerTest.java\n\ttests/tests/util/src/android/util/cts/EventLogTest.java\n\ttests/tests/view/src/android/view/cts/WindowTest.java\n\ttests/tests/view/src/android/view/inputmethod/cts/BaseInputConnectionTest.java\n\ttests/tests/widget/src/android/widget/cts/AutoCompleteTextViewTest.java\n\ttools/device-setup/TestDeviceSetup/src/android/tests/getinfo/DeviceInfoInstrument.java\n\ttools/host/src/com/android/cts/TestDevice.java\n\nChange-Id: Ic4ee072b6c82f97ba256b25a71db153195c958b9\n",
            "hash": "a3712c065dd0ae4893aa9e9b715903f9ce353da3",
            "merge": "2e9193f09e 72f3418743",
            "author": "Brian Muramatsu",
            "date": "Thu Mar 31 14:18:43 2011"
        },
        {
            "title": "am 3c768898: am 2e9193f0: Add faketouch checking for HC devices",
            "flags": {
                "android.hardware.faketouch": "True"
            },
            "message": "am 3c768898: am 2e9193f0: Add faketouch checking for HC devices\n\n* commit '3c768898f288f07e1ec0571639ed91b34062d8c2':\n  Add faketouch checking for HC devices\n",
            "hash": "89f21b717e88ea80f8078f8917c0d2124e856b90",
            "merge": "ce9a99a3d0 3c768898f2",
            "author": "Mac_Wang",
            "date": "Tue Mar 22 14:58:24 2011"
        },
        {
            "title": "Add faketouch checking for HC devices",
            "flags": {
                "android.hardware.faketouch": "True"
            },
            "message": "Add faketouch checking for HC devices\n\nAccording to Dan's description, all HC touchscreen devices should also report faketouch\n\ncommit ed11f117ffdac3262253487ab6116211bd2c5bbd in framework/base\n\nChange-Id: I39eb0fc05ae9358f94260def3e634d6fa8ddbc76\n",
            "hash": "2e9193f09e94348d24364bbe0f1644bad0cecf23",
            "author": "Mac_Wang",
            "date": "Wed Mar 9 22:06:58 2011"
        },
        {
            "title": "Updated features test to check new features reported in Gingerbread to fix warning of device reporting a disallowed feature for front-facing camera, nfc, gyroscope, sip, etc).",
            "flags": {
                "android.hardware.audio.low_latency": "False",
                "android.hardware.camera.front": "False",
                "android.hardware.nfc": "False",
                "android.hardware.sensor.barometer": "False",
                "android.hardware.sensor.gyroscope": "False",
                "android.hardware.touchscreen.multitouch.jazzhand": "False",
                "android.software.sip": "False",
                "android.software.sip.voip": "False"
            },
            "message": "Updated features test to check new features reported in Gingerbread to fix warning of device reporting a disallowed feature for front-facing camera, nfc, gyroscope, sip, etc).\n\nChange-Id: Id10bf78dd0681c739e8f313d8e602665b1bf3dcf\n",
            "hash": "f8451ed936bc3d31839f338411a3aa37460fe883",
            "author": "Reena Lee",
            "date": "Thu Jan 27 17:34:17 2011"
        },
        {
            "title": "Updating the feature summary test to include a Legend in the info dialog. This",
            "flags": {
                "PackageManager.FEATURE_BLUETOOTH": "removed",
                "PackageManager.FEATURE_LOCATION": "removed",
                "PackageManager.FEATURE_LOCATION_GPS": "removed",
                "PackageManager.FEATURE_LOCATION_NETWORK": "removed",
                "PackageManager.FEATURE_MICROPHONE": "removed",
                "PackageManager.FEATURE_SENSOR_ACCELEROMETER": "removed",
                "PackageManager.FEATURE_SENSOR_COMPASS": "removed",
                "PackageManager.FEATURE_TOUCHSCREEN": "removed",
                "PackageManager.FEATURE_TOUCHSCREEN_MULTITOUCH": "removed",
                "PackageManager.FEATURE_TOUCHSCREEN_MULTITOUCH_DISTINCT": "removed",
                "PackageManager.FEATURE_WIFI": "removed",
                "android.hardware.bluetooth": "True",
                "android.hardware.location": "True",
                "android.hardware.location.gps": "True",
                "android.hardware.location.network": "True",
                "android.hardware.microphone": "True",
                "android.hardware.sensor.accelerometer": "True",
                "android.hardware.sensor.compass": "True",
                "android.hardware.touchscreen": "True",
                "android.hardware.touchscreen.multitouch": "False",
                "android.hardware.touchscreen.multitouch.distinct": "False",
                "android.hardware.wifi": "False"
            },
            "message": "Updating the feature summary test to include a Legend in the info dialog. This\nrequired a minor change to the base classes to support adding a View to the\ninfo Dialog instead of just text. Also added info strings for accelerometer\nand magnetometer tests.\n\nChange-Id: I9acd7c893aa85ddb73b3a383b29e7849086e9240\n",
            "hash": "71351d810686801b2ed4e0c1e0382629034ba01d",
            "author": "Dan Morrill",
            "date": "Wed Oct 20 15:26:00 2010"
        },
        {
            "title": "Adding a CTS Verifier activity to summarize features reported by the device.",
            "flags": {
                "PackageManager.FEATURE_BLUETOOTH": "True",
                "PackageManager.FEATURE_CAMERA": "True",
                "PackageManager.FEATURE_CAMERA_AUTOFOCUS": "False",
                "PackageManager.FEATURE_CAMERA_FLASH": "False",
                "PackageManager.FEATURE_LIVE_WALLPAPER": "False",
                "PackageManager.FEATURE_LOCATION": "True",
                "PackageManager.FEATURE_LOCATION_GPS": "True",
                "PackageManager.FEATURE_LOCATION_NETWORK": "True",
                "PackageManager.FEATURE_MICROPHONE": "True",
                "PackageManager.FEATURE_SENSOR_ACCELEROMETER": "True",
                "PackageManager.FEATURE_SENSOR_COMPASS": "True",
                "PackageManager.FEATURE_SENSOR_LIGHT": "False",
                "PackageManager.FEATURE_SENSOR_PROXIMITY": "False",
                "PackageManager.FEATURE_TELEPHONY": "False",
                "PackageManager.FEATURE_TELEPHONY_CDMA": "False",
                "PackageManager.FEATURE_TELEPHONY_GSM": "False",
                "PackageManager.FEATURE_TOUCHSCREEN": "True",
                "PackageManager.FEATURE_TOUCHSCREEN_MULTITOUCH": "False",
                "PackageManager.FEATURE_TOUCHSCREEN_MULTITOUCH_DISTINCT": "False",
                "PackageManager.FEATURE_WIFI": "False"
            },
            "message": "Adding a CTS Verifier activity to summarize features reported by the device.\nCan be used to sanity-check reported features at a glance.\n\nChange-Id: I6240e3833eb24a77a3e92dd3997e57f08b2dbb4c\n",
            "hash": "5df275b68095e8f19da26cb98b008fe252bf498b",
            "author": "Dan Morrill",
            "date": "Wed Aug 11 12:19:19 2010"
        }
    ]
}