{
    "date": "2019-12-20T18:24:06.472060",
    "commits": [
        {
            "title": "Warn/prevent if the version of etcd is unsupported with etcd-manager",
            "flags": {
                "SkipEtcdVersionCheck": "False"
            },
            "message": "Warn/prevent if the version of etcd is unsupported with etcd-manager\n\nShould prevent the scenario where etcd-manager can't come up because of a different version.\n\nCan be bypassed with the SkipEtcdVersionCheck feature flag.\n",
            "hash": "72b456372919b061452293a887be8cf34371d272",
            "author": "Justin SB",
            "date": "Mon Jul 29 15:26:51 2019"
        },
        {
            "title": "feat(spotinst): new instance group type: ocean",
            "flags": {
                "SpotinstOcean": "False"
            },
            "message": "feat(spotinst): new instance group type: ocean\n",
            "hash": "80020052d33041723c103de73b1ffe91c81fb655",
            "author": "liranp",
            "date": "Wed Apr 17 02:39:36 2019"
        },
        {
            "title": "Launch Template Feature Flag",
            "flags": {
                "DNSPreCreate": "True",
                "DrainAndValidateRollingUpdate": "True",
                "EnableLaunchTemplates": "False",
                "EnableExternalCloudController": "False",
                "EnableExternalDNS": "False",
                "EnableNodeAuthorization": "False",
                "EnableSeparateConfigBase": "False",
                "ExperimentalClusterDNS": "False",
                "GoogleCloudBucketACL": "False",
                "KeepLaunchConfigurations": "False",
                "SkipTerraformFormat": "False",
                "SpecOverrideFlag": "False",
                "Spotinst": "False",
                "VPCSkipEnableDNSSupport": "False",
                "VSphereCloudProvider": "False"
            },
            "message": "Launch Template Feature Flag\n\n- adding a feature flags to allow users to switch over to launch templates completely\n",
            "hash": "b1aa7892c751e8b2727397fba9699894bba48240",
            "author": "Rohith",
            "date": "Thu Feb 21 13:18:47 2019"
        }
    ]
}