{
    "date": "2019-12-20T17:58:03.383990",
    "commits": [
        {
            "title": "Squashed 'wp-content/plugins/wp-property/' changes from 0df4792ae..7d7864ff1",
            "flags": {
                "WP_PROPERTY_FLAG_ENABLE_SUPERMAP": "removed",
                "WP_PROPERTY_FLAG_ENABLE_AGENTS": "removed",
                "WP_PROPERTY_RESPONSIVE_SLIDESHOW": "removed",
                "WP_PROPERTY_FLAG_ENABLE_TERMS": "removed"
            },
            "message": "Squashed 'wp-content/plugins/wp-property/' changes from 0df4792ae..7d7864ff1\n\n7d7864ff1 removed wp-property-supermap add-on (feature) from core\n9cf431287 removed wp-property-responsive-slideshow  add-on (feature) from core\n87828c57a Merge branch 'latest' of github.com:wp-property/wp-property into latest\nb69a73dd9 removed wp-property-agents add-on (feature) from core\n87d72b440 Merge pull request #514 from wp-property/develop-den\nab7b670e5 Fix with SiteOrigin and Property in php_71\n6f5d67f7e minor fix of posisble warning\nf263d48f9 removed wp-property terms bundle. Issue: https://github.com/wp-property/wp-property/issues/508\na0cbb6c8d Wrapped up supermap upgrade code with feature flag\n9651f5656 Merge pull request #512 from wp-property/develop-alim\n2e2a66413 Supermap marker issue.\n18e1a30ad Merge branch 'latest' into develop-alim\nccfcb1ffc Supermap infowindow fixes\nd07166edf improvements to wpp_listing_type taxonomy logic: updates to UI\n3c9e47434 Error fix\n442117291 Merge branch 'latest' into develop-alim\n272fd6c97 Merge remote-tracking branch 'refs/remotes/origin/latest' into develop-alim\nca70e677e minor fix\n\ngit-subtree-dir: wp-content/plugins/wp-property\ngit-subtree-split: 7d7864ff196d4979e7460476ce151058cec48268\n",
            "hash": "7d8afe9a9279d71adbea19e45349af5f7e384e90",
            "author": "pemaxim",
            "date": "Tue Sep 12 01:41:09 2017"
        },
        {
            "title": "removed wp-property-supermap add-on (feature) from core",
            "flags": {
                "WP_PROPERTY_FLAG_ENABLE_SUPERMAP": "removed"
            },
            "message": "removed wp-property-supermap add-on (feature) from core\n",
            "hash": "7d7864ff196d4979e7460476ce151058cec48268",
            "author": "pemaxim",
            "date": "Thu Sep 7 06:00:21 2017"
        },
        {
            "title": "removed wp-property-responsive-slideshow  add-on (feature) from core",
            "flags": {
                "WP_PROPERTY_RESPONSIVE_SLIDESHOW": "removed"
            },
            "message": "removed wp-property-responsive-slideshow  add-on (feature) from core\n",
            "hash": "9cf43128710c90c655ca3d9d1fc8d025c760ad50",
            "author": "pemaxim",
            "date": "Thu Sep 7 03:00:19 2017"
        },
        {
            "title": "removed wp-property-agents add-on (feature) from core",
            "flags": {
                "WP_PROPERTY_FLAG_ENABLE_AGENTS": "removed"
            },
            "message": "removed wp-property-agents add-on (feature) from core\n",
            "hash": "b69a73dd9504214354e69b9525795d8fe44c9363",
            "author": "pemaxim",
            "date": "Thu Sep 7 02:38:03 2017"
        },
        {
            "title": "removed wp-property terms bundle. Issue: https://github.com/wp-property/wp-property/issues/508",
            "flags": {
                "WP_PROPERTY_FLAG_ENABLE_TERMS": "removed"
            },
            "message": "removed wp-property terms bundle. Issue: https://github.com/wp-property/wp-property/issues/508\n",
            "hash": "f263d48f951267f6c24ad7a8ccff54f015e3f62b",
            "author": "pemaxim",
            "date": "Wed Sep 6 07:15:42 2017"
        },
        {
            "title": "Made sure top query doesn\u2019t get called on every page load",
            "flags": {
                "WP_PROPERTY_LAYOUTS": "False",
                "WPP_LEGACY_WIDGETS": "False",
                "WP_PROPERTY_SETUP_ASSISTANT": "False",
                "WPP_FEATURE_FLAG_FREEMIUS": "False",
                "WPP_FEATURE_FLAG_SETTINGS_BACKUPS": "False",
                "WPP_FEATURE_FLAG_SETTINGS_V2": "False",
                "WPP_FEATURE_FLAG_DISABLE_EDITOR": "False",
                "WPP_FEATURE_FLAG_WPP_LISTING_POLICY": "False",
                "WPP_FEATURE_FLAG_WPP_SCHOOLS": "False",
                "WP_PROPERTY_FLAG_WPP_LISTING_LABEL": "False",
                "WPP_FEATURE_FLAG_WPP_LISTING_LOCATION": "False",
                "WPP_FEATURE_FLAG_ADVANCED_REWRITE_RULES": "False",
                "WPP_FEATURE_FLAG_WPP_LISTING_CATEGORY": "False",
                "WPP_FEATURE_FLAG_WPP_LISTING_TYPE": "False",
                "WPP_FEATURE_FLAG_WPP_LISTING_STATUS": "False",
                "WPP_FEATURE_FLAG_WPP_ROOMS": "False",
                "WPP_FEATURE_FLAG_WPP_CATEGORICAL": "False",
                "WP_PROPERTY_FIELD_ALIAS": "False",
                "WP_PROPERTY_LEGACY_META_ATTRIBUTES": "False",
                "WP_PROPERTY_LEGACY_ATTRIBUTE_INPUT_TYPES": "False",
                "WP_PROPERTY_FLAG_ENABLE_SUPERMAP": "False",
                "WP_PROPERTY_FLAG_ENABLE_AGENTS": "False",
                "WP_PROPERTY_RESPONSIVE_SLIDESHOW": "False",
                "WP_PROPERTY_FLAG_ENABLE_TERMS": "False",
                "WP_PROPERTY_SETTINGS_SEARCH": "False",
                "WP_PROPERTY_FLAG_ENABLE_STANDARD_ATTRIBUTES_MATCHING": "False",
                "WP_PROPERTY_FLAG_ENABLE_LEGACY_TAXONOMIES": "False",
                "WP_PROPERTY_ELASTICSEARCH_SERVICE": "False",
                "RETSCI_FEATURE_FLAG": "False"
            },
            "message": "Made sure top query doesn\u2019t get called on every page load\n",
            "hash": "b02be029f797da8713f097b1e559967b0d20380d",
            "author": "ashkan shahabi",
            "date": "Thu Jun 8 04:09:48 2017"
        },
        {
            "title": "Issue #469",
            "flags": {
                "WPP_FEATURE_FLAG_FREEMIUS": "removed"
            },
            "message": "Issue #469\n",
            "hash": "f34c64749d94482128a3b257e7d0079ea573524a",
            "author": "Md. Alimuzzaman Alim",
            "date": "Mon Jun 5 07:31:15 2017"
        },
        {
            "title": "Issue #134",
            "flags": {
                "WPP_FEATURE_FLAG_SETTINGS_V2": "False"
            },
            "message": "Issue #134\n",
            "hash": "3cf37a5b6f3d7f94b97b28aaae9c7d05c632dba7",
            "author": "Md. Alimuzzaman Alim",
            "date": "Fri Apr 14 06:00:34 2017"
        },
        {
            "title": "Squashed 'wp-content/plugins/wp-property/' changes from 3a0f7bcd9..e751a49d7",
            "flags": {
                "WPP_FEATURE_FLAG_LISTING_TYPE": "removed",
                "WPP_FEATURE_FLAG_WPP_LISTING_TYPE": "False"
            },
            "message": "Squashed 'wp-content/plugins/wp-property/' changes from 3a0f7bcd9..e751a49d7\n\ne751a49d7 working on taxonomis\neb63402bb working on taxonomies\nc3bf3f888 fixes\na19d0e651 working on taxonomies (wip)\nea4d765a2 working on wpp_listing_status feature; extending post_suggest with contexts (wip)\n9bf842794 working on wpp_location taxonomy\n9fbea572f updated wp cli commands; working on wpp_location taxonomy\n\ngit-subtree-dir: wp-content/plugins/wp-property\ngit-subtree-split: e751a49d7ad4bf153035d447bd3834b4be54c425\n",
            "hash": "a3306bc99c5769ba14af5e99ab2b63097f7ec726",
            "author": "pemaxim",
            "date": "Wed Apr 5 10:00:58 2017"
        },
        {
            "title": "working on taxonomis",
            "flags": {
                "WPP_FEATURE_FLAG_LISTING_TYPE": "removed",
                "WPP_FEATURE_FLAG_WPP_LISTING_TYPE": "False"
            },
            "message": "working on taxonomis\n",
            "hash": "e751a49d7ad4bf153035d447bd3834b4be54c425",
            "author": "pemaxim",
            "date": "Tue Apr 4 13:25:50 2017"
        },
        {
            "title": "fixes for properties list on properties page after migrate to ES v3",
            "flags": {
                "WP_PROPERTY_LAYOUTS": "False",
                "WP_PROPERTY_SETUP_ASSISTANT": "False",
                "WP_PROPERTY_RESPONSIVE_SLIDESHOW": "False",
                "WPP_FEATURE_FLAG_FREEMIUS": "False",
                "WPP_FEATURE_FLAG_SETTINGS_BACKUPS": "False",
                "WPP_FEATURE_FLAG_DISABLE_EDITOR": "False",
                "WPP_FEATURE_FLAG_WPP_LISTING_POLICY": "False",
                "WPP_FEATURE_FLAG_WPP_SCHOOLS": "False",
                "WP_PROPERTY_FLAG_WPP_LISTING_LABEL": "False",
                "WPP_FEATURE_FLAG_WPP_LISTING_LOCATION": "False",
                "WPP_FEATURE_FLAG_ADVANCED_REWRITE_RULES": "False",
                "WPP_FEATURE_FLAG_WPP_LISTING_CATEGORY": "False",
                "WPP_FEATURE_FLAG_LISTING_TYPE": "False",
                "WPP_FEATURE_FLAG_WPP_LISTING_STATUS": "False",
                "WPP_FEATURE_FLAG_WPP_ROOMS": "False",
                "WPP_FEATURE_FLAG_WPP_CATEGORICAL": "False",
                "WP_PROPERTY_FIELD_ALIAS": "False",
                "WP_PROPERTY_LEGACY_META_ATTRIBUTES": "False",
                "WP_PROPERTY_LEGACY_ATTRIBUTE_INPUT_TYPES": "False",
                "WP_PROPERTY_FLAG_ENABLE_SUPERMAP": "False",
                "WP_PROPERTY_FLAG_ENABLE_AGENTS": "False",
                "WP_PROPERTY_FLAG_ENABLE_TERMS": "False",
                "WP_PROPERTY_SETTINGS_SEARCH": "False",
                "WP_PROPERTY_FLAG_ENABLE_STANDARD_ATTRIBUTES_MATCHING": "False",
                "WP_PROPERTY_FLAG_ENABLE_LEGACY_TAXONOMIES": "False",
                "WP_PROPERTY_ELASTICSEARCH_SERVICE": "False",
                "RETSCI_FEATURE_FLAG": "False"
            },
            "message": "fixes for properties list on properties page after migrate to ES v3\n",
            "hash": "f971c0b5bab0c92ac6ad4c53c04ff3b7577d9f69",
            "author": "dmitriy",
            "date": "Mon Mar 13 07:19:35 2017"
        },
        {
            "title": "Styles, Agent widget v2, add feature flag for V2 widgets",
            "flags": {
                "WPP_LEGACY_WIDGETS": "False"
            },
            "message": "Styles, Agent widget v2, add feature flag for V2 widgets\n",
            "hash": "0f550d14d162efc1bced25654a0d803db0dd9f70",
            "author": "SoSeductive",
            "date": "Fri Mar 10 08:08:31 2017"
        },
        {
            "title": "enabled all integrated addons and rets client",
            "flags": {
                "WP_PROPERTY_RESPONSIVE_SLIDESHOW": "False"
            },
            "message": "enabled all integrated addons and rets client\n",
            "hash": "73df2acce958bfb37fdd1a86b5feee8e6056909b",
            "author": "pemaxim",
            "date": "Wed Mar 8 07:03:15 2017"
        },
        {
            "title": "moved WPP_FEATURE_FLAG_LISTING_TYPE stuff to separate feature; fixed Property Type and Falls Under options on Edit Property Page",
            "flags": {
                "WPP_FEATURE_FLAG_WPP_LISTING_TYPE": "removed",
                "WPP_FEATURE_FLAG_LISTING_TYPE": "False"
            },
            "message": "moved WPP_FEATURE_FLAG_LISTING_TYPE stuff to separate feature; fixed Property Type and Falls Under options on Edit Property Page\n",
            "hash": "61de3fb199b07ceb03e06eb9e22dc20797c89db3",
            "author": "pemaxim",
            "date": "Wed Mar 8 05:32:45 2017"
        },
        {
            "title": "wp-property - added [WPP_FEATURE_FLAG_WPP_ROOMS] feature flag",
            "flags": {
                "WPP_FEATURE_FLAG_WPP_ROOMS": "False"
            },
            "message": "wp-property - added [WPP_FEATURE_FLAG_WPP_ROOMS] feature flag\n",
            "hash": "c0eff2c580063886d2b682e6bfb4d5611542ec23",
            "author": "Andy Potanin",
            "date": "Mon Mar 6 12:47:29 2017"
        },
        {
            "title": "cleaning up feature flugs stuff; removed disable_layouts option",
            "flags": {
                "RETSCI_FEATURE_FLAG": "False"
            },
            "message": "cleaning up feature flugs stuff; removed disable_layouts option\n",
            "hash": "bdc7886213627a2e4549548756276fabf82e15e9",
            "author": "pemaxim",
            "date": "Mon Mar 6 02:28:40 2017"
        },
        {
            "title": "removed wp-rets-client integration since we do not have stable version so far. It should be included only when we will have some stable release",
            "flags": {
                "RETSCI_FEATURE_FLAG_DASHBOARD_WIDGET": "removed"
            },
            "message": "removed wp-rets-client integration since we do not have stable version so far. It should be included only when we will have some stable release\n",
            "hash": "5fae54f7baf32d8d8fbd61edae38ee52987494a4",
            "author": "pemaxim",
            "date": "Fri Mar 3 02:11:52 2017"
        },
        {
            "title": "wp-property - working on wpp_listing_category",
            "flags": {
                "WPP_FEATURE_FLAG_WPP_SEARCH_LANDING": "removed",
                "WPP_FEATURE_FLAG_WPP_LISTING_CATEGORY": "False"
            },
            "message": "wp-property - working on wpp_listing_category\n",
            "hash": "1c4326bcee1915578a88d78816723b22be971513",
            "author": "Andy Potanin",
            "date": "Fri Feb 24 18:56:42 2017"
        },
        {
            "title": "wp-property - added [WPP_FEATURE_FLAG_ADVANCED_REWRITE_RULES] feature flag and groundwork for improved rewrite rules for properties",
            "flags": {
                "WPP_FEATURE_FLAG_ADVANCED_REWRITE_RULES": "False"
            },
            "message": "wp-property - added [WPP_FEATURE_FLAG_ADVANCED_REWRITE_RULES] feature flag and groundwork for improved rewrite rules for properties\n",
            "hash": "5cc215e3720bd393d2577120bb34e6073f3078b9",
            "author": "Andy Potanin",
            "date": "Fri Feb 24 14:07:44 2017"
        },
        {
            "title": "wp-property - added [WPP_FEATURE_FLAG_WPP_SEARCH_LANDING] and [wpp_search_landing] feature flag and taxonomy",
            "flags": {
                "WPP_FEATURE_FLAG_WPP_SEARCH_LANDING": "False"
            },
            "message": "wp-property - added [WPP_FEATURE_FLAG_WPP_SEARCH_LANDING] and [wpp_search_landing] feature flag and taxonomy\n",
            "hash": "f9489e299b36ed8c5345e5c8927336943d07ecb2",
            "author": "Andy Potanin",
            "date": "Fri Feb 24 10:10:01 2017"
        },
        {
            "title": "wp-property - added wpp_schools standard taxonomy, fixed bug in wp-rets-client dashboard widget",
            "flags": {
                "WPP_FEATURE_FLAG_WPP_SCHOOLS": "False"
            },
            "message": "wp-property - added wpp_schools standard taxonomy, fixed bug in wp-rets-client dashboard widget\n",
            "hash": "29baf570197c0028809e48420939fd828e42be63",
            "author": "Andy Potanin",
            "date": "Wed Feb 22 11:19:09 2017"
        },
        {
            "title": "Revert \"Automated push. [ci skip]\"",
            "flags": {
                "WP_PROPERTY_LAYOUTS": "False",
                "WP_PROPERTY_SETUP_ASSISTANT": "False",
                "WP_PROPERTY_RESPONSIVE_SLIDESHOW": "False",
                "WPP_FEATURE_FLAG_FREEMIUS": "False",
                "WPP_FEATURE_FLAG_SETTINGS_BACKUPS": "False",
                "WPP_FEATURE_FLAG_DISABLE_EDITOR": "False",
                "WPP_FEATURE_FLAG_WPP_LISTING_POLICY": "False",
                "WP_PROPERTY_FLAG_WPP_LISTING_LABEL": "False",
                "WPP_FEATURE_FLAG_WPP_LISTING_LOCATION": "False",
                "WPP_FEATURE_FLAG_WPP_LISTING_TYPE": "False",
                "WPP_FEATURE_FLAG_WPP_LISTING_STATUS": "False",
                "WPP_FEATURE_FLAG_WPP_CATEGORICAL": "False",
                "WP_PROPERTY_FIELD_ALIAS": "False",
                "WP_PROPERTY_LEGACY_META_ATTRIBUTES": "False",
                "WP_PROPERTY_LEGACY_ATTRIBUTE_INPUT_TYPES": "False",
                "WP_PROPERTY_FLAG_ENABLE_SUPERMAP": "False",
                "WP_PROPERTY_FLAG_ENABLE_AGENTS": "False",
                "WP_PROPERTY_FLAG_ENABLE_TERMS": "False",
                "WP_PROPERTY_SETTINGS_SEARCH": "False",
                "WP_PROPERTY_FLAG_ENABLE_STANDARD_ATTRIBUTES_MATCHING": "False",
                "WP_PROPERTY_FLAG_ENABLE_LEGACY_TAXONOMIES": "False",
                "RETSCI_FEATURE_FLAG_DASHBOARD_WIDGET": "False",
                "WP_PROPERTY_ELASTICSEARCH_SERVICE": "False"
            },
            "message": "Revert \"Automated push. [ci skip]\"\n\nThis reverts commit 9631a4e3e0c2dff32add95a32d539eb32cb67cba.\n",
            "hash": "8b4ccbe9c404c719090873c0b71772e6ec7db237",
            "author": "Andy Potanin",
            "date": "Wed Feb 22 02:07:27 2017"
        },
        {
            "title": "Automated push. [ci skip]",
            "flags": {
                "WP_PROPERTY_LAYOUTS": "removed",
                "WP_PROPERTY_SETUP_ASSISTANT": "removed",
                "WP_PROPERTY_RESPONSIVE_SLIDESHOW": "removed",
                "WPP_FEATURE_FLAG_FREEMIUS": "removed",
                "WPP_FEATURE_FLAG_SETTINGS_BACKUPS": "removed",
                "WPP_FEATURE_FLAG_DISABLE_EDITOR": "removed",
                "WPP_FEATURE_FLAG_WPP_LISTING_POLICY": "removed",
                "WP_PROPERTY_FLAG_WPP_LISTING_LABEL": "removed",
                "WPP_FEATURE_FLAG_WPP_LISTING_LOCATION": "removed",
                "WPP_FEATURE_FLAG_WPP_LISTING_TYPE": "removed",
                "WPP_FEATURE_FLAG_WPP_LISTING_STATUS": "removed",
                "WPP_FEATURE_FLAG_WPP_CATEGORICAL": "removed",
                "WP_PROPERTY_FIELD_ALIAS": "removed",
                "WP_PROPERTY_LEGACY_META_ATTRIBUTES": "removed",
                "WP_PROPERTY_LEGACY_ATTRIBUTE_INPUT_TYPES": "removed",
                "WP_PROPERTY_FLAG_ENABLE_SUPERMAP": "removed",
                "WP_PROPERTY_FLAG_ENABLE_AGENTS": "removed",
                "WP_PROPERTY_FLAG_ENABLE_TERMS": "removed",
                "WP_PROPERTY_SETTINGS_SEARCH": "removed",
                "WP_PROPERTY_FLAG_ENABLE_STANDARD_ATTRIBUTES_MATCHING": "removed",
                "WP_PROPERTY_FLAG_ENABLE_LEGACY_TAXONOMIES": "removed",
                "RETSCI_FEATURE_FLAG_DASHBOARD_WIDGET": "removed",
                "WP_PROPERTY_ELASTICSEARCH_SERVICE": "removed"
            },
            "message": "Automated push. [ci skip]\n",
            "hash": "9631a4e3e0c2dff32add95a32d539eb32cb67cba",
            "author": "wpCloud.io",
            "date": "Wed Feb 22 01:34:44 2017"
        },
        {
            "title": "wp-property - renaming wpp_listing_category to wpp_categorical",
            "flags": {
                "WP_PROPERTY_FLAG_WPP_LISTING_LABEL": "False",
                "WPP_FEATURE_FLAG_WPP_CATEGORICAL": "False",
                "WP_PROPERTY_LEGACY_ATTRIBUTE_INPUT_TYPES": "False"
            },
            "message": "wp-property - renaming wpp_listing_category to wpp_categorical\n",
            "hash": "068e38bc6d2465fc796e84509db10311db5c3df8",
            "merge": "66fba07d0 e0daa8021",
            "author": "Andy Potanin",
            "date": "Tue Feb 21 20:01:15 2017"
        },
        {
            "title": "wp-property - admin css tweaks",
            "flags": {
                "WP_PROPERTY_FLAG_WPP_LISTING_LABEL": "False",
                "WP_PROPERTY_LEGACY_ATTRIBUTE_INPUT_TYPES": "False"
            },
            "message": "wp-property - admin css tweaks\n",
            "hash": "66fba07d0074e5e7b3ced3df11b722ff5fb6e222",
            "author": "Andy Potanin",
            "date": "Tue Feb 21 19:34:55 2017"
        },
        {
            "title": "wp-property - preventing wpp-terms from changing/overwriting readonly taxonomies",
            "flags": {
                "WPP_FEATURE_FLAG_WPP_LISTING_PERMISSIONS": "removed",
                "WPP_FEATURE_FLAG_WPP_LISTING_POLICY": "False",
                "WPP_FEATURE_FLAG_WPP_CATEGORY": "removed",
                "WPP_FEATURE_FLAG_WPP_LISTING_CATEGORY": "False"
            },
            "message": "wp-property - preventing wpp-terms from changing/overwriting readonly taxonomies\n",
            "hash": "c57e2b1f62b3bfb9c24cbe330b9c9c5d7d5153ab",
            "author": "Andy Potanin",
            "date": "Tue Feb 21 16:16:14 2017"
        },
        {
            "title": "Squashed 'wp-content/plugins/wp-property/' changes from 088e067..01a1566",
            "flags": {
                "WP_PROPERTY_FLAG_WPP_LABEL": "removed",
                "WP_PROPERTY_FLAG_WPP_LISTING_LABEL": "False",
                "WP_PROPERTY_RESPONSIVE_SLIDESHOW": "False",
                "WPP_FEATURE_FLAG_WPP_LISTING_PERMISSIONS": "False",
                "WPP_FEATURE_FLAG_WPP_LOCATION": "removed",
                "WPP_FEATURE_FLAG_WPP_LISTING_LOCATION": "False",
                "WPP_FEATURE_FLAG_WPP_TYPE": "removed",
                "WPP_FEATURE_FLAG_WPP_LISTING_TYPE": "False",
                "WPP_FEATURE_FLAG_WPP_STATUS": "removed",
                "WPP_FEATURE_FLAG_WPP_LISTING_STATUS": "False",
                "WP_PROPERTY_ELASTICSEARCH_SERVICE": "False"
            },
            "message": "Squashed 'wp-content/plugins/wp-property/' changes from 088e067..01a1566\n\n01a1566 Merge pull request #394 from wp-property/develop-alim\na85f852 Merge remote-tracking branch 'refs/remotes/origin/latest' into develop-alim\nd98ff2e Issue #390\n3d0b336 wp-property - renamed wpp_category to wpp_listing_category\n274657f wp-property - cleanup\n3aa454c wp-property - tweaks to wp-rets-client logic for importing terms. fix notice fixes\nfc7989c * Improved logic for updating Taxonomies. * If WP-Property settings fails to save (due to server error), the Save Settings button is re-enabled to avoid being locked out of saving settings.\n2e8c5ea wp-property - improvements to taxonomy saving handling\n445d822 Merge remote-tracking branch 'refs/remotes/origin/latest' into develop-alim\n03390d4 wp-property - added [WP_PROPERTY_ELASTICSEARCH_SERVICE] feature flag\n32c0a6a wp-property - * Added [WP_PROPERTY_RESPONSIVE_SLIDESHOW] feature flag, enabled by default.\n39de11e wp-property - renamed wpp_type, wpp_status and wpp_location to wpp_listing_type, wpp_listing_status and wpp_listing_location\nd6522c3 wp-property - fixing fatal error due to deactivate_plugins being unavailable on upgrade event\n\ngit-subtree-dir: wp-content/plugins/wp-property\ngit-subtree-split: 01a1566b564f2bb5385c111a38602cfc707490b7\n",
            "hash": "7e93a99b3bf21c13d45683da85d20ab7c25a0dfa",
            "author": "Andy Potanin",
            "date": "Mon Feb 20 03:16:45 2017"
        },
        {
            "title": "wp-property - improvements to taxonomy saving handling",
            "flags": {
                "WP_PROPERTY_FLAG_WPP_LABEL": "removed",
                "WP_PROPERTY_FLAG_WPP_LISTING_LABEL": "False",
                "WPP_FEATURE_FLAG_WPP_LISTING_PERMISSIONS": "False"
            },
            "message": "wp-property - improvements to taxonomy saving handling\n",
            "hash": "2e8c5eaa532c68ab5c734c7298610fce716a5ad8",
            "author": "Andy Potanin",
            "date": "Fri Feb 17 15:00:43 2017"
        },
        {
            "title": "wp-property - added [WP_PROPERTY_ELASTICSEARCH_SERVICE] feature flag",
            "flags": {
                "WP_PROPERTY_ELASTICSEARCH_SERVICE": "False"
            },
            "message": "wp-property - added [WP_PROPERTY_ELASTICSEARCH_SERVICE] feature flag\n",
            "hash": "03390d4f573939d41e6f0c071e2edb87881cfa2b",
            "author": "Andy Potanin",
            "date": "Fri Feb 17 12:52:30 2017"
        },
        {
            "title": "wp-property - * Added [WP_PROPERTY_RESPONSIVE_SLIDESHOW] feature flag, enabled by default.",
            "flags": {
                "WP_PROPERTY_RESPONSIVE_SLIDESHOW": "False"
            },
            "message": "wp-property - * Added [WP_PROPERTY_RESPONSIVE_SLIDESHOW] feature flag, enabled by default.\n",
            "hash": "32c0a6a57f7af70488572892c9866833ac03baa3",
            "author": "Andy Potanin",
            "date": "Fri Feb 17 12:49:13 2017"
        },
        {
            "title": "wp-property - renamed wpp_type, wpp_status and wpp_location to wpp_listing_type, wpp_listing_status and wpp_listing_location",
            "flags": {
                "WPP_FEATURE_FLAG_WPP_LOCATION": "removed",
                "WPP_FEATURE_FLAG_WPP_LISTING_LOCATION": "False",
                "WPP_FEATURE_FLAG_WPP_TYPE": "removed",
                "WPP_FEATURE_FLAG_WPP_LISTING_TYPE": "False",
                "WPP_FEATURE_FLAG_WPP_STATUS": "removed",
                "WPP_FEATURE_FLAG_WPP_LISTING_STATUS": "False"
            },
            "message": "wp-property - renamed wpp_type, wpp_status and wpp_location to wpp_listing_type, wpp_listing_status and wpp_listing_location\n",
            "hash": "39de11eb5ed2a6eee181fa2f294448f66ce055cb",
            "author": "Andy Potanin",
            "date": "Fri Feb 17 12:18:22 2017"
        },
        {
            "title": "Merge commit '599b4e3fce2bebae3aedc53280b02a31b7807016' into property-layouts",
            "flags": {
                "WP_PROPERTY_FLAG_WPP_FLAGS": "removed",
                "WP_PROPERTY_FLAG_WPP_LABEL": "False",
                "WP_PROPERTY_FLAG_ENABLE_STANDARD_ATTRIBUTES_MATCHING": "False",
                "WP_PROPERTY_FLAG_ENABLE_LEGACY_TAXONOMIES": "False"
            },
            "message": "Merge commit '599b4e3fce2bebae3aedc53280b02a31b7807016' into property-layouts\n",
            "hash": "988b97b42f7faaa29136b9390b5d37ae7a8d3ae2",
            "merge": "df41ac7b5 7a001c72a",
            "author": "SoSeductive",
            "date": "Tue Feb 7 03:04:40 2017"
        },
        {
            "title": "wp-property - Added support for single-value taxonomies to be treated as standard meta attributes for display purposes.",
            "flags": {
                "WP_PROPERTY_FLAG_LISTING_LABELS": "removed",
                "WP_PROPERTY_FLAG_WPP_LABEL": "False",
                "WP_PROPERTY_FLAG_ENABLE_LEGACY_TAXONOMIES": "False"
            },
            "message": "wp-property - Added support for single-value taxonomies to be treated as standard meta attributes for display purposes.\n",
            "hash": "0c10afb6751b46cd19b13024a4007ebc61f0da38",
            "author": "Andy Potanin",
            "date": "Mon Feb 6 20:55:51 2017"
        },
        {
            "title": "renamed [WP_PROPERTY_FLAG_LISTING_HIGHLIGHTS] to [WP_PROPERTY_FLAG_LISTING_LABELS]",
            "flags": {
                "WP_PROPERTY_FLAG_LISTING_HIGHLIGHTS": "removed",
                "WP_PROPERTY_FLAG_LISTING_LABELS": "False"
            },
            "message": "renamed [WP_PROPERTY_FLAG_LISTING_HIGHLIGHTS] to [WP_PROPERTY_FLAG_LISTING_LABELS]\n",
            "hash": "cfb7095a6b5730a1e6fb9ca598c69346c9fdeee8",
            "author": "Andy Potanin",
            "date": "Mon Feb 6 15:38:16 2017"
        },
        {
            "title": "* Debug log enabled when [WP_DEBUG] and [WP_DEBUG_DISPLAY] constants are defined automatically.",
            "flags": {
                "WP_PROPERTY_FLAG_ENABLE_STANDARD_ATTRIBUTES_MATCHING": "False"
            },
            "message": "* Debug log enabled when [WP_DEBUG] and [WP_DEBUG_DISPLAY] constants are defined automatically.\n* Added [WP_PROPERTY_FLAG_ENABLE_STANDARD_ATTRIBUTES_MATCHING] feature flag, hiding the \"Enable Standard Attributes Matching and Terms.\" option by default.\n* When backup is restored from settings, any omitted fields are preserved, allowing partial configuration backups.\n",
            "hash": "7fe9c33785f9fe46b4d0a22de92c338a0cca8bac",
            "author": "Andy Potanin",
            "date": "Mon Feb 6 15:04:32 2017"
        },
        {
            "title": "wp-property - renamed [WP_PROPERTY_FLAG_WPP_FLAGS] tp [WP_PROPERTY_FLAG_LISTING_HIGHLIGHTS] to avoid confusing with naming",
            "flags": {
                "WP_PROPERTY_FLAG_WPP_FLAGS": "removed",
                "WP_PROPERTY_FLAG_LISTING_HIGHLIGHTS": "False"
            },
            "message": "wp-property - renamed [WP_PROPERTY_FLAG_WPP_FLAGS] tp [WP_PROPERTY_FLAG_LISTING_HIGHLIGHTS] to avoid confusing with naming\n",
            "hash": "d26622c68f73276edd26440002cc24fc2c2658ac",
            "author": "Andy Potanin",
            "date": "Mon Feb 6 14:23:16 2017"
        },
        {
            "title": "Merge commit 'c1a7abe178150cc93f304df0c185760571375da5' into property-layouts",
            "flags": {
                "WP_PROPERTY_FLAG_ENABLE_TERMS": "False"
            },
            "message": "Merge commit 'c1a7abe178150cc93f304df0c185760571375da5' into property-layouts\n",
            "hash": "8762db2c673f6c14fbc2917f79ff57f5ff960b73",
            "merge": "88e49dcea 8bc56c4e7",
            "author": "SoSeductive",
            "date": "Fri Feb 3 02:10:49 2017"
        },
        {
            "title": "updated vendors libs; updated features",
            "flags": {
                "WP_PROPERTY_FLAG_ENABLE_TERMS": "False"
            },
            "message": "updated vendors libs; updated features\n",
            "hash": "b8b631063bdf743790c4788e4bd35ffd990269da",
            "author": "pemaxim",
            "date": "Thu Feb 2 10:47:28 2017"
        },
        {
            "title": "wp-property - Added [WPP_FEATURE_FLAG_WPP_STATUS] feature flag and standard Status taxonomy.",
            "flags": {
                "WPP_FEATURE_FLAG_WPP_STATUS": "False"
            },
            "message": "wp-property - Added [WPP_FEATURE_FLAG_WPP_STATUS] feature flag and standard Status taxonomy.\n",
            "hash": "263a41cd4e48cd7306f33109806d79a9a55e6631",
            "author": "Andy Potanin",
            "date": "Wed Feb 1 21:09:02 2017"
        },
        {
            "title": "* Added [WP_PROPERTY_FLAG_ENABLE_SUPERMAP] and [WP_PROPERTY_FLAG_ENABLE_AGENTS] feature flags to toggle features.",
            "flags": {
                "WP_PROPERTY_FLAG_ENABLE_SUPERMAP": "False",
                "WP_PROPERTY_FLAG_ENABLE_AGENTS": "False"
            },
            "message": "* Added [WP_PROPERTY_FLAG_ENABLE_SUPERMAP] and [WP_PROPERTY_FLAG_ENABLE_AGENTS] feature flags to toggle features.\n",
            "hash": "d7c9192700fda6ee4c890307d22c9b85a886aaae",
            "author": "Andy Potanin",
            "date": "Wed Feb 1 19:42:55 2017"
        },
        {
            "title": "wp-property -  Added [WPP_FEATURE_FLAG_SETTINGS_BACKUPS] feature flag, enabled by default. Feature automatically creates backups of plugin settings.",
            "flags": {
                "WPP_FEATURE_FLAG_SETTINGS_BACKUPS": "False"
            },
            "message": "wp-property -  Added [WPP_FEATURE_FLAG_SETTINGS_BACKUPS] feature flag, enabled by default. Feature automatically creates backups of plugin settings.\n",
            "hash": "45cd32e694a0dd7f123000f788a3b35b8049844e",
            "author": "Andy Potanin",
            "date": "Tue Jan 31 01:07:55 2017"
        },
        {
            "title": "wp-property - Added [WPP_FEATURE_FLAG_DISABLE_EDITOR] feature flag which hides the native Post Content editor.",
            "flags": {
                "WPP_FEATURE_FLAG_DISABLE_EDITOR": "False"
            },
            "message": "wp-property - Added [WPP_FEATURE_FLAG_DISABLE_EDITOR] feature flag which hides the native Post Content editor.\n",
            "hash": "38de8b26346f09dcc0a5793cc17919b231605028",
            "author": "Andy Potanin",
            "date": "Tue Jan 31 00:55:36 2017"
        },
        {
            "title": "wp-property - * Added [WPP_FEATURE_FLAG_WPP_CATEGORY] and [WP_PROPERTY_FLAG_WPP_FLAGS] feature flags, which enable [wpp_category] and [wpp_flags] taxonomies.",
            "flags": {
                "WP_PROPERTY_FLAG_WPP_FLAGS": "False",
                "WPP_FEATURE_FLAG_WPP_CATEGORY": "False"
            },
            "message": "wp-property - * Added [WPP_FEATURE_FLAG_WPP_CATEGORY] and [WP_PROPERTY_FLAG_WPP_FLAGS] feature flags, which enable [wpp_category] and [wpp_flags] taxonomies.\n",
            "hash": "70a1757512a26deee11f7a44b602699d8224752a",
            "author": "Andy Potanin",
            "date": "Tue Jan 31 00:53:39 2017"
        },
        {
            "title": "* Implemented [WP_PROPERTY_LEGACY_META_ATTRIBUTES] feature flag, disabling legacy meta UI.",
            "flags": {
                "WP_PROPERTY_META_ATTRIBUTES": "removed",
                "WP_PROPERTY_LEGACY_META_ATTRIBUTES": "False"
            },
            "message": "* Implemented [WP_PROPERTY_LEGACY_META_ATTRIBUTES] feature flag, disabling legacy meta UI.\n",
            "hash": "8fd46f62536a2b21b65b0db5de1dc4c630689eb2",
            "author": "Andy Potanin",
            "date": "Thu Jan 26 16:27:08 2017"
        },
        {
            "title": "* Implemented [WP_PROPERTY_LEGACY_META_ATTRIBUTES] feature flag, disabling legacy meta UI.",
            "flags": {
                "WP_PROPERTY_META_ATTRIBUTES": "removed",
                "WP_PROPERTY_LEGACY_META_ATTRIBUTES": "False"
            },
            "message": "* Implemented [WP_PROPERTY_LEGACY_META_ATTRIBUTES] feature flag, disabling legacy meta UI.\n",
            "hash": "bdb6715b4a603353cd1c8f4bd41122cce6814f75",
            "author": "Andy Potanin",
            "date": "Thu Jan 26 16:27:08 2017"
        },
        {
            "title": "wp-property - added feature flag to disable settings earch [WP_PROPERTY_SETTINGS_SEARCH]",
            "flags": {
                "WP_PROPERTY_SETTINGS_SEARCH": "False"
            },
            "message": "wp-property - added feature flag to disable settings earch [WP_PROPERTY_SETTINGS_SEARCH]\n",
            "hash": "656d71b2852951f1578783c58f1cb92f6de60eab",
            "author": "Andy Potanin",
            "date": "Thu Jan 26 11:15:25 2017"
        },
        {
            "title": "wp-property - field alias tweaks",
            "flags": {
                "WP_PROPERTY_META_ATTRIBUTES": "False"
            },
            "message": "wp-property - field alias tweaks\n",
            "hash": "27017a1302e7637968d23112b627897c0a3fdc23",
            "author": "Andy Potanin",
            "date": "Thu Jan 26 03:04:58 2017"
        },
        {
            "title": "added feature flag for [WP_PROPERTY_SETUP_ASSISTANT] and disabled by default. Implemented [WP_PROPERTY_FIELD_ALIAS] feature",
            "flags": {
                "WP_PROPERTY_SETUP_ASSISTANT": "False",
                "WP_PROPERTY_META_ALIAS": "removed",
                "WP_PROPERTY_FIELD_ALIAS": "False"
            },
            "message": "added feature flag for [WP_PROPERTY_SETUP_ASSISTANT] and disabled by default. Implemented [WP_PROPERTY_FIELD_ALIAS] feature\n",
            "hash": "685905c206766b445e705a54ccceaa1fa608c218",
            "author": "Andy Potanin",
            "date": "Thu Jan 26 02:54:12 2017"
        },
        {
            "title": "fix conflicts",
            "flags": {
                "WPP_FEATURE_FLAG_WPP_TYPE": "removed",
                "WPP_FEATURE_FLAG_FREEMIUS": "removed",
                "WPP_FEATURE_FLAG_WPP_LOCATION": "removed"
            },
            "message": "fix conflicts\n",
            "hash": "ec9547627e9d60dde787b5a68b393643e052e5ca",
            "author": "SoSeductive",
            "date": "Thu Jan 26 01:54:45 2017"
        },
        {
            "title": "merging with latest",
            "flags": {
                "WPP_FEATURE_FLAG_WPP_TYPE": "False",
                "WPP_FEATURE_FLAG_FREEMIUS": "False",
                "WPP_FEATURE_FLAG_WPP_LOCATION": "False",
                "WP_PROPERTY_META_ALIAS": "False",
                "RETSCI_FEATURE_FLAG_DASHBOARD_WIDGET": "False"
            },
            "message": "merging with latest\n",
            "hash": "db3385aa367e3fdaeb46195dd5197eefeb22dc49",
            "merge": "a560fa97f e68c20c09",
            "author": "SoSeductive",
            "date": "Thu Jan 26 00:25:10 2017"
        },
        {
            "title": "wp-property - adding Freemius, Standard Location Taxonomy and Standard Property Type feature flags",
            "flags": {
                "WPP_FEATURE_FLAG_FREEMIUS": "False",
                "WPP_FEATURE_FLAG_WPP_LOCATION": "False",
                "WPP_FEATURE_FLAG_WPP_TYPE": "False"
            },
            "message": "wp-property - adding Freemius, Standard Location Taxonomy and Standard Property Type feature flags\n",
            "hash": "89c78e14793f6cd7d9ce8374eff0ebe286613a19",
            "author": "Andy Potanin",
            "date": "Wed Jan 25 18:38:04 2017"
        },
        {
            "title": "wp-property - adding meta alias feature flag and fixing notice nag in wp-rets-client",
            "flags": {
                "WP_PROPERTY_META_ALIAS": "False"
            },
            "message": "wp-property - adding meta alias feature flag and fixing notice nag in wp-rets-client\n",
            "hash": "2fb8f3ddbb4c407258023b2a4897c9374c262915",
            "author": "Andy Potanin",
            "date": "Wed Jan 25 17:57:58 2017"
        },
        {
            "title": "Squashed 'wp-content/plugins/wp-crm/' changes from 8c922d5..43df4c9",
            "flags": {
                "WP_CRM_VISUALIZATION": "False",
                "WP_CRM_DISABLE_DASHBOARD_SPLASH": "False"
            },
            "message": "Squashed 'wp-content/plugins/wp-crm/' changes from 8c922d5..43df4c9\n\n43df4c9 ported contextual help\n775a77d Add 'static/wiki/' from commit '2d9f45924c5604f76aa6cac52e48a2240372bfd9'\nf5415c8 wp-crm - version fix\n2a98dfc wp-crm - tweaks to feature flag loading logic\n687d5af * Added Feature Flags handler. * Moved Google Visualization into [WP_CRM_VISUALIZATION] flag. * Added [WP_CRM_DISABLE_DASHBOARD_SPLASH] Feature Flag to disable Splash page. * Various PHP notice fixes.\n2d9f459 Updated _Sidebar (markdown)\n326340c Updated WP CRM with WP Property Integration (markdown)\nf29759b Updated _Sidebar (markdown)\nf0c1a00 Updated WP CRM with WP Property Integration (markdown)\n7a802f7 Updated _Sidebar (markdown)\n1e7b674 Updated WP CRM & WooCommerce Integration (markdown)\n348638d Updated WP CRM & WP Invoice Integration (markdown)\nfc43afb Updated WP CRM with WP Property Integration (markdown)\n7ad129c Updated Integrating WP CRM with Denali Theme (markdown)\n0bab461 Updated Integrating WP CRM with Denali Theme (markdown)\n1267b5a Updated _Sidebar (markdown)\n465f713 Updated Integrating WP CRM with Denali Theme (markdown)\n2655b82 Updated WP CRM with WP Property Integration (markdown)\n1b3bf53 Updated WP CRM & WP Property Integration (markdown)\n0598b1b Updated _Sidebar (markdown)\n999033e Updated WP CRM & WP Property Integration (markdown)\nf7fb599 Updated _Sidebar (markdown)\n63be945 Updated Home (markdown)\n62bd4c9 Updated WP CRM & WP Property Integration (markdown)\n1580928 Updated WP CRM Settings The Data Tab (markdown)\nb0cd95f Updated WP CRM Settings The Notifications Tab The Shortcode Forms Tab (markdown)\n0909a72 Updated WP CRM & WP Invoice Integration (markdown)\n8d26b28 Updated _Sidebar (markdown)\n25b1f6c Created Installing WP CRM Add ons (markdown)\na1f8421 Updated WP CRM & WooCommerce Integration (markdown)\ne81be3d Updated _Sidebar (markdown)\nb07b108 Updated How do I add a new attribute? (markdown)\n22b5c22 Updated WooCommerce Integration (markdown)\ne74e58c Updated WP Invoice Integration (markdown)\na3d9f50 Updated WP Property Integration (markdown)\n0494969 Updated The Shortcode Forms Tab (markdown)\n2a3fca7 Updated The Notifications Tab (markdown)\n82a81f4 Updated The Roles Tab (markdown)\n8693909 Updated The Data Tab (markdown)\n5040a9a Updated The UI Tab (markdown)\n77a4bd9 Updated The Main Tab (markdown)\n4c27886 Updated _Sidebar (markdown)\n5d45d7a Updated Translating (markdown)\n191fa4f Updated Installing (markdown)\n8d5e347 Updated Forms and Automatic User Creation (markdown)\n4fe65ff Updated Denali theme Integration (markdown)\n6d462f8 Updated _Sidebar (markdown)\nb360086 Updated Creating Users and User Data in WP CRM (markdown)\n2190484 Updated _Sidebar (markdown)\nb68665e Updated Creating Users and User Data (markdown)\nea92b4c Updated Creating Users and User Data (markdown)\n4d4ecf3 Updated _Sidebar (markdown)\n35e9074 Updated 881691 how do i add a new attribute (markdown)\nf98f416 Updated 881691 how do i add a new attribute (markdown)\n87980a6 Destroyed 779130 using wp invoice customer information billing fiel (markdown)\n85c832f Updated Denali theme Intergration (markdown)\n407404b Updated WP Invoice Intergration (markdown)\n16fa4d4 Updated WP Property Intergration (markdown)\n00d2814 Updated _Sidebar (markdown)\n1b5f6ab Updated _Sidebar (markdown)\n6379bfe Updated Using WooCommerce Billing and Shipping Fields (markdown)\ncabb00c Updated WP Invoice Intergration (markdown)\n219799e Updated WP Invoice Intergration (markdown)\ne7ff07d Updated Using WooCommerce Billing and Shipping Fields (markdown)\nc459666 Updated 734604 using woocommerce billing and shipping fields (markdown)\n51b19f2 Created \u201cShortcode Form\u201d tab is missing (markdown)\n0cdab83 Created Installing and Activating WP-CRM Legacy Extensions (markdown)\ncc3f502 Updated _Sidebar (markdown)\n6f96ff5 Updated Denali theme Intergration (markdown)\n4eec2df Updated Denali theme Intergration (markdown)\naf7de05 Updated Denali theme Intergration (markdown)\n4e6dab5 Updated Denali theme Intergration (markdown)\nbe4050a Updated Denali theme Intergration (markdown)\n764428f Updated Denali theme Intergration (markdown)\na87bdd6 Updated Denali theme Intergration (markdown)\n738bc02 Created Denali theme Intergration (markdown)\n7f23c96 Updated WP Invoice Intergration (markdown)\n4c788f2 Updated WP Property Intergration (markdown)\n4197f7a Updated WP Invoice Intergration (markdown)\nafd82a4 Created WP Invoice Intergration (markdown)\n64b4b03 Created WP Property Intergration (markdown)\n8754dec Updated The Notifications Tab (markdown)\n427cc2b Updated _Sidebar (markdown)\n4a9c35e Updated WP CRM Settings: The UI Tab (markdown)\n927facb Updated WP CRM Settings: The Shortcode Forms Tab (markdown)\ne2715df Updated Roles Tab (markdown)\nf896d65 Updated WP CRM Settings: The Roles Tab (markdown)\n03a3d00 Updated WP CRM Settings: The Notifications Tab (markdown)\n321a2c5 Updated WP CRM Settings: The Main Tab (markdown)\n1247020 Updated The Features Tab (markdown)\n9cf0946 Updated WP CRM Settings: The Features Tab (markdown)\nc27efff Updated WP CRM Settings: The Data Tab (markdown)\n94fd7b0 Updated _Sidebar (markdown)\n690328b Updated Creating Users and User Data (markdown)\n29e4f56 Updated _Sidebar (markdown)\n1409069 Updated wp crm shortcode forms setting tab (markdown)\nccb198a Updated wp crm notifications setting tab (markdown)\ne8a9ed5 Updated _Sidebar (markdown)\n71e629e Updated wp crm roles setting tab (markdown)\n9252850 Updated _Sidebar (markdown)\n0e43d95 Updated _Sidebar (markdown)\nc586287 Updated wp crm data setting tab (markdown)\nf02b7e7 Updated _Sidebar (markdown)\na1f8a28 Updated wp crm ui setting tab (markdown)\nd67e259 Updated WP CRM Settings: The Main Tab (markdown)\n2a8cb3a Updated WP CRM Settings: The Main Tab (markdown)\nf872954 Updated _Sidebar (markdown)\nac38964 Updated wp crm main setting tab (markdown)\n43c28dd Updated wp crm features setting tab (markdown)\n1486c3b Updated Creating Users and User Data (markdown)\n7e118ee Updated _Sidebar (markdown)\na6f3862 Updated Forms and Automatic User Creation (markdown)\n8181ea2 Updated Forms and Automatic User Creation (markdown)\nc4549dc Updated creating users and user data (markdown)\n7a1842e Updated Forms and Automatic User Creation (markdown)\na2aedda Updated _Sidebar (markdown)\n711aefa Destroyed form creation and automatic user creation (markdown)\n7e5437b Updated _Sidebar (markdown)\n81ce9af Created Does WP-CRM use the same user database as regular WordPress user management? (markdown)\n9651a4f Updated _Sidebar (markdown)\n9d463b7 Destroyed tutorials=wp crm (markdown)\nb00fb58 Updated Home (markdown)\n8d92783 Updated Home (markdown)\n7d739dd Destroyed tutorials=translating plugins (markdown)\na026aa2 Destroyed API (markdown)\n2b0065e Destroyed Introduction (markdown)\n02abab2 Updated 618216 installing and activating wp crm (markdown)\n78a1dd1 Destroyed Installing (markdown)\n6a8c735 Created Translating (markdown)\n502b292 Created Installing (markdown)\ne947dab Updated _Sidebar (markdown)\na6e170d Destroyed _Footer (markdown)\n696d488 Updated Home (markdown)\nb2f0417 Updated Home (markdown)\n0c3d1a2 Updated Introduction (markdown)\n95a66af Updated Introduction (markdown)\n21e8680 Created Forms and Automatic User Creation (markdown)\n58a420a Created Introduction (markdown)\nde2418c product-wiki update using grunt \"migrateWikis\". (results may vary)\naee4766 Adding footer/sidebar and splash pge\nb8e8001 Initial Commit\n\ngit-subtree-dir: wp-content/plugins/wp-crm\ngit-subtree-split: 43df4c97f222a6802c887cfeef17b6ac352bb2bf\n",
            "hash": "db18a56834f3e23a1f59e429146c46195188338d",
            "author": "Andy Potanin",
            "date": "Tue Jan 24 01:48:10 2017"
        },
        {
            "title": "Features flags",
            "flags": {
                "WPP_FEATURE_FLAG_WPP_TYPE": "False",
                "WPP_FEATURE_FLAG_FREEMIUS": "False",
                "WPP_FEATURE_FLAG_WPP_LOCATION": "False"
            },
            "message": "Features flags\n",
            "hash": "41605042310b134605b55268138acfeac80da71f",
            "author": "SoSeductive",
            "date": "Mon Jan 23 07:25:33 2017"
        },
        {
            "title": "wp-property - updated wp-rets-client to v0.2.1",
            "flags": {
                "RETSCI_FEATURE_FLAG_DASHBOARD_WIDGET": "False"
            },
            "message": "wp-property - updated wp-rets-client to v0.2.1\n",
            "hash": "0a7cf20454c4c262860d9914d168b0c619577f48",
            "author": "Andy Potanin",
            "date": "Fri Jan 20 12:02:53 2017"
        },
        {
            "title": "Squashed 'wp-content/plugins/wp-property/' changes from 3f99877..159ff3f",
            "flags": {
                "WP_PROPERTY_LAYOUTS": "False"
            },
            "message": "Squashed 'wp-content/plugins/wp-property/' changes from 3f99877..159ff3f\n\n159ff3f Merge pull request #380 from wp-property/layouts-customizer\nba427c4 Merge branch 'latest' into layouts-customizer\nba0ef28 Flags functions\n7058874 Layouts in customizer\n5350e2a Layouts in customizer\nd4ca3a9 Layouts in customizer\n1149f84 Layouts in customizer\n83c347e Layouts in customizer\n743f8fd Layouts in customizer\neadfa58 Layouts in customizer\n325fa15 no layout bug fix\n61ffa26 no layout bug fix\n1853fda no layout bug fix\nd10fa79 no layout bug fix\nf657254 Fix select2 conflict\n\ngit-subtree-dir: wp-content/plugins/wp-property\ngit-subtree-split: 159ff3ffd19e2c599f5f729574598c7b6b61ece9\n",
            "hash": "d75b26c458d7880e90fcbfe8b2cdec9b19934d7f",
            "author": "Andy Potanin",
            "date": "Fri Jan 20 11:55:29 2017"
        },
        {
            "title": "Flags functions",
            "flags": {
                "WP_PROPERTY_LAYOUTS": "False"
            },
            "message": "Flags functions\n",
            "hash": "ba0ef28891859cef82a79d5213cacc81d1d793fe",
            "author": "SoSeductive",
            "date": "Fri Jan 20 07:18:00 2017"
        }
    ]
}