{
    "id": 61105503,
    "node_id": "MDEwOlJlcG9zaXRvcnk2MTEwNTUwMw==",
    "name": "wp-rets-client",
    "full_name": "rets-ci/wp-rets-client",
    "private": false,
    "description": "RETS Client for `api.rets.ci` Service",
    "fork": false,
    "created_at": "2016-06-14T08:27:12Z",
    "updated_at": "2018-10-23T16:33:25Z",
    "pushed_at": "2018-10-23T16:35:57Z",
    "homepage": null,
    "size": 138512,
    "stargazers_count": 2,
    "watchers_count": 2,
    "language": "PHP",
    "has_issues": true,
    "has_projects": true,
    "has_downloads": true,
    "has_wiki": true,
    "has_pages": false,
    "forks_count": 0,
    "archived": false,
    "disabled": false,
    "open_issues_count": 4,
    "license": null,
    "forks": 0,
    "open_issues": 4,
    "watchers": 2,
    "default_branch": "latest",
    "temp_clone_token": "",
    "network_count": 0,
    "subscribers_count": 7,
    "languages": {
        "PHP": 193591,
        "JavaScript": 6784,
        "Shell": 6666,
        "Makefile": 420,
        "CSS": 159
    }
}