{
    "date": "2019-12-20T18:24:45.851824",
    "commits": [
        {
            "title": "Add latest changes from gitlab-org/gitlab@master",
            "flags": {
                "snippets_vue": "False"
            },
            "message": "Add latest changes from gitlab-org/gitlab@master\n",
            "hash": "ed73d4f207ef6cb8646719baa1188d096c9f3139",
            "author": "GitLab Bot",
            "date": "Thu Dec 5 19:08:02 2019"
        },
        {
            "title": "Add latest changes from gitlab-org/gitlab@master",
            "flags": {
                "snippets_vue": "removed"
            },
            "message": "Add latest changes from gitlab-org/gitlab@master\n",
            "hash": "2349eabc1a473bfb70555f0ce6d3d808cecb181d",
            "author": "GitLab Bot",
            "date": "Thu Dec 5 16:07:48 2019"
        },
        {
            "title": "Add latest changes from gitlab-org/gitlab@master",
            "flags": {
                "snippets_vue": "False"
            },
            "message": "Add latest changes from gitlab-org/gitlab@master\n",
            "hash": "134fe182008dc13a16f12d723aa73771efb1a6a2",
            "author": "GitLab Bot",
            "date": "Thu Dec 5 13:07:40 2019"
        },
        {
            "title": "Add latest changes from gitlab-org/gitlab@master",
            "flags": {
                "async_mr_widget": "False",
                "hide_dismissed_vulnerabilities": "removed"
            },
            "message": "Add latest changes from gitlab-org/gitlab@master\n",
            "hash": "6a7cc8c14727f6fac64a5be6838764d8d5d41468",
            "author": "GitLab Bot",
            "date": "Thu Dec 5 10:07:51 2019"
        },
        {
            "title": "Add latest changes from gitlab-org/gitlab@master",
            "flags": {
                "create_eks_clusters": "removed"
            },
            "message": "Add latest changes from gitlab-org/gitlab@master\n",
            "hash": "bd8a202da68db8c61150d52e246997f04c329110",
            "author": "GitLab Bot",
            "date": "Tue Nov 26 16:06:23 2019"
        },
        {
            "title": "Add latest changes from gitlab-org/gitlab@master",
            "flags": {
                "release_edit_page": "removed"
            },
            "message": "Add latest changes from gitlab-org/gitlab@master\n",
            "hash": "69a23cbee136eda0ab37874399421e6865cfc76b",
            "author": "GitLab Bot",
            "date": "Fri Nov 22 13:06:19 2019"
        },
        {
            "title": "Add latest changes from gitlab-org/gitlab@master",
            "flags": {
                "release_search_filter": "True"
            },
            "message": "Add latest changes from gitlab-org/gitlab@master\n",
            "hash": "ea4762d464bb36f3e36e318db47086e41f493377",
            "author": "GitLab Bot",
            "date": "Fri Nov 22 10:06:00 2019"
        },
        {
            "title": "Add latest changes from gitlab-org/gitlab@master",
            "flags": {
                "release_evidence_collection": "False"
            },
            "message": "Add latest changes from gitlab-org/gitlab@master\n",
            "hash": "8a3fdede9607c806d88856d46d4f5394b630a006",
            "author": "GitLab Bot",
            "date": "Fri Nov 22 01:06:20 2019"
        },
        {
            "title": "Add latest changes from gitlab-org/gitlab@master",
            "flags": {
                "enable_cluster_application_crossplane": "False"
            },
            "message": "Add latest changes from gitlab-org/gitlab@master\n",
            "hash": "c1f270b8ba4602952c36ce042e5eae439b22f9a6",
            "author": "GitLab Bot",
            "date": "Sun Nov 17 19:06:28 2019"
        },
        {
            "title": "Add latest changes from gitlab-org/gitlab@master",
            "flags": {
                "multi_select_board": "True"
            },
            "message": "Add latest changes from gitlab-org/gitlab@master\n",
            "hash": "d8c06be498acbfc2024c01b6b6b02d120dc499f2",
            "author": "GitLab Bot",
            "date": "Thu Nov 14 04:06:30 2019"
        },
        {
            "title": "Add latest changes from gitlab-org/gitlab@master",
            "flags": {
                "release_edit_page": "True"
            },
            "message": "Add latest changes from gitlab-org/gitlab@master\n",
            "hash": "b42f312df5aee0f1b832b69171e9d1cf92eb7416",
            "author": "GitLab Bot",
            "date": "Wed Nov 13 13:06:45 2019"
        },
        {
            "title": "Add latest changes from gitlab-org/gitlab@master",
            "flags": {
                "environment_metrics_use_prometheus_endpoint": "removed",
                "environment_metrics_additional_panel_types": "removed"
            },
            "message": "Add latest changes from gitlab-org/gitlab@master\n",
            "hash": "57e3d49fc0fb99f42ac178761fc6232715734020",
            "author": "GitLab Bot",
            "date": "Wed Nov 13 10:06:51 2019"
        },
        {
            "title": "Add latest changes from gitlab-org/gitlab@master",
            "flags": {
                "gfm_grafana_integration": "removed"
            },
            "message": "Add latest changes from gitlab-org/gitlab@master\n",
            "hash": "4f01ac5ba0bf72427ed4fef9b229d056dbb60e89",
            "author": "GitLab Bot",
            "date": "Wed Nov 13 01:06:41 2019"
        },
        {
            "title": "Add latest changes from gitlab-org/gitlab@master",
            "flags": {
                "release_issue_summary": "False"
            },
            "message": "Add latest changes from gitlab-org/gitlab@master\n",
            "hash": "61f0c58946ebac453b55a657cd4be1ac50a01e11",
            "author": "GitLab Bot",
            "date": "Fri Nov 8 04:06:32 2019"
        },
        {
            "title": "Add latest changes from gitlab-org/gitlab@master",
            "flags": {
                "vue_issuables_list": "False"
            },
            "message": "Add latest changes from gitlab-org/gitlab@master\n",
            "hash": "cf85de264d049f1f8ff14b23f38f8331ae4c60fa",
            "author": "GitLab Bot",
            "date": "Wed Nov 6 13:06:44 2019"
        },
        {
            "title": "Add latest changes from gitlab-org/gitlab@master",
            "flags": {
                "release_search_filter": "False"
            },
            "message": "Add latest changes from gitlab-org/gitlab@master\n",
            "hash": "bcdcff749598f4275f7c250c07cbfe632cfe7fdb",
            "author": "GitLab Bot",
            "date": "Wed Nov 6 10:06:29 2019"
        },
        {
            "title": "Add latest changes from gitlab-org/gitlab@master",
            "flags": {
                "junit_pipeline_view": "False"
            },
            "message": "Add latest changes from gitlab-org/gitlab@master\n",
            "hash": "4c464055fbcdab02bb8334b148c0e35b981b239e",
            "author": "GitLab Bot",
            "date": "Tue Nov 5 07:06:17 2019"
        },
        {
            "title": "Add latest changes from gitlab-org/gitlab@master",
            "flags": {
                "release_search_filter": "False"
            },
            "message": "Add latest changes from gitlab-org/gitlab@master\n",
            "hash": "ef326e805ac99222c55e1efd9867045800f01a4b",
            "author": "GitLab Bot",
            "date": "Mon Oct 28 14:06:24 2019"
        },
        {
            "title": "Add latest changes from gitlab-org/gitlab@master",
            "flags": {
                "enable_cluster_application_elastic_stack": "False"
            },
            "message": "Add latest changes from gitlab-org/gitlab@master\n",
            "hash": "6653aab95dfdfd260e8814e7499cc2345f451f99",
            "author": "GitLab Bot",
            "date": "Tue Oct 22 08:06:06 2019"
        },
        {
            "title": "Add latest changes from gitlab-org/gitlab@master",
            "flags": {
                "job_log_json": "False"
            },
            "message": "Add latest changes from gitlab-org/gitlab@master\n",
            "hash": "f1bb2a307e9b125a8ee0be3728cb0d1baa21a3d4",
            "author": "GitLab Bot",
            "date": "Mon Oct 21 11:06:29 2019"
        },
        {
            "title": "Add latest changes from gitlab-org/gitlab@master",
            "flags": {
                "vue_issuable_sidebar": "False"
            },
            "message": "Add latest changes from gitlab-org/gitlab@master\n",
            "hash": "914ea32e0efca21436220df2c10e1bfbe4ed3da9",
            "author": "GitLab Bot",
            "date": "Wed Oct 16 02:07:51 2019"
        },
        {
            "title": "Add latest changes from gitlab-org/gitlab@master",
            "flags": {
                "release_edit_page": "False"
            },
            "message": "Add latest changes from gitlab-org/gitlab@master\n",
            "hash": "c920712fab6abdc37de9444e6bbcd170c295b21a",
            "author": "GitLab Bot",
            "date": "Tue Oct 15 17:06:16 2019"
        },
        {
            "title": "Add latest changes from gitlab-org/gitlab@master",
            "flags": {
                "multi_select_board": "False"
            },
            "message": "Add latest changes from gitlab-org/gitlab@master\n",
            "hash": "3d13802bc2c9400ea33defdd43bff6d904ee9c4d",
            "author": "GitLab Bot",
            "date": "Tue Oct 15 02:06:09 2019"
        },
        {
            "title": "Add latest changes from gitlab-org/gitlab@master",
            "flags": {
                "multi_select_board": "removed"
            },
            "message": "Add latest changes from gitlab-org/gitlab@master\n",
            "hash": "0dfbcd8f8b1587a7e10eb79940a8dc13bd72c664",
            "author": "GitLab Bot",
            "date": "Fri Oct 11 11:06:15 2019"
        },
        {
            "title": "Add latest changes from gitlab-org/gitlab@master",
            "flags": {
                "multi_select_board": "False"
            },
            "message": "Add latest changes from gitlab-org/gitlab@master\n",
            "hash": "f03a645e7409882fe8b1aceca1735bc9051c612a",
            "author": "GitLab Bot",
            "date": "Fri Oct 11 05:06:29 2019"
        },
        {
            "title": "Add latest changes from gitlab-org/gitlab@master",
            "flags": {
                "diffs_batch_load": "False"
            },
            "message": "Add latest changes from gitlab-org/gitlab@master\n",
            "hash": "4b28d5ae770c6bd332283a3f13ceae06329c409b",
            "author": "GitLab Bot",
            "date": "Wed Oct 9 14:06:24 2019"
        },
        {
            "title": "Add latest changes from gitlab-org/gitlab@master",
            "flags": {
                "gfm_grafana_integration": "False"
            },
            "message": "Add latest changes from gitlab-org/gitlab@master\n",
            "hash": "9a1c5456747a7b5b218b8b44e4b43396bf7fd705",
            "author": "GitLab Bot",
            "date": "Thu Oct 3 08:07:07 2019"
        },
        {
            "title": "Add latest changes from gitlab-org/gitlab@master",
            "flags": {
                "suppress_ajax_navigation_errors": "True"
            },
            "message": "Add latest changes from gitlab-org/gitlab@master\n",
            "hash": "2abb1b54c0305b359b178d6660810e865f619c22",
            "author": "GitLab Bot",
            "date": "Fri Sep 27 11:06:20 2019"
        },
        {
            "title": "Add latest changes from gitlab-org/gitlab@master",
            "flags": {
                "suppress_ajax_navigation_errors": "removed"
            },
            "message": "Add latest changes from gitlab-org/gitlab@master\n",
            "hash": "504ab1e32cbd3a529fe61f6c9a30823febce796c",
            "author": "GitLab Bot",
            "date": "Tue Sep 24 17:06:12 2019"
        },
        {
            "title": "Add latest changes from gitlab-org/gitlab@master",
            "flags": {
                "suppress_ajax_navigation_errors": "True"
            },
            "message": "Add latest changes from gitlab-org/gitlab@master\n",
            "hash": "150effab274651b3a8d2041e64ced734d1f3a349",
            "author": "GitLab Bot",
            "date": "Tue Sep 24 14:06:18 2019"
        },
        {
            "title": "Add latest changes from gitlab-org/gitlab@master",
            "flags": {
                "environment_metrics_show_multiple_dashboards": "removed"
            },
            "message": "Add latest changes from gitlab-org/gitlab@master\n",
            "hash": "2ed368929ab5094fec5da8038f723463596a80cf",
            "author": "GitLab Bot",
            "date": "Tue Sep 24 11:06:05 2019"
        },
        {
            "title": "Add latest changes from gitlab-org/gitlab@master",
            "flags": {
                "hide_dismissed_vulnerabilities": "False"
            },
            "message": "Add latest changes from gitlab-org/gitlab@master\n",
            "hash": "48c77599ca5d833ce01ca310af4887200875174f",
            "author": "GitLab Bot",
            "date": "Mon Sep 16 17:06:11 2019"
        },
        {
            "title": "Include AWS SDK as packge dependency",
            "flags": {
                "create_eks_clusters": "False"
            },
            "message": "Include AWS SDK as packge dependency\n\n- Load EKS create cluster form as dynamic import dependency.\n- Include aws-sdk dependency in package.json\n",
            "hash": "bf37e086342f2b2fc478ddb0e836172c950dea83",
            "author": "Enrique Alcantara",
            "date": "Wed Sep 11 09:28:54 2019"
        },
        {
            "title": "Creates Feature Flag for job log",
            "flags": {
                "job_log_json": "False"
            },
            "message": "Creates Feature Flag for job log\n\nUpdates frontend code and specs to allow for the new\nfeature flag\n",
            "hash": "288e709cb729124b81344912db0a0f8ce9735a7d",
            "author": "Filipa Lacerda",
            "date": "Fri Aug 30 14:51:30 2019"
        },
        {
            "title": "Adds download CSV functionality to dropdown in metrics",
            "flags": {
                "export_metrics_to_csv_enabled": "removed"
            },
            "message": "Adds download CSV functionality to dropdown in metrics\n\nThis MR adds the functionality to download metrics data\nas CSV. It also removes the exportMetricsToCsvEnabled feature\nflag which was used before the dropdown was implemented to\ndisplay a button.\n",
            "hash": "9e75711aead6c5991ea116a9326762d58b91b18b",
            "author": "Laura Montemayor",
            "date": "Wed Aug 14 15:57:33 2019"
        },
        {
            "title": "Remove gfm_embed_metrics flag from BE",
            "flags": {
                "gfm_embedded_metrics": "removed"
            },
            "message": "Remove gfm_embed_metrics flag from BE\n\nRemoves the feature flag that controls whether\nmetrics dashboard urls unfurl the metrics dashboard\ncharts.\n",
            "hash": "5e6a58040bcfaa4c933027cddfad04810042b904",
            "author": "Tristan Read",
            "date": "Fri Aug 9 13:35:43 2019"
        },
        {
            "title": "Adds button to download metrics data as csv",
            "flags": {
                "export_metrics_to_csv_enabled": "False"
            },
            "message": "Adds button to download metrics data as csv\n\nThis MR adds a temporary button to be able to\ndownload the Prometheus metrics from charts\nto CSV format.\n",
            "hash": "6a5a624749f0f09aaa521c3464da67d9c4515a01",
            "author": "Laura Montemayor",
            "date": "Fri Aug 9 13:29:33 2019"
        },
        {
            "title": "Enable the prometheus endpoint by default",
            "flags": {
                "environment_metrics_use_prometheus_endpoint": "True"
            },
            "message": "Enable the prometheus endpoint by default\n",
            "hash": "cfcaac7badd030a2bc605660e9af98cd60a10176",
            "author": "Sarah Yasonik",
            "date": "Thu Aug 8 13:06:22 2019"
        },
        {
            "title": "Merge branch 'bw-enable-default-manual-sorting' into 'master'",
            "flags": {
                "manual_sorting": "True"
            },
            "message": "Merge branch 'bw-enable-default-manual-sorting' into 'master'\n\nDefault manual_sorting feature flag to on\n\nSee merge request gitlab-org/gitlab-ce!30788",
            "hash": "98152f17eaf6b9346566b64154bc2a348a1257cd",
            "merge": "b2f524e77b3 81f1028801c",
            "author": "Sean McGivern",
            "date": "Wed Jul 24 03:41:47 2019"
        },
        {
            "title": "Remove backend use of manual_sorting feature flag",
            "flags": {
                "manual_sorting": "removed"
            },
            "message": "Remove backend use of manual_sorting feature flag\n",
            "hash": "1c24ebb0f44e7281c578510848aeec9cdbec1ffd",
            "author": "Brett Walker",
            "date": "Wed Jul 17 07:38:22 2019"
        },
        {
            "title": "Default manual_sorting feature flag to on",
            "flags": {
                "manual_sorting": "True"
            },
            "message": "Default manual_sorting feature flag to on\n",
            "hash": "81f1028801c81369e10c251d422592f959cf35a8",
            "author": "Brett Walker",
            "date": "Tue Jul 16 07:20:53 2019"
        },
        {
            "title": "Add support for additional panel types",
            "flags": {
                "environment_metrics_additional_panel_types": "False"
            },
            "message": "Add support for additional panel types\n\nThis introduces the single stat chart component aside from\nthe area chart component\n",
            "hash": "202a150f72cdf2793f66d80f892ee6d68d7f26ad",
            "author": "Jose Ivan Vargas",
            "date": "Wed Jul 10 14:12:46 2019"
        },
        {
            "title": "Remove `:graphql` feature flag",
            "flags": {
                "graphql": "removed"
            },
            "message": "Remove `:graphql` feature flag\n\n- Remove `FeatureConstrainer` call wrapping api endpoint\n- Remove `Feature.enabled?(:graphql)` conditionals in back and frontend\n- Modify graphql test to be graphql flag agnostic\n- Remove api routing spec\n- Remove frontend feature flag via `gon`\n",
            "hash": "639ab5214cb569dce70080020e3181946e5d3bf1",
            "author": "charlie ablett",
            "date": "Tue Jul 9 05:45:23 2019"
        },
        {
            "title": "Push feature flag for embedding metrics",
            "flags": {
                "gfm_embedded_metrics": "False"
            },
            "message": "Push feature flag for embedding metrics\n",
            "hash": "9062c9f11b5ae06901b31dc7b169ad3b04c2c1b9",
            "author": "Sarah Yasonik",
            "date": "Mon Jul 8 21:04:59 2019"
        },
        {
            "title": "Bring Manual Ordering on Issue List",
            "flags": {
                "manual_sorting": "False"
            },
            "message": "Bring Manual Ordering on Issue List\n\nOn all the issue lists -- Group, Project and Dashboard -- this\nchange adds a new option for managing the lists.\n\n\"Manual Ordering\" option is added which when flipped on will allow\nan user to drag and drop issues around to create a relative ordering\namong them.\n",
            "hash": "6f448bd17d2e0a0329146d0f36c3d2b79c48bdc2",
            "author": "Rajat Jain",
            "date": "Wed Jun 26 01:29:23 2019"
        },
        {
            "title": "Remove the grafana_dashboard_link feature flag",
            "flags": {
                "grafana_dashboard_link": "removed"
            },
            "message": "Remove the grafana_dashboard_link feature flag\n",
            "hash": "a4e320a42c1d1b973719e27e0ebc9fc96c173a03",
            "author": "Reuben Pereira",
            "date": "Wed Jun 12 12:20:22 2019"
        },
        {
            "title": "Remove metrics_time_window feature flag",
            "flags": {
                "metrics_time_window": "removed"
            },
            "message": "Remove metrics_time_window feature flag\n",
            "hash": "3f5447dbbd0a939943ee12903490c264d79d6d27",
            "author": "Sarah Yasonik",
            "date": "Fri Jun 7 01:48:10 2019"
        },
        {
            "title": "Add frontend support for cluster health alerts",
            "flags": {
                "prometheus_computed_alerts": "False"
            },
            "message": "Add frontend support for cluster health alerts\n\nAdds a new query text input for metric alerts\n",
            "hash": "b78c370ac56da396ecdd091319d2610ea2768dd7",
            "author": "Adriel Santiago",
            "date": "Thu Jun 6 12:57:28 2019"
        },
        {
            "title": "Add external dashboard link",
            "flags": {
                "grafana_dashboard_link": "False"
            },
            "message": "Add external dashboard link\n\nAdd settings for linking to external dashboard from\nmetrics dashboard\n",
            "hash": "3565ee2ed66bd064ab6bef96ab43c0be43f75e49",
            "author": "Adriel Santiago",
            "date": "Tue May 7 07:47:09 2019"
        },
        {
            "title": "Update metrics dashboard API to load yml from repo",
            "flags": {
                "environment_metrics_show_multiple_dashboards": "False"
            },
            "message": "Update metrics dashboard API to load yml from repo\n\nUpdates the EnvironmentController#metrics_dashboard endpoint\nto support a \"dashboard\" param, which can be used to specify\nthe filepath of a dashboard configuration from a project\nrepository. Dashboard configurations are expected to be\nstored in .gitlab/dashboards/.\n\nUpdates dashboard post-processing steps to exclude custom\nmetrics, which should only display on the system dashboard.\n",
            "hash": "552a3d2fd939d3f8a56cfad9fad62227c1d5aa89",
            "author": "Sarah Yasonik",
            "date": "Wed May 1 03:16:03 2019"
        },
        {
            "title": "Use existing common metrics",
            "flags": {
                "environment_metrics_show_multiple_dashboards": "removed"
            },
            "message": "Use existing common metrics\n",
            "hash": "18183f404e492bcdb9818e2fb29b50dafdbca247",
            "author": "syasonik",
            "date": "Tue Apr 16 00:00:51 2019"
        },
        {
            "title": "Make the monitoring bundle reusable",
            "flags": {
                "metrics_time_window": "False"
            },
            "message": "Make the monitoring bundle reusable\n\nAlso push the frontend flag in the clusters controller\n",
            "hash": "761fa974706c39804f869da7209661f4845b219f",
            "author": "Jose Vargas",
            "date": "Mon Apr 15 20:51:17 2019"
        },
        {
            "title": "Add inital dashboard endpoint support",
            "flags": {
                "environment_metrics_use_prometheus_endpoint": "False",
                "environment_metrics_show_multiple_dashboards": "False"
            },
            "message": "Add inital dashboard endpoint support\n",
            "hash": "a2920682ec307b9aa830903014139948cdbb9b1f",
            "author": "syasonik",
            "date": "Wed Apr 10 22:58:18 2019"
        },
        {
            "title": "Remove reply_to_individual_notes feature flag",
            "flags": {
                "reply_to_individual_notes": "removed"
            },
            "message": "Remove reply_to_individual_notes feature flag\n\nAlso removes specs related to the flag\n",
            "hash": "c17b7afa0298beb3290d46ad504f0f4dc4508d7a",
            "author": "Heinrich Lee Yu",
            "date": "Tue Apr 2 19:00:18 2019"
        },
        {
            "title": "[backend] backport of scoped labels",
            "flags": {
                "scoped_labels": "True"
            },
            "message": "[backend] backport of scoped labels\n\nScoped labels in EE require additional changes in CE code.\n",
            "hash": "fec2e27f1dcbb806247d6f78ebae628622c02d52",
            "author": "Jan Provaznik",
            "date": "Tue Apr 2 03:48:20 2019"
        },
        {
            "title": "Remove expand diff to full file feature flag",
            "flags": {
                "expand_diff_full_file": "removed"
            },
            "message": "Remove expand diff to full file feature flag\n",
            "hash": "3b158409b382014dba56e5bb6e66c298786af7f6",
            "author": "Phil Hughes",
            "date": "Tue Mar 26 11:20:02 2019"
        },
        {
            "title": "Remove diff tree filtering feature flag",
            "flags": {
                "diff_tree_filtering": "removed"
            },
            "message": "Remove diff tree filtering feature flag\n",
            "hash": "16e1b439285e9ea06811db7821bcafb07aaa57c0",
            "author": "Phil Hughes",
            "date": "Mon Mar 18 06:52:26 2019"
        },
        {
            "title": "Specify time window for additional metrics api",
            "flags": {
                "metrics_time_window": "False"
            },
            "message": "Specify time window for additional metrics api\n\nAdds support for start and end parameters in the #additional_metrics\nendpoint of the EnvironmentsController. start and end are meant to be\nunix timestamps, per the Prometheus API (as the consumer of this\nendpoint will eventually be transitioned to a prometheus endpoint).\nThis functionality is behind the :metrics_time_window feature flag\nfor development.\n",
            "hash": "ab1e1b55a84ffc6b09233a6831be9bdc77c05115",
            "author": "syasonik",
            "date": "Fri Mar 15 04:20:59 2019"
        },
        {
            "title": "Add option to expand diff to full file",
            "flags": {
                "expand_diff_full_file": "False"
            },
            "message": "Add option to expand diff to full file\n\nThe user can also toggle between the diff changes and\nthe full file diff.\n\nCloses https://gitlab.com/gitlab-org/gitlab-ce/issues/19054",
            "hash": "b14de8e1f519b9b874033f783051814129af176c",
            "author": "Phil Hughes",
            "date": "Thu Feb 28 06:14:15 2019"
        },
        {
            "title": "Enable reply_to_individual_notes feature flag by default",
            "flags": {
                "reply_to_individual_notes": "True"
            },
            "message": "Enable reply_to_individual_notes feature flag by default\n",
            "hash": "d5aa36f1e0ea9f8253e817ee015a5b1aaa7afb61",
            "author": "Winnie Hellmann",
            "date": "Tue Feb 26 13:14:03 2019"
        },
        {
            "title": "Adds a feature flag to the diff fuzzy file finder",
            "flags": {
                "diff_tree_filtering": "True"
            },
            "message": "Adds a feature flag to the diff fuzzy file finder\n\nCloses https://gitlab.com/gitlab-org/gitlab-ce/issues/57403\n",
            "hash": "f03a6574d0707b58cb333b567b01870454888193",
            "author": "Phil Hughes",
            "date": "Fri Feb 8 06:47:07 2019"
        },
        {
            "title": "Remove ECharts metrics dashboard feature flag",
            "flags": {
                "area_chart": "removed"
            },
            "message": "Remove ECharts metrics dashboard feature flag\n",
            "hash": "1c4c4ba1d0e60971c5c3145ff39c295d3ee33996",
            "author": "Adriel Santiago",
            "date": "Wed Feb 6 23:39:24 2019"
        },
        {
            "title": "Add reply to notes to turn into discussions",
            "flags": {
                "reply_to_individual_notes": "False"
            },
            "message": "Add reply to notes to turn into discussions\n",
            "hash": "a04d9ba90c0d1df02f613b7aa01ef598e1ac5b28",
            "author": "Heinrich Lee Yu",
            "date": "Wed Feb 6 02:31:46 2019"
        },
        {
            "title": "Remove `error_tracking` feature flag",
            "flags": {
                "error_tracking": "removed"
            },
            "message": "Remove `error_tracking` feature flag\n\nWe introduced the feature flag `error_tracking` to test the Sentry MVC\nsafely.\n\nAfter the successful test, we remove it again.\n",
            "hash": "77eff52afa379d653c47ecc64e75779a330be5e1",
            "author": "Peter Leitzen",
            "date": "Thu Jan 10 09:50:14 2019"
        },
        {
            "title": "Service for calling Sentry issues api",
            "flags": {
                "error_tracking": "False"
            },
            "message": "Service for calling Sentry issues api\n",
            "hash": "d69074fc722351fef313b09255a7e734c01618ac",
            "author": "Reuben Pereira",
            "date": "Wed Jan 9 13:04:27 2019"
        },
        {
            "title": "Remove releases_page feature flag",
            "flags": {
                "releases_page": "removed"
            },
            "message": "Remove releases_page feature flag\n\nWe introduced releases_page feature flag.\nGiven this feature is deemed stable, we should remove\nthis flag before 19th.\n",
            "hash": "9b823af4fd2b937c1e769b4ad2abd4f92aca35c9",
            "author": "Shinya Maeda",
            "date": "Tue Jan 8 00:44:27 2019"
        },
        {
            "title": "Add releases API",
            "flags": {
                "releases_page": "False"
            },
            "message": "Add releases API\n\nThis commit introduces Releases API under /api/v4/projects/:id/releases\n\n* We are introducing release policies at project level.\n* We are deprecating releases changes from tags, both api and web\ninterface.\n* Tags::CreateService no longer create a release\n\nThis feature is controlled by :releases_page feature flag\n",
            "hash": "1ea2d9faa518f6b769b05a71a1f93b4ea0226bc1",
            "author": "Alessio Caiazza",
            "date": "Thu Dec 13 03:08:53 2018"
        },
        {
            "title": "Remove issue_suggestions feature flag",
            "flags": {
                "graphql": "True",
                "issue_suggestions": "removed"
            },
            "message": "Remove issue_suggestions feature flag\n\nCloses https://gitlab.com/gitlab-org/gitlab-ce/issues/55166\n",
            "hash": "2bb468d6b91e164eb8144877015961fe40b2709f",
            "author": "Phil Hughes",
            "date": "Tue Dec 11 03:34:56 2018"
        },
        {
            "title": "Adds releases index route",
            "flags": {
                "releases_page": "False"
            },
            "message": "Adds releases index route\n\nRenders empty index page\nAdds Releases entry to the navigation bar behind a feature flag\nRenders 404 when feature flag for releases is not enabled\n",
            "hash": "9004e18e6e0bca3deb7115b16e345f9755c012f3",
            "author": "Filipa Lacerda",
            "date": "Mon Dec 10 04:03:00 2018"
        },
        {
            "title": "Use GitLab UI area chart",
            "flags": {
                "area_chart": "False"
            },
            "message": "Use GitLab UI area chart\n\nReplace the metrics dashboard graph with\nGitLab UI's area chart component\n",
            "hash": "f053a02f68b14d0e90b43efc8399d66beee614f5",
            "author": "Adriel Santiago",
            "date": "Sat Dec 1 12:21:08 2018"
        },
        {
            "title": "Suggests issues when typing title",
            "flags": {
                "graphql": "False",
                "issue_suggestions": "False"
            },
            "message": "Suggests issues when typing title\n\nThis suggests possibly related issues when the user types a title.\n\nThis uses GraphQL to allow the frontend to request the exact\ndata that is requires. We also get free caching through the Vue Apollo\nplugin.\n\nWith this we can include the ability to import .graphql files in JS\nand Vue files.\nAlso we now have the Vue test utils library to make testing\nVue components easier.\n\nCloses #22071\n",
            "hash": "50e21a89a0009813b9f090288b22c64c5cefbd58",
            "author": "Phil Hughes",
            "date": "Tue Nov 27 07:10:40 2018"
        },
        {
            "title": "Removes feature flag for ciEnvironmentsStatusChanges",
            "flags": {
                "ci_environments_status_changes": "removed"
            },
            "message": "Removes feature flag for ciEnvironmentsStatusChanges\n",
            "hash": "9736eff056f26bbad68f45ec08d71d9a94fe3b7b",
            "author": "Filipa Lacerda",
            "date": "Mon Nov 12 08:33:59 2018"
        },
        {
            "title": "Frontend: Review app changes",
            "flags": {
                "ci_environments_status_changes": "False"
            },
            "message": "Frontend: Review app changes\n",
            "hash": "25170fbe7b004e368d68c3b73be9232611bda48d",
            "author": "Filipa Lacerda",
            "date": "Mon Oct 22 01:31:24 2018"
        }
    ]
}