{
    "date": "2019-12-20T17:59:29.021163",
    "commits": [
        {
            "title": "Hide feature toggles from the UI",
            "flags": {
                "hidden": "False"
            },
            "message": "Hide feature toggles from the UI\n\nMR for next.gitter.im: https://gitlab.com/gitlab-org/gitter/next-gitter-im/merge_requests/2\n\nSometimes we just want to control the feature toggle ourselves.\n\nSpawned from the `left-menu` and new `vue-left-menu` feature toggle which can cause confusion\nso just opting to hide the `left-menu` feature toggle.\n\nYou can still toggle these via the API, they just aren't listed on `next.gitter.im`\n\n```\nnode ./scripts/utils/feature-toggle.js --name test-hidden-feature --description \"Testing hidden feature toggles\" --hidden\n```\n",
            "hash": "60e759fd8460cbfb9b0ec52a20c3e5b6b4006bd5",
            "author": "Eric Eastwood",
            "date": "Mon Jun 24 09:19:39 2019"
        },
        {
            "title": "Prettier codebase",
            "flags": {
                "description": "False"
            },
            "message": "Prettier codebase\n",
            "hash": "a054e8249aa5934482d85bcb7c7fd27956bf0e6a",
            "author": "Eric Eastwood",
            "date": "Tue Jan 29 11:51:28 2019"
        },
        {
            "title": "bucket and createdAfter criteria",
            "flags": {
                "bucket": "False",
                "bucket-off": "False",
                "created-after": "False",
                "created-after-off": "False"
            },
            "message": "bucket and createdAfter criteria\n",
            "hash": "177c6d915cddb9f5475958b615b43859b045dc67",
            "author": "Le Roux Bodenstein",
            "date": "Wed Mar 30 04:04:34 2016"
        },
        {
            "title": "Combine bucket and createdAfter into one.",
            "flags": {
                "bucket-created-after": "False",
                "bucket-created-after-off": "False"
            },
            "message": "Combine bucket and createdAfter into one.\n",
            "hash": "2bcd0bf7784914a057a9a20ddf8e19f098c7e325",
            "author": "Le Roux Bodenstein",
            "date": "Wed Mar 30 05:00:25 2016"
        },
        {
            "title": "Fix legacy 3-space indention on cli-options",
            "flags": {
                "name": "False",
                "description": "False",
                "include-user": "False",
                "exclude-user": "False",
                "percentage": "False",
                "percentage-off": "False",
                "disable-browser": "False",
                "disable-browser-off": "False",
                "enable": "False",
                "enable-off": "False"
            },
            "message": "Fix legacy 3-space indention on cli-options\n",
            "hash": "d1edf7529ba5d9b5c999aa44dc647ec933f7ae99",
            "author": "Eric Eastwood",
            "date": "Mon Mar 7 09:40:29 2016"
        },
        {
            "title": "Feature toggles supports cors",
            "flags": {
                "description": "False"
            },
            "message": "Feature toggles supports cors\n",
            "hash": "07e448f4abc0ab8ce21c2ec55c16837fd0042c04",
            "author": "Andrew Newdigate",
            "date": "Wed Dec 9 05:44:36 2015"
        },
        {
            "title": "Allow feature toggles to be disabled for a specific browser version",
            "flags": {
                "disable-browser": "False",
                "disable-browser-off": "False"
            },
            "message": "Allow feature toggles to be disabled for a specific browser version\n",
            "hash": "b53cdd076a302728fcd2a0128eed514dfeeeb131",
            "author": "Andrew Newdigate",
            "date": "Thu Dec 3 08:16:03 2015"
        },
        {
            "title": "Script for tweaking toggles",
            "flags": {
                "name": "False",
                "include-user": "False",
                "exclude-user": "False",
                "percentage": "False",
                "percentage-off": "False",
                "enable": "False",
                "enable-off": "False"
            },
            "message": "Script for tweaking toggles\n",
            "hash": "7128830dd52e36b28c6b7ad091e528ab59770126",
            "author": "Andrew Newdigate",
            "date": "Thu Nov 26 05:45:46 2015"
        },
        {
            "title": "Combine bucket and createdAfter into one.",
            "flags": {
                "bucket-created-after": "False",
                "bucket-created-after-off": "False"
            },
            "message": "Combine bucket and createdAfter into one.\n",
            "hash": "ab3efb81712f06f925f014aa9a38c252949cfc2f",
            "author": "Le Roux Bodenstein",
            "date": "Wed Mar 30 05:00:25 2016"
        },
        {
            "title": "bucket and createdAfter criteria",
            "flags": {
                "bucket": "False",
                "bucket-off": "False",
                "created-after": "False",
                "created-after-off": "False"
            },
            "message": "bucket and createdAfter criteria\n",
            "hash": "51fe1dd5000126346c92da9bf66742a91f0f917d",
            "author": "Le Roux Bodenstein",
            "date": "Wed Mar 30 04:04:34 2016"
        },
        {
            "title": "Fix legacy 3-space indention on cli-options",
            "flags": {
                "name": "False",
                "description": "False",
                "include-user": "False",
                "exclude-user": "False",
                "percentage": "False",
                "percentage-off": "False",
                "disable-browser": "False",
                "disable-browser-off": "False",
                "enable": "False",
                "enable-off": "False"
            },
            "message": "Fix legacy 3-space indention on cli-options\n",
            "hash": "ad62533b9fcd50cb5483f026fa987650d03c7f02",
            "author": "Eric Eastwood",
            "date": "Mon Mar 7 09:40:29 2016"
        },
        {
            "title": "Feature toggles supports cors",
            "flags": {
                "description": "False"
            },
            "message": "Feature toggles supports cors\n",
            "hash": "59f1c7becd2985df2ac1af902ff480dd88c047bf",
            "author": "Andrew Newdigate",
            "date": "Wed Dec 9 05:44:36 2015"
        },
        {
            "title": "Allow feature toggles to be disabled for a specific browser version",
            "flags": {
                "disable-browser": "False",
                "disable-browser-off": "False"
            },
            "message": "Allow feature toggles to be disabled for a specific browser version\n",
            "hash": "4aef907b7922df5ccf6fa1e3ed8402b4a470801d",
            "author": "Andrew Newdigate",
            "date": "Thu Dec 3 08:16:03 2015"
        },
        {
            "title": "Script for tweaking toggles",
            "flags": {
                "name": "False",
                "include-user": "False",
                "exclude-user": "False",
                "percentage": "False",
                "percentage-off": "False",
                "enable": "False",
                "enable-off": "False"
            },
            "message": "Script for tweaking toggles\n",
            "hash": "a6ba122f0a59c911f6d71eeea5f0076264a6ac9c",
            "author": "Andrew Newdigate",
            "date": "Thu Nov 26 05:45:46 2015"
        }
    ]
}