{
    "date": "2019-12-20T18:25:09.462640",
    "commits": [
        {
            "title": "Promote action plan feature",
            "flags": {
                "action_plan": "removed"
            },
            "message": "Promote action plan feature\nRemove feature flag and deprecated routes, content, locales, specs etc. for the previous user journey from Phase 3. This has all been replaced by the new Phase 4 user journey with the action plan so can be cleaned up.\n",
            "hash": "9d050e529a855f93b2d288d3855412aa5aae755d",
            "author": "Andrew Retmanski",
            "date": "Fri Nov 15 08:23:35 2019"
        },
        {
            "title": "Renamed feature flag for action plan",
            "flags": {
                "job_profile_v2": "removed",
                "action_plan": "False"
            },
            "message": "Renamed feature flag for action plan\n",
            "hash": "b2e5d7bec666347a63eeef2ca5bdf06212337c0a",
            "author": "Andrew Retmanski",
            "date": "Thu Oct 17 07:06:39 2019"
        },
        {
            "title": "Update job profile page content",
            "flags": {
                "job_profile_v2": "False"
            },
            "message": "Update job profile page content\n\nChanges:\n\nRemove Valuable skills section and training CTA\nRemove Further help to change jobs section and CTA\nAdd CTA at bottom that won\u2019t actually go anywhere until\nthe questions pages are built\n\nThe feature is flagged.\n\nhttps://dfedigital.atlassian.net/browse/GET-597\n",
            "hash": "650127fbd8c866af81af53dc49dd77664be3951f",
            "author": "Octavian Neguletu",
            "date": "Wed Oct 16 09:41:13 2019"
        },
        {
            "title": "GET-584 Remove spell check feature flag",
            "flags": {
                "spell_check": "removed"
            },
            "message": "GET-584 Remove spell check feature flag\n\njira-ticket: https://dfedigital.atlassian.net/browse/GET-584\n",
            "hash": "3c3d4720da19c35ac4f3fca01b28ebe810be51b9",
            "author": "cwrw",
            "date": "Wed Oct 16 09:27:59 2019"
        },
        {
            "title": "GET-582 Remove next steps v2 feature flag",
            "flags": {
                "next_steps_v2": "removed"
            },
            "message": "GET-582 Remove next steps v2 feature flag\n\njira-ticket: https://dfedigital.atlassian.net/browse/GET-584\n",
            "hash": "0cf38d68ecf97a05d6eeb0fe480183aac8faa226",
            "author": "cwrw",
            "date": "Wed Oct 16 09:10:43 2019"
        },
        {
            "title": "GET-584 Remove user authentication feature flag",
            "flags": {
                "user_authentication": "removed"
            },
            "message": "GET-584 Remove user authentication feature flag\n\njira-ticket: https://dfedigital.atlassian.net/browse/GET-584\n",
            "hash": "d27f542e54a13d2e076abd009924a8f9cf3e53fa",
            "author": "cwrw",
            "date": "Wed Oct 16 08:57:31 2019"
        },
        {
            "title": "GET-584 Remove skills builder v2 feature flag",
            "flags": {
                "skills_builder_v2": "removed"
            },
            "message": "GET-584 Remove skills builder v2 feature flag\n\njira-ticket: https://dfedigital.atlassian.net/browse/GET-282\n\n* Remove feature flag for skills builder v2\n* Remove old views for skills builder v1\n* Remove current job id from user session as that was only used\nfor v1\n* Remove versioning from sessions as that was only used for\nskills builder v1/v2\n* tidy up all features and specs to only use v2 as the default\n",
            "hash": "a5bce53e50cbe962c6a3770ee4d56f79d3f62ea4",
            "author": "cwrw",
            "date": "Wed Oct 16 08:32:06 2019"
        },
        {
            "title": "GET-571 Remove user personal information flag",
            "flags": {
                "user_personal_data": "removed"
            },
            "message": "GET-571 Remove user personal information flag\n\njira-ticket: https://dfedigital.atlassian.net/browse/GET-571\n\n* Remove feature flag from flipflop features\n* Removing logic from views/controller\n* Removing duplicated tests and tests where flag was off\n* Keep flag in split until this goes live!\n",
            "hash": "34639575010dcd4f593ef9b4aa4f4793bdd10e5e",
            "author": "cwrw",
            "date": "Thu Oct 10 08:49:30 2019"
        },
        {
            "title": "Integrate Bing Spell Check API",
            "flags": {
                "spell_check": "False"
            },
            "message": "Integrate Bing Spell Check API\n\nCreate a service that consumes the Bing Spell Check API.\n\nThe spell check strategy used is 'spell' as opposed to 'proof'.\n\n'Proof' uses most of the language codes including en-gb:\n\nhttps://docs.microsoft.com/en-us/azure/cognitive-services/bing-spell-check/language-support\n\nsetLang does not need to be set as the default is EN.\n\nhttps://docs.microsoft.com/en-us/rest/api/cognitiveservices-bingsearch/bing-spell-check-api-v7-reference#setlang\n",
            "hash": "f7ac26b9e301963f5a5807437f6fb95f7227e187",
            "author": "Octavian Neguletu",
            "date": "Wed Oct 9 07:42:59 2019"
        },
        {
            "title": "GET-424 Add new feature flag for next steps v2 as well as new page",
            "flags": {
                "next_steps_v2": "False"
            },
            "message": "GET-424 Add new feature flag for next steps v2 as well as new page\n\njira-ticket: https://dfedigital.atlassian.net/browse/GET-424\n",
            "hash": "b27ef1ef10493152238fe1a38acf8ff4a917cb23",
            "author": "cwrw",
            "date": "Wed Sep 25 07:51:36 2019"
        },
        {
            "title": "Add health check endpoint",
            "flags": {
                "health_check": "False"
            },
            "message": "Add health check endpoint\nThis adds healthcheck service and checks for key models and required integration points. The endpoint also includes select metadata - on heroku this requires Dyno metadata runtime labs feature to be enabled. For Azure a suitable ENV var will need to be injected in the build pipeline (TBC). Endpoint structure is aligned with https://tools.ietf.org/html/draft-inadarei-api-health-check-01\n",
            "hash": "5f697c1cd932efd846ccb82c725a49a88f393e9f",
            "author": "Andrew Retmanski",
            "date": "Thu Sep 19 03:03:27 2019"
        },
        {
            "title": "GET-27 Add feature flag for sign in and routes",
            "flags": {
                "user_authentication": "False"
            },
            "message": "GET-27 Add feature flag for sign in and routes\n\njira-ticket: https://dfedigital.atlassian.net/browse/GET-27\n\n* Add new feature flag for user authentication and save and resume\n* Add routes for authentication guarded by feature flag.\n* We will be using a user model for authentication.\n* To save results and show progress use user controller normal methods\n* For magic link sign in, we will be redirecting to the passwordless gem.\n  Passwordless gem provides engine for routes, however routes are not\n  using dashes, defining the route ourself allows customising instead\n",
            "hash": "3c5f8e050b13c1368d9cee5d4827e3c54fe35f55",
            "author": "cwrw",
            "date": "Wed Sep 11 00:55:53 2019"
        },
        {
            "title": "User personal data collection",
            "flags": {
                "user_personal_data": "False"
            },
            "message": "User personal data collection\n\nThis feature is enabling us to capture personal\ninformation about our users.\n\nA couple of technical details:\n\nThe radio_button rails helper method wraps the\ncomponent with a div with class: field-with-errors breaking\nthe UI. We want to prevent this behaviour.\nHere's a few resources around this:\n\nhttps://stackoverflow.com/questions/22209855/radio-buttons-on-form-not-rendering-correctly-after-form-validation-failure-boo\n\nThe CSS approach won't solve the issue. Overriding approach:\n\nFrom default behaviour:\n\nActionView::Base.field_error_proc = Proc.new{ |html_tag, instance|\n\"<div class=\"field_with_errors\">#{html_tag}\".html_safe\n}\n\nActionView::Base.field_error_proc = Proc.new do |html_tag, instance|\nhtml_tag.html_safe\nend\n\nWorks instead.\n\nHandling the date of birth validation.\nWe collect the 3 components day/month/year separately from the form\nand we put them together validating that the composed data is a\nvalid one.\n\nThe feature is flagged.\nTicket: https://dfedigital.atlassian.net/browse/GET-413\n",
            "hash": "21d30718bb54a4fbdc9eeb9c737e9a411169af2f",
            "author": "Octavian Neguletu",
            "date": "Wed Sep 11 05:07:20 2019"
        },
        {
            "title": "GET-382 Make skills builder v1 the default and remove old skills page",
            "flags": {
                "skills_builder": "removed"
            },
            "message": "GET-382 Make skills builder v1 the default and remove old skills page\n\njira-ticket: https://dfedigital.atlassian.net/browse/GET-382\n\n* swap out job profile decorator as we don't need it, and use name\n  instead of hero copy\n",
            "hash": "c2fc207cc01d9aa93aa8c58def4d8ffd8ba24bad",
            "author": "cwrw",
            "date": "Thu Aug 29 09:07:20 2019"
        },
        {
            "title": "GET-382 Make training hub page the default, and remove old training page",
            "flags": {
                "course_directory": "removed"
            },
            "message": "GET-382 Make training hub page the default, and remove old training page\n\njira-ticket: https://dfedigital.atlassian.net/browse/GET-382\n\n* clean up feature and spec tests\n* remove unused localles\n",
            "hash": "dbbc542d985b7bacafde4a9ed5eb60b9114b93c4",
            "author": "cwrw",
            "date": "Thu Aug 29 06:20:59 2019"
        },
        {
            "title": "GET-382 Remove location eligibility feature and make it the default",
            "flags": {
                "location_eligibility": "removed"
            },
            "message": "GET-382 Remove location eligibility feature and make it the default\n\njira-ticket: https://dfedigital.atlassian.net/browse/GET-382\n\nAlso cleanup any related routes and tests associated with it\n",
            "hash": "79bdf274cfd3ff5d1ceb55f015be19115c2991ca",
            "author": "cwrw",
            "date": "Thu Aug 29 05:48:34 2019"
        },
        {
            "title": "Skills Builder V2",
            "flags": {
                "skills_builder_v2": "False"
            },
            "message": "Skills Builder V2\n\nWe are extending the capability of v1 meaning that we now allow\nusers to set their skills for multiple profiles.\n\nChanges:\n\n1. Code refactor to ensure backwards compatibility between\nv1 and v2\n2. Move most of the methods handling the session to the\nUserSession class\n3. v2 is feature flagged\n\nFurther notes on the PR.\n\nhttps://dfedigital.atlassian.net/browse/GET-305\n",
            "hash": "8d2e02bb4c78e415004c5db957491f2880094435",
            "author": "Octavian Neguletu",
            "date": "Tue Aug 27 08:15:57 2019"
        },
        {
            "title": "GET-231 Add skills builder feature and routes",
            "flags": {
                "skills_builder": "False"
            },
            "message": "GET-231 Add skills builder feature and routes\n\njira-ticket: https://dfedigital.atlassian.net/browse/GET-231\n\nMove nested resource into its own skills controller\n",
            "hash": "614115631becbc5dcb350fe0e0f78f585a544aac",
            "author": "cwrw",
            "date": "Thu Aug 8 06:37:15 2019"
        },
        {
            "title": "GET-36 Add location elgibility page",
            "flags": {
                "location_eligibility": "False"
            },
            "message": "GET-36 Add location elgibility page\n\njira-ticket: https://dfedigital.atlassian.net/browse/GET-36\n\n* After start page go to location eligibility page and only show\n  task list if there are courses available\n* Protect this feature with a feature flag and go to task list if\n  feature is off\n* Enable feature on course directory test\n",
            "hash": "c04aab1973f4c82d0722e696511df41a31be8a3b",
            "author": "cwrw",
            "date": "Mon Jul 29 01:46:19 2019"
        },
        {
            "title": "Add flipflop custom strategy to integrate with splitclient",
            "flags": {
                "course_directory": "False"
            },
            "message": "Add flipflop custom strategy to integrate with splitclient\nThis is read only for now but allows the configuration of features to be delegated to split.io so that they can be configured outside of the site with suitable authentication controls.\n",
            "hash": "1752c5a20ecf523509a89cd1ed459db12b289424",
            "author": "Andrew Retmanski",
            "date": "Thu Jul 25 00:52:33 2019"
        }
    ]
}