{
    "id": 188451779,
    "node_id": "MDEwOlJlcG9zaXRvcnkxODg0NTE3Nzk=",
    "name": "get-help-to-retrain",
    "full_name": "DFE-Digital/get-help-to-retrain",
    "private": false,
    "description": null,
    "fork": false,
    "created_at": "2019-05-24T16:06:48Z",
    "updated_at": "2019-12-19T14:48:52Z",
    "pushed_at": "2019-12-20T19:28:25Z",
    "homepage": null,
    "size": 2671,
    "stargazers_count": 0,
    "watchers_count": 0,
    "language": "Ruby",
    "has_issues": true,
    "has_projects": true,
    "has_downloads": true,
    "has_wiki": true,
    "has_pages": false,
    "forks_count": 0,
    "archived": false,
    "disabled": false,
    "open_issues_count": 4,
    "forks": 0,
    "open_issues": 4,
    "watchers": 0,
    "default_branch": "master",
    "temp_clone_token": "",
    "network_count": 0,
    "subscribers_count": 8,
    "languages": {
        "Ruby": 422905,
        "HTML": 107110,
        "CSS": 10798,
        "JavaScript": 9005,
        "Dockerfile": 1322,
        "Shell": 110
    }
}