{
    "date": "2019-12-20T17:58:55.724954",
    "commits": [
        {
            "title": "Merge pull request #2133 from circleci/pj/current-user-to-viewer",
            "flags": {
                "workflow-map": "False"
            },
            "message": "Merge pull request #2133 from circleci/pj/current-user-to-viewer\n\nRename :app/current-user to :circleci/viewer",
            "hash": "c156e46fe761a4f003aa0477e9ee8cc5cf2684f0",
            "merge": "00b37afbd d11f32c27",
            "author": "Peter Jaros",
            "date": "Thu Jul 13 12:05:42 2017"
        },
        {
            "title": "Merge pull request #2119 from circleci/pj/map",
            "flags": {
                "workflow-map": "False"
            },
            "message": "Merge pull request #2119 from circleci/pj/map\n\nFirst sketch of a workflow map [CIRCLE-5521]",
            "hash": "ad928edfd0ce1f43549694287f4a9c02edad2d9e",
            "merge": "344f963e3 1d69ca429",
            "author": "Peter Jaros",
            "date": "Wed Jul 12 14:45:50 2017"
        },
        {
            "title": "Show map on run page, behind feature flag",
            "flags": {
                "workflow-map": "False"
            },
            "message": "Show map on run page, behind feature flag\n",
            "hash": "72cdc677255082f2963508cf27d7f0c3acb48987",
            "author": "Peter Jaros",
            "date": "Fri Jul 7 13:15:27 2017"
        },
        {
            "title": "Merge pull request #1929 from circleci/auto-transition-setting",
            "flags": {
                "import-env-vars": "False",
                "sign-in-with-slack": "False"
            },
            "message": "Merge pull request #1929 from circleci/auto-transition-setting\n\nDescription of auto-transition project flag",
            "hash": "b07198cefe5f69f66a3c1701502793cfb85f0723",
            "merge": "eb3046c6d 20849059c",
            "author": "Cayenne",
            "date": "Fri Jun 30 05:38:00 2017"
        },
        {
            "title": "Remove nil chat-spec when slack-integrations flag isn't enabled (#2070)",
            "flags": {
                "sign-in-with-slack": "False"
            },
            "message": "Remove nil chat-spec when slack-integrations flag isn't enabled (#2070)\n\n",
            "hash": "adeb9c69eaf8db54e515befe8ed9a9e91651d61f",
            "author": "Lewis Liu",
            "date": "Thu Jun 22 12:07:32 2017"
        },
        {
            "title": "[CIRCLE-4835] UI for first-class Slack integration (#2065)",
            "flags": {
                "sign-in-with-slack": "False"
            },
            "message": "[CIRCLE-4835] UI for first-class Slack integration (#2065)\n\n* move slack integrations spec to a defn-\r\n\r\n* add add to slack button\r\n\r\n* update scope\r\n\r\n* Add vcs-url\r\n\r\n* Add description, layout button\r\n\r\n* Add readonly inputs to display team and channel for now\r\n\r\n* typo and what not\r\n\r\n* Fix smart label display for readonly fields\r\n\r\n* Update todo\r\n\r\n* Rename slack-notification-helper fn, move function\r\n\r\n* Pass in and merge state map instead of vcs-url\r\n\r\n* Refactor auth-url to use multi-arity fn instead of optional arg\r\n",
            "hash": "ea60887c0672fb8a7c3daacad0951bb123317c1e",
            "author": "Lewis Liu",
            "date": "Wed Jun 21 18:40:43 2017"
        },
        {
            "title": "CIRCLE-4834 add sign in with slack in user settings (behind ld) (#2051)",
            "flags": {
                "connect-with-google": "removed",
                "sign-in-with-slack": "False"
            },
            "message": "CIRCLE-4834 add sign in with slack in user settings (behind ld) (#2051)\n\n* slack auth url\r\n\r\n* add connect to slack to account integrations\r\n\r\n* slack logo asset\r\n\r\n* update slack asset - courtesy of @michaelspiegel\r\n",
            "hash": "b924bef01566247fda9611500d10e9a8e356a32c",
            "author": "An Nguyen",
            "date": "Fri Jun 16 14:24:55 2017"
        },
        {
            "title": "Merge pull request #2035 from circleci/jg/4719",
            "flags": {
                "workflows-poc": "removed"
            },
            "message": "Merge pull request #2035 from circleci/jg/4719\n\n[CIRCLE-4719] Change references to 'Account settings' to 'User settings'",
            "hash": "4d5d3478b02d5c56026eb66a0d579bbcb4c2071b",
            "merge": "e5e1675a9 eb588473f",
            "author": "Jacqueline Garcia",
            "date": "Thu Jun 15 13:20:37 2017"
        },
        {
            "title": "Remove the workflows feature flag",
            "flags": {
                "workflows-poc": "removed"
            },
            "message": "Remove the workflows feature flag\n",
            "hash": "f3741c05bb7049ad81290246d5b7f57eac68ddcc",
            "author": "Nate Smith",
            "date": "Wed Jun 14 08:08:08 2017"
        },
        {
            "title": "Merge pull request #2017 from circleci/gordon/update-codedeploy-regions",
            "flags": {
                "import-env-vars": "False"
            },
            "message": "Merge pull request #2017 from circleci/gordon/update-codedeploy-regions\n\nMoved a bracket; dropdown was ending in the wrong spot.",
            "hash": "4e80bb9d975e9415cf415aceb7e47355c848c031",
            "merge": "6b116dab0 d3b2dd9b0",
            "author": "Ryan O'Hara",
            "date": "Fri Jun 9 14:28:33 2017"
        },
        {
            "title": "Merge pull request #2009 from circleci/kb-run-gray",
            "flags": {
                "cancel-below-status": "removed"
            },
            "message": "Merge pull request #2009 from circleci/kb-run-gray\n\n[CIRCLE-4145] make not-run status grey and change icon to (-)",
            "hash": "efdea130f117d6b829831a1cfc48273f5e32ac2b",
            "merge": "f23de11ae 0beca1c10",
            "author": "Katie",
            "date": "Thu Jun 8 11:39:42 2017"
        },
        {
            "title": "Merge pull request #1997 from circleci/le/light-workflow-nav",
            "flags": {
                "workflows-poc": "False"
            },
            "message": "Merge pull request #1997 from circleci/le/light-workflow-nav\n\nlight workflow nav [CIRCLE-4455]",
            "hash": "ad96cf7300e17fd2b36939ab92b51e11a53f9794",
            "merge": "8b3db5b2b 0bf0b147e",
            "author": "Le Wang",
            "date": "Wed Jun 7 16:23:06 2017"
        },
        {
            "title": "Merge pull request #1411 from circleci/gordon/update-codedeploy-regions",
            "flags": {
                "import-env-vars": "False"
            },
            "message": "Merge pull request #1411 from circleci/gordon/update-codedeploy-regions\n\nCIRCLE-1010 Update CodeDeploy regions displayed in UI",
            "hash": "7e1f17e074df87c2623cc42647f512ac1b6a9aa3",
            "merge": "3d45b8184 ddc56b8d8",
            "author": "Ryan O'Hara",
            "date": "Wed Jun 7 10:23:03 2017"
        },
        {
            "title": "remove \"cancel\" feature flag",
            "flags": {
                "cancel-below-status": "removed"
            },
            "message": "remove \"cancel\" feature flag\n",
            "hash": "d7f3f18a37c91fd283755174b16e0dd133ff6642",
            "author": "Le Wang",
            "date": "Tue Jun 6 14:11:13 2017"
        },
        {
            "title": "light workflows nav when on a workflows related route",
            "flags": {
                "workflows-poc": "False"
            },
            "message": "light workflows nav when on a workflows related route\n",
            "hash": "f4cb9211d343ab714ffb5028a5e4acea76baa438",
            "author": "Le Wang",
            "date": "Tue Jun 6 11:06:43 2017"
        },
        {
            "title": "Re-style workflow rerun button",
            "flags": {
                "cancel-below-status": "False"
            },
            "message": "Re-style workflow rerun button\n",
            "hash": "0e21c0616e04c1a9ebca85554a4fa521148abdeb",
            "author": "Frank Wang",
            "date": "Fri Jun 2 16:45:54 2017"
        },
        {
            "title": "Only show cancel for running runs",
            "flags": {
                "cancel-below-status": "False"
            },
            "message": "Only show cancel for running runs\n",
            "hash": "de1398f8f96738c6732f8106ceb4839f5e699094",
            "author": "Frank Wang",
            "date": "Fri Jun 2 15:19:24 2017"
        },
        {
            "title": "Merge pull request #1979 from circleci/pj/paginated-workflow-runs-for-all-lists",
            "flags": {
                "cancel-below-status": "False"
            },
            "message": "Merge pull request #1979 from circleci/pj/paginated-workflow-runs-for-all-lists\n\nWorkflow runs paginate on org- and branch-level lists too [CIRCLE-4108]",
            "hash": "278cfe82df326ae3f11c3351cb2c669a8c064a4c",
            "merge": "7585d1162 c122faba7",
            "author": "Peter Jaros",
            "date": "Thu Jun 1 15:41:36 2017"
        },
        {
            "title": "style cancel button",
            "flags": {
                "cancel-below-status": "False"
            },
            "message": "style cancel button\n",
            "hash": "2364d87aab4b8fbaa154f53e3674070788a07f51",
            "author": "Frank Wang",
            "date": "Thu Jun 1 12:15:54 2017"
        },
        {
            "title": "Remove pagination feature flag",
            "flags": {
                "workflows-pagination": "removed"
            },
            "message": "Remove pagination feature flag\n",
            "hash": "22ff766dd47f2c42fb4a20f4df3541b12d6ed0c3",
            "author": "Peter Jaros",
            "date": "Tue May 30 13:52:00 2017"
        },
        {
            "title": "Merge pull request #1957 from circleci/pj/paginated-workflow-runs",
            "flags": {
                "workflows-pagination": "False"
            },
            "message": "Merge pull request #1957 from circleci/pj/paginated-workflow-runs\n\nLocally paginated (project) workflow runs [CIRCLE-4108]",
            "hash": "983cc0321b66abcf7ebd3ec14dda63d4eba3c8bb",
            "merge": "c5ee62d19 707c3dd52",
            "author": "Peter Jaros",
            "date": "Fri May 26 13:13:17 2017"
        },
        {
            "title": "Merge branch 'master' of github.com:circleci/frontend-private into pj/paginated-workflow-runs",
            "flags": {
                "workflows-pagination": "False"
            },
            "message": "Merge branch 'master' of github.com:circleci/frontend-private into pj/paginated-workflow-runs\n\n* 'master' of github.com:circleci/frontend-private: (30 commits)\n  Workaround so json responses can have key 'v'\n  Added Tracking to Top Bar UI (#1952)\n  [CIRCLE-4456] Toggle top-bar-ui-v-1 beta (#1948)\n  CIRCLE-4508 non code identity insights empty state (#1946)\n  js/console.log -> mlog\n  Add js-clj copy to more accurately log\n  Handle \"timedout\" WF job status in UI\n  The issue has been narrowed down to JSON parsing\n  [CIRCLE-4412] Build narrow view topbar functionality (#1922)\n  Fix the logging from previous PR\n  CIRCLE-4509 Non code identity common empty state component (#1943)\n  Add logging to debug infinite project spinner bug\n  Refactor send*\n  populate project-crumb data correctly in send\n  Make org-runs-ast? match exprs more specifically\n  Add branch workflow-runs list page\n  fix race condition after importing env vars (#1939)\n  change failed text copy (#1938)\n  CIRCLE-4589 Display error when failed to import (#1937)\n  CIRCLE-4589 CIRCLE-4577 disable button no selection + select and deselect all (#1935)\n  ...\n",
            "hash": "41d2128701d41c8ee430cc38b522ba63eaf5db18",
            "merge": "76920dd10 0e9d05fbf",
            "author": "Peter Jaros",
            "date": "Fri May 26 09:08:44 2017"
        },
        {
            "title": "Hide (local) pagination behind feature flag",
            "flags": {
                "workflows-pagination": "False"
            },
            "message": "Hide (local) pagination behind feature flag\n\n:workflows-pagination\n",
            "hash": "76920dd104979ea4448798ec426d0753080575de",
            "author": "Peter Jaros",
            "date": "Fri May 26 08:41:33 2017"
        },
        {
            "title": "CIRCLE-4421 Import env vars from a project (#1931)",
            "flags": {
                "import-env-vars": "False"
            },
            "message": "CIRCLE-4421 Import env vars from a project (#1931)\n\n* prep env-vars to support different modal\r\n\r\n* import env vars modal skeleton\r\n\r\n* add additional tracking property now that env-vars has multiple modals\r\n\r\n* fetch for env-vars\r\n\r\n* checkbox selection\r\n\r\n* handle loading state\r\n\r\n* exclude current project\r\n\r\n* wire up api\r\n\r\n* only list project that user has write/admin access to\r\n\r\n* clean up\r\n\r\n* deselect all + cleanup\r\n\r\n* Add max height and scrolling to env-vars table\r\n\r\n* Just the value is enough for default case\r\n\r\n* all admin projects + feature flag\r\n\r\n* width 100% select\r\n\r\n* Changing env vars modal tracking to use separate set of events\r\n\r\nAlso moving out of shared tracking ns since they\u2019re only used in 1 place\r\n\r\n* dropdown - show reponame instead\r\n",
            "hash": "4940d87cd8dff1eea5be485676fdd4565329730f",
            "author": "An Nguyen",
            "date": "Fri May 19 18:59:40 2017"
        },
        {
            "title": "launch the projects page from behind FF (#1917)",
            "flags": {
                "projects-page": "removed"
            },
            "message": "launch the projects page from behind FF (#1917)\n\n",
            "hash": "9d841b1a08a98e0642450621bb3e221c1e849469",
            "author": "Justin Cowperthwaite",
            "date": "Mon May 15 14:04:16 2017"
        },
        {
            "title": "CIRCLE-3857 Add google account integration card (#1851)",
            "flags": {
                "connect-with-google": "False"
            },
            "message": "CIRCLE-3857 Add google account integration card (#1851)\n\n* add google logo\r\n\r\n* add google login url\r\n\r\n* add connect via google card\r\n\r\n* dont pass flag in\r\n\r\n* add feature flag\r\n",
            "hash": "4e079ff8b6ed82a59258e93397b78317b4912ab6",
            "author": "An Nguyen",
            "date": "Fri Apr 21 10:06:07 2017"
        },
        {
            "title": "[CIRCLE-3911] Partial changes to aside nav for org-centric top bar (#1834)",
            "flags": {
                "projects-page": "False"
            },
            "message": "[CIRCLE-3911] Partial changes to aside nav for org-centric top bar (#1834)\n\n* Duplicate 'aside-nav' logic\r\n\r\nAs the topbar is implemented in full, individual aside-nav routes\r\nwill change, and the icon-by-icon feature flags will open up\r\nsignificant room for error that would introduce disfunctional\r\nfeatures to current users\r\n\r\n* Break out aside-nav into original and new\r\n\r\n'original' and 'new' are identical in this commit, cleaning\r\nup to allow future commits to further revise the 'aside-nav-new'\r\n\r\n* Add org settings to nav bar\r\n\r\nBrainstorm org-picker update\r\nRemove console log, fix indentation\r\n\r\n* Navigate to Add Projects with project URL\r\n\r\nHide sidebar behind a feature flag on Add Projects page\r\n\r\n* Refresh view when org picker changes\r\n\r\nClean up references to 'org' in aside-nav\r\n\r\n'org' and 'login' are used as keys to refer to the same\r\nvalue on an organization's information map. This is\r\ngreat fun and means that sometimes the :login->:org\r\nand back again (:org->:login)\r\n\r\nNote: commit history revised, 'org' previously not standardized\r\nin the 'aside-nav' function\r\n\r\n* Update 'aside-nav-new' comment and feature-flags\r\n\r\nRemove features displayed in top-bar\r\n\r\n* Remove 'show-aside-icons?' case statements\r\n\r\nThis appears to be a holdover from when CircleCI displayed\r\nthe aside-nav in every view, but set the width to zero\r\nin some instances\r\n\r\nRemove the cruft.\r\n\r\n* Streamline ':update-org' events\r\n\r\nRevert ':selected-add-projects-org' event\r\n\r\nLimit times that ':update-org' is raised\r\n\r\n* Limit event calls to when org changes\r\n",
            "hash": "513a7d5b13196e976372607455d382b9fb831ad2",
            "author": "Hannah Henderson",
            "date": "Mon Apr 17 11:55:48 2017"
        },
        {
            "title": "Merge pull request #1835 from circleci/frank/fix-new-build-timer",
            "flags": {
                "build-timer-fix": "removed"
            },
            "message": "Merge pull request #1835 from circleci/frank/fix-new-build-timer\n\n[CIRCLE-3153] Remove server offset from duration computations",
            "hash": "7af1253b07440f29c52731c354dd787b54a7f09f",
            "merge": "e3804c5b5 71e34656a",
            "author": "Frank Wang",
            "date": "Thu Apr 13 12:11:43 2017"
        },
        {
            "title": "Revert \"Attempt to fix bug where build timer not counting\"",
            "flags": {
                "build-timer-fix": "removed"
            },
            "message": "Revert \"Attempt to fix bug where build timer not counting\"\n\nThis reverts commit 8f086cdd6f55e6f03ae0ea2b2b7c761fd482ff48.\n",
            "hash": "7afe85d89ee87b5598cb181617d8cbfc255dff13",
            "author": "Frank Wang",
            "date": "Fri Apr 7 11:23:43 2017"
        },
        {
            "title": "Attempt to fix bug where build timer not counting",
            "flags": {
                "build-timer-fix": "False"
            },
            "message": "Attempt to fix bug where build timer not counting\n\nThis change contains a potential fix to the big where the build timer is\nnot counting. Since this cannot be reproduced in the development\nfrontend (running against both the dev or prod backend), this fix is\nbeing tested in production under the feature flag :build-timer-fix.\n\nIf the fix is successful, a commit removing the feature flags will be necessary.\n",
            "hash": "8f086cdd6f55e6f03ae0ea2b2b7c761fd482ff48",
            "author": "Frank Wang",
            "date": "Fri Apr 7 08:15:00 2017"
        },
        {
            "title": "Clean up / remove ld flag for my-all-builds-toggle (#1765)",
            "flags": {
                "my-all-builds-toggle": "removed"
            },
            "message": "Clean up / remove ld flag for my-all-builds-toggle (#1765)\n\n",
            "hash": "72dc640a443be598b39b04976e4e5bd2a3283115",
            "author": "Hannah Henderson",
            "date": "Thu Mar 9 16:48:10 2017"
        },
        {
            "title": "Change ld/feature-on to feature/enabled?",
            "flags": {
                "my-all-builds-toggle": "False"
            },
            "message": "Change ld/feature-on to feature/enabled?\n",
            "hash": "7c364db72f48078f2be6080b5fc07965e6ca75cd",
            "author": "hannahhenderson",
            "date": "Wed Mar 1 12:53:43 2017"
        },
        {
            "title": "Remove Jira LD flag",
            "flags": {
                "jira-integration": "removed"
            },
            "message": "Remove Jira LD flag\n",
            "hash": "8b59283619284a427649c377547aa78e9bf55401",
            "author": "Katie",
            "date": "Wed Feb 8 12:05:49 2017"
        },
        {
            "title": "Initial build-head styles in COS; add devcard",
            "flags": {
                "open-pull-request": "False",
                "jira-integration": "False"
            },
            "message": "Initial build-head styles in COS; add devcard\n",
            "hash": "f4e831c18df061bda2840710c1727e971ec252da",
            "author": "Peter Jaros",
            "date": "Fri Jan 27 12:13:54 2017"
        },
        {
            "title": "Merge branch 'master' into ac-build-page-icon-buttons",
            "flags": {
                "jira-integration": "False"
            },
            "message": "Merge branch 'master' into ac-build-page-icon-buttons",
            "hash": "36addd08fde8a7a81b0123dfec7730876014f979",
            "merge": "70c90ba89 7478965cd",
            "author": "Andres Cuervo",
            "date": "Thu Jan 19 19:29:39 2017"
        },
        {
            "title": "Make icons components on build page, fix some CSS",
            "flags": {
                "open-pull-request": "False",
                "jira-integration": "False"
            },
            "message": "Make icons components on build page, fix some CSS\n",
            "hash": "49e5d14dc04ed2d09c77afe3cd7038adf3151349",
            "author": "Andres Cuervo",
            "date": "Thu Jan 19 16:30:18 2017"
        },
        {
            "title": "Merge branch 'master' into pj/identities-page",
            "flags": {
                "jira-integration": "False"
            },
            "message": "Merge branch 'master' into pj/identities-page",
            "hash": "4d4bedca85d307be3e06a633d4c4fbaa34287194",
            "merge": "47269d20f 797d48e18",
            "author": "Peter Jaros",
            "date": "Tue Jan 17 10:18:54 2017"
        },
        {
            "title": "Simplify spacing CSS",
            "flags": {
                "open-pull-request": "False",
                "jira-integration": "False"
            },
            "message": "Simplify spacing CSS\n",
            "hash": "1a4d904f71d85e35800d10ba187a9459ca101b00",
            "author": "Andres Cuervo",
            "date": "Fri Jan 13 17:53:00 2017"
        },
        {
            "title": "Fix spacing issues with build icons",
            "flags": {
                "open-pull-request": "False",
                "jira-integration": "False"
            },
            "message": "Fix spacing issues with build icons\n",
            "hash": "5746c49d39538a21908211631c884f7c5b403bc0",
            "author": "Andres Cuervo",
            "date": "Fri Jan 13 17:12:02 2017"
        },
        {
            "title": "Add breaks and spacing for build buttons on narrow viewports",
            "flags": {
                "open-pull-request": "False",
                "jira-integration": "False"
            },
            "message": "Add breaks and spacing for build buttons on narrow viewports\n",
            "hash": "8e2ed754ef282c8a681e309d44cc7c74faeed5f5",
            "author": "Andres Cuervo",
            "date": "Fri Jan 13 15:46:27 2017"
        },
        {
            "title": "Add link-icon btn, remove settings from JIRA flag",
            "flags": {
                "jira-integration": "False"
            },
            "message": "Add link-icon btn, remove settings from JIRA flag\n",
            "hash": "0df721074df0724538e67d0f064fdebe69533f9d",
            "author": "Andres Cuervo",
            "date": "Thu Jan 12 17:17:33 2017"
        },
        {
            "title": "Make project settings button appear as disabled when missing permissions",
            "flags": {
                "jira-integration": "False"
            },
            "message": "Make project settings button appear as disabled when missing permissions\n",
            "hash": "c109385125238366b3317bc865f28eff7b62da1a",
            "author": "Lewis Liu",
            "date": "Wed Jan 11 12:17:42 2017"
        },
        {
            "title": "Merge pull request #1595 from circleci/no-test-intervention-impressions",
            "flags": {
                "open-pull-request": "False"
            },
            "message": "Merge pull request #1595 from circleci/no-test-intervention-impressions\n\nTrack impression events for no_tests modal and banner",
            "hash": "c4894a0ee63b9a6dcd6a15124e81c77ab97907e1",
            "merge": "f1a221bb9 832049900",
            "author": "Lewis Liu",
            "date": "Fri Dec 16 13:05:59 2016"
        },
        {
            "title": "Merge branch 'master' into jv/other-orgs-layout",
            "flags": {
                "projects-page": "False"
            },
            "message": "Merge branch 'master' into jv/other-orgs-layout\n",
            "hash": "ba2540abcdb5c34093c72d454e2d4eae9bd80b02",
            "merge": "588951d2d 8ada01d46",
            "author": "Jared Volpe",
            "date": "Thu Dec 15 10:36:18 2016"
        },
        {
            "title": "only mount the Open a PR button when the build has loaded (#1597)",
            "flags": {
                "open-pull-request": "False"
            },
            "message": "only mount the Open a PR button when the build has loaded (#1597)\n\n",
            "hash": "14af534a0ad70176ea473ca6fad3e9024a735a23",
            "author": "Matthew Boston",
            "date": "Thu Dec 15 10:15:07 2016"
        },
        {
            "title": "Merge branch 'master' into jv/update-plan-overview-and-plan",
            "flags": {
                "projects-page": "False"
            },
            "message": "Merge branch 'master' into jv/update-plan-overview-and-plan\n",
            "hash": "11dfb9367e3a800a1d2251eb11e7cb2564259a25",
            "merge": "0977f1a66 8ada01d46",
            "author": "Jared Volpe",
            "date": "Thu Dec 15 10:04:12 2016"
        },
        {
            "title": "fixed up 2 issues we were seeing with NUX Bootstrap test",
            "flags": {
                "projects-page": "False"
            },
            "message": "fixed up 2 issues we were seeing with NUX Bootstrap test\n\n1) About 60% of users are clicking the icons to navigate around the\nsite. This is a funnel, so we removed the icons until they are\n\"bootstrapped\" and have followed at least 1 project.\n\n2) Users can't see the follow-and-build-button (theory). So, remove the\nbreadcrumbs which will bump the entire treatment up so that it is more\nlikely the button is in their view.\n",
            "hash": "c94cecdc4fe5fd9b6b810cc05511a65357eb49ad",
            "author": "Justin Cowperthwaite",
            "date": "Wed Dec 14 12:50:19 2016"
        },
        {
            "title": "CIRCLE-2057 - Open a Pull Request from a build (#1583)",
            "flags": {
                "open-pull-request": "False"
            },
            "message": "CIRCLE-2057 - Open a Pull Request from a build (#1583)\n\n\r\n",
            "hash": "6dcb2fd631053d655f508cd4312b79f394616802",
            "author": "Matthew Boston",
            "date": "Tue Dec 13 11:56:22 2016"
        },
        {
            "title": "[CIRCLE-1194] Add modal flow and Atlassian Connect support to Jira Integration Settings (#1547)",
            "flags": {
                "jira-integration": "False"
            },
            "message": "[CIRCLE-1194] Add modal flow and Atlassian Connect support to Jira Integration Settings (#1547)\n\n* Handle `nil` modal-dialog actions\r\n\r\n* Update JIRA integration settings UI\r\n\r\n* Add UI for JIRA integration basic auth\r\n\r\n* Update UI to use new jira credentials API\r\n\r\n* Show spinner on jira modal while APIs loading data\r\n\r\n* Update jira config paths for new project settings api schema\r\n\r\n* Show basic jira creds screen for projects already set up with basic auth\r\n\r\n* Only show jira integration if credentials installed\r\n\r\n* Rename project settings subpage integrations -> jira-integration\r\n\r\n* Use reusable spinner component in jira modal\r\n\r\n* Revert \"Handle `nil` modal-dialog actions\"\r\n\r\nThis reverts commit a499db6554015283c76075fa6029d3ca782f9953.\r\n",
            "hash": "9c8b17868fd894747b1876d13a61826dfff37f94",
            "author": "Frank Wang",
            "date": "Tue Nov 29 17:12:43 2016"
        },
        {
            "title": "Merge branch 'master' into jv/fix-build-page-breakpoints",
            "flags": {
                "merge-pull-request": "removed"
            },
            "message": "Merge branch 'master' into jv/fix-build-page-breakpoints\n",
            "hash": "67f684fe8374c72fd638d38574efc9c4d23b7d3e",
            "merge": "a69911495 48c36455d",
            "author": "Jared Volpe",
            "date": "Tue Nov 22 17:21:17 2016"
        },
        {
            "title": "Merge pull request #1539 from circleci/fix/firefox-performance",
            "flags": {
                "merge-pull-request": "removed"
            },
            "message": "Merge pull request #1539 from circleci/fix/firefox-performance\n\nCIRCLE-1926 incremental improvement on firefox performance",
            "hash": "c787a719bc73ba9b62f414e71bd276194a637ee2",
            "merge": "fcb5c7a0c 1d00324dd",
            "author": "Alexander Mann",
            "date": "Mon Nov 21 12:26:44 2016"
        },
        {
            "title": "CIRCLE-1429 - remove code to merge a PR (#1534)",
            "flags": {
                "merge-pull-request": "removed"
            },
            "message": "CIRCLE-1429 - remove code to merge a PR (#1534)\n\n",
            "hash": "7e19e3c62d57ba2888bc83097fe57b7f480265e5",
            "author": "Matthew Boston",
            "date": "Wed Nov 16 16:55:18 2016"
        },
        {
            "title": "Revert \"Revert \"Merge pull request #1395 from circleci/pj/om-next-spike\"\"",
            "flags": {
                "offer-linux-trial": "False"
            },
            "message": "Revert \"Revert \"Merge pull request #1395 from circleci/pj/om-next-spike\"\"\n\nThis reverts commit 3b0dd6e46c8b5168b3849659d9b53dd7ec45d029.\n",
            "hash": "857c0ef28d915df58a077535263b9c726adadb91",
            "author": "Peter Jaros",
            "date": "Tue Oct 11 09:58:44 2016"
        },
        {
            "title": "Revert \"Merge pull request #1395 from circleci/pj/om-next-spike\"",
            "flags": {
                "offer-linux-trial": "False"
            },
            "message": "Revert \"Merge pull request #1395 from circleci/pj/om-next-spike\"\n\nThis reverts commit 4b81b0f58064fc8a8c2db36ad6b8a9af984eb6c9, reversing\nchanges made to 8a9f2a52641a07c883f4d7779f41ee9410661a27.\n",
            "hash": "3b0dd6e46c8b5168b3849659d9b53dd7ec45d029",
            "author": "Robert Zuber",
            "date": "Sat Oct 8 02:03:45 2016"
        },
        {
            "title": "Merge branch 'master' of github.com:circleci/frontend-private into pj/om-next-spike",
            "flags": {
                "jira-integration": "False",
                "offer-linux-trial": "False"
            },
            "message": "Merge branch 'master' of github.com:circleci/frontend-private into pj/om-next-spike\n\n* 'master' of github.com:circleci/frontend-private: (24 commits)\n  removing error path for build-fetch\n  Add tracking for JIRA button and modal\n  moving api calls out of navigation go block\n  [ci skip] Instructions for adding SVG icons\n  bringing back the container id default in navigation path\n  Adopt some good style suggestions\n  not derefing action\n  Get rid of `by-vcs_url` utility function\n  Remove confusing destructuring in build nav controller\n  Plumb projects data for `admin` and `build-head` `builds-table`s\n  Let builds-table index by vcs_url\n  builds-table checks user's permissions before showing actions\n  Provide indexed projects to builds-table\n  project-model function to index by :vcs_url\n  builds-table component receives a map with :builds\n  \"Cancel Plan\" buttons are dangerous\n  Switch from boolean flags to an enumerated keyword\n  fetching attributes instead of href\n  Add `:dangerous?` option to button components\n  Only show Merge button if user has :write-settings permissions\n  ...\n",
            "hash": "ef6d5e63920a7c79ba74b8555070487fbdea5784",
            "merge": "43ad11b24 55f8a09f2",
            "author": "Peter Jaros",
            "date": "Thu Oct 6 10:26:47 2016"
        },
        {
            "title": "Merge pull request #1453 from circleci/tr/merge-button-bug",
            "flags": {
                "jira-integration": "False"
            },
            "message": "Merge pull request #1453 from circleci/tr/merge-button-bug\n\n[CIRCLE-1154] Use project scope data to decide rendering of build actions",
            "hash": "738e1ef4809d5b53b20b6a3453eef03b7f5ebc3b",
            "merge": "f37bb8a53 146cd9da2",
            "author": "Tim",
            "date": "Tue Oct 4 14:36:39 2016"
        },
        {
            "title": "Merge branch 'master' of github.com:circleci/frontend-private into pj/om-next-spike",
            "flags": {
                "offer-linux-trial": "False"
            },
            "message": "Merge branch 'master' of github.com:circleci/frontend-private into pj/om-next-spike\n\n* 'master' of github.com:circleci/frontend-private: (69 commits)\n  store route specified container-id in navigation-data\n  Update component docs\n  Pass through data-external into link button\n  Rename ab-test-treatment to junit-ab-test for consistency\n  Refactor and rename based on feedback\n  fix iOS relative font paby - remove buggyfill\n  rollbar deploys for master branch\n  try picard\n  Fix wrong args order\n  Use ab-test-treatment function\n  Consolidate feature treatments in feature namespace\n  Reintroduce heading style and hr\n  Pass :close-fn to the modal component\n  removing console.logs and adding comments\n  tidying up\n  modifying the build object as perceived by the build-timings\n  Add impression and treatment tracking for junit button\n  Use shorthand for .item div\n  Fix some more whitespacing\n  Remove an unnecessary `html`\n  ...\n",
            "hash": "5f3ad4a891fc30e45f963b1d0be55f90812482a1",
            "merge": "3ade3fc4c a9387d2d5",
            "author": "Peter Jaros",
            "date": "Mon Oct 3 13:21:53 2016"
        },
        {
            "title": "Refactor and rename based on feedback",
            "flags": {
                "junit-button": "removed"
            },
            "message": "Refactor and rename based on feedback\n",
            "hash": "bbf9b9a0ecadeb530eb6fdb37c83f528324cffef",
            "author": "Lewis Liu",
            "date": "Fri Sep 30 13:50:57 2016"
        },
        {
            "title": "Use ab-test-treatment function",
            "flags": {
                "junit-button": "removed"
            },
            "message": "Use ab-test-treatment function\n",
            "hash": "38f7f0acb1536394404290c5d2436bdd2cb2e5f4",
            "author": "Lewis Liu",
            "date": "Thu Sep 29 17:33:04 2016"
        },
        {
            "title": "Consolidate feature treatments in feature namespace",
            "flags": {
                "junit-button": "False"
            },
            "message": "Consolidate feature treatments in feature namespace\n",
            "hash": "bfc23a94b52efa119c0fb6c68fafd36b8ab76f0c",
            "author": "Lewis Liu",
            "date": "Thu Sep 29 17:29:38 2016"
        },
        {
            "title": "Add impression and treatment tracking for junit button",
            "flags": {
                "junit-button": "False"
            },
            "message": "Add impression and treatment tracking for junit button\n",
            "hash": "e41d7c959166c343489f34cfebae96c93acb2b0c",
            "author": "Lewis Liu",
            "date": "Thu Sep 29 14:13:23 2016"
        },
        {
            "title": "Styling fixes for JIRA integration",
            "flags": {
                "jira-integration": "False"
            },
            "message": "Styling fixes for JIRA integration\n\nAdd border around Jira and project settings icons\n\nfixup! Indentation\n\nUse button component in the modal\n\nMake JIRA settings fields reasonably-sized\n\nAdjust wording on the settings page\n\nFix layout in .actions, .build-actions-v2, add .btn-icon styles (remove .header-settings-link)\n\nRemove unused selector\n\nUpdate SVG code\n\nMake project and org settings links in header match build page and use .btn-icon\n\nUse .btn-icon on build page buttons, add titles. See FIXME!\n\nRemove outdated asset from Stefon\n\nMake the SVG act like a link\n\nHack around the fact that it's not inline\n\nAdd cancel button to the modal\n\nPopulate dropdowns with the correct data\n\nSet default state for the dropdowns\n\nCorrect the names of the keys sent to the backend\n\nRelease the button, close modal if everything goes well\n\nUnbreak feature flag\n\nPreserve previous behaviour when feature flag is off\n\nFixup! Resolve merge conflict\n\nRemove unnecessary app state paths\n\nRemove JIRA component less file\n\nRemove duplicate margin\n\nFix spacing\n\nRemove unused state paths\n\nChange a into button where appropriate\n\nRemove space\n\nMake all of the things in the div have margin-left\n\nFix colors and opacity\n\nUpdate SVG color\n\nRemove div replace with a\n\nUse the correct condition on the feature flag\n\nFail at fixing layout on narrow viewports\n\nMargins on actions items for narrow viewports\n",
            "hash": "774965d103256a3468fdd77178446c912a824c48",
            "author": "Alexey",
            "date": "Wed Sep 28 04:20:48 2016"
        },
        {
            "title": "Add alternate JUnit button hidden behind flag",
            "flags": {
                "junit-button": "False"
            },
            "message": "Add alternate JUnit button hidden behind flag\n",
            "hash": "fc258b1972cf037bf688090273c94efd49871e81",
            "author": "Lewis Liu",
            "date": "Tue Sep 27 18:38:27 2016"
        },
        {
            "title": "Merge branch 'master' into merge-from-dashboard",
            "flags": {
                "merge-pull-request": "False"
            },
            "message": "Merge branch 'master' into merge-from-dashboard\n",
            "hash": "bd88a217a49610fb372c0055baac2451565df283",
            "merge": "e4e2ba639 67f4f18b4",
            "author": "Lewis Liu",
            "date": "Thu Sep 22 12:37:57 2016"
        },
        {
            "title": "Show merge button only if commit is latest head",
            "flags": {
                "merge-pull-request": "False"
            },
            "message": "Show merge button only if commit is latest head\n",
            "hash": "e4e2ba639984cb4d0ea97c117f5a5ecb27e02a32",
            "author": "Lewis Liu",
            "date": "Wed Sep 21 18:36:52 2016"
        },
        {
            "title": "Make merge button reflect request state",
            "flags": {
                "merge-pull-request": "False"
            },
            "message": "Make merge button reflect request state\n",
            "hash": "6d75b5e1d5a81dd11a1aa9c0c08689cfea9ccd6d",
            "author": "Lewis Liu",
            "date": "Mon Sep 19 17:47:39 2016"
        },
        {
            "title": "Add merge button to dashboard",
            "flags": {
                "merge-pull-request": "False"
            },
            "message": "Add merge button to dashboard\n",
            "hash": "ce2a1e3792d96ba242653abcd1de11dafb636264",
            "author": "Lewis Liu",
            "date": "Mon Sep 19 15:37:46 2016"
        },
        {
            "title": "Projects page uses Om Next",
            "flags": {
                "offer-linux-trial": "False"
            },
            "message": "Projects page uses Om Next\n",
            "hash": "21db38e535eac5076a3be737250c6e479aef4f1a",
            "author": "Peter Jaros",
            "date": "Sun Sep 18 08:47:39 2016"
        },
        {
            "title": "Merge pull request #1353 from circleci/fix/remove-useless-selections-from-enterprise-ui",
            "flags": {
                "team-page": "removed"
            },
            "message": "Merge pull request #1353 from circleci/fix/remove-useless-selections-from-enterprise-ui\n\n[CIRCLE-244] when enterprise, remove useless sidebar tabs",
            "hash": "9f2722420191e03e2557c31af3b5e93827b13707",
            "merge": "955f2c290 f3f99f43b",
            "author": "Ian Davis",
            "date": "Tue Sep 13 14:59:34 2016"
        },
        {
            "title": "Merge branch 'master' into merge_success",
            "flags": {
                "ios-ssh-builds": "removed",
                "merge-pull-request": "False"
            },
            "message": "Merge branch 'master' into merge_success\n",
            "hash": "749067bbb80608e866ef032af803fcfb583ceeab",
            "merge": "11902c68a be546a388",
            "author": "Matthew Boston",
            "date": "Tue Sep 6 10:16:23 2016"
        },
        {
            "title": "add launchdarkly feature flag for :merge-pull-request",
            "flags": {
                "merge-pull-request": "False"
            },
            "message": "add launchdarkly feature flag for :merge-pull-request\n",
            "hash": "11902c68a911208c7873b9e8d19c0d94e253a858",
            "author": "Matthew Boston",
            "date": "Tue Sep 6 08:04:26 2016"
        },
        {
            "title": "Remove ios-ssh-builds feature flag",
            "flags": {
                "ios-ssh-builds": "removed"
            },
            "message": "Remove ios-ssh-builds feature flag\n",
            "hash": "7d7d10a53e0f0143dc7be5f20df032f66b8c875a",
            "author": "Tim Reinke",
            "date": "Thu Sep 1 11:38:13 2016"
        },
        {
            "title": "Merge pull request #1359 from circleci/remove-team-page-LD-flag",
            "flags": {
                "team-page": "removed"
            },
            "message": "Merge pull request #1359 from circleci/remove-team-page-LD-flag\n\n[CIRCLE-719] Remove LD flag from team page aside link",
            "hash": "0911ca722a7cb9be3d289e02934fccd07c2b29d4",
            "merge": "4b04ca44f f9d1f3d11",
            "author": "Carmen La",
            "date": "Tue Aug 23 20:21:51 2016"
        },
        {
            "title": "Remove BB LD flag",
            "flags": {
                "bitbucket": "removed"
            },
            "message": "Remove BB LD flag\n",
            "hash": "f2442d846975663a9c69e5ce730f732c4d644ef5",
            "author": "Carmen La",
            "date": "Tue Aug 23 14:30:52 2016"
        },
        {
            "title": "Remove LD flag from team page aside link",
            "flags": {
                "team-page": "removed"
            },
            "message": "Remove LD flag from team page aside link\n",
            "hash": "f9d1f3d113f15f164951f23f6fba00da9141b219",
            "author": "Carmen La",
            "date": "Tue Aug 23 14:11:43 2016"
        },
        {
            "title": "Remove autocancel-builds LD flag",
            "flags": {
                "autocancel-builds": "removed"
            },
            "message": "Remove autocancel-builds LD flag\n",
            "hash": "837240690cc4dfe93737e0492ef4ba3038913f76",
            "author": "Carmen La",
            "date": "Thu Aug 18 08:06:52 2016"
        },
        {
            "title": "Remove build-prs-only LD flag",
            "flags": {
                "build-prs-only": "removed"
            },
            "message": "Remove build-prs-only LD flag\n",
            "hash": "f67db5fe03e0a9e8ed29b614cdc38622ab59d5d1",
            "author": "Frank Wang",
            "date": "Thu Aug 11 10:28:21 2016"
        },
        {
            "title": "Merge pull request #1297 from circleci/jcRemoveDeadCode",
            "flags": {
                "ui-fp-top-bar": "removed"
            },
            "message": "Merge pull request #1297 from circleci/jcRemoveDeadCode\n\nRemove some dead feature flags and the code they were gating",
            "hash": "c10567db99ffc192719f28942517df04143bdc8b",
            "merge": "151defc41 1b1025f12",
            "author": "Justin Cowperthwaite",
            "date": "Fri Jul 29 14:16:35 2016"
        },
        {
            "title": "Merge pull request #1288 from circleci/confirm-rm-code-signing-key",
            "flags": {
                "autocancel-builds": "False"
            },
            "message": "Merge pull request #1288 from circleci/confirm-rm-code-signing-key\n\nConfirm removing code signing key [CIRCLE-234]",
            "hash": "317983dd39972cdad8f9b458c1e9e04bf4e6a569",
            "merge": "4cfb6d1ad 3585fc862",
            "author": "Peter Jaros",
            "date": "Thu Jul 28 09:11:51 2016"
        },
        {
            "title": "Merge pull request #1280 from circleci/modal-component",
            "flags": {
                "autocancel-builds": "False"
            },
            "message": "Merge pull request #1280 from circleci/modal-component\n\nCIRCLE-176 Modal component",
            "hash": "358c59fc76a8082ab9a6757226e33b0cc147bbf3",
            "merge": "e2e664fd3 6f03748cd",
            "author": "Peter Jaros",
            "date": "Fri Jul 22 15:05:19 2016"
        },
        {
            "title": "Add autocancel option to advanced settings",
            "flags": {
                "autocancel-builds": "False"
            },
            "message": "Add autocancel option to advanced settings\n",
            "hash": "adba8aa32f1fbb5b41b887a4f9aa0d8845d475a9",
            "author": "Carmen La",
            "date": "Thu Jul 14 15:12:46 2016"
        },
        {
            "title": "Merge pull request #1267 from circleci/bb-status-badges",
            "flags": {
                "build-prs-only": "False"
            },
            "message": "Merge pull request #1267 from circleci/bb-status-badges\n\nCIRCLE-65 Add vcs-type to generated status badge URL",
            "hash": "bba2bd016b8c4f410c8f0bc58bd386f53ff4e5b7",
            "merge": "27dc44826 d103f142c",
            "author": "Alexey",
            "date": "Mon Jul 11 09:40:22 2016"
        },
        {
            "title": "LD flag for Team page in nav",
            "flags": {
                "team-page": "False"
            },
            "message": "LD flag for Team page in nav\n",
            "hash": "67f73524f90708241840b540a262449af31af9d8",
            "author": "Peter Jaros",
            "date": "Thu Jul 7 13:45:17 2016"
        },
        {
            "title": "Add LD flag and change copy",
            "flags": {
                "build-prs-only": "False"
            },
            "message": "Add LD flag and change copy\n",
            "hash": "3d9a8303f3da29cebaa5dd9d74c111ec6b56a508",
            "author": "Carmen La",
            "date": "Thu Jul 7 08:56:39 2016"
        },
        {
            "title": "Remove some dead feature flags and the code the were gating",
            "flags": {
                "ui-fp-top-bar": "removed",
                "build-diagnostics": "removed"
            },
            "message": "Remove some dead feature flags and the code the were gating\n",
            "hash": "117d05af49f476a65e49ef7f0511992c74de0420",
            "author": "Justin Cowperthwaite",
            "date": "Wed Jul 6 19:09:47 2016"
        },
        {
            "title": "Remove some dead feature flags and the code the were gating",
            "flags": {
                "ui-fp-top-bar": "removed",
                "build-diagnostics": "removed"
            },
            "message": "Remove some dead feature flags and the code the were gating\n",
            "hash": "1b1025f12f6ebd76438bfbbf36a5bb5900aad540",
            "author": "Justin Cowperthwaite",
            "date": "Wed Jul 6 19:09:47 2016"
        },
        {
            "title": "toggle between \"Projects\" vs \"Add Projects\" nav items",
            "flags": {
                "projects-page": "False"
            },
            "message": "toggle between \"Projects\" vs \"Add Projects\" nav items\n",
            "hash": "da24a49aa6b24b609368d7399bfa0ba1b48798d4",
            "author": "Le Wang",
            "date": "Wed Jul 6 13:18:29 2016"
        },
        {
            "title": "Revert \"hide /projects page behind LD flag\"",
            "flags": {
                "projects-page": "removed"
            },
            "message": "Revert \"hide /projects page behind LD flag\"\n\nThis reverts commit aca4cd56bce59b410619529a3c0e82fe3880af72.\n",
            "hash": "66729b1c1d0f84d81a93424588796bd79e10d289",
            "author": "Le Wang",
            "date": "Wed Jul 6 13:15:52 2016"
        },
        {
            "title": "add side-nav item for /projects",
            "flags": {
                "projects-page": "False"
            },
            "message": "add side-nav item for /projects\n",
            "hash": "7d6ddb547724721a1927f200adac03c4c8446124",
            "author": "Le Wang",
            "date": "Tue Jul 5 11:53:08 2016"
        },
        {
            "title": "hide /projects page behind LD flag",
            "flags": {
                "projects-page": "False"
            },
            "message": "hide /projects page behind LD flag\n",
            "hash": "49c4462327f9416aed82f3261b34a6a7925f3042",
            "author": "Le Wang",
            "date": "Tue Jul 5 11:37:47 2016"
        },
        {
            "title": "Remove (old, half-baked) top nav",
            "flags": {
                "ui-fp-top-bar": "removed"
            },
            "message": "Remove (old, half-baked) top nav\n",
            "hash": "f3e1ddf5fccca2d9e9960f557cef2f1174ad9db9",
            "author": "Peter Jaros",
            "date": "Thu Jun 16 10:30:47 2016"
        },
        {
            "title": "Pages render with a template",
            "flags": {
                "ui-fp-top-bar": "False",
                "ios-ssh-builds": "False"
            },
            "message": "Pages render with a template\n\nSo far every page uses the same template, which primarily renders the\nheader. In this commit, the build page explicitly builds itself using\nthe template, injecting its header actions. Other dominant components\nare wrapped automatically for now.\n",
            "hash": "ba8d07e22f898729574e63942a3d36480bd98c02",
            "author": "Peter Jaros",
            "date": "Wed Jun 15 15:46:25 2016"
        },
        {
            "title": "Merge branch 'master' of github.com:circleci/frontend-private into revert-1179-revert-1166-om-1.0",
            "flags": {
                "offer-linux-trial": "False"
            },
            "message": "Merge branch 'master' of github.com:circleci/frontend-private into revert-1179-revert-1166-om-1.0\n\n* 'master' of github.com:circleci/frontend-private:\n  Added an event for update-parallelism-clicked\n  updated old trial banners to fit our new style guide style\n  added an event when a user dismisses our free trial banner\n  make the trial offer banner dismissable and changed the copy\n  added a trial-offer-banner-impression event\n  moved tracking for start-trial-clicked into controls.cljs\n  added a banner on build pages to enable linux trials\n  made the defn x-plan-type a def\n  Revert \"Merge pull request #1165 from circleci/fix-broken-build-page\"\n  Stop listening to old personal channels\n\nConflicts:\n\tsrc-cljs/frontend/components/org_settings.cljs\n",
            "hash": "5f7a276f709e41f6de3ed1b74813ac9d99e581bb",
            "merge": "194598b98 79f5bda44",
            "author": "Peter Jaros",
            "date": "Fri May 20 07:28:01 2016"
        },
        {
            "title": "make the trial offer banner dismissable and changed the copy",
            "flags": {
                "offer-linux-trial": "False"
            },
            "message": "make the trial offer banner dismissable and changed the copy\n",
            "hash": "40784af92d53741ab72cc3151e345209e4529904",
            "author": "Justin Cowperthwaite",
            "date": "Thu May 19 10:30:49 2016"
        },
        {
            "title": "added a banner on build pages to enable linux trials",
            "flags": {
                "offer-linux-trial": "False"
            },
            "message": "added a banner on build pages to enable linux trials\n\nThis is only for private projects, that have not had a linux trial,\nand are enabled via launch darkly (to minimize potential scope).\n",
            "hash": "116a1f3156d56fc337df9848477520334abcdeba",
            "author": "Justin Cowperthwaite",
            "date": "Tue May 17 20:36:08 2016"
        },
        {
            "title": "Merge pull request #1173 from circleci/frank/reenable-bb-org-settings",
            "flags": {
                "bitbucket": "removed"
            },
            "message": "Merge pull request #1173 from circleci/frank/reenable-bb-org-settings\n\nHook org settings page up to dangerzone APIs",
            "hash": "e03eaf0f0420a211792207a89ec045cd623cdbf7",
            "merge": "96d8f77d8 d41269edb",
            "author": "Frank Wang",
            "date": "Tue May 17 08:27:16 2016"
        },
        {
            "title": "Revert \"Revert \"always allow BB authorized users BB access\"\"",
            "flags": {
                "bitbucket": "False"
            },
            "message": "Revert \"Revert \"always allow BB authorized users BB access\"\"\n\nThis reverts commit 8cae4bc749143c2b36c8d5555b6c10fcc688bda3.\n",
            "hash": "cb83e57f5d500251d7eafc0da02f94d7629d75c0",
            "author": "Le Wang",
            "date": "Fri May 13 05:02:01 2016"
        },
        {
            "title": "Revert \"always allow BB authorized users BB access\"",
            "flags": {
                "bitbucket": "False"
            },
            "message": "Revert \"always allow BB authorized users BB access\"\n",
            "hash": "8cae4bc749143c2b36c8d5555b6c10fcc688bda3",
            "author": "Le Wang",
            "date": "Thu May 12 14:30:29 2016"
        },
        {
            "title": "always allow BB authorized users BB access",
            "flags": {
                "bitbucket": "False"
            },
            "message": "always allow BB authorized users BB access\n",
            "hash": "724c99183e5c4034a22a7996b6dac74860901ed8",
            "author": "Le Wang",
            "date": "Thu May 12 12:57:20 2016"
        },
        {
            "title": "don't load repos unless authorized",
            "flags": {
                "bitbucket": "False"
            },
            "message": "don't load repos unless authorized\n",
            "hash": "ac0637d917913e350c677512f5ace477c3140295",
            "author": "Le Wang",
            "date": "Wed May 11 09:09:57 2016"
        },
        {
            "title": "Hide SSH components if SSH is disabled",
            "flags": {
                "ios-ssh-builds": "False"
            },
            "message": "Hide SSH components if SSH is disabled\n",
            "hash": "953cda36878b25c6444a113ca9d9f97744be7d87",
            "author": "Cayenne Geis",
            "date": "Mon Apr 11 14:11:27 2016"
        },
        {
            "title": "Merge pull request #1128 from circleci/remvove-LD-feature-flags",
            "flags": {
                "enable-trusty-setting": "removed"
            },
            "message": "Merge pull request #1128 from circleci/remvove-LD-feature-flags\n\nRemvove ld feature flags",
            "hash": "d8e23f6807605457bc8bee0052365b953def7ef2",
            "merge": "91c3f2ab5 cd6d89674",
            "author": "Ian Davis",
            "date": "Fri Apr 8 16:52:56 2016"
        },
        {
            "title": "Remove enable trusty LD flag",
            "flags": {
                "enable-trusty-setting": "removed"
            },
            "message": "Remove enable trusty LD flag\n",
            "hash": "f155e92326f24c1c647911e7f2b17493056c17a1",
            "author": "Ian Davis",
            "date": "Fri Apr 8 14:14:26 2016"
        },
        {
            "title": "Remove insights dashboard LD feature flag",
            "flags": {
                "insights-dashboard": "removed"
            },
            "message": "Remove insights dashboard LD feature flag\n",
            "hash": "96dfabd02cbd20c2fe12541886a340c55b2a321a",
            "author": "Ian Davis",
            "date": "Fri Apr 8 14:13:38 2016"
        },
        {
            "title": "Remove the ios-build-usage LD key",
            "flags": {
                "ios-build-usage": "removed"
            },
            "message": "Remove the ios-build-usage LD key\n",
            "hash": "44bb457b17083146042652672bfd7b2b6d97906f",
            "author": "Ian Davis",
            "date": "Fri Apr 8 14:10:26 2016"
        },
        {
            "title": "Remove beta-availibable LD flag",
            "flags": {
                "beta-program-available": "removed"
            },
            "message": "Remove beta-availibable LD flag\n",
            "hash": "a195864a4a3cbb3436966f550c19d21733a75901",
            "author": "Ian Davis",
            "date": "Fri Apr 8 14:08:55 2016"
        },
        {
            "title": "Remove old pre-ga plan list",
            "flags": {
                "osx-ga-inner-pricing": "removed",
                "osx-plans": "removed"
            },
            "message": "Remove old pre-ga plan list\n\nVerified in launch-darkly that both :osx-plans and :osx-ga-inner-pricing\nhave been rolled out to 100% of users\n",
            "hash": "2b93f295cf826d0909157016f7c359a524aa137a",
            "author": "Ian Davis",
            "date": "Fri Apr 8 13:22:02 2016"
        },
        {
            "title": "Remove `osx-enabled?` from the frontend",
            "flags": {
                "osx-plans": "False"
            },
            "message": "Remove `osx-enabled?` from the frontend\n",
            "hash": "9db44170496f122b4a46459546afd1134e36fded",
            "author": "Ian Davis",
            "date": "Fri Apr 8 13:05:57 2016"
        },
        {
            "title": "Add Build Environment to Project Settings Page",
            "flags": {
                "enable-trusty-setting": "False"
            },
            "message": "Add Build Environment to Project Settings Page\n",
            "hash": "f47ac55471d7c34f815d5c1606c8d0192844e591",
            "author": "EdwardReed",
            "date": "Mon Mar 28 14:44:07 2016"
        },
        {
            "title": "Feature-flag Bitbucket copy",
            "flags": {
                "bitbucket": "False"
            },
            "message": "Feature-flag Bitbucket copy\n",
            "hash": "0b89d23e871abf75d5a944d3798be4fea15f5a40",
            "author": "Peter Jaros",
            "date": "Fri Mar 25 10:49:11 2016"
        },
        {
            "title": "Revert \"Revert \"Merge pull request #1090 from circleci/add-projects-rev\"\"",
            "flags": {
                "bitbucket": "False"
            },
            "message": "Revert \"Revert \"Merge pull request #1090 from circleci/add-projects-rev\"\"\n\nThis reverts commit 00807e72f9901a3861e03c369bd54e3734ba2f20.\n",
            "hash": "f0a9a61eeade0e74415889ad0ef38917771dbd43",
            "author": "Lizzie Dixon",
            "date": "Wed Mar 23 17:10:17 2016"
        },
        {
            "title": "Revert \"Merge pull request #1090 from circleci/add-projects-rev\"",
            "flags": {
                "bitbucket": "False"
            },
            "message": "Revert \"Merge pull request #1090 from circleci/add-projects-rev\"\n\nThis reverts commit cde74664839655d8d37f98234ba9fb5a7a984bad, reversing\nchanges made to 0116161d2ff0b735bf16f4e7712a4f90a946db60.\n",
            "hash": "00807e72f9901a3861e03c369bd54e3734ba2f20",
            "author": "Lizzie Dixon",
            "date": "Wed Mar 23 16:27:17 2016"
        },
        {
            "title": "Merge branch 'add-projects-rev' of github.com:circleci/frontend-private into add-projects-rev",
            "flags": {
                "bitbucket": "False"
            },
            "message": "Merge branch 'add-projects-rev' of github.com:circleci/frontend-private into add-projects-rev\n",
            "hash": "691faad11df7ce71254035b1b736d1cee1edd805",
            "merge": "1e9baa40b d87d0e3a2",
            "author": "Jared Volpe",
            "date": "Wed Mar 23 13:32:59 2016"
        },
        {
            "title": "Indent",
            "flags": {
                "bitbucket": "False"
            },
            "message": "Indent\n",
            "hash": "d87d0e3a2555cc9b583fe4333a4505e115d3a20c",
            "author": "Peter Jaros",
            "date": "Wed Mar 23 11:58:31 2016"
        },
        {
            "title": "Merge pull request #1009 from circleci/jcDontDeletePaidTemplate",
            "flags": {
                "osx-plans": "False",
                "osx-ga-inner-pricing": "False"
            },
            "message": "Merge pull request #1009 from circleci/jcDontDeletePaidTemplate\n\nUpdate conditionals on the org_settings page to reflect the fact that paid? is not longer a proxy for \"do they pay us\"",
            "hash": "f1659f168d80947a2945a15f5073bb358e8b8f7d",
            "merge": "460d295b5 a4bd11f19",
            "author": "Justin Cowperthwaite",
            "date": "Thu Mar 3 13:35:33 2016"
        },
        {
            "title": "Tweaking based on design feedback.",
            "flags": {
                "osx-ga-inner-pricing": "removed"
            },
            "message": "Tweaking based on design feedback.\n",
            "hash": "660a0e85c9bcd1259d15bd19141420770bb41dd0",
            "author": "Brady Lill",
            "date": "Tue Mar 1 12:12:51 2016"
        },
        {
            "title": "Fixing up css and other minor tweaks.",
            "flags": {
                "osx-plans": "False"
            },
            "message": "Fixing up css and other minor tweaks.\n",
            "hash": "3c4699f894275cb04ab2c00e9004fa3e6317aad0",
            "author": "Brady Lill",
            "date": "Mon Feb 29 14:11:49 2016"
        },
        {
            "title": "Making linux container selection look a bit better with GA pricing.",
            "flags": {
                "osx-ga-inner-pricing": "False"
            },
            "message": "Making linux container selection look a bit better with GA pricing.\n",
            "hash": "5354bcd787e551a488b54f70875ac413d84592ca",
            "author": "Brady Lill",
            "date": "Mon Feb 29 10:22:38 2016"
        },
        {
            "title": "Merge pull request #920 from circleci/fix-insights-clickability-in-ff",
            "flags": {
                "insights-dashboard": "False"
            },
            "message": "Merge pull request #920 from circleci/fix-insights-clickability-in-ff\n\nFix bar chart clicking in FF",
            "hash": "40af46316f7e12013f8473217ec26e2dcb464d17",
            "merge": "cca4383c2 4d33e505a",
            "author": "Peter Jaros",
            "date": "Fri Feb 26 13:20:02 2016"
        },
        {
            "title": "Putting new inner pricing behind a feature toggle.",
            "flags": {
                "osx-ga-inner-pricing": "False",
                "osx-plans": "False"
            },
            "message": "Putting new inner pricing behind a feature toggle.\n",
            "hash": "11bde908d42efd75e10638637a80bf3ce1b7b875",
            "author": "Brady Lill",
            "date": "Thu Feb 25 14:23:13 2016"
        },
        {
            "title": "Removing osx beta check and osx-plan feature toggle.",
            "flags": {
                "osx-plans": "removed"
            },
            "message": "Removing osx beta check and osx-plan feature toggle.\n",
            "hash": "c68a580859777c7c486f8aa7592d73329c451b6b",
            "author": "Brady Lill",
            "date": "Thu Feb 25 14:12:04 2016"
        },
        {
            "title": "Moving linux/osx pricing content into their tabs.",
            "flags": {
                "osx-plans": "False"
            },
            "message": "Moving linux/osx pricing content into their tabs.\n",
            "hash": "4ae072aa247fa03944304905558efb5f348aaf87",
            "author": "Brady Lill",
            "date": "Thu Feb 25 14:06:58 2016"
        },
        {
            "title": "Hide 'Adjust Parallelism' on OSX builds - hide 'iOS Code Signing' on Linux",
            "flags": {
                "show-ios-code-signing": "removed"
            },
            "message": "Hide 'Adjust Parallelism' on OSX builds - hide 'iOS Code Signing' on Linux\n",
            "hash": "c686a8e5f7e4eb109b7c974dfaf4369c20055ed4",
            "author": "Marc O'Morain",
            "date": "Wed Feb 24 06:14:32 2016"
        },
        {
            "title": "Merge pull request #968 from circleci/osx-usage-banner",
            "flags": {
                "ios-build-usage": "False"
            },
            "message": "Merge pull request #968 from circleci/osx-usage-banner\n\nOsx usage banner",
            "hash": "938101524e18540be1c853b7da4d63a4df254866",
            "merge": "14d940913 872516d77",
            "author": "Brady Lill",
            "date": "Tue Feb 23 18:55:46 2016"
        },
        {
            "title": "Merge branch 'master' of github.com:circleci/frontend-private into jcAddSegmentTracking",
            "flags": {
                "insights-dashboard": "False"
            },
            "message": "Merge branch 'master' of github.com:circleci/frontend-private into jcAddSegmentTracking\n",
            "hash": "7ed82ad4a2386a0bb943fc91e76de834d0ba134b",
            "merge": "615c3ce07 3f69f77d1",
            "author": "Justin Cowperthwaite",
            "date": "Thu Feb 18 16:09:52 2016"
        },
        {
            "title": "Merge branch 'master' of github.com:circleci/frontend-private into jcAddSegmentTracking",
            "flags": {
                "insights-dashboard": "False"
            },
            "message": "Merge branch 'master' of github.com:circleci/frontend-private into jcAddSegmentTracking\n",
            "hash": "615c3ce072547738556beb2c1aebd5d6cd7aba48",
            "merge": "2db767f4d 0dc7a052c",
            "author": "Justin Cowperthwaite",
            "date": "Thu Feb 18 14:34:36 2016"
        },
        {
            "title": "Merge pull request #945 from circleci/dashboard",
            "flags": {
                "project-cache-clear-buttons": "False"
            },
            "message": "Merge pull request #945 from circleci/dashboard\n\nChange links and auth redirects to point to /dashboard",
            "hash": "0405b75cc3a1ed5792d881b100f6e46c8709a9b4",
            "merge": "0641a46d2 368dcb00b",
            "author": "Travis Vachon",
            "date": "Thu Feb 18 09:38:46 2016"
        },
        {
            "title": "Putting usage warning banner behind a ios-usage feature toggle.",
            "flags": {
                "ios-build-usage": "False"
            },
            "message": "Putting usage warning banner behind a ios-usage feature toggle.\n",
            "hash": "28c3f7b27976946736a0bf3802be9b599756b21c",
            "author": "Brady Lill",
            "date": "Wed Feb 17 14:56:57 2016"
        },
        {
            "title": "Merge pull request #955 from circleci/marc/code-sign-flag",
            "flags": {
                "project-cache-clear-buttons": "False"
            },
            "message": "Merge pull request #955 from circleci/marc/code-sign-flag\n\nAdd blurb about code-signing feature flag",
            "hash": "f0322a1866be3273354eaefc713e5c4d441e9287",
            "merge": "f42c3a6e7 9ef83abb2",
            "author": "Marc O'Morain",
            "date": "Wed Feb 17 13:24:05 2016"
        },
        {
            "title": "Merge pull request #942 from circleci/p12-upload-version-2",
            "flags": {
                "project-cache-clear-buttons": "False"
            },
            "message": "Merge pull request #942 from circleci/p12-upload-version-2\n\nP12 upload version 2",
            "hash": "a5dd3452a4e607ec9dc5d14c076ad8ef972eda98",
            "merge": "4ecd1b4f6 3df56ea4e",
            "author": "Brady Lill",
            "date": "Tue Feb 16 15:47:45 2016"
        },
        {
            "title": "Merge branch 'master' of github.com:circleci/frontend-private into jcAddSegmentTracking",
            "flags": {
                "project-cache-clear-buttons": "False",
                "insights-dashboard": "False"
            },
            "message": "Merge branch 'master' of github.com:circleci/frontend-private into jcAddSegmentTracking\n",
            "hash": "d978dbe4927e1c9b9e930f02eddc6f98eb0e2a1b",
            "merge": "da7dc4535 e7cc45fd2",
            "author": "Justin Cowperthwaite",
            "date": "Tue Feb 16 14:55:13 2016"
        },
        {
            "title": "Merge branch 'master' of https://github.com/circleci/frontend-private into jcAddSegmentTracking",
            "flags": {
                "insights-dashboard": "False"
            },
            "message": "Merge branch 'master' of https://github.com/circleci/frontend-private into jcAddSegmentTracking\n",
            "hash": "ab92119ae124c55a5b28f864c29ffd0608a8a610",
            "merge": "137af6caf 192d31f28",
            "author": "Justin Cowperthwaite",
            "date": "Tue Feb 16 09:22:18 2016"
        },
        {
            "title": "Merge branch 'master' of github.com:circleci/frontend-private into devcards",
            "flags": {
                "insights-dashboard": "False"
            },
            "message": "Merge branch 'master' of github.com:circleci/frontend-private into devcards\n\n* 'master' of github.com:circleci/frontend-private: (63 commits)\n  Remove \"Repositories\" from Insights overview\n  Set width of dropdown\n  remove print statement\n  Add woffs to stop the console from yelling\n  add legend to project insights bar chart\n  elevio Fix bug where users see two support links\n  check for nil before deref state atom\n  add logging-enabled setting in local storage\n  move debug-state into state\n  add placeholder to branch select\n  make branch a link\n  add branch to project insights crumb\n  add some analytics tracking\n  Add a note about not supporting lightweight tags\n  refactor away insights-selected-branch and use nav-data\n  Revert \"Update home page nav to mimic outer\"\n  Remove alternate figwheel invocation\n  Repl option for cider nav in docker-compose\n  use boot time as a corruption check\n  Remove rollbar support\n  ...\n\nConflicts:\n\tproject.clj\n\tsrc-cljs/frontend/components/insights/project.cljs\n",
            "hash": "484c2980071908caa9a6f17c09efc36f527dc013",
            "merge": "235d6d364 192d31f28",
            "author": "Peter Jaros",
            "date": "Fri Feb 12 14:57:20 2016"
        },
        {
            "title": "On for enterprise",
            "flags": {
                "project-cache-clear-buttons": "False"
            },
            "message": "On for enterprise\n",
            "hash": "1c87d3bdcb9c8f42cea79d82a4f390d187f3a203",
            "author": "Cayenne Geis",
            "date": "Fri Feb 12 06:44:04 2016"
        },
        {
            "title": "add feature flag",
            "flags": {
                "project-cache-clear-buttons": "False"
            },
            "message": "add feature flag\n",
            "hash": "53f36a6caa3ce79b7ff16a877e26e70175737d59",
            "author": "Cayenne Geis",
            "date": "Thu Feb 11 14:21:51 2016"
        },
        {
            "title": "Merge branch 'master' into roboto",
            "flags": {
                "insights-dashboard": "False"
            },
            "message": "Merge branch 'master' into roboto\n",
            "hash": "d91da83c809aa0c52a383c4b3b35619632808d79",
            "merge": "eea4fe0ef 0b2ac42b3",
            "author": "Jared Volpe",
            "date": "Tue Feb 9 12:11:12 2016"
        },
        {
            "title": "refactor show projec-insights logic",
            "flags": {
                "insights-dashboard": "False"
            },
            "message": "refactor show projec-insights logic\n",
            "hash": "0626f54d34302500019be266f0a35595005a14f0",
            "author": "Le Wang",
            "date": "Tue Feb 9 09:28:37 2016"
        },
        {
            "title": "Merge branch 'master' into insights-line-chart-headings",
            "flags": {
                "show-ios-code-signing": "False"
            },
            "message": "Merge branch 'master' into insights-line-chart-headings\n",
            "hash": "f40f08389fb96e05c6c6eab05c3e49e61aa9aa46",
            "merge": "f9bfbcf03 b6a13ff9b",
            "author": "Jared Volpe",
            "date": "Fri Feb 5 15:50:13 2016"
        },
        {
            "title": "Adding basic code signing cert upload form.",
            "flags": {
                "show-ios-code-signing": "False"
            },
            "message": "Adding basic code signing cert upload form.\n\nBasic form for adding and viewing certs.\n\nPosting p12 cert to api.\n\nGetting and listing p12 keys from api.\n\nAllow removal of p12 certs from table.\n\nClearing out p12 form on upload.\n\nAdding in optional password for p12 cert.\n\nFlatten out p12 file-name and content.\n\nPassing p12 password to api.\n\nMoving to uploaded_at for p12 keys.\n\nPutting feature toggle around code signing.\n\nCleaning up p12 upload form a little bit.\n\nUsing css classes instead of ids.\n",
            "hash": "0935f261a45640ce0e197be172187e60e96e29d4",
            "author": "Brady Lill",
            "date": "Fri Jan 22 13:57:50 2016"
        },
        {
            "title": "Add Insights Dashboard Feature Flag",
            "flags": {
                "insights-dashboard": "False"
            },
            "message": "Add Insights Dashboard Feature Flag\n",
            "hash": "7a5558ea3f8e21ab43c78ae93ec494393b663bac",
            "author": "EdwardReed",
            "date": "Thu Jan 21 12:37:17 2016"
        },
        {
            "title": "Add Trusty beta to experimental settings page",
            "flags": {
                "enable-trusty-setting": "False"
            },
            "message": "Add Trusty beta to experimental settings page\n\nThe actual visibility of flag is controlled by LD.\n",
            "hash": "e31bbb35fc5cc269f88acf7ba7c3cda8b045227a",
            "author": "Kim, Hirokuni",
            "date": "Thu Jan 21 05:03:09 2016"
        },
        {
            "title": "LD controls loading bitbucket repos",
            "flags": {
                "bitbucket": "False"
            },
            "message": "LD controls loading bitbucket repos\n",
            "hash": "87555aef23d75b370ddf23d30a2e22fa7541b105",
            "author": "Le Wang",
            "date": "Wed Jan 20 22:56:14 2016"
        },
        {
            "title": "Merge remote-tracking branch 'origin/master' into bitbucket",
            "flags": {
                "bitbucket": "False"
            },
            "message": "Merge remote-tracking branch 'origin/master' into bitbucket\n",
            "hash": "e70fc14cd9cdd22a3b239777251ba10f3b149882",
            "merge": "688e21845 2c09b80db",
            "author": "Le Wang",
            "date": "Wed Jan 20 22:50:27 2016"
        },
        {
            "title": "Merge pull request #861 from circleci/bitbucket-add-project-orgs",
            "flags": {
                "bitbucket": "False"
            },
            "message": "Merge pull request #861 from circleci/bitbucket-add-project-orgs\n\nBitbucket add project orgs ",
            "hash": "6fac65869170a03ab0038759a9e1f29b93ede4bc",
            "merge": "163ec2709 bab2e1128",
            "author": "Tim",
            "date": "Wed Jan 20 16:08:28 2016"
        },
        {
            "title": "Merge pull request #825 from circleci/jcNoPaidPlansAtZero",
            "flags": {
                "osx-plans": "False",
                "ios-build-usage": "False"
            },
            "message": "Merge pull request #825 from circleci/jcNoPaidPlansAtZero\n\nupdated org_settings page so you cannot downgrade to 0 paid containers",
            "hash": "c25d57a5672bd909c8083c2dbd5231ce3a76283d",
            "merge": "b90530c7a 325914d7b",
            "author": "Justin Cowperthwaite",
            "date": "Wed Jan 20 13:31:42 2016"
        },
        {
            "title": "Merge pull request #854 from circleci/marc/osx-ssh",
            "flags": {
                "ios-ssh-builds": "False"
            },
            "message": "Merge pull request #854 from circleci/marc/osx-ssh\n\nUse LD to control OSX SSH builds",
            "hash": "5e23127a6c8f9fdcc4b14579a97c6bf9fbabf9d4",
            "merge": "aa19693a1 dec9852b8",
            "author": "Marc O'Morain",
            "date": "Wed Jan 20 09:36:55 2016"
        },
        {
            "title": "Use LD to control OSX builds",
            "flags": {
                "ios-ssh-builds": "False"
            },
            "message": "Use LD to control OSX builds\n",
            "hash": "dec9852b8677d6d1f21ac08127abe5d213a0ee86",
            "author": "Marc O'Morain",
            "date": "Tue Jan 19 12:54:41 2016"
        },
        {
            "title": "Don't show bitbucket auth button if already authorized",
            "flags": {
                "bitbucket": "False"
            },
            "message": "Don't show bitbucket auth button if already authorized\n",
            "hash": "fb48271fc4436770210860a8c2df4b968c278b83",
            "author": "Ian Duncan",
            "date": "Sun Jan 17 21:37:52 2016"
        },
        {
            "title": "Bitbucket behind feature flag",
            "flags": {
                "bitbucket": "False"
            },
            "message": "Bitbucket behind feature flag\n",
            "hash": "82dd3274b5a15fb500e1d400d20263f31413a6c6",
            "author": "Tim Reinke",
            "date": "Fri Jan 15 14:58:01 2016"
        },
        {
            "title": "Bitbucket behind feature flag",
            "flags": {
                "bitbucket": "False"
            },
            "message": "Bitbucket behind feature flag\n",
            "hash": "6d5c28fbc67ca0550946a599cd9c2c66f96630a1",
            "author": "Tim Reinke",
            "date": "Fri Jan 15 14:58:01 2016"
        },
        {
            "title": "added the parallelization information to the containers page and other small tweaks",
            "flags": {
                "osx-plans": "False",
                "ios-build-usage": "False"
            },
            "message": "added the parallelization information to the containers page and other small tweaks\n",
            "hash": "d00ab91846515bc12deb4d65a01f9a216369833c",
            "author": "Justin Cowperthwaite",
            "date": "Thu Jan 14 11:05:14 2016"
        },
        {
            "title": "Merge remote-tracking branch 'origin/split-out-osx-linux-prices' into jcNoPaidPlansAtZero",
            "flags": {
                "ios-build-usage": "False"
            },
            "message": "Merge remote-tracking branch 'origin/split-out-osx-linux-prices' into jcNoPaidPlansAtZero\n",
            "hash": "ffea2135901dcfc890831a8e0a68bc0aea93f3b2",
            "merge": "599ff0b80 5e14ac8dd",
            "author": "Justin Cowperthwaite",
            "date": "Thu Jan 14 10:05:45 2016"
        },
        {
            "title": "Putting build usage table behind a feature flag.",
            "flags": {
                "ios-build-usage": "False"
            },
            "message": "Putting build usage table behind a feature flag.\n",
            "hash": "396b028d7811a90fd4a2bbfe2f907d8e7171b7a3",
            "author": "Brady Lill",
            "date": "Wed Dec 16 16:04:40 2015"
        },
        {
            "title": "Moving pricing page plan loading logic back up to the top level.",
            "flags": {
                "osx-plans": "False"
            },
            "message": "Moving pricing page plan loading logic back up to the top level.\n",
            "hash": "56850726e7f10add329de14fd0a4cc1a86bd889e",
            "author": "Brady Lill",
            "date": "Fri Dec 4 10:46:52 2015"
        },
        {
            "title": "Pulling linux containers part into it's own om component.",
            "flags": {
                "osx-plans": "False"
            },
            "message": "Pulling linux containers part into it's own om component.\n",
            "hash": "18edfa0eef8afd36690cbab4dd876309b93be6ad",
            "author": "Brady Lill",
            "date": "Fri Dec 4 10:40:06 2015"
        },
        {
            "title": "Merge pull request #690 from circleci/osx/le-plans-ui-touchup",
            "flags": {
                "osx-plans": "False"
            },
            "message": "Merge pull request #690 from circleci/osx/le-plans-ui-touchup\n\nOsx plans UI touchup",
            "hash": "aac0735f05cdba5311ca274623b5b08d5d230772",
            "merge": "bfd2b2b01 f18e47c3f",
            "author": "Le Wang",
            "date": "Tue Nov 24 10:07:17 2015"
        },
        {
            "title": "Only showing osx plans if the org is in osx beta as well.",
            "flags": {
                "osx-plans": "False"
            },
            "message": "Only showing osx plans if the org is in osx beta as well.\n",
            "hash": "ecc0ed6c277502c003b9d7dcfe4c116045c36272",
            "author": "Brady Lill",
            "date": "Mon Nov 23 18:10:12 2015"
        },
        {
            "title": "build-insights is public now",
            "flags": {
                "insights": "removed"
            },
            "message": "build-insights is public now\n",
            "hash": "4c6f95b6e16d5897d378db890136803f886557f6",
            "author": "Mahmood Ali",
            "date": "Fri Nov 20 19:20:57 2015"
        },
        {
            "title": "Putting a feature flag around osx plans.",
            "flags": {
                "osx-plans": "False"
            },
            "message": "Putting a feature flag around osx plans.\n",
            "hash": "fb9bab35a9eacfff816869035242a3a600e2edaf",
            "author": "Brady Lill",
            "date": "Thu Nov 19 21:55:15 2015"
        },
        {
            "title": "Beta program opt-in interface",
            "flags": {
                "beta-program-available": "False"
            },
            "message": "Beta program opt-in interface\n",
            "hash": "3cb972732caa59f5d05eaf5ddf6b790af32a98fb",
            "author": "Tim Reinke",
            "date": "Tue Nov 17 13:30:00 2015"
        },
        {
            "title": "revert test to try to unbreak tests",
            "flags": {
                "foo": "removed"
            },
            "message": "revert test to try to unbreak tests\n",
            "hash": "14e48ca60f7ba37ded3cab76c33a9a0eb2e0a4ea",
            "author": "Travis Vachon",
            "date": "Wed Nov 11 00:15:41 2015"
        },
        {
            "title": "expose an Enterprise flag",
            "flags": {
                "enterprise-ui": "False"
            },
            "message": "expose an Enterprise flag\n",
            "hash": "8bc69edcd08fe3b7aced0e881c2283f037a9776f",
            "author": "Mahmood Ali",
            "date": "Tue Nov 10 04:10:58 2015"
        },
        {
            "title": "Bring query/cookie feature flags back",
            "flags": {
                "foo": "False"
            },
            "message": "Bring query/cookie feature flags back\n\nThey can coexist nicely with LD flags. For now query string takes\nhighest priority, followed by LD, followed by cookies. This will let us\noverride people's cookie settings with LD but preserve our ability to\nsend links with specific feature flags set and expect them to render\naccurately.\n",
            "hash": "64c19c9e009dea80f88083bba82f0016c9915e5f",
            "author": "Travis Vachon",
            "date": "Fri Nov 6 15:34:31 2015"
        },
        {
            "title": "Use launchdarkly for feature flagging",
            "flags": {
                "foo": "removed"
            },
            "message": "Use launchdarkly for feature flagging\n",
            "hash": "f14371970a10b3ced341d467668c2919d605a8f9",
            "author": "Travis Vachon",
            "date": "Tue Nov 3 13:31:54 2015"
        },
        {
            "title": "Don't do api fetch for top bar in v2",
            "flags": {
                "ui-fp-top-bar": "False"
            },
            "message": "Don't do api fetch for top bar in v2\n",
            "hash": "9c21b50e41e174d00024e6e3717a76649c4f8b6c",
            "author": "Ian Duncan",
            "date": "Mon Oct 19 11:50:52 2015"
        },
        {
            "title": "Move top bar behind a different feature flag",
            "flags": {
                "ui-fp-top-bar": "False"
            },
            "message": "Move top bar behind a different feature flag\n",
            "hash": "d7ec0a1c679a3bf279afc7132bdc6febce0e0922",
            "author": "Ian Duncan",
            "date": "Thu Oct 15 12:53:27 2015"
        },
        {
            "title": "put changelog aside menu item back",
            "flags": {
                "insights": "False"
            },
            "message": "put changelog aside menu item back\n",
            "hash": "f2d9701fc3c3eb374fbf855c98b36136d05500ca",
            "author": "Le Wang",
            "date": "Fri Oct 2 07:28:10 2015"
        },
        {
            "title": "Merge branch 'build-insights'",
            "flags": {
                "insights": "False"
            },
            "message": "Merge branch 'build-insights'\n",
            "hash": "2d3ffb699dec8b80b101dbde377b68dc5be783d6",
            "merge": "3805c557a c84d7ee41",
            "author": "Le Wang",
            "date": "Wed Sep 23 14:56:09 2015"
        },
        {
            "title": "insights: \"behind a feature flag\" you go",
            "flags": {
                "insights": "False"
            },
            "message": "insights: \"behind a feature flag\" you go\n",
            "hash": "6a911e428a1970676f8e5fda8e27e2fbb72ba617",
            "author": "Le Wang",
            "date": "Wed Sep 16 16:42:56 2015"
        },
        {
            "title": "Restructure aside elements and breadcrumbs to accomodate both old an new UI",
            "flags": {
                "insights": "False"
            },
            "message": "Restructure aside elements and breadcrumbs to accomodate both old an new UI\n",
            "hash": "e5b65ab0a9769a60146caecb0c390a1e75a8a0cd",
            "author": "Ian Duncan",
            "date": "Thu Sep 10 09:19:24 2015"
        },
        {
            "title": "Put wider side menu behind ui-v2 flag",
            "flags": {
                "new-aside-menu-width": "removed"
            },
            "message": "Put wider side menu behind ui-v2 flag\n",
            "hash": "a8171e28d729a34189a007f794f902f094a9bcd1",
            "author": "Tim Reinke",
            "date": "Mon Aug 31 14:23:11 2015"
        },
        {
            "title": "Revert \"De-feature-flag Build Diagnostics.\"",
            "flags": {
                "build-diagnostics": "False"
            },
            "message": "Revert \"De-feature-flag Build Diagnostics.\"\n",
            "hash": "9e56735c6589472cec62594ddef396e276f3d1f2",
            "author": "Peter Jaros",
            "date": "Thu Aug 27 06:48:17 2015"
        },
        {
            "title": "De-feature-flag Build Diagnostics.",
            "flags": {
                "build-diagnostics": "removed"
            },
            "message": "De-feature-flag Build Diagnostics.\n\nThis reverts commit 6622823753c73060e3fd86cecdee47777ba6c0e6.\n",
            "hash": "8e8d6cbe3ac05daf625e9099a7a0aab771fb9a4d",
            "author": "Peter Jaros",
            "date": "Tue Aug 25 07:54:42 2015"
        },
        {
            "title": "Use a new width behind a feature flag",
            "flags": {
                "new-aside-menu-width": "False"
            },
            "message": "Use a new width behind a feature flag\n",
            "hash": "247e5b2eae0eef7167f6be36dc7800b92ca0df73",
            "author": "Tim Reinke",
            "date": "Fri Aug 21 16:38:00 2015"
        },
        {
            "title": "Feature-flag Build Diagnostics.",
            "flags": {
                "build-diagnostics": "False"
            },
            "message": "Feature-flag Build Diagnostics.\n\nRevert me to make Build Diagnostics public.\n",
            "hash": "6622823753c73060e3fd86cecdee47777ba6c0e6",
            "author": "Peter Jaros",
            "date": "Fri Aug 21 13:31:51 2015"
        },
        {
            "title": "Updates from PR",
            "flags": {
                "perfect": "removed",
                "foo": "False"
            },
            "message": "Updates from PR\n\nTests, renamed feature flag, couple comments and made `enabled?`\nprecedence more intuitive.\n",
            "hash": "44398b00f69ec08bfc08d17b5f356af5a09c4901",
            "author": "Travis Vachon",
            "date": "Wed Aug 19 11:43:51 2015"
        },
        {
            "title": "Allow feature flags to be set in cookies",
            "flags": {
                "perfect": "False"
            },
            "message": "Allow feature flags to be set in cookies\n\nProvide a mechanism to set feature flags in cookies. No UI for\nsetting/unsetting these for now, but that would be a nice addition to\nour admin tools.\n\nFor now, users can pop open a javascript console and do:\n\n```\n// turn a flag on\nfrontend.models.feature.enable_in_cookie(\"perfect\")\n\n// turn a flag off\nfrontend.models.feature.disable_in_cookie(\"perfect\")\n\n// see if a flag is on\nfrontend.models.feature.enabled_QMARK_(\"perfect\")\n> false\n```\n",
            "hash": "9a32f1a31ea83e97ac4885bdc476e083b74958b7",
            "author": "Travis Vachon",
            "date": "Tue Aug 18 17:49:25 2015"
        }
    ]
}