{
    "id": 23207943,
    "node_id": "MDEwOlJlcG9zaXRvcnkyMzIwNzk0Mw==",
    "name": "frontend",
    "full_name": "circleci/frontend",
    "private": false,
    "description": "CircleCI's frontend",
    "fork": false,
    "created_at": "2014-08-22T00:51:20Z",
    "updated_at": "2019-12-20T13:49:28Z",
    "pushed_at": "2019-12-04T01:56:03Z",
    "homepage": "https://circleci.com",
    "size": 56390,
    "stargazers_count": 1088,
    "watchers_count": 1088,
    "language": "Clojure",
    "has_issues": false,
    "has_projects": true,
    "has_downloads": true,
    "has_wiki": true,
    "has_pages": false,
    "forks_count": 170,
    "archived": false,
    "disabled": false,
    "open_issues_count": 24,
    "forks": 170,
    "open_issues": 24,
    "watchers": 1088,
    "default_branch": "master",
    "temp_clone_token": "",
    "network_count": 170,
    "subscribers_count": 85,
    "languages": {
        "Clojure": 1891064,
        "CSS": 259940,
        "CoffeeScript": 40161,
        "Shell": 5903,
        "Nginx": 2392,
        "HTML": 2043,
        "JavaScript": 1786
    }
}