{
    "date": "2019-12-20T18:24:47.077808",
    "commits": [
        {
            "title": "add feature flag to skip subject metadata worker (#3220)",
            "flags": {
                "skip_subject_metadata_worker": "False"
            },
            "message": "add feature flag to skip subject metadata worker (#3220)\n\n* add feature flag to skip subject metadata worker\r\n\r\nprovide a workaround till we debug the underlying queries and why they are causing DB cpu spikes and blocking the worker queues.\r\n\r\n* test expecation should be last\r\n\r\nspy on AR Base to receive method and ensure we don't receive the method after we've run the method\r\n\r\n* change comment wording\r\n\r\n* remove comment\r\n",
            "hash": "1edddd200fd5c37d579d12ddcebc0e6cacfd2165",
            "author": "Campbell Allen",
            "date": "Tue Dec 3 08:35:17 2019"
        },
        {
            "title": "Remove workflow contents (#3044)",
            "flags": {
                "dump_worker_exports": "removed"
            },
            "message": "Remove workflow contents (#3044)\n\n* Add strings to workflow export, and remove workflow content export\r\n\r\n* Remove API for workflow contents export\r\n\r\n* Remove WorkflowContent usages\r\n\r\n* Remove WorkflowContent\r\n\r\n* remove tasks from spec runner\r\n\r\n* remove workflow content controller\r\n\r\n* Remove from API docs\r\n\r\n* Use WorkflowVersions for workflow export\r\n\r\n* Remove left-over respond_to\r\n\r\n* Fix export\r\n\r\n* Remove orphaned views\r\n\r\n* Move column in spec\r\n",
            "hash": "18fafc8fd2636f13a0828d64d69f99cade5b28fd",
            "author": "Marten Veldthuis",
            "date": "Mon Feb 18 11:34:40 2019"
        },
        {
            "title": "Bump slavery from 3.0.0 to 4.0.0 (#2858)",
            "flags": {
                "dump_data_from_read_slave": "removed",
                "dump_data_from_read_replica": "False"
            },
            "message": "Bump slavery from 3.0.0 to 4.0.0 (#2858)\n\n* Bump slavery from 3.0.0 to 4.0.0\r\n\r\nBumps [slavery](https://github.com/kenn/slavery) from 3.0.0 to 4.0.0.\r\n- [Release notes](https://github.com/kenn/slavery/releases)\r\n- [Commits](https://github.com/kenn/slavery/compare/v3.0.0...v4.0.0)\r\n\r\nSigned-off-by: dependabot[bot]\r\n\r\n* switch gem to standby\r\n\r\n* switch to standby gem namespace\r\n\r\n* update default db config\r\n\r\n* remove all uses of slave\r\n",
            "hash": "3bfef472af3f0eaedf52eee52f47154dcdcf59a8",
            "author": "dependabot[bot]",
            "date": "Wed Aug 29 01:07:36 2018"
        },
        {
            "title": "Fix specs (#2864)",
            "flags": {
                "subject_set_statuses_create_worker": "False",
                "subject_workflow_status_create_worker": "False"
            },
            "message": "Fix specs (#2864)\n\n",
            "hash": "cf2efa9b2baf6af8dc6011b80a838d881cabb520",
            "author": "Marten Veldthuis",
            "date": "Tue Jul 31 06:13:11 2018"
        },
        {
            "title": "Status workers feature flagged (#2863)",
            "flags": {
                "subject_set_statuses_create_worker": "False",
                "subject_workflow_status_create_worker": "False"
            },
            "message": "Status workers feature flagged (#2863)\n\n* Add flippers for creating statuses\r\n\r\n* Make sure creating the individual statuses are higher priority than enqueing new ones\r\n",
            "hash": "dc908d056b604a94a33a2bc905dd6a861f18a108",
            "author": "Marten Veldthuis",
            "date": "Tue Jul 31 05:16:17 2018"
        },
        {
            "title": "rework project relation preloading (#2837)",
            "flags": {
                "eager_load_projects": "removed"
            },
            "message": "rework project relation preloading (#2837)\n\n* remove old feature flag\r\n\r\nthis feature is now default behaviour\r\n\r\n* preload the project_contents relation\r\n",
            "hash": "040204f46f7c8818e2beb37e433e5507a50b5917",
            "author": "Campbell Allen",
            "date": "Tue Jul 10 07:53:37 2018"
        },
        {
            "title": "Remove parent_relation logic from HttpCacheable",
            "flags": {
                "http_caching": "False",
                "private_http_caching": "False"
            },
            "message": "Remove parent_relation logic from HttpCacheable\n",
            "hash": "1b256c181e09c3c474f937a942cbecceb46da7c6",
            "author": "Marten Veldthuis",
            "date": "Tue Jul 10 07:15:22 2018"
        },
        {
            "title": "Optimize subject selection paths (#2805)",
            "flags": {
                "skip_subject_selection_context": "False",
                "skip_favorites_finder": "False",
                "remove_complete_subjects": "False"
            },
            "message": "Optimize subject selection paths (#2805)\n\n* remove reporting in subject selection paths\r\n\r\n* allow the selector to just return selected subject_ids\r\n\r\nthe selector should only be concerned with getting subject_ids from the subject selection services while dealing with shortcuts and fallback.\r\n\r\n* spec the selected subject scope lookup\r\n\r\n* add the active in order selected subject scope\r\n\r\n* fix the strategy selection spec\r\n\r\n* only deactivate the test subjects not all of them\r\n\r\n* remove unused selection contexts\r\n\r\n* pass in the id context not he whole object\r\n\r\n* convert favourites finder to a class method\r\n\r\n* switch to more optimised db finders\r\n\r\n* use project_id instead of project resource\r\n\r\nuse the joins as they are simpler to construct and benchmark to the same speed\r\n\r\n* move retired for workflow ids finder to class method\r\n\r\n* extract selector context to concerned class\r\n\r\n* refactor for legibility\r\n\r\n* move selector context for constant autoloading\r\n\r\n* push the workflow check into the selector\r\n\r\n* inline the shared spec\r\n\r\n* allow workflow to be accessed through the selector\r\n\r\n* remove focus spec\r\n\r\n* fix linter warnings\r\n\r\n* remove the favorite selection context finder test\r\n\r\ntest the selector context output explicitly\r\n\r\n* test the selector context output explicitly\r\n\r\n* move subject selector context to lib\r\n\r\n* add selection state reporting for use in selection context\r\n\r\nallow more detailed information about how the selection ran for use in the selection context\r\n\r\n* test the selection context was called in the controller\r\n\r\n* remove focus statement\r\n\r\n* remove user.has_finished? workflow test\r\n\r\ninstead of testing the linked sms counts to what we've seen, use the selector status as a proxy for data availability.\r\n\r\n* use the selector to generate the selection context\r\n\r\nspecifically the selection status as a proxy for data availability\r\n\r\n* switch the selection state enum hash to symbols\r\n\r\n* embed more selection information into the serializer\r\n\r\nspecifically split out workflow finished and user has finished workflow and provide the selection service context\r\n\r\n* inject the selector into the selection context\r\n\r\n* update spec language for truthy behaviour\r\n\r\n* fix comment wording\r\n\r\n* handle non-logged in user selection contexts\r\n\r\n* test user vs workflow finished split\r\n\r\n* test if any all returned data from external selector is new\r\n\r\nif external selector returns all retired / already seen data then we assume that it's out of sync and/or the user has completed the workflow\r\n",
            "hash": "0e9e0904d92d9bc8fab8c1de37d13f27439f23dc",
            "author": "Campbell Allen",
            "date": "Tue Jun 26 07:42:52 2018"
        },
        {
            "title": "remove set_member_subject scope lookups on all subject selections (#2804)",
            "flags": {
                "cellect_sync_error_reload": "removed",
                "selector_sync_error_reload": "False"
            },
            "message": "remove set_member_subject scope lookups on all subject selections (#2804)\n\n* convert subject selectors to return subject_ids\r\n\r\ntrust the selectors to do their job and find the relevant subject_ids for the workflow / user combos. This ensures we avoid lookups on the set_member_subject table instead just taking the returns active subjects via subject ids\r\n\r\n* convert subjects complete remover to subject_ids\r\n\r\n* update complete remover away from sms join queries\r\n\r\nsimplify the queries to do complete subject removals\r\n\r\n* remove extra newline\r\n\r\n* use subject_id as expectation values\r\n\r\n* always enabled via flipper helpers\r\n\r\n* remove unused tests for subject -> sms conversion\r\n\r\n* do not test the internals of the cellect client\r\n\r\n* ensure fallback selector returns subject_ids\r\n\r\n* remove designator subject to sms lookup\r\n\r\n* convert strategy selector to select subject_ids\r\n\r\n* removed unused spec import\r\n\r\n* test subject ids in priority spec ordering\r\n\r\n* avoid checking for sql injections\r\n\r\n* test for sql injection from the selector end points\r\n\r\nensure we don't allow sql into the order clause (rails 5 offers an API for this) but until then, manually check the inputs and error / 500 if detecting non-ints.\r\n\r\n* add note that Rails 5 will sanitize order clauses\r\n",
            "hash": "36217cd5e18cd6f23fae43006bd5a1d417ffa706",
            "author": "Campbell Allen",
            "date": "Thu Jun 14 05:51:12 2018"
        },
        {
            "title": "Refactor dump workers (#2687)",
            "flags": {
                "dump_worker_exports": "False"
            },
            "message": "Refactor dump workers (#2687)\n\n* Remove DumpWorker module\r\n\r\n* Convert DumpMailer module into object\r\n\r\n* Fix DumpMailer specs\r\n",
            "hash": "ce2f6c5219d7b419c85dd0e24ed540d7c42adc65",
            "author": "Marten Veldthuis",
            "date": "Thu Mar 1 07:10:05 2018"
        },
        {
            "title": "Export user email lists to s3 (#2132)",
            "flags": {
                "dump_worker_exports": "removed",
                "export_emails": "False"
            },
            "message": "Export user email lists to s3 (#2132)\n\n* scheduled worker to export emails\r\n\r\n* beta / global email list export workers\r\n\r\n* test the write to s3 method\r\n\r\n* add project emails export worker\r\n\r\n* extract common email exporter code\r\n\r\n* extract shared helper for email workers\r\n\r\n* spec top level scheduled email export worker\r\n\r\n* add the expectation to the existing storage adapter\r\n\r\n* extract expected users count from shared helper\r\n\r\n* only export the users that want emails for the project\r\n\r\n* spread the exports over time\r\n\r\nspread the project emails export over an hour and delay the beta exports by 15 mins.\r\n\r\n* resusable storage configuration object\r\n\r\n* custom storage adapter for email exports\r\n\r\nuse a custom aws adapter with a different bucket path for the emails export\r\n\r\n* ensure the storage config is modifiable\r\n\r\n* Extract methods from DumpCommons into CsvDump\r\n\r\n* Write directly to CsvDump object\r\n\r\n* Stop exposing file paths\r\n\r\n* Extract resource and medium loading\r\n\r\n* Extract common elements of loading data / formatting\r\n\r\n* Remove need for emails_to_csv_file\r\n\r\n* Extract #each to object (sometimes self)\r\n\r\n* Rename FindsDumpScope to FindsDumpResource\r\n\r\n* Rename GenericEmailList to FullEmailList\r\n\r\n* Extract dump process\r\n\r\n* Extract scopes\r\n\r\n* Move medium finding specs over to FindsMedium\r\n\r\n* Hound comments\r\n\r\n* Replace DumpEmails module with DirectToS3 medium-like class\r\n\r\n* Remove useless private modifier\r\n\r\n* Add tests for email list scopes\r\n\r\n* Fix formatter specs\r\n\r\n* Remove read_from_database logic from processor\r\n\r\n* Move comment to DirectToS3 class\r\n\r\n* Remove unused instance vars\r\n\r\n* Remove unused read_from_database\r\n\r\n* Make to_array a private API method\r\n\r\n* Keep classification formatter methods public\r\n",
            "hash": "c28cb427ec386d0fcf11e7775bb089ba6ab524c8",
            "author": "Campbell Allen",
            "date": "Thu Nov 9 04:25:01 2017"
        },
        {
            "title": "Add classification row export model (#2499)",
            "flags": {
                "create_classification_export_row_in_lifecycle": "False"
            },
            "message": "Add classification row export model (#2499)\n\n* initial exportable polymorphic data model\r\n\r\nthis will store the computed classification export for serialization in the dumps\r\n\r\n* add specs for exportable data model\r\n\r\n* change export data model to classification rows\r\n\r\ndon't support polymorphic exports right now, just focus on classifications\r\n\r\n* use formatter to create classification_row_exports\r\n\r\n* add presence attribute validation specs\r\n\r\n* add classification export row worker\r\n\r\ncreate the classification export row in a low data worker.\r\n\r\n* add requires_new to transaction\r\n\r\nensure we rollback from nested transactions that fail. Also add a note to avoid long running transactions\r\n\r\n* rename notify_cellect to notify_subject_selector\r\n\r\n* queue the export classification export row worker\r\n\r\nqueue a worker to create the export row in a low data worker\r\n\r\n* store the classification_created_at timestamp\r\n\r\nreport the linked model created_at, not the export_row created at timestamp\r\n\r\n* record classification created at attribute\r\n\r\n* add flag to disable export_row creating in the lifecycle\r\n\r\n* use non-compound index on project_id\r\n\r\ndo not add a compound index on project_id, classification_id it won't be used for backfilling or the dumps\r\n\r\n* add has_one classification -> export row relation\r\n\r\n* add unique constraint on classification_id\r\n\r\nensure we don't have duplicate rows for the same classification\r\n\r\n* explicitly enable the create export_row feature\r\n",
            "hash": "d77b16687bf8be1cebe91468e81f7a0683430b11",
            "author": "Campbell Allen",
            "date": "Mon Oct 23 07:32:03 2017"
        },
        {
            "title": "add feature flag to disable dumping from read slave (#2496)",
            "flags": {
                "dump_data_from_read_slave": "False"
            },
            "message": "add feature flag to disable dumping from read slave (#2496)\n\n",
            "hash": "76b30dbd53012b1da7d986da725db3ff9839c5a6",
            "author": "Campbell Allen",
            "date": "Wed Oct 18 14:20:09 2017"
        },
        {
            "title": "Use Designator by default for all workflows. (#2490)",
            "flags": {
                "cellect_sync_error_reload": "False"
            },
            "message": "Use Designator by default for all workflows. (#2490)\n\n* Use Designator by default for all workflows.\r\n\r\n* Update CellectController to make generic\r\n\r\n* Remove cellect_on\r\n\r\n* Remove explicit designator clause\r\n\r\n* Better error message in case of selector sync error\r\n",
            "hash": "1bca63b3514fdba3e67f51de8519732696694ae3",
            "author": "Marten Veldthuis",
            "date": "Wed Oct 18 07:37:47 2017"
        },
        {
            "title": "fix version serializer caching (#2285)",
            "flags": {
                "FLIPPER_KEY": "removed",
                "cached_serializer": "False"
            },
            "message": "fix version serializer caching (#2285)\n\n* test caching serializer by default\r\n\r\n* add virtual updated_at refinement method to papertrail version class\r\n\r\n* use the virutal updated_at refinement in version serializer\r\n\r\n* remove PaperTrail::Version update_at refinement\r\n\r\n* modify cached serailizer to have an overridable cache_key class method\r\n\r\n* override the serializer cache key class method for paper trail versions\r\n\r\nuse the updated_at for the model cache key\r\n\r\n* don't to_s in string interpolation\r\n\r\n* always attempt to cache the activity counts\r\n\r\ndon\u2019t run this behind a feature flag, it\u2019s been on for a while now without issue.\r\n",
            "hash": "2d73ded4bd7a9c7b2b2ef328008f1ac27fd0df20",
            "author": "Campbell Allen",
            "date": "Thu May 4 01:54:44 2017"
        },
        {
            "title": "move to IN sub select queries instead of JOINS on parental controlled (#2259)",
            "flags": {
                "test_no_join_parental_scope": "removed"
            },
            "message": "move to IN sub select queries instead of JOINS on parental controlled (#2259)\n\n* move to ANY queries instead of JOINS on parental controlled\r\n\r\nremove the feature flag conditional behaviour and implement the ANY avoiding join scopes for queries.\r\n\r\n* use select sub queries instead of pluck and another query\r\n\r\n* ensure we have the parent_relation available\r\n\r\nlost this in my rebase\r\n",
            "hash": "3f32299d7ad8990ab58d7829fbf06355f3ea0c87",
            "author": "Campbell Allen",
            "date": "Mon Apr 3 17:45:23 2017"
        },
        {
            "title": "Move FeatureDisabled raise to DumpWorker#perform to prevent swallowing by generic begin/ensure (#2290)",
            "flags": {
                "dump_worker_exports": "False"
            },
            "message": "Move FeatureDisabled raise to DumpWorker#perform to prevent swallowing by generic begin/ensure (#2290)\n\n",
            "hash": "7774de2d7af7e7f1f13808fc922f0e8d1159665f",
            "author": "Zach",
            "date": "Mon Apr 3 09:03:12 2017"
        },
        {
            "title": "Sgl dont reschedule counts and add feature flag to disable the count workers (#2281)",
            "flags": {
                "classification_counters": "False"
            },
            "message": "Sgl dont reschedule counts and add feature flag to disable the count workers (#2281)\n\n* add feature flag to disable the count workers\r\n\r\n* cancel count workers instead of reschedule for SGL 2017\r\n\r\n* change specs to reflect the change in retry\r\n",
            "hash": "43e345a15f1668a66cb3873b071af2243416a8c1",
            "author": "Campbell Allen",
            "date": "Tue Mar 28 10:30:54 2017"
        },
        {
            "title": "Http caching public resources on index / show routes (#2266)",
            "flags": {
                "private_http_caching": "False",
                "http_caching": "False"
            },
            "message": "Http caching public resources on index / show routes (#2266)\n\n* initial spec on http caching public project subjects\r\n\r\n* first attempt at http public resource caching\r\n\r\n* fix borked rebase\r\n\r\n* fix constant reloading in spring\r\n\r\n* first pass at http caching in the json api renderer\r\n\r\n* extract public resource http cache to class\r\n\r\ncreate class to test for controlled resources public nature of the data. It should return false for any private data in the controlled scope or if it\u2019s not a cacheable resource.\r\n\r\n* return the cache directive for a cacheable resource\r\n\r\nstore the cache directives in a http cacheable class constant and provide a lookup method for it\r\n\r\n* use extracted HttpCacheable class\r\n\r\nuse the extracted class to determine the public nature of the controlled resources and the appropriate cache directive\r\n\r\n* extract cacheable controller spec to shared helper\r\n\r\n* don\u2019t shadow the project variable\r\n\r\n* add public/private feature flagging for http cacheable resource\r\n\r\nmodify the behaviour at runtime to allow for testing of http caching in private browser caches before allowing public intermediate proxy caching.\r\n\r\n* add global feature flag to turn on http caching\r\n\r\n* add specs on authenticated (non) requests for private data\r\n\r\nsplit the specs up for reuse and test that private data is not returned in a non-authenticated request.\r\n\r\n* spec the show route http caching for subjects\r\n\r\n* allow caching to flow through the renderer\r\n\r\n* split the shared helpers out to test the different index / show route contexts and response\r\n\r\n* add showable http cache specs\r\n\r\n* globally enable http_caching in flipper\r\n\r\n* only run the request once per shared spec\r\n\r\n* add http cacheable specs for indexable resources\r\n\r\n* refactor with better naming\r\n\r\ntry to make the public / private check naming a little more obvious\r\n\r\n* use the correct article in the shared helper name\r\n\r\n* add indexable specs to projects controller\r\n\r\n* use shared helpers for showable project\r\n\r\n* test the returned resource is the expected one\r\n\r\n* reorder spec run authenticated contexts\r\n\r\nsplit the auth contexts into the respective http methods instead of always being authenticated as the http caching tests auth / non auth\u2019d explicitly\r\n\r\n* consistent spec setup\r\n\r\nexplicit context setup that is next to the spec\r\n\r\n* use the authorised user param for auth scopes\r\n\r\n* only build the private resource where it\u2019s needed\r\n\r\n* add http cacheable index specs to workflows controller\r\n\r\n* consistent parenthesis parameter use\r\n\r\n* use the kind_of_matcher with Integer class\r\n\r\nnot sure why hound on 2.3 was complaining about this, seems this is a 2.4 issue with the integer / fixnum class merge.\r\n\r\n* add http cacheable show specs for workflows\r\n",
            "hash": "b193f4edbb3717c3655d64f1b497773b0f0382eb",
            "author": "Campbell Allen",
            "date": "Tue Mar 28 00:58:21 2017"
        },
        {
            "title": "Adds feature flag for classification lifecycle processing (#2263)",
            "flags": {
                "classification_lifecycle_in_background": "False",
                "subject_uploading": "False",
                "dump_worker_exports": "False",
                "remove_complete_subjects": "False",
                "cellect": "False",
                "designator": "False"
            },
            "message": "Adds feature flag for classification lifecycle processing (#2263)\n\n* Adds feature flag for subject uploading\r\n\r\n* Adds feature flag for classification lifecycle processing\r\n\r\n* Clean up block syntax\r\n\r\n* That looks weird but you're the Hound not me\r\n\r\n* Rename feature flag to something less cryptic\r\n",
            "hash": "3b4d6128e96914054efa35b024cd8a0c97f5a74e",
            "author": "Zach",
            "date": "Thu Mar 23 09:12:12 2017"
        },
        {
            "title": "ENV var --> flipper (#2261)",
            "flags": {
                "disable_lifecycle_worker": "False"
            },
            "message": "ENV var --> flipper (#2261)\n\n",
            "hash": "8bc501ad116ce341f6925dde640074677e92c87e",
            "author": "Zach",
            "date": "Thu Mar 23 08:50:28 2017"
        },
        {
            "title": "Adds feature flag to dump workers (#2258)",
            "flags": {
                "dump_worker_exports": "False"
            },
            "message": "Adds feature flag to dump workers (#2258)\n\n* Adds feature flag to dump workers\r\n\r\n* Missed one\r\n\r\n* Rescue from error and respond\r\n\r\n* Revert rescue from error which will never be caught\r\n",
            "hash": "bc277ff0d2e6ccdce8e0c1cb47bd11f6a467bb07",
            "author": "Zach",
            "date": "Wed Mar 22 12:07:27 2017"
        },
        {
            "title": "test no join parental controlled scopes (#2250)",
            "flags": {
                "test_no_join_parental_scope": "False"
            },
            "message": "test no join parental controlled scopes (#2250)\n\n* test no join parental controlled scopes\r\n\r\navoid using joins for parental controlled scope access and paying the merge costs at the db. Instead use the ANY parent foreign_key index lookup (all parental controlled models have a belongs_to FK to the parent). This should decrease query execution time and speed up count queries from the seiralizer and use less database resources dealing with these joins.\r\n\r\n* remove blank line\r\n\r\n* upgrade testing gems\r\n\r\n* test no joins for default public / private scopes\r\n\r\nrenamed the feature flag to indicate we are testing this feature and added the behaviour to the default access scopes\r\n\r\n* use lambda reserved word instead literal for multiline\r\n",
            "hash": "5a118b8eab877f2a05c3c7d23cd2af29e05e8fab",
            "author": "Campbell Allen",
            "date": "Wed Mar 22 04:01:39 2017"
        },
        {
            "title": "Add a feature flag for completed subject removal (#2227)",
            "flags": {
                "remove_complete_subjects": "False"
            },
            "message": "Add a feature flag for completed subject removal (#2227)\n\n",
            "hash": "903516c8c7ca5666f5ac0588a60ad32b42e9fbaa",
            "author": "Zach",
            "date": "Wed Mar 15 07:41:19 2017"
        },
        {
            "title": "Added feature flag sip (#2215)",
            "flags": {
                "skip_favorites_finder": "False"
            },
            "message": "Added feature flag sip (#2215)\n\n",
            "hash": "dac677d175c9ff2617c755cc6ddcb0861292925a",
            "author": "Zach",
            "date": "Tue Mar 7 07:40:59 2017"
        },
        {
            "title": "Rename CellectEx to Designator, and start sending authentication (#2214)",
            "flags": {
                "cellect_ex": "removed",
                "designator": "False"
            },
            "message": "Rename CellectEx to Designator, and start sending authentication (#2214)\n\n* Add basic authentication to Designator API calls\r\n\r\n* Rename CellectEx to Designator\r\n",
            "hash": "fd0d863070896d68f9e2493a78abd0132902c8cc",
            "author": "Marten Veldthuis",
            "date": "Tue Mar 7 03:41:05 2017"
        },
        {
            "title": "simplify the subject selector serialized response (#2194)",
            "flags": {
                "skip_subject_selection_context": "False"
            },
            "message": "simplify the subject selector serialized response (#2194)\n\n* remove workflow prp serializer exeriment\r\n\r\n* use panoptes restpack serializer for workflow\r\n\r\n* remove selection context from subject serializer\r\n\r\n* test the includes not the preloads\r\n\r\n* use panoptes restpack serializer wrapper and remove selection context\r\n\r\n* use new includes format\r\n\r\n* add subject selector serializer\r\n\r\n* set correct preload expectation when no includes\r\n\r\n* use correct class for the subject selector serializer\r\n\r\n* test missing serializer includes\r\n\r\n* add shared helper for no count serializers\r\n\r\n* convert to panoptes restpack wrapper serializer\r\n\r\n* avoid counts for subject selector serializer\r\n\r\nthis is a special route that doesn't need to know how many resources there are in the selection scopes, etc.\r\n\r\n* use the subject selector serializer for queued subject requests\r\n\r\n* remove the experiment workflow prp serializer\r\n\r\n* correctly name subject_selector_serializer_spec.rb\r\n\r\n* extract selection context from selector\r\n\r\nmove this to the calling context, e.g. the controller.\r\n\r\n* add selection context to the subjects controller\r\n\r\n* restored workflow_serializer_spec.rb from borked rebase\r\n",
            "hash": "b9b3c6c5d0dd5f79ca703abb0667eacadb89f475",
            "author": "Campbell Allen",
            "date": "Thu Mar 2 04:00:18 2017"
        },
        {
            "title": "Use panoptes restpack serializer wrapper (#2190)",
            "flags": {
                "eager_load_workflows": "removed",
                "workflow_prp_serializer": "removed"
            },
            "message": "Use panoptes restpack serializer wrapper (#2190)\n\n* remove workflow prp serializer exeriment\r\n\r\n* use panoptes restpack serializer for workflow\r\n\r\n* remove the workflow prp spec serializer\r\n",
            "hash": "148f2b978460cd5135170092de61fea6d1561454",
            "author": "Campbell Allen",
            "date": "Thu Feb 23 03:47:12 2017"
        },
        {
            "title": "Fix calls to CellectExSelector (#2184)",
            "flags": {
                "cellect_ex": "False"
            },
            "message": "Fix calls to CellectExSelector (#2184)\n\n",
            "hash": "fc95a1c032c1f9cc9c652dc8bb29766c75ad99cc",
            "author": "Marten Veldthuis",
            "date": "Fri Feb 17 06:58:08 2017"
        },
        {
            "title": "Clean up subject selection (#2176)",
            "flags": {
                "cellect_ex": "False",
                "cellect": "False"
            },
            "message": "Clean up subject selection (#2176)\n\n* Rename ReloadCellectWorker to ReloadSubjectSelectorWorker\r\n\r\n* Split up selector (does the selection) and client (talks to external API)\r\n\r\n* get_subjects takes a user object\r\n\r\n* Simplify StrategySelector\r\n\r\n* Always notify subject selector of changes, let it figure out if it needs to or not\r\n\r\n* Inline the SubjectSelector into workflow\r\n\r\n* Remove unused PanoptesClient\r\n\r\n* Rename NotifySubjectSelectorOfSeenSubjectWorker\r\n\r\n* Rename NotifySubjectSelectorOfSubjectsChangeWorker\r\n",
            "hash": "293f4d227da52bcb6c8ae97124c039e42e41ee09",
            "author": "Marten Veldthuis",
            "date": "Wed Feb 15 07:27:15 2017"
        },
        {
            "title": "Custom preloading serializer (#2162)",
            "flags": {
                "workflow_prp_serializer": "False"
            },
            "message": "Custom preloading serializer (#2162)\n\n* preload included relations to avoid n+1 in serializer\r\n\r\nadd wrapper around restpack to automatically preload included relations on the paging routes as they are included in the response object\r\n\r\n* don't preload belongs_to as they aren't needed\r\n\r\n* make the shared helper generic\r\n\r\n* add preloading dsl\r\n\r\nallow preloading via dsl instead of overriding all the serializer page params\r\n\r\n* use the preloading dsl for workflow serializer\r\n\r\n* add test workflow prp serializer for testing\r\n\r\n* add custom route to test workflows Panoptes::RestpackSerializer\r\n\r\n* use safe navigation operator\r\n\r\n* check preloading the has_* associations\r\n",
            "hash": "6f15b9102c53ccc556e972f5305c1734469e521b",
            "author": "Campbell Allen",
            "date": "Wed Feb 8 03:34:20 2017"
        },
        {
            "title": "test the caching for both counting methods (#2097)",
            "flags": {
                "upp_activity_count_cache": "removed",
                "FLIPPER_KEY": "False"
            },
            "message": "test the caching for both counting methods (#2097)\n\n",
            "hash": "1461a35da21126a0ddac47c480fa8afa68a35036",
            "author": "Campbell Allen",
            "date": "Thu Jan 5 02:17:46 2017"
        },
        {
            "title": "remove preloading projects and workflows experiments (#2106)",
            "flags": {
                "eager_load_projects": "False",
                "eager_load_workflows": "False"
            },
            "message": "remove preloading projects and workflows experiments (#2106)\n\nuse new relic / cli tools to test this end point  behind a feature flag to avoid testing the AR cache layer",
            "hash": "572cfe80a69b6c8e558f78903cceb80d20f5738c",
            "author": "Campbell Allen",
            "date": "Wed Jan 4 06:35:04 2017"
        },
        {
            "title": "User activity count caching (#2094)",
            "flags": {
                "upp_activity_count_cache": "False"
            },
            "message": "User activity count caching (#2094)\n\n* extract serializer tests from controller\r\n\r\n* add upp activity_count caching behind a feature flag\r\n",
            "hash": "e51fac94743cb6cc35e500d713cad9fc1bd8d5a0",
            "author": "Campbell Allen",
            "date": "Thu Dec 15 07:39:30 2016"
        },
        {
            "title": "Add memory cache for testing out caching in staging (#2093)",
            "flags": {
                "cached_serializer": "False"
            },
            "message": "Add memory cache for testing out caching in staging (#2093)\n\n",
            "hash": "04ac82a1c9704c31bd488ebaac09c0e9f83d9c08",
            "author": "Marten Veldthuis",
            "date": "Thu Dec 15 06:38:47 2016"
        },
        {
            "title": "ignore the preload experiment for cards that have no assocation links (#2087)",
            "flags": {
                "eager_load_projects": "False"
            },
            "message": "ignore the preload experiment for cards that have no assocation links (#2087)\n\ncompare apples and apples for this experiment",
            "hash": "be3f4615d5537de649bf89f7d981def7ec71f577",
            "author": "Campbell Allen",
            "date": "Thu Dec 15 03:20:59 2016"
        },
        {
            "title": "Subject remove default scope and optimize the selector scope queries (#2061)",
            "flags": {
                "skip_subject_selection_context": "False"
            },
            "message": "Subject remove default scope and optimize the selector scope queries (#2061)\n\n* remove the subjects locations eager load\r\n\r\n* add indexes for resource scope_for queries\r\n\r\nadd default private/public scope and activated_state indexes for controlled resources\r\n\r\n* subjects preloading and flag to disable selection lookups\r\n\r\npreload the n+1 subejct associations and provide a mechanism to turn off the possibly costly lookups for selected context, e.g. user finished workflow, already seen, is retired for the workflow when we run peaky traffic events.\r\n\r\n* use a custom context object to switch the serializer behaviour\r\n\r\ninject the dependency to the serializer instead of always paying the lookup cost of flipper in the serializer.\r\n\r\n* simplify the custom subject selector scope\r\n\r\ndo not use the default controlled scope in the serializer for subject selection as it uses the parental controlled project scope and adds complexity to the final resolved scope. The custom selector will deterine the specific scope context (subject_ids, active, etc) so passing a basic scope will simplify the serliizer lookup / count queries\r\n\r\n* remove Subject.unscoped contexts\r\n\r\nas we no longer have the default eager load scope\r\n\r\n* avoid user_seen lookup if no user\r\n\r\n* describe the correct serializer\r\n\r\n* remove redundant else clause\r\n\r\nthanks hound :)\r\n\r\n* use default selection scope\r\n\r\nbut allow the scope to be injected as a dependency\r\n\r\n* put user_seens into selection context\r\n\r\npay cost once per page of data and avoid n+1 queries on the user_seens\r\n\r\n* use the default selection scope from controller\r\n\r\n* avoid db lookups for linked location resources\r\n\r\nuse sort on preloaded subject locations and db order by lookups for non-loaded location resources.\r\n\r\n* avoid extra db call to order the preloaded location resources\r\n",
            "hash": "d035d01fcff7744c2e51d932da7e8fb7905c0529",
            "author": "Campbell Allen",
            "date": "Fri Dec 9 07:13:22 2016"
        },
        {
            "title": "Rework the project / workflow eager load experiments (#2039)",
            "flags": {
                "eager_load_projects": "False",
                "eager_load_workflows": "False"
            },
            "message": "Rework the project / workflow eager load experiments (#2039)\n\n* remove eager load in scope_for\r\n\r\ntest preloading in the serializer so there is minimal disruption to scope_for methods. Wish i thought of this earlier so i didn't have to play with scope_for internals so much.\r\n\r\n* remove skip_eager_load project scope_for opts\r\n\r\n* remove eager_load from workflow scope_for\r\n\r\n* add eager load to workflow serializer with experiment\r\n\r\n* ensure all workflows and contents have their cached version num\r\n\r\navoid version lookups when serializing data\r\n\r\n* remove fast project serializer\r\n\r\n* test preload vs eager / preload combos in experiments\r\n\r\n* fix hound comment spacing\r\n\r\n* remove fast serializer spec\r\n\r\n* add experiment to test preloading the associated resources\r\n\r\n* do not serialize the expert_set\r\n\r\nit's not used by any project and will be removed.\r\n\r\n* experiment to preload the serilaized workflow associations\r\n\r\n* notes on scope cleanup for the translated resources\r\n\r\nfigure out how to filter translated resources without setting the controlled_resource to be eager_loaded as it forces the serialized queries (including the count ones) to use the join instead of just the default scope_for results\r\n\r\n* use the loaded association instead of hitting the db\r\n\r\n* feature flag the experiement\r\n\r\n* remove the non-existant expert set link\r\n\r\n* remove unused migration\r\n\r\n* fix borked structure.sql with unused migration\r\n",
            "hash": "edc57d9cf5f4b0157655e8885b421ab031b33b14",
            "author": "Campbell Allen",
            "date": "Fri Dec 9 07:12:28 2016"
        },
        {
            "title": "Reinstate subject removal (#1983)",
            "flags": {
                "remove_orphan_subjects": "False"
            },
            "message": "Reinstate subject removal (#1983)\n\n* reinstate subject removal\r\n\r\n* more accurate method name\r\n\r\n* stagger the subject removal over time\r\n\r\n* add feature flag to subject removal\r\n\r\nprovide a way to turn this behaviour on/off at runtime\r\n",
            "hash": "f7c82f64a3739ea54d3e54e950dc3586fc75b8a1",
            "author": "Campbell Allen",
            "date": "Fri Nov 11 03:16:58 2016"
        },
        {
            "title": "eager_load the workflow relations used in the serializer (#2018)",
            "flags": {
                "eager_load_workflows": "False"
            },
            "message": "eager_load the workflow relations used in the serializer (#2018)\n\n* eager_load the workflow relations used in the serializer\r\n\r\ndon't rely on the scope_for chain as it passes empty hash into the opts from the actor class.\r\n\r\n* skip eager loads when using the parent join scope\r\n\r\n* consistent method signature\r\n\r\n* avoid the eager load on workflows for filtering\r\n\r\n* add experiment tracking to the workflows eager loading\r\n\r\nbehind a feature flag and experimental config to get some metrics on the performance impact\r\n\r\n* remove string interpolation\r\n",
            "hash": "1fd92417a98acce1cd03cc2c39802571e4d704de",
            "author": "Campbell Allen",
            "date": "Wed Nov 9 08:40:05 2016"
        },
        {
            "title": "eager & preload project data for the serialized relations (#2017)",
            "flags": {
                "eager_load_projects": "False"
            },
            "message": "eager & preload project data for the serialized relations (#2017)\n\n* modify user_group associations\r\n\r\nadd has_one identity_membership (eager load this) and specs for others and fix the owned_resources to use the overlap for multi roles on the acl.\r\n\r\n* add scope to eager load the owner relations\r\n\r\nfor use in when serializing owned resources to avoid n+1 queries\r\n\r\n* add comments on owner relation accessor override\r\n\r\nabout the underlying complexity and if we need it / is it worth it. Also the weirdness with eager loading the chain of resources and how it doesn't work well\r\n\r\n* add the eager load the related project records in the scope for\r\n\r\n* realy on the content_association resource to be eager loaded\r\n\r\n* more eager loading and some preloading\r\n\r\npreload where 2 or more associations share the same source table, rails doesn't handle this join structure.\r\n\r\n* eager load the relations used in owner accessor method\r\n\r\navoid the n+1\r\n\r\n* skip parent scope_for eager load when parental controlled\r\n\r\njust join on the parent object for parental access, don't attempt to eager_load relations that may conflict with the join as well.\r\n\r\n* preload the owner relation for projects\r\n\r\nit conflicts with role / owner filtering in the controllers, just pay 1 extra for the scope instead of the N+1\r\n\r\n* use constant for projects scope_for preloading\r\n\r\n* make comments legible\r\n\r\n* avoid the eager_load in the Project.scope_for\r\n\r\ndon't join with eager loading on the project, we just want the updateable resources in the join.\r\n\r\n* track performance impact of this change in an experiement\r\n\r\n* remove string interpolation\r\n\r\n* remove unused scope\r\n",
            "hash": "58b4859df44526cbbe018fc63be2220546bbe018",
            "author": "Campbell Allen",
            "date": "Wed Nov 9 06:28:57 2016"
        },
        {
            "title": "smarter fallback subject selection when using cellect (#2016)",
            "flags": {
                "cellect_sync_error_reload": "False"
            },
            "message": "smarter fallback subject selection when using cellect (#2016)\n\n* smarter fallback subject selection\r\n\r\ncellect can be out of sync re loaded data\r\n\r\n* reload cellect when there is data and notify via honeybadger\r\n\r\nget some reporting into how often this is occuring to determine if this is a good thing to do long term.\r\n\r\n* wrap the cellect reload in a feature flag\r\n\r\nallow us to dynamically turn this feature off if we are swamping cellect\r\n",
            "hash": "2c277dc435bdfbcbdaecc1b00205606841f80927",
            "author": "Campbell Allen",
            "date": "Wed Nov 9 06:26:45 2016"
        },
        {
            "title": "remove finished experiements and feature flags (#2014)",
            "flags": {
                "seens_via_classifications": "removed"
            },
            "message": "remove finished experiements and feature flags (#2014)\n\n",
            "hash": "403435261f52b264390182808ab32b53f1fb509f",
            "author": "Campbell Allen",
            "date": "Mon Oct 24 07:46:54 2016"
        },
        {
            "title": "Remove queue cruft in selection (#1947)",
            "flags": {
                "skip_queue_selection": "removed"
            },
            "message": "Remove queue cruft in selection (#1947)\n\n* remove queue cruft in selection\r\n\r\n* just take ids and put then in the queue via the enquque worker\r\n\r\n* remove unsued queue workers\r\n\r\n* remove calls to queue workers\r\n\r\n* do not worry about queue stuff in the classification lifecycle\r\n\r\n* remove queue testing cruft in subject selection controller\r\n\r\n* remove unused queue specs\r\n\r\n* remove queue refreshes after rebase\r\n\r\n* fix finished workflow specs\r\n",
            "hash": "d294d59332cf3013b59b7ff2834b87e3d50ad9d0",
            "author": "Campbell Allen",
            "date": "Wed Sep 28 04:11:41 2016"
        },
        {
            "title": "Gravity Spy subject selection service (#1926)",
            "flags": {
                "cellect": "False",
                "cellect_ex": "False"
            },
            "message": "Gravity Spy subject selection service (#1926)\n\n* Specify which config fields exist\r\n\r\n* Fix cellect_ex client\r\n\r\n* Fix configurable\r\n\r\n* Support multiple selection strategies\r\n\r\n* Add specs for strategy selection for cellect_ex\r\n\r\n* Explicit ordering for cellect controller\r\n\r\n* Fix weird indentation\r\n\r\n* Make AR ignore the to-be-deleted `use_cellect` column\r\n\r\n* Just use Flipper for Cellect enabling\r\n",
            "hash": "684d6c0131e89ecfab3b9bc30f1a3225bb4fbd5f",
            "author": "Marten Veldthuis",
            "date": "Wed Aug 31 07:06:33 2016"
        },
        {
            "title": "Merge pull request #1910 from camallen/cellect_subject_ids",
            "flags": {
                "cellect_controller_caching": "False"
            },
            "message": "Merge pull request #1910 from camallen/cellect_subject_ids\n\ncellect api caching",
            "hash": "c20957a013ea4d6dadece81f18ee5252a223b7c2",
            "merge": "396c3fe3 af17e3b2",
            "author": "Michael Parrish",
            "date": "Thu Aug 25 08:17:04 2016"
        },
        {
            "title": "add feature flip to add the cache headers",
            "flags": {
                "cellect_controller_caching": "False"
            },
            "message": "add feature flip to add the cache headers",
            "hash": "af17e3b267ba7c0ff603a1d9fd8b0dcf980b299b",
            "author": "Campbell Allen",
            "date": "Thu Aug 25 07:53:05 2016"
        },
        {
            "title": "feature flip the retireving the seen subjects via classification (#1860)",
            "flags": {
                "seens_via_classifications": "False"
            },
            "message": "feature flip the retireving the seen subjects via classification (#1860)\n\nallow for testing the different code paths via the upstream experiement  in user.rb#has_finished?",
            "hash": "3b2519642e8c4b53e4363072436571b737c3c3ba",
            "author": "Campbell Allen",
            "date": "Thu Jul 7 01:40:18 2016"
        },
        {
            "title": "feature flag testing of inband subject selection (#1834)",
            "flags": {
                "skip_queue_selection": "False"
            },
            "message": "feature flag testing of inband subject selection (#1834)\n\n",
            "hash": "80160e4f09dc0cd83bf162d30ab4c3bbcb393ad8",
            "author": "Campbell Allen",
            "date": "Tue Jun 21 05:40:15 2016"
        },
        {
            "title": "test skipping queue selection",
            "flags": {
                "skip_queue_selection": "False"
            },
            "message": "test skipping queue selection\n\nrun the code over the db selector in band to see how much strain this will put on the db",
            "hash": "184d086a89c4188562a943adfb7721b449422fef",
            "author": "Campbell Allen",
            "date": "Tue Jun 7 09:54:59 2016"
        }
    ]
}