{
    "id": 19036577,
    "node_id": "MDEwOlJlcG9zaXRvcnkxOTAzNjU3Nw==",
    "name": "Panoptes",
    "full_name": "zooniverse/Panoptes",
    "private": false,
    "description": "Zooniverse API to support user defined volunteer research projects",
    "fork": false,
    "created_at": "2014-04-22T16:16:02Z",
    "updated_at": "2019-12-19T12:35:34Z",
    "pushed_at": "2019-12-19T13:56:49Z",
    "homepage": "",
    "size": 8892,
    "stargazers_count": 72,
    "watchers_count": 72,
    "language": "Ruby",
    "has_issues": true,
    "has_projects": true,
    "has_downloads": true,
    "has_wiki": true,
    "has_pages": true,
    "forks_count": 31,
    "archived": false,
    "disabled": false,
    "open_issues_count": 91,
    "forks": 31,
    "open_issues": 91,
    "watchers": 72,
    "default_branch": "master",
    "temp_clone_token": "",
    "network_count": 31,
    "subscribers_count": 32,
    "languages": {
        "Ruby": 1530097,
        "API Blueprint": 154140,
        "HTML": 60770,
        "CSS": 6191,
        "JavaScript": 2160,
        "Shell": 1395,
        "Dockerfile": 855
    }
}